
*** Running vivado
    with args -log Multichannel_FIR_Filter_fil.vds -m64 -product Vivado -mode batch -messageDb vivado.pb -notrace -source Multichannel_FIR_Filter_fil.tcl



****** Vivado v2024.1 (64-bit)
  **** SW Build 5076996 on Wed May 22 18:37:14 MDT 2024
  **** IP Build 5075265 on Wed May 22 21:45:21 MDT 2024
  **** SharedData Build 5076995 on Wed May 22 18:29:18 MDT 2024
  **** Start of session at: Wed Jan 14 09:45:24 2026
    ** Copyright 1986-2022 Xilinx, Inc. All Rights Reserved.
    ** Copyright 2022-2024 Advanced Micro Devices, Inc. All Rights Reserved.

source Multichannel_FIR_Filter_fil.tcl -notrace
create_project: Time (s): cpu = 00:00:05 ; elapsed = 00:00:06 . Memory (MB): peak = 629.832 ; gain = 200.773
Command: synth_design -top Multichannel_FIR_Filter_fil -part xc7a35tcsg324-1
Starting synth_design
Attempting to get a license for feature 'Synthesis' and/or device 'xc7a35t'
INFO: [Common 17-349] Got license for feature 'Synthesis' and/or device 'xc7a35t'
INFO: [Device 21-403] Loading part xc7a35tcsg324-1
INFO: [Device 21-9227] Part: xc7a35tcsg324-1 does not have CEAM library.
INFO: [Synth 8-7079] Multithreading enabled for synth_design using a maximum of 2 processes.
INFO: [Synth 8-7078] Launching helper process for spawning children vivado processes
INFO: [Synth 8-7075] Helper process launched with PID 38292
---------------------------------------------------------------------------------
Starting RTL Elaboration : Time (s): cpu = 00:00:04 ; elapsed = 00:00:04 . Memory (MB): peak = 1478.906 ; gain = 447.164
---------------------------------------------------------------------------------
INFO: [Synth 8-638] synthesizing module 'Multichannel_FIR_Filter_fil' [C:/demo/MultichannelFIRFilterForFPGAExample/hdl_prj/fil_prj/filsrc/Multichannel_FIR_Filter_fil.vhd:35]
INFO: [Synth 8-113] binding component instance 'u_IBUFG' to cell 'IBUFG' [C:/demo/MultichannelFIRFilterForFPGAExample/hdl_prj/fil_prj/filsrc/Multichannel_FIR_Filter_fil.vhd:126]
INFO: [Synth 8-3491] module 'MWClkMgr' declared at 'C:/demo/MultichannelFIRFilterForFPGAExample/hdl_prj/fil_prj/filsrc/MWClkMgr.vhd:15' bound to instance 'u_ClockManager' of component 'MWClkMgr' [C:/demo/MultichannelFIRFilterForFPGAExample/hdl_prj/fil_prj/filsrc/Multichannel_FIR_Filter_fil.vhd:132]
INFO: [Synth 8-638] synthesizing module 'MWClkMgr' [C:/demo/MultichannelFIRFilterForFPGAExample/hdl_prj/fil_prj/filsrc/MWClkMgr.vhd:29]
	Parameter BANDWIDTH bound to: OPTIMIZED - type: string 
	Parameter CLKFBOUT_MULT_F bound to: 10.000000 - type: double 
	Parameter CLKFBOUT_PHASE bound to: 0.000000 - type: double 
	Parameter CLKIN1_PERIOD bound to: 10.000000 - type: double 
	Parameter CLKOUT0_DIVIDE_F bound to: 40.000000 - type: double 
	Parameter CLKOUT0_DUTY_CYCLE bound to: 0.500000 - type: double 
	Parameter CLKOUT0_PHASE bound to: 0.000000 - type: double 
	Parameter CLKOUT1_DIVIDE bound to: 40 - type: integer 
	Parameter CLKOUT1_DUTY_CYCLE bound to: 0.500000 - type: double 
	Parameter CLKOUT1_PHASE bound to: 0.000000 - type: double 
	Parameter CLOCK_HOLD bound to: 0 - type: bool 
	Parameter DIVCLK_DIVIDE bound to: 1 - type: integer 
	Parameter REF_JITTER1 bound to: 0.010000 - type: double 
	Parameter STARTUP_WAIT bound to: 0 - type: bool 
INFO: [Synth 8-113] binding component instance 'u_dcm' to cell 'MMCM_BASE' [C:/demo/MultichannelFIRFilterForFPGAExample/hdl_prj/fil_prj/filsrc/MWClkMgr.vhd:38]
INFO: [Synth 8-113] binding component instance 'u_BUFG' to cell 'BUFG' [C:/demo/MultichannelFIRFilterForFPGAExample/hdl_prj/fil_prj/filsrc/MWClkMgr.vhd:75]
INFO: [Synth 8-113] binding component instance 'u_IBUFG' to cell 'IBUFG' [C:/demo/MultichannelFIRFilterForFPGAExample/hdl_prj/fil_prj/filsrc/MWClkMgr.vhd:81]
INFO: [Synth 8-113] binding component instance 'u_IBUFG_inst1' to cell 'IBUFG' [C:/demo/MultichannelFIRFilterForFPGAExample/hdl_prj/fil_prj/filsrc/MWClkMgr.vhd:87]
INFO: [Synth 8-256] done synthesizing module 'MWClkMgr' (0#1) [C:/demo/MultichannelFIRFilterForFPGAExample/hdl_prj/fil_prj/filsrc/MWClkMgr.vhd:29]
INFO: [Synth 8-3491] module 'mwmii2gmii' declared at 'C:/demo/MultichannelFIRFilterForFPGAExample/hdl_prj/fil_prj/filsrc/MWMII2GMII.vhd:13' bound to instance 'u_mii2gmii' of component 'MWMII2GMII' [C:/demo/MultichannelFIRFilterForFPGAExample/hdl_prj/fil_prj/filsrc/Multichannel_FIR_Filter_fil.vhd:145]
INFO: [Synth 8-638] synthesizing module 'mwmii2gmii' [C:/demo/MultichannelFIRFilterForFPGAExample/hdl_prj/fil_prj/filsrc/MWMII2GMII.vhd:38]
INFO: [Synth 8-256] done synthesizing module 'mwmii2gmii' (0#1) [C:/demo/MultichannelFIRFilterForFPGAExample/hdl_prj/fil_prj/filsrc/MWMII2GMII.vhd:38]
INFO: [Synth 8-3491] module 'FILCore' declared at 'C:/demo/MultichannelFIRFilterForFPGAExample/hdl_prj/fil_prj/filsrc/FILCore.vhd:13' bound to instance 'u_FILCore' of component 'FILCore' [C:/demo/MultichannelFIRFilterForFPGAExample/hdl_prj/fil_prj/filsrc/Multichannel_FIR_Filter_fil.vhd:170]
INFO: [Synth 8-638] synthesizing module 'FILCore' [C:/demo/MultichannelFIRFilterForFPGAExample/hdl_prj/fil_prj/filsrc/FILCore.vhd:32]
INFO: [Synth 8-3491] module 'FILCommLayer' declared at 'C:/demo/MultichannelFIRFilterForFPGAExample/hdl_prj/fil_prj/filsrc/FILCommLayer.vhd:13' bound to instance 'u_FILCommLayer' of component 'FILCommLayer' [C:/demo/MultichannelFIRFilterForFPGAExample/hdl_prj/fil_prj/filsrc/FILCore.vhd:86]
INFO: [Synth 8-638] synthesizing module 'FILCommLayer' [C:/demo/MultichannelFIRFilterForFPGAExample/hdl_prj/fil_prj/filsrc/FILCommLayer.vhd:40]
	Parameter MWMACADDR1 bound to: 0 - type: integer 
	Parameter MWMACADDR2 bound to: 10 - type: integer 
	Parameter MWMACADDR3 bound to: 53 - type: integer 
	Parameter MWMACADDR4 bound to: 2 - type: integer 
	Parameter MWMACADDR5 bound to: 33 - type: integer 
	Parameter MWMACADDR6 bound to: 138 - type: integer 
	Parameter MWIPADDR1 bound to: 192 - type: integer 
	Parameter MWIPADDR2 bound to: 168 - type: integer 
	Parameter MWIPADDR3 bound to: 0 - type: integer 
	Parameter MWIPADDR4 bound to: 2 - type: integer 
	Parameter ONEUDP bound to: 1 - type: integer 
	Parameter BUFFERADDRWIDTH bound to: 12 - type: integer 
INFO: [Synth 8-3491] module 'MWMAC' declared at 'C:/demo/MultichannelFIRFilterForFPGAExample/hdl_prj/fil_prj/filsrc/MWMAC.vhd:13' bound to instance 'u_MWMAC' of component 'MWMAC' [C:/demo/MultichannelFIRFilterForFPGAExample/hdl_prj/fil_prj/filsrc/FILCommLayer.vhd:139]
INFO: [Synth 8-638] synthesizing module 'MWMAC' [C:/demo/MultichannelFIRFilterForFPGAExample/hdl_prj/fil_prj/filsrc/MWMAC.vhd:59]
	Parameter MWMACADDR1 bound to: 0 - type: integer 
	Parameter MWMACADDR2 bound to: 10 - type: integer 
	Parameter MWMACADDR3 bound to: 53 - type: integer 
	Parameter MWMACADDR4 bound to: 2 - type: integer 
	Parameter MWMACADDR5 bound to: 33 - type: integer 
	Parameter MWMACADDR6 bound to: 138 - type: integer 
	Parameter MWIPADDR1 bound to: 192 - type: integer 
	Parameter MWIPADDR2 bound to: 168 - type: integer 
	Parameter MWIPADDR3 bound to: 0 - type: integer 
	Parameter MWIPADDR4 bound to: 2 - type: integer 
	Parameter ONEUDP bound to: 1 - type: integer 
	Parameter BUFFERADDRWIDTH bound to: 12 - type: integer 
	Parameter MWMACADDR1 bound to: 0 - type: integer 
	Parameter MWMACADDR2 bound to: 10 - type: integer 
	Parameter MWMACADDR3 bound to: 53 - type: integer 
	Parameter MWMACADDR4 bound to: 2 - type: integer 
	Parameter MWMACADDR5 bound to: 33 - type: integer 
	Parameter MWMACADDR6 bound to: 138 - type: integer 
	Parameter MWIPADDR1 bound to: 192 - type: integer 
	Parameter MWIPADDR2 bound to: 168 - type: integer 
	Parameter MWIPADDR3 bound to: 0 - type: integer 
	Parameter MWIPADDR4 bound to: 2 - type: integer 
	Parameter ONEUDP bound to: 1 - type: integer 
INFO: [Synth 8-3491] module 'mwrxmac' declared at 'C:/demo/MultichannelFIRFilterForFPGAExample/hdl_prj/fil_prj/filsrc/mwrxmac.vhd:12' bound to instance 'u_mwrxmac' of component 'mwrxmac' [C:/demo/MultichannelFIRFilterForFPGAExample/hdl_prj/fil_prj/filsrc/MWMAC.vhd:235]
INFO: [Synth 8-638] synthesizing module 'mwrxmac' [C:/demo/MultichannelFIRFilterForFPGAExample/hdl_prj/fil_prj/filsrc/mwrxmac.vhd:86]
	Parameter MWMACADDR1 bound to: 0 - type: integer 
	Parameter MWMACADDR2 bound to: 10 - type: integer 
	Parameter MWMACADDR3 bound to: 53 - type: integer 
	Parameter MWMACADDR4 bound to: 2 - type: integer 
	Parameter MWMACADDR5 bound to: 33 - type: integer 
	Parameter MWMACADDR6 bound to: 138 - type: integer 
	Parameter MWIPADDR1 bound to: 192 - type: integer 
	Parameter MWIPADDR2 bound to: 168 - type: integer 
	Parameter MWIPADDR3 bound to: 0 - type: integer 
	Parameter MWIPADDR4 bound to: 2 - type: integer 
	Parameter ONEUDP bound to: 1 - type: integer 
INFO: [Synth 8-256] done synthesizing module 'mwrxmac' (0#1) [C:/demo/MultichannelFIRFilterForFPGAExample/hdl_prj/fil_prj/filsrc/mwrxmac.vhd:86]
	Parameter MWMACADDR1 bound to: 0 - type: integer 
	Parameter MWMACADDR2 bound to: 10 - type: integer 
	Parameter MWMACADDR3 bound to: 53 - type: integer 
	Parameter MWMACADDR4 bound to: 2 - type: integer 
	Parameter MWMACADDR5 bound to: 33 - type: integer 
	Parameter MWMACADDR6 bound to: 138 - type: integer 
	Parameter MWIPADDR1 bound to: 192 - type: integer 
	Parameter MWIPADDR2 bound to: 168 - type: integer 
	Parameter MWIPADDR3 bound to: 0 - type: integer 
	Parameter MWIPADDR4 bound to: 2 - type: integer 
	Parameter ONEUDP bound to: 1 - type: integer 
	Parameter BUFFERADDRWIDTH bound to: 12 - type: integer 
INFO: [Synth 8-3491] module 'mwtxmac' declared at 'C:/demo/MultichannelFIRFilterForFPGAExample/hdl_prj/fil_prj/filsrc/mwtxmac.vhd:12' bound to instance 'u_mwtxmac' of component 'mwtxmac' [C:/demo/MultichannelFIRFilterForFPGAExample/hdl_prj/fil_prj/filsrc/MWMAC.vhd:295]
INFO: [Synth 8-638] synthesizing module 'mwtxmac' [C:/demo/MultichannelFIRFilterForFPGAExample/hdl_prj/fil_prj/filsrc/mwtxmac.vhd:88]
	Parameter MWMACADDR1 bound to: 0 - type: integer 
	Parameter MWMACADDR2 bound to: 10 - type: integer 
	Parameter MWMACADDR3 bound to: 53 - type: integer 
	Parameter MWMACADDR4 bound to: 2 - type: integer 
	Parameter MWMACADDR5 bound to: 33 - type: integer 
	Parameter MWMACADDR6 bound to: 138 - type: integer 
	Parameter MWIPADDR1 bound to: 192 - type: integer 
	Parameter MWIPADDR2 bound to: 168 - type: integer 
	Parameter MWIPADDR3 bound to: 0 - type: integer 
	Parameter MWIPADDR4 bound to: 2 - type: integer 
	Parameter ONEUDP bound to: 1 - type: integer 
	Parameter BUFFERADDRWIDTH bound to: 12 - type: integer 
INFO: [Synth 8-226] default block is never used [C:/demo/MultichannelFIRFilterForFPGAExample/hdl_prj/fil_prj/filsrc/mwtxmac.vhd:375]
INFO: [Synth 8-256] done synthesizing module 'mwtxmac' (0#1) [C:/demo/MultichannelFIRFilterForFPGAExample/hdl_prj/fil_prj/filsrc/mwtxmac.vhd:88]
INFO: [Synth 8-3491] module 'mwpingram' declared at 'C:/demo/MultichannelFIRFilterForFPGAExample/hdl_prj/fil_prj/filsrc/mwpingram.vhd:12' bound to instance 'u_mwpingram' of component 'mwpingram' [C:/demo/MultichannelFIRFilterForFPGAExample/hdl_prj/fil_prj/filsrc/MWMAC.vhd:357]
INFO: [Synth 8-638] synthesizing module 'mwpingram' [C:/demo/MultichannelFIRFilterForFPGAExample/hdl_prj/fil_prj/filsrc/mwpingram.vhd:26]
	Parameter DATAWIDTH bound to: 8 - type: integer 
	Parameter ADDRWIDTH bound to: 9 - type: integer 
INFO: [Synth 8-3491] module 'MWDPRAM' declared at 'C:/demo/MultichannelFIRFilterForFPGAExample/hdl_prj/fil_prj/filsrc/MWDPRAM.vhd:19' bound to instance 'dpram_1' of component 'MWDPRAM' [C:/demo/MultichannelFIRFilterForFPGAExample/hdl_prj/fil_prj/filsrc/mwpingram.vhd:47]
INFO: [Synth 8-638] synthesizing module 'MWDPRAM' [C:/demo/MultichannelFIRFilterForFPGAExample/hdl_prj/fil_prj/filsrc/MWDPRAM.vhd:37]
	Parameter DATAWIDTH bound to: 8 - type: integer 
	Parameter ADDRWIDTH bound to: 9 - type: integer 
INFO: [Synth 8-256] done synthesizing module 'MWDPRAM' (0#1) [C:/demo/MultichannelFIRFilterForFPGAExample/hdl_prj/fil_prj/filsrc/MWDPRAM.vhd:37]
INFO: [Synth 8-256] done synthesizing module 'mwpingram' (0#1) [C:/demo/MultichannelFIRFilterForFPGAExample/hdl_prj/fil_prj/filsrc/mwpingram.vhd:26]
INFO: [Synth 8-256] done synthesizing module 'MWMAC' (0#1) [C:/demo/MultichannelFIRFilterForFPGAExample/hdl_prj/fil_prj/filsrc/MWMAC.vhd:59]
	Parameter VERSION bound to: 16'b0000001000000000 
	Parameter RXBUFFERADDRWIDTH bound to: 15 - type: integer 
INFO: [Synth 8-3491] module 'FILPktProc' declared at 'C:/demo/MultichannelFIRFilterForFPGAExample/hdl_prj/fil_prj/filsrc/FILPktProc.vhd:11' bound to instance 'u_FILPktProc' of component 'FILPktProc' [C:/demo/MultichannelFIRFilterForFPGAExample/hdl_prj/fil_prj/filsrc/FILCommLayer.vhd:182]
INFO: [Synth 8-638] synthesizing module 'FILPktProc' [C:/demo/MultichannelFIRFilterForFPGAExample/hdl_prj/fil_prj/filsrc/FILPktProc.vhd:53]
	Parameter VERSION bound to: 16'b0000001000000000 
	Parameter RXBUFFERADDRWIDTH bound to: 15 - type: integer 
	Parameter BUFFERADDRWIDTH bound to: 11 - type: integer 
INFO: [Synth 8-3491] module 'FILUDPCRC' declared at 'C:/demo/MultichannelFIRFilterForFPGAExample/hdl_prj/fil_prj/filsrc/FILUDPCRC.vhd:16' bound to instance 'u_FILUDPCRC' of component 'FILUDPCRC' [C:/demo/MultichannelFIRFilterForFPGAExample/hdl_prj/fil_prj/filsrc/FILPktProc.vhd:198]
INFO: [Synth 8-638] synthesizing module 'FILUDPCRC' [C:/demo/MultichannelFIRFilterForFPGAExample/hdl_prj/fil_prj/filsrc/FILUDPCRC.vhd:37]
	Parameter BUFFERADDRWIDTH bound to: 11 - type: integer 
	Parameter DATAWIDTH bound to: 9 - type: integer 
	Parameter ADDRWIDTH bound to: 11 - type: integer 
INFO: [Synth 8-3491] module 'MWDPRAM' declared at 'C:/demo/MultichannelFIRFilterForFPGAExample/hdl_prj/fil_prj/filsrc/MWDPRAM.vhd:19' bound to instance 'u_MWDPRAM' of component 'MWDPRAM' [C:/demo/MultichannelFIRFilterForFPGAExample/hdl_prj/fil_prj/filsrc/FILUDPCRC.vhd:74]
INFO: [Synth 8-638] synthesizing module 'MWDPRAM__parameterized1' [C:/demo/MultichannelFIRFilterForFPGAExample/hdl_prj/fil_prj/filsrc/MWDPRAM.vhd:37]
	Parameter DATAWIDTH bound to: 9 - type: integer 
	Parameter ADDRWIDTH bound to: 11 - type: integer 
INFO: [Synth 8-256] done synthesizing module 'MWDPRAM__parameterized1' (0#1) [C:/demo/MultichannelFIRFilterForFPGAExample/hdl_prj/fil_prj/filsrc/MWDPRAM.vhd:37]
INFO: [Synth 8-256] done synthesizing module 'FILUDPCRC' (0#1) [C:/demo/MultichannelFIRFilterForFPGAExample/hdl_prj/fil_prj/filsrc/FILUDPCRC.vhd:37]
INFO: [Synth 8-3491] module 'FILPktMUX' declared at 'C:/demo/MultichannelFIRFilterForFPGAExample/hdl_prj/fil_prj/filsrc/FILPktMUX.vhd:14' bound to instance 'u_FILPktMUX' of component 'FILPktMUX' [C:/demo/MultichannelFIRFilterForFPGAExample/hdl_prj/fil_prj/filsrc/FILPktProc.vhd:214]
INFO: [Synth 8-638] synthesizing module 'FILPktMUX' [C:/demo/MultichannelFIRFilterForFPGAExample/hdl_prj/fil_prj/filsrc/FILPktMUX.vhd:32]
INFO: [Synth 8-256] done synthesizing module 'FILPktMUX' (0#1) [C:/demo/MultichannelFIRFilterForFPGAExample/hdl_prj/fil_prj/filsrc/FILPktMUX.vhd:32]
	Parameter VERSION bound to: 16'b0000001000000000 
INFO: [Synth 8-3491] module 'FILCmdProc' declared at 'C:/demo/MultichannelFIRFilterForFPGAExample/hdl_prj/fil_prj/filsrc/FILCmdProc.vhd:12' bound to instance 'u_FILCmdProc' of component 'FILCmdProc' [C:/demo/MultichannelFIRFilterForFPGAExample/hdl_prj/fil_prj/filsrc/FILPktProc.vhd:229]
INFO: [Synth 8-638] synthesizing module 'FILCmdProc' [C:/demo/MultichannelFIRFilterForFPGAExample/hdl_prj/fil_prj/filsrc/FILCmdProc.vhd:35]
	Parameter VERSION bound to: 16'b0000001000000000 
INFO: [Synth 8-256] done synthesizing module 'FILCmdProc' (0#1) [C:/demo/MultichannelFIRFilterForFPGAExample/hdl_prj/fil_prj/filsrc/FILCmdProc.vhd:35]
	Parameter RXBUFFERADDRWIDTH bound to: 15 - type: integer 
INFO: [Synth 8-3491] module 'FILDataProc' declared at 'C:/demo/MultichannelFIRFilterForFPGAExample/hdl_prj/fil_prj/filsrc/FILDataProc.vhd:13' bound to instance 'u_FILDataProc' of component 'FILDataProc' [C:/demo/MultichannelFIRFilterForFPGAExample/hdl_prj/fil_prj/filsrc/FILPktProc.vhd:248]
INFO: [Synth 8-638] synthesizing module 'FILDataProc' [C:/demo/MultichannelFIRFilterForFPGAExample/hdl_prj/fil_prj/filsrc/FILDataProc.vhd:43]
	Parameter RXBUFFERADDRWIDTH bound to: 15 - type: integer 
	Parameter DATA_WIDTH bound to: 9 - type: integer 
	Parameter ADDR_WIDTH bound to: 15 - type: integer 
INFO: [Synth 8-3491] module 'MWAsyncFIFO' declared at 'C:/demo/MultichannelFIRFilterForFPGAExample/hdl_prj/fil_prj/filsrc/MWAsyncFIFO.vhd:13' bound to instance 'u_rxFIFO' of component 'MWAsyncFIFO' [C:/demo/MultichannelFIRFilterForFPGAExample/hdl_prj/fil_prj/filsrc/FILDataProc.vhd:106]
INFO: [Synth 8-638] synthesizing module 'MWAsyncFIFO' [C:/demo/MultichannelFIRFilterForFPGAExample/hdl_prj/fil_prj/filsrc/MWAsyncFIFO.vhd:32]
	Parameter DATA_WIDTH bound to: 9 - type: integer 
	Parameter ADDR_WIDTH bound to: 15 - type: integer 
	Parameter DATAWIDTH bound to: 9 - type: integer 
	Parameter ADDRWIDTH bound to: 15 - type: integer 
INFO: [Synth 8-3491] module 'MWDPRAM' declared at 'C:/demo/MultichannelFIRFilterForFPGAExample/hdl_prj/fil_prj/filsrc/MWDPRAM.vhd:19' bound to instance 'dpram' of component 'MWDPRAM' [C:/demo/MultichannelFIRFilterForFPGAExample/hdl_prj/fil_prj/filsrc/MWAsyncFIFO.vhd:105]
INFO: [Synth 8-638] synthesizing module 'MWDPRAM__parameterized3' [C:/demo/MultichannelFIRFilterForFPGAExample/hdl_prj/fil_prj/filsrc/MWDPRAM.vhd:37]
	Parameter DATAWIDTH bound to: 9 - type: integer 
	Parameter ADDRWIDTH bound to: 15 - type: integer 
INFO: [Synth 8-256] done synthesizing module 'MWDPRAM__parameterized3' (0#1) [C:/demo/MultichannelFIRFilterForFPGAExample/hdl_prj/fil_prj/filsrc/MWDPRAM.vhd:37]
INFO: [Synth 8-256] done synthesizing module 'MWAsyncFIFO' (0#1) [C:/demo/MultichannelFIRFilterForFPGAExample/hdl_prj/fil_prj/filsrc/MWAsyncFIFO.vhd:32]
	Parameter DATA_WIDTH bound to: 9 - type: integer 
	Parameter ADDR_WIDTH bound to: 11 - type: integer 
INFO: [Synth 8-3491] module 'MWAsyncFIFO' declared at 'C:/demo/MultichannelFIRFilterForFPGAExample/hdl_prj/fil_prj/filsrc/MWAsyncFIFO.vhd:13' bound to instance 'u_txFIFO' of component 'MWAsyncFIFO' [C:/demo/MultichannelFIRFilterForFPGAExample/hdl_prj/fil_prj/filsrc/FILDataProc.vhd:221]
INFO: [Synth 8-638] synthesizing module 'MWAsyncFIFO__parameterized1' [C:/demo/MultichannelFIRFilterForFPGAExample/hdl_prj/fil_prj/filsrc/MWAsyncFIFO.vhd:32]
	Parameter DATA_WIDTH bound to: 9 - type: integer 
	Parameter ADDR_WIDTH bound to: 11 - type: integer 
	Parameter DATAWIDTH bound to: 9 - type: integer 
	Parameter ADDRWIDTH bound to: 11 - type: integer 
INFO: [Synth 8-3491] module 'MWDPRAM' declared at 'C:/demo/MultichannelFIRFilterForFPGAExample/hdl_prj/fil_prj/filsrc/MWDPRAM.vhd:19' bound to instance 'dpram' of component 'MWDPRAM' [C:/demo/MultichannelFIRFilterForFPGAExample/hdl_prj/fil_prj/filsrc/MWAsyncFIFO.vhd:105]
INFO: [Synth 8-256] done synthesizing module 'MWAsyncFIFO__parameterized1' (0#1) [C:/demo/MultichannelFIRFilterForFPGAExample/hdl_prj/fil_prj/filsrc/MWAsyncFIFO.vhd:32]
INFO: [Synth 8-256] done synthesizing module 'FILDataProc' (0#1) [C:/demo/MultichannelFIRFilterForFPGAExample/hdl_prj/fil_prj/filsrc/FILDataProc.vhd:43]
	Parameter DATA_BUF_WIDTH bound to: 11 - type: integer 
	Parameter DATA_PKTINFO_BUF_WIDTH bound to: 2 - type: integer 
	Parameter STATUS_BUF_WIDTH bound to: 4 - type: integer 
	Parameter STATUS_PKTINFO_BUF_WIDTH bound to: 2 - type: integer 
INFO: [Synth 8-3491] module 'MWUDPPKTBuilder' declared at 'C:/demo/MultichannelFIRFilterForFPGAExample/hdl_prj/fil_prj/filsrc/MWUDPPKTBuilder.vhd:15' bound to instance 'u_MWUDPPKTBuilder' of component 'MWUDPPKTBuilder' [C:/demo/MultichannelFIRFilterForFPGAExample/hdl_prj/fil_prj/filsrc/FILPktProc.vhd:277]
INFO: [Synth 8-638] synthesizing module 'MWUDPPKTBuilder' [C:/demo/MultichannelFIRFilterForFPGAExample/hdl_prj/fil_prj/filsrc/MWUDPPKTBuilder.vhd:45]
	Parameter DATA_BUF_WIDTH bound to: 11 - type: integer 
	Parameter DATA_PKTINFO_BUF_WIDTH bound to: 2 - type: integer 
	Parameter STATUS_BUF_WIDTH bound to: 4 - type: integer 
	Parameter STATUS_PKTINFO_BUF_WIDTH bound to: 2 - type: integer 
	Parameter DATA_BUF_WIDTH bound to: 11 - type: integer 
	Parameter PKTINFO_BUF_WIDTH bound to: 2 - type: integer 
INFO: [Synth 8-3491] module 'MWPKTBuffer' declared at 'C:/demo/MultichannelFIRFilterForFPGAExample/hdl_prj/fil_prj/filsrc/MWPKTBuffer.vhd:15' bound to instance 'u_DATA_BUF' of component 'MWPKTBuffer' [C:/demo/MultichannelFIRFilterForFPGAExample/hdl_prj/fil_prj/filsrc/MWUDPPKTBuilder.vhd:101]
INFO: [Synth 8-638] synthesizing module 'MWPKTBuffer' [C:/demo/MultichannelFIRFilterForFPGAExample/hdl_prj/fil_prj/filsrc/MWPKTBuffer.vhd:40]
	Parameter DATA_BUF_WIDTH bound to: 11 - type: integer 
	Parameter PKTINFO_BUF_WIDTH bound to: 2 - type: integer 
	Parameter DATAWIDTH bound to: 8 - type: integer 
	Parameter ADDRWIDTH bound to: 11 - type: integer 
INFO: [Synth 8-3491] module 'MWDPRAM' declared at 'C:/demo/MultichannelFIRFilterForFPGAExample/hdl_prj/fil_prj/filsrc/MWDPRAM.vhd:19' bound to instance 'u_MWDPRAM' of component 'MWDPRAM' [C:/demo/MultichannelFIRFilterForFPGAExample/hdl_prj/fil_prj/filsrc/MWPKTBuffer.vhd:76]
INFO: [Synth 8-638] synthesizing module 'MWDPRAM__parameterized5' [C:/demo/MultichannelFIRFilterForFPGAExample/hdl_prj/fil_prj/filsrc/MWDPRAM.vhd:37]
	Parameter DATAWIDTH bound to: 8 - type: integer 
	Parameter ADDRWIDTH bound to: 11 - type: integer 
INFO: [Synth 8-256] done synthesizing module 'MWDPRAM__parameterized5' (0#1) [C:/demo/MultichannelFIRFilterForFPGAExample/hdl_prj/fil_prj/filsrc/MWDPRAM.vhd:37]
	Parameter DATAWIDTH bound to: 14 - type: integer 
	Parameter ADDRWIDTH bound to: 2 - type: integer 
INFO: [Synth 8-3491] module 'MWDPRAM' declared at 'C:/demo/MultichannelFIRFilterForFPGAExample/hdl_prj/fil_prj/filsrc/MWDPRAM.vhd:19' bound to instance 'u_PKTINFO' of component 'MWDPRAM' [C:/demo/MultichannelFIRFilterForFPGAExample/hdl_prj/fil_prj/filsrc/MWPKTBuffer.vhd:156]
INFO: [Synth 8-638] synthesizing module 'MWDPRAM__parameterized7' [C:/demo/MultichannelFIRFilterForFPGAExample/hdl_prj/fil_prj/filsrc/MWDPRAM.vhd:37]
	Parameter DATAWIDTH bound to: 14 - type: integer 
	Parameter ADDRWIDTH bound to: 2 - type: integer 
INFO: [Synth 8-256] done synthesizing module 'MWDPRAM__parameterized7' (0#1) [C:/demo/MultichannelFIRFilterForFPGAExample/hdl_prj/fil_prj/filsrc/MWDPRAM.vhd:37]
INFO: [Synth 8-256] done synthesizing module 'MWPKTBuffer' (0#1) [C:/demo/MultichannelFIRFilterForFPGAExample/hdl_prj/fil_prj/filsrc/MWPKTBuffer.vhd:40]
	Parameter DATA_BUF_WIDTH bound to: 4 - type: integer 
	Parameter PKTINFO_BUF_WIDTH bound to: 2 - type: integer 
INFO: [Synth 8-3491] module 'MWPKTBuffer' declared at 'C:/demo/MultichannelFIRFilterForFPGAExample/hdl_prj/fil_prj/filsrc/MWPKTBuffer.vhd:15' bound to instance 'u_STATUS_BUF' of component 'MWPKTBuffer' [C:/demo/MultichannelFIRFilterForFPGAExample/hdl_prj/fil_prj/filsrc/MWUDPPKTBuilder.vhd:124]
INFO: [Synth 8-638] synthesizing module 'MWPKTBuffer__parameterized1' [C:/demo/MultichannelFIRFilterForFPGAExample/hdl_prj/fil_prj/filsrc/MWPKTBuffer.vhd:40]
	Parameter DATA_BUF_WIDTH bound to: 4 - type: integer 
	Parameter PKTINFO_BUF_WIDTH bound to: 2 - type: integer 
	Parameter DATAWIDTH bound to: 8 - type: integer 
	Parameter ADDRWIDTH bound to: 4 - type: integer 
INFO: [Synth 8-3491] module 'MWDPRAM' declared at 'C:/demo/MultichannelFIRFilterForFPGAExample/hdl_prj/fil_prj/filsrc/MWDPRAM.vhd:19' bound to instance 'u_MWDPRAM' of component 'MWDPRAM' [C:/demo/MultichannelFIRFilterForFPGAExample/hdl_prj/fil_prj/filsrc/MWPKTBuffer.vhd:76]
INFO: [Synth 8-638] synthesizing module 'MWDPRAM__parameterized9' [C:/demo/MultichannelFIRFilterForFPGAExample/hdl_prj/fil_prj/filsrc/MWDPRAM.vhd:37]
	Parameter DATAWIDTH bound to: 8 - type: integer 
	Parameter ADDRWIDTH bound to: 4 - type: integer 
INFO: [Synth 8-256] done synthesizing module 'MWDPRAM__parameterized9' (0#1) [C:/demo/MultichannelFIRFilterForFPGAExample/hdl_prj/fil_prj/filsrc/MWDPRAM.vhd:37]
	Parameter DATAWIDTH bound to: 7 - type: integer 
	Parameter ADDRWIDTH bound to: 2 - type: integer 
INFO: [Synth 8-3491] module 'MWDPRAM' declared at 'C:/demo/MultichannelFIRFilterForFPGAExample/hdl_prj/fil_prj/filsrc/MWDPRAM.vhd:19' bound to instance 'u_PKTINFO' of component 'MWDPRAM' [C:/demo/MultichannelFIRFilterForFPGAExample/hdl_prj/fil_prj/filsrc/MWPKTBuffer.vhd:156]
INFO: [Synth 8-638] synthesizing module 'MWDPRAM__parameterized11' [C:/demo/MultichannelFIRFilterForFPGAExample/hdl_prj/fil_prj/filsrc/MWDPRAM.vhd:37]
	Parameter DATAWIDTH bound to: 7 - type: integer 
	Parameter ADDRWIDTH bound to: 2 - type: integer 
INFO: [Synth 8-256] done synthesizing module 'MWDPRAM__parameterized11' (0#1) [C:/demo/MultichannelFIRFilterForFPGAExample/hdl_prj/fil_prj/filsrc/MWDPRAM.vhd:37]
INFO: [Synth 8-256] done synthesizing module 'MWPKTBuffer__parameterized1' (0#1) [C:/demo/MultichannelFIRFilterForFPGAExample/hdl_prj/fil_prj/filsrc/MWPKTBuffer.vhd:40]
INFO: [Synth 8-256] done synthesizing module 'MWUDPPKTBuilder' (0#1) [C:/demo/MultichannelFIRFilterForFPGAExample/hdl_prj/fil_prj/filsrc/MWUDPPKTBuilder.vhd:45]
INFO: [Synth 8-256] done synthesizing module 'FILPktProc' (0#1) [C:/demo/MultichannelFIRFilterForFPGAExample/hdl_prj/fil_prj/filsrc/FILPktProc.vhd:53]
INFO: [Synth 8-256] done synthesizing module 'FILCommLayer' (0#1) [C:/demo/MultichannelFIRFilterForFPGAExample/hdl_prj/fil_prj/filsrc/FILCommLayer.vhd:40]
INFO: [Synth 8-3491] module 'mwfil_chiftop' declared at 'C:/demo/MultichannelFIRFilterForFPGAExample/hdl_prj/fil_prj/filsrc/mwfil_chiftop.vhd:13' bound to instance 'u_mwfil_chiftop' of component 'mwfil_chiftop' [C:/demo/MultichannelFIRFilterForFPGAExample/hdl_prj/fil_prj/filsrc/FILCore.vhd:112]
INFO: [Synth 8-638] synthesizing module 'mwfil_chiftop' [C:/demo/MultichannelFIRFilterForFPGAExample/hdl_prj/fil_prj/filsrc/mwfil_chiftop.vhd:27]
	Parameter INWORD bound to: 4 - type: integer 
	Parameter OUTWORD bound to: 10 - type: integer 
	Parameter WORDSIZE bound to: 8 - type: integer 
	Parameter HASENABLE bound to: 1 - type: integer 
	Parameter FREERUNNING bound to: 0 - type: integer 
INFO: [Synth 8-3491] module 'mwfil_chifcore' declared at 'C:/demo/MultichannelFIRFilterForFPGAExample/hdl_prj/fil_prj/filsrc/mwfil_chifcore.vhd:14' bound to instance 'u_mwfil_chifcore' of component 'mwfil_chifcore' [C:/demo/MultichannelFIRFilterForFPGAExample/hdl_prj/fil_prj/filsrc/mwfil_chiftop.vhd:76]
INFO: [Synth 8-638] synthesizing module 'mwfil_chifcore' [C:/demo/MultichannelFIRFilterForFPGAExample/hdl_prj/fil_prj/filsrc/mwfil_chifcore.vhd:48]
	Parameter INWORD bound to: 4 - type: integer 
	Parameter OUTWORD bound to: 10 - type: integer 
	Parameter WORDSIZE bound to: 8 - type: integer 
	Parameter HASENABLE bound to: 1 - type: integer 
	Parameter FREERUNNING bound to: 0 - type: integer 
	Parameter WORDSIZE bound to: 8 - type: integer 
	Parameter OUTWORD bound to: 4 - type: integer 
INFO: [Synth 8-3491] module 'mwfil_bus2dut' declared at 'C:/demo/MultichannelFIRFilterForFPGAExample/hdl_prj/fil_prj/filsrc/mwfil_bus2dut.vhd:13' bound to instance 'u_bus2dut' of component 'mwfil_bus2dut' [C:/demo/MultichannelFIRFilterForFPGAExample/hdl_prj/fil_prj/filsrc/mwfil_chifcore.vhd:186]
INFO: [Synth 8-638] synthesizing module 'mwfil_bus2dut' [C:/demo/MultichannelFIRFilterForFPGAExample/hdl_prj/fil_prj/filsrc/mwfil_bus2dut.vhd:34]
	Parameter WORDSIZE bound to: 8 - type: integer 
	Parameter OUTWORD bound to: 4 - type: integer 
INFO: [Synth 8-256] done synthesizing module 'mwfil_bus2dut' (0#1) [C:/demo/MultichannelFIRFilterForFPGAExample/hdl_prj/fil_prj/filsrc/mwfil_bus2dut.vhd:34]
	Parameter fifo_depth bound to: 16 - type: integer 
	Parameter fifo_uword bound to: 4 - type: integer 
	Parameter fifo_width bound to: 32 - type: integer 
INFO: [Synth 8-3491] module 'mwfil_udfifo' declared at 'C:/demo/MultichannelFIRFilterForFPGAExample/hdl_prj/fil_prj/filsrc/mwfil_udfifo.vhd:14' bound to instance 'u_b2dfifo' of component 'mwfil_udfifo' [C:/demo/MultichannelFIRFilterForFPGAExample/hdl_prj/fil_prj/filsrc/mwfil_chifcore.vhd:201]
INFO: [Synth 8-638] synthesizing module 'mwfil_udfifo' [C:/demo/MultichannelFIRFilterForFPGAExample/hdl_prj/fil_prj/filsrc/mwfil_udfifo.vhd:33]
	Parameter fifo_depth bound to: 16 - type: integer 
	Parameter fifo_uword bound to: 4 - type: integer 
	Parameter fifo_width bound to: 32 - type: integer 
	Parameter DATA bound to: 32 - type: integer 
	Parameter ADDR bound to: 4 - type: integer 
INFO: [Synth 8-3491] module 'mwfil_dpscram' declared at 'C:/demo/MultichannelFIRFilterForFPGAExample/hdl_prj/fil_prj/filsrc/mwfil_dpscram.vhd:12' bound to instance 'u_dpscram' of component 'mwfil_dpscram' [C:/demo/MultichannelFIRFilterForFPGAExample/hdl_prj/fil_prj/filsrc/mwfil_udfifo.vhd:130]
INFO: [Synth 8-638] synthesizing module 'mwfil_dpscram' [C:/demo/MultichannelFIRFilterForFPGAExample/hdl_prj/fil_prj/filsrc/mwfil_dpscram.vhd:31]
	Parameter DATA bound to: 32 - type: integer 
	Parameter ADDR bound to: 4 - type: integer 
INFO: [Synth 8-256] done synthesizing module 'mwfil_dpscram' (0#1) [C:/demo/MultichannelFIRFilterForFPGAExample/hdl_prj/fil_prj/filsrc/mwfil_dpscram.vhd:31]
INFO: [Synth 8-256] done synthesizing module 'mwfil_udfifo' (0#1) [C:/demo/MultichannelFIRFilterForFPGAExample/hdl_prj/fil_prj/filsrc/mwfil_udfifo.vhd:33]
	Parameter HASENABLE bound to: 1 - type: integer 
	Parameter FREERUNNING bound to: 0 - type: integer 
INFO: [Synth 8-3491] module 'mwfil_controller' declared at 'C:/demo/MultichannelFIRFilterForFPGAExample/hdl_prj/fil_prj/filsrc/mwfil_controller.vhd:15' bound to instance 'u_controller' of component 'mwfil_controller' [C:/demo/MultichannelFIRFilterForFPGAExample/hdl_prj/fil_prj/filsrc/mwfil_chifcore.vhd:228]
INFO: [Synth 8-638] synthesizing module 'mwfil_controller' [C:/demo/MultichannelFIRFilterForFPGAExample/hdl_prj/fil_prj/filsrc/mwfil_controller.vhd:45]
	Parameter HASENABLE bound to: 1 - type: integer 
	Parameter FREERUNNING bound to: 0 - type: integer 
INFO: [Synth 8-256] done synthesizing module 'mwfil_controller' (0#1) [C:/demo/MultichannelFIRFilterForFPGAExample/hdl_prj/fil_prj/filsrc/mwfil_controller.vhd:45]
	Parameter fifo_depth bound to: 16 - type: integer 
	Parameter fifo_uword bound to: 4 - type: integer 
	Parameter fifo_width bound to: 80 - type: integer 
INFO: [Synth 8-3491] module 'mwfil_udfifo' declared at 'C:/demo/MultichannelFIRFilterForFPGAExample/hdl_prj/fil_prj/filsrc/mwfil_udfifo.vhd:14' bound to instance 'u_d2bfifo' of component 'mwfil_udfifo' [C:/demo/MultichannelFIRFilterForFPGAExample/hdl_prj/fil_prj/filsrc/mwfil_chifcore.vhd:258]
INFO: [Synth 8-638] synthesizing module 'mwfil_udfifo__parameterized1' [C:/demo/MultichannelFIRFilterForFPGAExample/hdl_prj/fil_prj/filsrc/mwfil_udfifo.vhd:33]
	Parameter fifo_depth bound to: 16 - type: integer 
	Parameter fifo_uword bound to: 4 - type: integer 
	Parameter fifo_width bound to: 80 - type: integer 
	Parameter DATA bound to: 80 - type: integer 
	Parameter ADDR bound to: 4 - type: integer 
INFO: [Synth 8-3491] module 'mwfil_dpscram' declared at 'C:/demo/MultichannelFIRFilterForFPGAExample/hdl_prj/fil_prj/filsrc/mwfil_dpscram.vhd:12' bound to instance 'u_dpscram' of component 'mwfil_dpscram' [C:/demo/MultichannelFIRFilterForFPGAExample/hdl_prj/fil_prj/filsrc/mwfil_udfifo.vhd:130]
INFO: [Synth 8-638] synthesizing module 'mwfil_dpscram__parameterized1' [C:/demo/MultichannelFIRFilterForFPGAExample/hdl_prj/fil_prj/filsrc/mwfil_dpscram.vhd:31]
	Parameter DATA bound to: 80 - type: integer 
	Parameter ADDR bound to: 4 - type: integer 
INFO: [Synth 8-256] done synthesizing module 'mwfil_dpscram__parameterized1' (0#1) [C:/demo/MultichannelFIRFilterForFPGAExample/hdl_prj/fil_prj/filsrc/mwfil_dpscram.vhd:31]
INFO: [Synth 8-256] done synthesizing module 'mwfil_udfifo__parameterized1' (0#1) [C:/demo/MultichannelFIRFilterForFPGAExample/hdl_prj/fil_prj/filsrc/mwfil_udfifo.vhd:33]
	Parameter WORDSIZE bound to: 8 - type: integer 
	Parameter OUTWORD bound to: 10 - type: integer 
INFO: [Synth 8-3491] module 'mwfil_dut2bus' declared at 'C:/demo/MultichannelFIRFilterForFPGAExample/hdl_prj/fil_prj/filsrc/mwfil_dut2bus.vhd:12' bound to instance 'u_dut2bus' of component 'mwfil_dut2bus' [C:/demo/MultichannelFIRFilterForFPGAExample/hdl_prj/fil_prj/filsrc/mwfil_chifcore.vhd:275]
INFO: [Synth 8-638] synthesizing module 'mwfil_dut2bus' [C:/demo/MultichannelFIRFilterForFPGAExample/hdl_prj/fil_prj/filsrc/mwfil_dut2bus.vhd:33]
	Parameter WORDSIZE bound to: 8 - type: integer 
	Parameter OUTWORD bound to: 10 - type: integer 
INFO: [Synth 8-256] done synthesizing module 'mwfil_dut2bus' (0#1) [C:/demo/MultichannelFIRFilterForFPGAExample/hdl_prj/fil_prj/filsrc/mwfil_dut2bus.vhd:33]
INFO: [Synth 8-256] done synthesizing module 'mwfil_chifcore' (0#1) [C:/demo/MultichannelFIRFilterForFPGAExample/hdl_prj/fil_prj/filsrc/mwfil_chifcore.vhd:48]
INFO: [Synth 8-3491] module 'Multichannel_FIR_Filter_wrapper' declared at 'C:/demo/MultichannelFIRFilterForFPGAExample/hdl_prj/fil_prj/filsrc/Multichannel_FIR_Filter_wrapper.vhd:13' bound to instance 'u_dut' of component 'Multichannel_FIR_Filter_wrapper' [C:/demo/MultichannelFIRFilterForFPGAExample/hdl_prj/fil_prj/filsrc/mwfil_chiftop.vhd:102]
INFO: [Synth 8-638] synthesizing module 'Multichannel_FIR_Filter_wrapper' [C:/demo/MultichannelFIRFilterForFPGAExample/hdl_prj/fil_prj/filsrc/Multichannel_FIR_Filter_wrapper.vhd:23]
WARNING: [Synth 8-5640] Port 'ce_out' is missing in component declaration [C:/demo/MultichannelFIRFilterForFPGAExample/hdl_prj/fil_prj/filsrc/Multichannel_FIR_Filter_wrapper.vhd:25]
INFO: [Synth 8-3491] module 'Multichannel_FIR_Filter' declared at 'C:/demo/MultichannelFIRFilterForFPGAExample/hdl_prj/hdlsrc/dspmultichannelhdl/Multichannel_FIR_Filter.vhd:44' bound to instance 'u_Multichannel_FIR_Filter' of component 'Multichannel_FIR_Filter' [C:/demo/MultichannelFIRFilterForFPGAExample/hdl_prj/fil_prj/filsrc/Multichannel_FIR_Filter_wrapper.vhd:51]
INFO: [Synth 8-638] synthesizing module 'Multichannel_FIR_Filter' [C:/demo/MultichannelFIRFilterForFPGAExample/hdl_prj/hdlsrc/dspmultichannelhdl/Multichannel_FIR_Filter.vhd:57]
INFO: [Synth 8-3491] module 'Discrete_FIR_Filter' declared at 'C:/demo/MultichannelFIRFilterForFPGAExample/hdl_prj/hdlsrc/dspmultichannelhdl/Discrete_FIR_Filter.vhd:24' bound to instance 'u_Discrete_FIR_Filter' of component 'Discrete_FIR_Filter' [C:/demo/MultichannelFIRFilterForFPGAExample/hdl_prj/hdlsrc/dspmultichannelhdl/Multichannel_FIR_Filter.vhd:78]
INFO: [Synth 8-638] synthesizing module 'Discrete_FIR_Filter' [C:/demo/MultichannelFIRFilterForFPGAExample/hdl_prj/hdlsrc/dspmultichannelhdl/Discrete_FIR_Filter.vhd:34]
INFO: [Synth 8-256] done synthesizing module 'Discrete_FIR_Filter' (0#1) [C:/demo/MultichannelFIRFilterForFPGAExample/hdl_prj/hdlsrc/dspmultichannelhdl/Discrete_FIR_Filter.vhd:34]
INFO: [Synth 8-256] done synthesizing module 'Multichannel_FIR_Filter' (0#1) [C:/demo/MultichannelFIRFilterForFPGAExample/hdl_prj/hdlsrc/dspmultichannelhdl/Multichannel_FIR_Filter.vhd:57]
INFO: [Synth 8-256] done synthesizing module 'Multichannel_FIR_Filter_wrapper' (0#1) [C:/demo/MultichannelFIRFilterForFPGAExample/hdl_prj/fil_prj/filsrc/Multichannel_FIR_Filter_wrapper.vhd:23]
INFO: [Synth 8-256] done synthesizing module 'mwfil_chiftop' (0#1) [C:/demo/MultichannelFIRFilterForFPGAExample/hdl_prj/fil_prj/filsrc/mwfil_chiftop.vhd:27]
INFO: [Synth 8-256] done synthesizing module 'FILCore' (0#1) [C:/demo/MultichannelFIRFilterForFPGAExample/hdl_prj/fil_prj/filsrc/FILCore.vhd:32]
INFO: [Synth 8-3491] module 'MWMdioBasic' declared at 'C:/demo/MultichannelFIRFilterForFPGAExample/hdl_prj/fil_prj/filsrc/MWMdioBasic.vhd:20' bound to instance 'u_MWMdioAdv' of component 'MWMdioBasic' [C:/demo/MultichannelFIRFilterForFPGAExample/hdl_prj/fil_prj/filsrc/Multichannel_FIR_Filter_fil.vhd:188]
INFO: [Synth 8-638] synthesizing module 'MWMdioBasic' [C:/demo/MultichannelFIRFilterForFPGAExample/hdl_prj/fil_prj/filsrc/MWMdioBasic.vhd:28]
INFO: [Synth 8-256] done synthesizing module 'MWMdioBasic' (0#1) [C:/demo/MultichannelFIRFilterForFPGAExample/hdl_prj/fil_prj/filsrc/MWMdioBasic.vhd:28]
INFO: [Synth 8-256] done synthesizing module 'Multichannel_FIR_Filter_fil' (0#1) [C:/demo/MultichannelFIRFilterForFPGAExample/hdl_prj/fil_prj/filsrc/Multichannel_FIR_Filter_fil.vhd:35]
WARNING: [Synth 8-6014] Unused sequential element rx_cnt_reg was removed.  [C:/demo/MultichannelFIRFilterForFPGAExample/hdl_prj/fil_prj/filsrc/FILDataProc.vhd:138]
WARNING: [Synth 8-6014] Unused sequential element LOCKEDSTEP_CTRL.reset_d1_reg was removed.  [C:/demo/MultichannelFIRFilterForFPGAExample/hdl_prj/fil_prj/filsrc/mwfil_controller.vhd:78]
WARNING: [Synth 8-3848] Net dut_din_valid in module/entity mwfil_controller does not have driver. [C:/demo/MultichannelFIRFilterForFPGAExample/hdl_prj/fil_prj/filsrc/mwfil_controller.vhd:33]
WARNING: [Synth 8-3848] Net dut_dout_ready in module/entity mwfil_controller does not have driver. [C:/demo/MultichannelFIRFilterForFPGAExample/hdl_prj/fil_prj/filsrc/mwfil_controller.vhd:36]
WARNING: [Synth 8-3848] Net dut_din_valid in module/entity mwfil_chifcore does not have driver. [C:/demo/MultichannelFIRFilterForFPGAExample/hdl_prj/fil_prj/filsrc/mwfil_chifcore.vhd:42]
WARNING: [Synth 8-3848] Net dut_din_ready_axis_fifo in module/entity mwfil_chifcore does not have driver. [C:/demo/MultichannelFIRFilterForFPGAExample/hdl_prj/fil_prj/filsrc/mwfil_chifcore.vhd:180]
WARNING: [Synth 8-3848] Net dut_din_ready in module/entity mwfil_chiftop does not have driver. [C:/demo/MultichannelFIRFilterForFPGAExample/hdl_prj/fil_prj/filsrc/mwfil_chiftop.vhd:70]
WARNING: [Synth 8-3848] Net dut_dout_valid in module/entity mwfil_chiftop does not have driver. [C:/demo/MultichannelFIRFilterForFPGAExample/hdl_prj/fil_prj/filsrc/mwfil_chiftop.vhd:71]
WARNING: [Synth 8-7129] Port ETH_MDIO in module MWMdioBasic is either unconnected or has no load
WARNING: [Synth 8-7129] Port dut_din_valid in module mwfil_controller is either unconnected or has no load
WARNING: [Synth 8-7129] Port dut_dout_ready in module mwfil_controller is either unconnected or has no load
WARNING: [Synth 8-7129] Port dut_din_ready in module mwfil_controller is either unconnected or has no load
WARNING: [Synth 8-7129] Port dut_dout_valid in module mwfil_controller is either unconnected or has no load
WARNING: [Synth 8-7129] Port dut_din_valid in module mwfil_chifcore is either unconnected or has no load
WARNING: [Synth 8-7129] Port dut_din_ready in module mwfil_chifcore is either unconnected or has no load
WARNING: [Synth 8-7129] Port rxrst in module FILDataProc is either unconnected or has no load
WARNING: [Synth 8-7129] Port txrst in module FILDataProc is either unconnected or has no load
WARNING: [Synth 8-7129] Port RxDstPort[1] in module FILPktProc is either unconnected or has no load
WARNING: [Synth 8-7129] Port RxDstPort[0] in module FILPktProc is either unconnected or has no load
WARNING: [Synth 8-7129] Port txSrcPort[1] in module mwtxmac is either unconnected or has no load
WARNING: [Synth 8-7129] Port txSrcPort[0] in module mwtxmac is either unconnected or has no load
WARNING: [Synth 8-7129] Port udpsrcport1_1[7] in module mwtxmac is either unconnected or has no load
WARNING: [Synth 8-7129] Port udpsrcport1_1[6] in module mwtxmac is either unconnected or has no load
WARNING: [Synth 8-7129] Port udpsrcport1_1[5] in module mwtxmac is either unconnected or has no load
WARNING: [Synth 8-7129] Port udpsrcport1_1[4] in module mwtxmac is either unconnected or has no load
WARNING: [Synth 8-7129] Port udpsrcport1_1[3] in module mwtxmac is either unconnected or has no load
WARNING: [Synth 8-7129] Port udpsrcport1_1[2] in module mwtxmac is either unconnected or has no load
WARNING: [Synth 8-7129] Port udpsrcport1_1[1] in module mwtxmac is either unconnected or has no load
WARNING: [Synth 8-7129] Port udpsrcport1_1[0] in module mwtxmac is either unconnected or has no load
WARNING: [Synth 8-7129] Port udpsrcport1_2[7] in module mwtxmac is either unconnected or has no load
WARNING: [Synth 8-7129] Port udpsrcport1_2[6] in module mwtxmac is either unconnected or has no load
WARNING: [Synth 8-7129] Port udpsrcport1_2[5] in module mwtxmac is either unconnected or has no load
WARNING: [Synth 8-7129] Port udpsrcport1_2[4] in module mwtxmac is either unconnected or has no load
WARNING: [Synth 8-7129] Port udpsrcport1_2[3] in module mwtxmac is either unconnected or has no load
WARNING: [Synth 8-7129] Port udpsrcport1_2[2] in module mwtxmac is either unconnected or has no load
WARNING: [Synth 8-7129] Port udpsrcport1_2[1] in module mwtxmac is either unconnected or has no load
WARNING: [Synth 8-7129] Port udpsrcport1_2[0] in module mwtxmac is either unconnected or has no load
WARNING: [Synth 8-7129] Port udpdstport1_1[7] in module mwtxmac is either unconnected or has no load
WARNING: [Synth 8-7129] Port udpdstport1_1[6] in module mwtxmac is either unconnected or has no load
WARNING: [Synth 8-7129] Port udpdstport1_1[5] in module mwtxmac is either unconnected or has no load
WARNING: [Synth 8-7129] Port udpdstport1_1[4] in module mwtxmac is either unconnected or has no load
WARNING: [Synth 8-7129] Port udpdstport1_1[3] in module mwtxmac is either unconnected or has no load
WARNING: [Synth 8-7129] Port udpdstport1_1[2] in module mwtxmac is either unconnected or has no load
WARNING: [Synth 8-7129] Port udpdstport1_1[1] in module mwtxmac is either unconnected or has no load
WARNING: [Synth 8-7129] Port udpdstport1_1[0] in module mwtxmac is either unconnected or has no load
WARNING: [Synth 8-7129] Port udpdstport1_2[7] in module mwtxmac is either unconnected or has no load
WARNING: [Synth 8-7129] Port udpdstport1_2[6] in module mwtxmac is either unconnected or has no load
WARNING: [Synth 8-7129] Port udpdstport1_2[5] in module mwtxmac is either unconnected or has no load
WARNING: [Synth 8-7129] Port udpdstport1_2[4] in module mwtxmac is either unconnected or has no load
WARNING: [Synth 8-7129] Port udpdstport1_2[3] in module mwtxmac is either unconnected or has no load
WARNING: [Synth 8-7129] Port udpdstport1_2[2] in module mwtxmac is either unconnected or has no load
WARNING: [Synth 8-7129] Port udpdstport1_2[1] in module mwtxmac is either unconnected or has no load
WARNING: [Synth 8-7129] Port udpdstport1_2[0] in module mwtxmac is either unconnected or has no load
WARNING: [Synth 8-7129] Port udpsrcport2_1[7] in module mwtxmac is either unconnected or has no load
WARNING: [Synth 8-7129] Port udpsrcport2_1[6] in module mwtxmac is either unconnected or has no load
WARNING: [Synth 8-7129] Port udpsrcport2_1[5] in module mwtxmac is either unconnected or has no load
WARNING: [Synth 8-7129] Port udpsrcport2_1[4] in module mwtxmac is either unconnected or has no load
WARNING: [Synth 8-7129] Port udpsrcport2_1[3] in module mwtxmac is either unconnected or has no load
WARNING: [Synth 8-7129] Port udpsrcport2_1[2] in module mwtxmac is either unconnected or has no load
WARNING: [Synth 8-7129] Port udpsrcport2_1[1] in module mwtxmac is either unconnected or has no load
WARNING: [Synth 8-7129] Port udpsrcport2_1[0] in module mwtxmac is either unconnected or has no load
WARNING: [Synth 8-7129] Port udpsrcport2_2[7] in module mwtxmac is either unconnected or has no load
WARNING: [Synth 8-7129] Port udpsrcport2_2[6] in module mwtxmac is either unconnected or has no load
WARNING: [Synth 8-7129] Port udpsrcport2_2[5] in module mwtxmac is either unconnected or has no load
WARNING: [Synth 8-7129] Port udpsrcport2_2[4] in module mwtxmac is either unconnected or has no load
WARNING: [Synth 8-7129] Port udpsrcport2_2[3] in module mwtxmac is either unconnected or has no load
WARNING: [Synth 8-7129] Port udpsrcport2_2[2] in module mwtxmac is either unconnected or has no load
WARNING: [Synth 8-7129] Port udpsrcport2_2[1] in module mwtxmac is either unconnected or has no load
WARNING: [Synth 8-7129] Port udpsrcport2_2[0] in module mwtxmac is either unconnected or has no load
WARNING: [Synth 8-7129] Port udpdstport2_1[7] in module mwtxmac is either unconnected or has no load
WARNING: [Synth 8-7129] Port udpdstport2_1[6] in module mwtxmac is either unconnected or has no load
WARNING: [Synth 8-7129] Port udpdstport2_1[5] in module mwtxmac is either unconnected or has no load
WARNING: [Synth 8-7129] Port udpdstport2_1[4] in module mwtxmac is either unconnected or has no load
WARNING: [Synth 8-7129] Port udpdstport2_1[3] in module mwtxmac is either unconnected or has no load
WARNING: [Synth 8-7129] Port udpdstport2_1[2] in module mwtxmac is either unconnected or has no load
WARNING: [Synth 8-7129] Port udpdstport2_1[1] in module mwtxmac is either unconnected or has no load
WARNING: [Synth 8-7129] Port udpdstport2_1[0] in module mwtxmac is either unconnected or has no load
WARNING: [Synth 8-7129] Port udpdstport2_2[7] in module mwtxmac is either unconnected or has no load
WARNING: [Synth 8-7129] Port udpdstport2_2[6] in module mwtxmac is either unconnected or has no load
WARNING: [Synth 8-7129] Port udpdstport2_2[5] in module mwtxmac is either unconnected or has no load
WARNING: [Synth 8-7129] Port udpdstport2_2[4] in module mwtxmac is either unconnected or has no load
WARNING: [Synth 8-7129] Port udpdstport2_2[3] in module mwtxmac is either unconnected or has no load
WARNING: [Synth 8-7129] Port udpdstport2_2[2] in module mwtxmac is either unconnected or has no load
WARNING: [Synth 8-7129] Port udpdstport2_2[1] in module mwtxmac is either unconnected or has no load
WARNING: [Synth 8-7129] Port udpdstport2_2[0] in module mwtxmac is either unconnected or has no load
WARNING: [Synth 8-7129] Port udpsrcport3_1[7] in module mwtxmac is either unconnected or has no load
WARNING: [Synth 8-7129] Port udpsrcport3_1[6] in module mwtxmac is either unconnected or has no load
WARNING: [Synth 8-7129] Port udpsrcport3_1[5] in module mwtxmac is either unconnected or has no load
WARNING: [Synth 8-7129] Port udpsrcport3_1[4] in module mwtxmac is either unconnected or has no load
WARNING: [Synth 8-7129] Port udpsrcport3_1[3] in module mwtxmac is either unconnected or has no load
WARNING: [Synth 8-7129] Port udpsrcport3_1[2] in module mwtxmac is either unconnected or has no load
WARNING: [Synth 8-7129] Port udpsrcport3_1[1] in module mwtxmac is either unconnected or has no load
WARNING: [Synth 8-7129] Port udpsrcport3_1[0] in module mwtxmac is either unconnected or has no load
WARNING: [Synth 8-7129] Port udpsrcport3_2[7] in module mwtxmac is either unconnected or has no load
WARNING: [Synth 8-7129] Port udpsrcport3_2[6] in module mwtxmac is either unconnected or has no load
WARNING: [Synth 8-7129] Port udpsrcport3_2[5] in module mwtxmac is either unconnected or has no load
WARNING: [Synth 8-7129] Port udpsrcport3_2[4] in module mwtxmac is either unconnected or has no load
WARNING: [Synth 8-7129] Port udpsrcport3_2[3] in module mwtxmac is either unconnected or has no load
WARNING: [Synth 8-7129] Port udpsrcport3_2[2] in module mwtxmac is either unconnected or has no load
WARNING: [Synth 8-7129] Port udpsrcport3_2[1] in module mwtxmac is either unconnected or has no load
WARNING: [Synth 8-7129] Port udpsrcport3_2[0] in module mwtxmac is either unconnected or has no load
WARNING: [Synth 8-7129] Port udpdstport3_1[7] in module mwtxmac is either unconnected or has no load
WARNING: [Synth 8-7129] Port udpdstport3_1[6] in module mwtxmac is either unconnected or has no load
WARNING: [Synth 8-7129] Port udpdstport3_1[5] in module mwtxmac is either unconnected or has no load
WARNING: [Synth 8-7129] Port udpdstport3_1[4] in module mwtxmac is either unconnected or has no load
WARNING: [Synth 8-7129] Port udpdstport3_1[3] in module mwtxmac is either unconnected or has no load
WARNING: [Synth 8-7129] Port udpdstport3_1[2] in module mwtxmac is either unconnected or has no load
WARNING: [Synth 8-7129] Port udpdstport3_1[1] in module mwtxmac is either unconnected or has no load
INFO: [Common 17-14] Message 'Synth 8-7129' appears 100 times and further instances of the messages will be disabled. Use the Tcl command set_msg_config to change the current settings.
---------------------------------------------------------------------------------
Finished RTL Elaboration : Time (s): cpu = 00:00:07 ; elapsed = 00:00:08 . Memory (MB): peak = 1701.113 ; gain = 669.371
---------------------------------------------------------------------------------
---------------------------------------------------------------------------------
Start Handling Custom Attributes
---------------------------------------------------------------------------------
---------------------------------------------------------------------------------
Finished Handling Custom Attributes : Time (s): cpu = 00:00:07 ; elapsed = 00:00:08 . Memory (MB): peak = 1701.113 ; gain = 669.371
---------------------------------------------------------------------------------
---------------------------------------------------------------------------------
Finished RTL Optimization Phase 1 : Time (s): cpu = 00:00:07 ; elapsed = 00:00:08 . Memory (MB): peak = 1701.113 ; gain = 669.371
---------------------------------------------------------------------------------
Netlist sorting complete. Time (s): cpu = 00:00:00 ; elapsed = 00:00:00.109 . Memory (MB): peak = 1706.195 ; gain = 0.000
INFO: [Netlist 29-17] Analyzing 4 Unisim elements for replacement
WARNING: [Netlist 29-432] The IBUFG primitive 'u_ClockManager/u_IBUFG' has been retargeted to an IBUF primitive only. No BUFG will be added. If a global buffer is intended, please instantiate an available global clock primitive from the current architecture.
WARNING: [Netlist 29-432] The IBUFG primitive 'u_ClockManager/u_IBUFG_inst1' has been retargeted to an IBUF primitive only. No BUFG will be added. If a global buffer is intended, please instantiate an available global clock primitive from the current architecture.
WARNING: [Netlist 29-432] The IBUFG primitive 'u_IBUFG' has been retargeted to an IBUF primitive only. No BUFG will be added. If a global buffer is intended, please instantiate an available global clock primitive from the current architecture.
INFO: [Netlist 29-28] Unisim Transformation completed in 0 CPU seconds
INFO: [Project 1-570] Preparing netlist for logic optimization

Processing XDC Constraints
Initializing timing engine
Parsing XDC File [C:/demo/MultichannelFIRFilterForFPGAExample/hdl_prj/fil_prj/filsrc/Multichannel_FIR_Filter_fil.xdc]
INFO: [Timing 38-2] Deriving generated clocks [C:/demo/MultichannelFIRFilterForFPGAExample/hdl_prj/fil_prj/filsrc/Multichannel_FIR_Filter_fil.xdc:46]
Finished Parsing XDC File [C:/demo/MultichannelFIRFilterForFPGAExample/hdl_prj/fil_prj/filsrc/Multichannel_FIR_Filter_fil.xdc]
INFO: [Project 1-236] Implementation specific constraints were found while reading constraint file [C:/demo/MultichannelFIRFilterForFPGAExample/hdl_prj/fil_prj/filsrc/Multichannel_FIR_Filter_fil.xdc]. These constraints will be ignored for synthesis but will be used in implementation. Impacted constraints are listed in the file [.Xil/Multichannel_FIR_Filter_fil_propImpl.xdc].
Resolution: To avoid this warning, move constraints listed in [.Xil/Multichannel_FIR_Filter_fil_propImpl.xdc] to another XDC file and exclude this new file from synthesis with the used_in_synthesis property (File Properties dialog in GUI) and re-run elaboration/synthesis.
Completed Processing XDC Constraints

Netlist sorting complete. Time (s): cpu = 00:00:00 ; elapsed = 00:00:00.002 . Memory (MB): peak = 1795.504 ; gain = 0.000
INFO: [Project 1-111] Unisim Transformation Summary:
  A total of 4 instances were transformed.
  IBUFG => IBUF: 3 instances
  MMCM_BASE => MMCME2_ADV: 1 instance 

Constraint Validation Runtime : Time (s): cpu = 00:00:00 ; elapsed = 00:00:00.019 . Memory (MB): peak = 1795.504 ; gain = 0.000
---------------------------------------------------------------------------------
Finished Constraint Validation : Time (s): cpu = 00:00:15 ; elapsed = 00:00:15 . Memory (MB): peak = 1795.504 ; gain = 763.762
---------------------------------------------------------------------------------
---------------------------------------------------------------------------------
Start Loading Part and Timing Information
---------------------------------------------------------------------------------
Loading part: xc7a35tcsg324-1
---------------------------------------------------------------------------------
Finished Loading Part and Timing Information : Time (s): cpu = 00:00:15 ; elapsed = 00:00:15 . Memory (MB): peak = 1795.504 ; gain = 763.762
---------------------------------------------------------------------------------
---------------------------------------------------------------------------------
Start Applying 'set_property' XDC Constraints
---------------------------------------------------------------------------------
---------------------------------------------------------------------------------
Finished applying 'set_property' XDC Constraints : Time (s): cpu = 00:00:15 ; elapsed = 00:00:15 . Memory (MB): peak = 1795.504 ; gain = 763.762
---------------------------------------------------------------------------------
INFO: [Synth 8-802] inferred FSM for state register 'wrState_reg' in module 'FILUDPCRC'
INFO: [Synth 8-802] inferred FSM for state register 'state_reg' in module 'FILPktMUX'
INFO: [Synth 8-802] inferred FSM for state register 'status_state_reg' in module 'FILCmdProc'
INFO: [Synth 8-802] inferred FSM for state register 'rd_state_reg' in module 'MWAsyncFIFO'
INFO: [Synth 8-802] inferred FSM for state register 'rd_state_reg' in module 'MWAsyncFIFO__parameterized1'
INFO: [Synth 8-802] inferred FSM for state register 'rx_state_reg' in module 'FILDataProc'
INFO: [Synth 8-802] inferred FSM for state register 'tx_state_reg' in module 'FILDataProc'
INFO: [Synth 8-802] inferred FSM for state register 'pktState_reg' in module 'MWUDPPKTBuilder'
---------------------------------------------------------------------------------------------------
                   State |                     New Encoding |                Previous Encoding 
---------------------------------------------------------------------------------------------------
                 wr_idle |                              001 |                               00
                 wr_data |                              010 |                               01
             wr_checkcrc |                              100 |                               10
---------------------------------------------------------------------------------------------------
INFO: [Synth 8-3354] encoded FSM with state register 'wrState_reg' using encoding 'one-hot' in module 'FILUDPCRC'
---------------------------------------------------------------------------------------------------
                   State |                     New Encoding |                Previous Encoding 
---------------------------------------------------------------------------------------------------
                    idle |                              001 |                               00
            cmd_wait_eop |                              010 |                               01
           data_wait_eop |                              100 |                               10
---------------------------------------------------------------------------------------------------
INFO: [Synth 8-3354] encoded FSM with state register 'state_reg' using encoding 'one-hot' in module 'FILPktMUX'
---------------------------------------------------------------------------------------------------
                   State |                     New Encoding |                Previous Encoding 
---------------------------------------------------------------------------------------------------
             status_idle |                       0000000001 |                             0000
         status_wait_rdy |                       0000000010 |                             0001
           status_byte_1 |                       0000000100 |                             0010
           status_byte_2 |                       0000001000 |                             0011
           status_byte_3 |                       0000010000 |                             0100
           status_byte_4 |                       0000100000 |                             0101
           status_byte_5 |                       0001000000 |                             0110
           status_byte_6 |                       0010000000 |                             0111
           status_byte_7 |                       0100000000 |                             1000
           status_byte_8 |                       1000000000 |                             1001
---------------------------------------------------------------------------------------------------
INFO: [Synth 8-3354] encoded FSM with state register 'status_state_reg' using encoding 'one-hot' in module 'FILCmdProc'
---------------------------------------------------------------------------------------------------
                   State |                     New Encoding |                Previous Encoding 
---------------------------------------------------------------------------------------------------
                 rd_idle |                               00 |                               00
             rd_wait4vld |                               01 |                               01
                 rd_data |                               10 |                               10
---------------------------------------------------------------------------------------------------
INFO: [Synth 8-3354] encoded FSM with state register 'rd_state_reg' using encoding 'sequential' in module 'MWAsyncFIFO'
---------------------------------------------------------------------------------------------------
                   State |                     New Encoding |                Previous Encoding 
---------------------------------------------------------------------------------------------------
                 rd_idle |                               00 |                               00
             rd_wait4vld |                               01 |                               01
                 rd_data |                               10 |                               10
---------------------------------------------------------------------------------------------------
INFO: [Synth 8-3354] encoded FSM with state register 'rd_state_reg' using encoding 'sequential' in module 'MWAsyncFIFO__parameterized1'
---------------------------------------------------------------------------------------------------
                   State |                     New Encoding |                Previous Encoding 
---------------------------------------------------------------------------------------------------
                 tx_idle |                              001 |                               00
                 tx_data |                              010 |                               01
                  tx_eop |                              100 |                               10
---------------------------------------------------------------------------------------------------
INFO: [Synth 8-3354] encoded FSM with state register 'tx_state_reg' using encoding 'one-hot' in module 'FILDataProc'
---------------------------------------------------------------------------------------------------
                   State |                     New Encoding |                Previous Encoding 
---------------------------------------------------------------------------------------------------
                 rx_idle |                              000 |                              000
             rx_header_1 |                              001 |                              001
             rx_header_2 |                              010 |                              010
             rx_header_3 |                              011 |                              011
             rx_header_4 |                              100 |                              100
             rx_header_5 |                              101 |                              101
                 rx_data |                              110 |                              110
                  rx_eop |                              111 |                              111
---------------------------------------------------------------------------------------------------
INFO: [Synth 8-3354] encoded FSM with state register 'rx_state_reg' using encoding 'sequential' in module 'FILDataProc'
---------------------------------------------------------------------------------------------------
                   State |                     New Encoding |                Previous Encoding 
---------------------------------------------------------------------------------------------------
                    idle |                          0000001 |                              000
               pkt_ready |                          0000010 |                              001
             status_mode |                          0000100 |                              010
              status_pkt |                          0001000 |                              011
               data_mode |                          0010000 |                              100
         data_pkt_header |                          0100000 |                              101
        data_pkt_payload |                          1000000 |                              110
---------------------------------------------------------------------------------------------------
INFO: [Synth 8-3354] encoded FSM with state register 'pktState_reg' using encoding 'one-hot' in module 'MWUDPPKTBuilder'
---------------------------------------------------------------------------------
Finished RTL Optimization Phase 2 : Time (s): cpu = 00:00:18 ; elapsed = 00:00:19 . Memory (MB): peak = 1795.504 ; gain = 763.762
---------------------------------------------------------------------------------
---------------------------------------------------------------------------------
Start RTL Component Statistics 
---------------------------------------------------------------------------------
Detailed RTL Component Info : 
+---Adders : 
	   3 Input   17 Bit       Adders := 1     
	   2 Input   16 Bit       Adders := 62    
	   3 Input   16 Bit       Adders := 2     
	   2 Input   12 Bit       Adders := 6     
	   3 Input   12 Bit       Adders := 1     
	   2 Input   11 Bit       Adders := 2     
	   2 Input   10 Bit       Adders := 1     
	   2 Input    9 Bit       Adders := 4     
	   2 Input    8 Bit       Adders := 2     
	   2 Input    5 Bit       Adders := 6     
	   3 Input    5 Bit       Adders := 1     
	   2 Input    4 Bit       Adders := 8     
	   3 Input    4 Bit       Adders := 2     
	   2 Input    3 Bit       Adders := 4     
+---XORs : 
	   2 Input     15 Bit         XORs := 4     
	   2 Input     11 Bit         XORs := 4     
	   2 Input      1 Bit         XORs := 151   
	   3 Input      1 Bit         XORs := 48    
	   5 Input      1 Bit         XORs := 63    
	   4 Input      1 Bit         XORs := 80    
	   6 Input      1 Bit         XORs := 60    
	   8 Input      1 Bit         XORs := 43    
	   7 Input      1 Bit         XORs := 44    
	  11 Input      1 Bit         XORs := 16    
	   9 Input      1 Bit         XORs := 15    
	  13 Input      1 Bit         XORs := 1     
	  12 Input      1 Bit         XORs := 4     
	  10 Input      1 Bit         XORs := 6     
+---Registers : 
	              400 Bit    Registers := 1     
	               80 Bit    Registers := 3     
	               40 Bit    Registers := 1     
	               32 Bit    Registers := 5     
	               17 Bit    Registers := 1     
	               16 Bit    Registers := 105   
	               14 Bit    Registers := 1     
	               13 Bit    Registers := 2     
	               12 Bit    Registers := 6     
	               11 Bit    Registers := 4     
	               10 Bit    Registers := 1     
	                9 Bit    Registers := 6     
	                8 Bit    Registers := 40    
	                7 Bit    Registers := 2     
	                6 Bit    Registers := 1     
	                5 Bit    Registers := 5     
	                4 Bit    Registers := 11    
	                3 Bit    Registers := 4     
	                2 Bit    Registers := 3     
	                1 Bit    Registers := 114   
+---RAMs : 
	             288K Bit	(32768 X 9 bit)          RAMs := 1     
	              18K Bit	(2048 X 9 bit)          RAMs := 2     
	              16K Bit	(2048 X 8 bit)          RAMs := 1     
	               4K Bit	(512 X 8 bit)          RAMs := 1     
	               1K Bit	(16 X 80 bit)          RAMs := 1     
	              512 Bit	(16 X 32 bit)          RAMs := 1     
	              128 Bit	(16 X 8 bit)          RAMs := 1     
	               56 Bit	(4 X 14 bit)          RAMs := 1     
	               28 Bit	(4 X 7 bit)          RAMs := 1     
+---Muxes : 
	   2 Input  400 Bit        Muxes := 9     
	   2 Input   80 Bit        Muxes := 8     
	   2 Input   40 Bit        Muxes := 1     
	   7 Input   40 Bit        Muxes := 1     
	   2 Input   32 Bit        Muxes := 4     
	   2 Input   16 Bit        Muxes := 18    
	   4 Input   16 Bit        Muxes := 1     
	   3 Input   16 Bit        Muxes := 1     
	   7 Input   13 Bit        Muxes := 2     
	   2 Input   12 Bit        Muxes := 6     
	   3 Input   11 Bit        Muxes := 1     
	  10 Input   10 Bit        Muxes := 1     
	   2 Input   10 Bit        Muxes := 1     
	   2 Input    9 Bit        Muxes := 5     
	   3 Input    9 Bit        Muxes := 1     
	   2 Input    8 Bit        Muxes := 10    
	   3 Input    8 Bit        Muxes := 3     
	   8 Input    8 Bit        Muxes := 1     
	   7 Input    8 Bit        Muxes := 1     
	   4 Input    7 Bit        Muxes := 1     
	   2 Input    7 Bit        Muxes := 12    
	   3 Input    7 Bit        Muxes := 1     
	   7 Input    7 Bit        Muxes := 1     
	   2 Input    6 Bit        Muxes := 2     
	   3 Input    6 Bit        Muxes := 3     
	   4 Input    6 Bit        Muxes := 1     
	   2 Input    5 Bit        Muxes := 2     
	   2 Input    4 Bit        Muxes := 9     
	   7 Input    4 Bit        Muxes := 1     
	   3 Input    3 Bit        Muxes := 1     
	   2 Input    3 Bit        Muxes := 5     
	   8 Input    3 Bit        Muxes := 1     
	   2 Input    2 Bit        Muxes := 8     
	   4 Input    2 Bit        Muxes := 1     
	   3 Input    2 Bit        Muxes := 2     
	   7 Input    2 Bit        Muxes := 2     
	   2 Input    1 Bit        Muxes := 64    
	  44 Input    1 Bit        Muxes := 9     
	   3 Input    1 Bit        Muxes := 19    
	  10 Input    1 Bit        Muxes := 3     
	   8 Input    1 Bit        Muxes := 12    
	   7 Input    1 Bit        Muxes := 18    
---------------------------------------------------------------------------------
Finished RTL Component Statistics 
---------------------------------------------------------------------------------
---------------------------------------------------------------------------------
Start Part Resource Summary
---------------------------------------------------------------------------------
Part Resources:
DSPs: 90 (col length:60)
BRAMs: 100 (col length: RAMB18 60 RAMB36 30)
---------------------------------------------------------------------------------
Finished Part Resource Summary
---------------------------------------------------------------------------------
---------------------------------------------------------------------------------
Start Cross Boundary and Area Optimization
---------------------------------------------------------------------------------
WARNING: [Synth 8-7080] Parallel synthesis criteria is not met
WARNING: [Synth 8-3936] Found unconnected internal register 'u_FILPktProc/u_MWUDPPKTBuilder/u_DATA_BUF/u_PKTINFO/rd_doutB_reg' and it is trimmed from '14' to '12' bits. [C:/demo/MultichannelFIRFilterForFPGAExample/hdl_prj/fil_prj/filsrc/MWDPRAM.vhd:61]
DSP Report: Generating DSP u_dut/u_Multichannel_FIR_Filter/u_Discrete_FIR_Filter/gain21_mul_temp, operation Mode is: (A:0x75b8)*B.
DSP Report: operator u_dut/u_Multichannel_FIR_Filter/u_Discrete_FIR_Filter/gain21_mul_temp is absorbed into DSP u_dut/u_Multichannel_FIR_Filter/u_Discrete_FIR_Filter/gain21_mul_temp.
DSP Report: Generating DSP u_dut/u_Multichannel_FIR_Filter/u_Discrete_FIR_Filter/Discrete_FIR_Filter_out_tmp[0], operation Mode is: PCIN+A*(B:0xb9).
DSP Report: operator u_dut/u_Multichannel_FIR_Filter/u_Discrete_FIR_Filter/Discrete_FIR_Filter_out_tmp[0] is absorbed into DSP u_dut/u_Multichannel_FIR_Filter/u_Discrete_FIR_Filter/Discrete_FIR_Filter_out_tmp[0].
DSP Report: operator u_dut/u_Multichannel_FIR_Filter/u_Discrete_FIR_Filter/gain0_mul_temp is absorbed into DSP u_dut/u_Multichannel_FIR_Filter/u_Discrete_FIR_Filter/Discrete_FIR_Filter_out_tmp[0].
DSP Report: Generating DSP u_dut/u_Multichannel_FIR_Filter/u_Discrete_FIR_Filter/Discrete_FIR_Filter_out_tmp[0], operation Mode is: PCIN+(A:0x60b7)*B.
DSP Report: operator u_dut/u_Multichannel_FIR_Filter/u_Discrete_FIR_Filter/Discrete_FIR_Filter_out_tmp[0] is absorbed into DSP u_dut/u_Multichannel_FIR_Filter/u_Discrete_FIR_Filter/Discrete_FIR_Filter_out_tmp[0].
DSP Report: operator u_dut/u_Multichannel_FIR_Filter/u_Discrete_FIR_Filter/gain20_mul_temp is absorbed into DSP u_dut/u_Multichannel_FIR_Filter/u_Discrete_FIR_Filter/Discrete_FIR_Filter_out_tmp[0].
DSP Report: Generating DSP u_dut/u_Multichannel_FIR_Filter/u_Discrete_FIR_Filter/Discrete_FIR_Filter_out_tmp[0], operation Mode is: PCIN+A*(B:0x3dae).
DSP Report: operator u_dut/u_Multichannel_FIR_Filter/u_Discrete_FIR_Filter/Discrete_FIR_Filter_out_tmp[0] is absorbed into DSP u_dut/u_Multichannel_FIR_Filter/u_Discrete_FIR_Filter/Discrete_FIR_Filter_out_tmp[0].
DSP Report: operator u_dut/u_Multichannel_FIR_Filter/u_Discrete_FIR_Filter/gain19_mul_temp is absorbed into DSP u_dut/u_Multichannel_FIR_Filter/u_Discrete_FIR_Filter/Discrete_FIR_Filter_out_tmp[0].
DSP Report: Generating DSP u_dut/u_Multichannel_FIR_Filter/u_Discrete_FIR_Filter/Discrete_FIR_Filter_out_tmp[0], operation Mode is: PCIN+A*(B:0x17b9).
DSP Report: operator u_dut/u_Multichannel_FIR_Filter/u_Discrete_FIR_Filter/Discrete_FIR_Filter_out_tmp[0] is absorbed into DSP u_dut/u_Multichannel_FIR_Filter/u_Discrete_FIR_Filter/Discrete_FIR_Filter_out_tmp[0].
DSP Report: operator u_dut/u_Multichannel_FIR_Filter/u_Discrete_FIR_Filter/gain18_mul_temp is absorbed into DSP u_dut/u_Multichannel_FIR_Filter/u_Discrete_FIR_Filter/Discrete_FIR_Filter_out_tmp[0].
DSP Report: Generating DSP u_dut/u_Multichannel_FIR_Filter/u_Discrete_FIR_Filter/Discrete_FIR_Filter_out_tmp[0], operation Mode is: PCIN+A*(B:0x3f9aa).
DSP Report: operator u_dut/u_Multichannel_FIR_Filter/u_Discrete_FIR_Filter/Discrete_FIR_Filter_out_tmp[0] is absorbed into DSP u_dut/u_Multichannel_FIR_Filter/u_Discrete_FIR_Filter/Discrete_FIR_Filter_out_tmp[0].
DSP Report: operator u_dut/u_Multichannel_FIR_Filter/u_Discrete_FIR_Filter/gain17_mul_temp is absorbed into DSP u_dut/u_Multichannel_FIR_Filter/u_Discrete_FIR_Filter/Discrete_FIR_Filter_out_tmp[0].
DSP Report: Generating DSP u_dut/u_Multichannel_FIR_Filter/u_Discrete_FIR_Filter/Discrete_FIR_Filter_out_tmp[0], operation Mode is: PCIN+A*(B:0x3ea1c).
DSP Report: operator u_dut/u_Multichannel_FIR_Filter/u_Discrete_FIR_Filter/Discrete_FIR_Filter_out_tmp[0] is absorbed into DSP u_dut/u_Multichannel_FIR_Filter/u_Discrete_FIR_Filter/Discrete_FIR_Filter_out_tmp[0].
DSP Report: operator u_dut/u_Multichannel_FIR_Filter/u_Discrete_FIR_Filter/gain16_mul_temp is absorbed into DSP u_dut/u_Multichannel_FIR_Filter/u_Discrete_FIR_Filter/Discrete_FIR_Filter_out_tmp[0].
DSP Report: Generating DSP u_dut/u_Multichannel_FIR_Filter/u_Discrete_FIR_Filter/Discrete_FIR_Filter_out_tmp[0], operation Mode is: PCIN+A*(B:0x3e98a).
DSP Report: operator u_dut/u_Multichannel_FIR_Filter/u_Discrete_FIR_Filter/Discrete_FIR_Filter_out_tmp[0] is absorbed into DSP u_dut/u_Multichannel_FIR_Filter/u_Discrete_FIR_Filter/Discrete_FIR_Filter_out_tmp[0].
DSP Report: operator u_dut/u_Multichannel_FIR_Filter/u_Discrete_FIR_Filter/gain15_mul_temp is absorbed into DSP u_dut/u_Multichannel_FIR_Filter/u_Discrete_FIR_Filter/Discrete_FIR_Filter_out_tmp[0].
DSP Report: Generating DSP u_dut/u_Multichannel_FIR_Filter/u_Discrete_FIR_Filter/Discrete_FIR_Filter_out_tmp[0], operation Mode is: PCIN+A*(B:0x3f328).
DSP Report: operator u_dut/u_Multichannel_FIR_Filter/u_Discrete_FIR_Filter/Discrete_FIR_Filter_out_tmp[0] is absorbed into DSP u_dut/u_Multichannel_FIR_Filter/u_Discrete_FIR_Filter/Discrete_FIR_Filter_out_tmp[0].
DSP Report: operator u_dut/u_Multichannel_FIR_Filter/u_Discrete_FIR_Filter/gain14_mul_temp is absorbed into DSP u_dut/u_Multichannel_FIR_Filter/u_Discrete_FIR_Filter/Discrete_FIR_Filter_out_tmp[0].
DSP Report: Generating DSP u_dut/u_Multichannel_FIR_Filter/u_Discrete_FIR_Filter/Discrete_FIR_Filter_out_tmp[0], operation Mode is: PCIN+A*(B:0x3ffb3).
DSP Report: operator u_dut/u_Multichannel_FIR_Filter/u_Discrete_FIR_Filter/Discrete_FIR_Filter_out_tmp[0] is absorbed into DSP u_dut/u_Multichannel_FIR_Filter/u_Discrete_FIR_Filter/Discrete_FIR_Filter_out_tmp[0].
DSP Report: operator u_dut/u_Multichannel_FIR_Filter/u_Discrete_FIR_Filter/gain13_mul_temp is absorbed into DSP u_dut/u_Multichannel_FIR_Filter/u_Discrete_FIR_Filter/Discrete_FIR_Filter_out_tmp[0].
DSP Report: Generating DSP u_dut/u_Multichannel_FIR_Filter/u_Discrete_FIR_Filter/Discrete_FIR_Filter_out_tmp[0], operation Mode is: PCIN+A*(B:0x8cd).
DSP Report: operator u_dut/u_Multichannel_FIR_Filter/u_Discrete_FIR_Filter/Discrete_FIR_Filter_out_tmp[0] is absorbed into DSP u_dut/u_Multichannel_FIR_Filter/u_Discrete_FIR_Filter/Discrete_FIR_Filter_out_tmp[0].
DSP Report: operator u_dut/u_Multichannel_FIR_Filter/u_Discrete_FIR_Filter/gain12_mul_temp is absorbed into DSP u_dut/u_Multichannel_FIR_Filter/u_Discrete_FIR_Filter/Discrete_FIR_Filter_out_tmp[0].
DSP Report: Generating DSP u_dut/u_Multichannel_FIR_Filter/u_Discrete_FIR_Filter/Discrete_FIR_Filter_out_tmp[0], operation Mode is: PCIN+A*(B:0xb4e).
DSP Report: operator u_dut/u_Multichannel_FIR_Filter/u_Discrete_FIR_Filter/Discrete_FIR_Filter_out_tmp[0] is absorbed into DSP u_dut/u_Multichannel_FIR_Filter/u_Discrete_FIR_Filter/Discrete_FIR_Filter_out_tmp[0].
DSP Report: operator u_dut/u_Multichannel_FIR_Filter/u_Discrete_FIR_Filter/gain11_mul_temp is absorbed into DSP u_dut/u_Multichannel_FIR_Filter/u_Discrete_FIR_Filter/Discrete_FIR_Filter_out_tmp[0].
DSP Report: Generating DSP u_dut/u_Multichannel_FIR_Filter/u_Discrete_FIR_Filter/Discrete_FIR_Filter_out_tmp[0], operation Mode is: PCIN+A*(B:0x7c3).
DSP Report: operator u_dut/u_Multichannel_FIR_Filter/u_Discrete_FIR_Filter/Discrete_FIR_Filter_out_tmp[0] is absorbed into DSP u_dut/u_Multichannel_FIR_Filter/u_Discrete_FIR_Filter/Discrete_FIR_Filter_out_tmp[0].
DSP Report: operator u_dut/u_Multichannel_FIR_Filter/u_Discrete_FIR_Filter/gain10_mul_temp is absorbed into DSP u_dut/u_Multichannel_FIR_Filter/u_Discrete_FIR_Filter/Discrete_FIR_Filter_out_tmp[0].
DSP Report: Generating DSP u_dut/u_Multichannel_FIR_Filter/u_Discrete_FIR_Filter/Discrete_FIR_Filter_out_tmp[0], operation Mode is: PCIN+A*(B:0x139).
DSP Report: operator u_dut/u_Multichannel_FIR_Filter/u_Discrete_FIR_Filter/Discrete_FIR_Filter_out_tmp[0] is absorbed into DSP u_dut/u_Multichannel_FIR_Filter/u_Discrete_FIR_Filter/Discrete_FIR_Filter_out_tmp[0].
DSP Report: operator u_dut/u_Multichannel_FIR_Filter/u_Discrete_FIR_Filter/gain9_mul_temp is absorbed into DSP u_dut/u_Multichannel_FIR_Filter/u_Discrete_FIR_Filter/Discrete_FIR_Filter_out_tmp[0].
DSP Report: Generating DSP u_dut/u_Multichannel_FIR_Filter/u_Discrete_FIR_Filter/Discrete_FIR_Filter_out_tmp[0], operation Mode is: PCIN+A*(B:0x3fb40).
DSP Report: operator u_dut/u_Multichannel_FIR_Filter/u_Discrete_FIR_Filter/Discrete_FIR_Filter_out_tmp[0] is absorbed into DSP u_dut/u_Multichannel_FIR_Filter/u_Discrete_FIR_Filter/Discrete_FIR_Filter_out_tmp[0].
DSP Report: operator u_dut/u_Multichannel_FIR_Filter/u_Discrete_FIR_Filter/gain8_mul_temp is absorbed into DSP u_dut/u_Multichannel_FIR_Filter/u_Discrete_FIR_Filter/Discrete_FIR_Filter_out_tmp[0].
DSP Report: Generating DSP u_dut/u_Multichannel_FIR_Filter/u_Discrete_FIR_Filter/Discrete_FIR_Filter_out_tmp[0], operation Mode is: PCIN+A*(B:0x3f831).
DSP Report: operator u_dut/u_Multichannel_FIR_Filter/u_Discrete_FIR_Filter/Discrete_FIR_Filter_out_tmp[0] is absorbed into DSP u_dut/u_Multichannel_FIR_Filter/u_Discrete_FIR_Filter/Discrete_FIR_Filter_out_tmp[0].
DSP Report: operator u_dut/u_Multichannel_FIR_Filter/u_Discrete_FIR_Filter/gain7_mul_temp is absorbed into DSP u_dut/u_Multichannel_FIR_Filter/u_Discrete_FIR_Filter/Discrete_FIR_Filter_out_tmp[0].
DSP Report: Generating DSP u_dut/u_Multichannel_FIR_Filter/u_Discrete_FIR_Filter/Discrete_FIR_Filter_out_tmp[0], operation Mode is: PCIN+A*(B:0x3f87d).
DSP Report: operator u_dut/u_Multichannel_FIR_Filter/u_Discrete_FIR_Filter/Discrete_FIR_Filter_out_tmp[0] is absorbed into DSP u_dut/u_Multichannel_FIR_Filter/u_Discrete_FIR_Filter/Discrete_FIR_Filter_out_tmp[0].
DSP Report: operator u_dut/u_Multichannel_FIR_Filter/u_Discrete_FIR_Filter/gain6_mul_temp is absorbed into DSP u_dut/u_Multichannel_FIR_Filter/u_Discrete_FIR_Filter/Discrete_FIR_Filter_out_tmp[0].
DSP Report: Generating DSP u_dut/u_Multichannel_FIR_Filter/u_Discrete_FIR_Filter/Discrete_FIR_Filter_out_tmp[0], operation Mode is: PCIN+A*(B:0x3fb06).
DSP Report: operator u_dut/u_Multichannel_FIR_Filter/u_Discrete_FIR_Filter/Discrete_FIR_Filter_out_tmp[0] is absorbed into DSP u_dut/u_Multichannel_FIR_Filter/u_Discrete_FIR_Filter/Discrete_FIR_Filter_out_tmp[0].
DSP Report: operator u_dut/u_Multichannel_FIR_Filter/u_Discrete_FIR_Filter/gain5_mul_temp is absorbed into DSP u_dut/u_Multichannel_FIR_Filter/u_Discrete_FIR_Filter/Discrete_FIR_Filter_out_tmp[0].
DSP Report: Generating DSP u_dut/u_Multichannel_FIR_Filter/u_Discrete_FIR_Filter/Discrete_FIR_Filter_out_tmp[0], operation Mode is: PCIN+A*(B:0x3fe17).
DSP Report: operator u_dut/u_Multichannel_FIR_Filter/u_Discrete_FIR_Filter/Discrete_FIR_Filter_out_tmp[0] is absorbed into DSP u_dut/u_Multichannel_FIR_Filter/u_Discrete_FIR_Filter/Discrete_FIR_Filter_out_tmp[0].
DSP Report: operator u_dut/u_Multichannel_FIR_Filter/u_Discrete_FIR_Filter/gain4_mul_temp is absorbed into DSP u_dut/u_Multichannel_FIR_Filter/u_Discrete_FIR_Filter/Discrete_FIR_Filter_out_tmp[0].
DSP Report: Generating DSP u_dut/u_Multichannel_FIR_Filter/u_Discrete_FIR_Filter/Discrete_FIR_Filter_out_tmp[0], operation Mode is: PCIN+A*(B:0x59).
DSP Report: operator u_dut/u_Multichannel_FIR_Filter/u_Discrete_FIR_Filter/Discrete_FIR_Filter_out_tmp[0] is absorbed into DSP u_dut/u_Multichannel_FIR_Filter/u_Discrete_FIR_Filter/Discrete_FIR_Filter_out_tmp[0].
DSP Report: operator u_dut/u_Multichannel_FIR_Filter/u_Discrete_FIR_Filter/gain3_mul_temp is absorbed into DSP u_dut/u_Multichannel_FIR_Filter/u_Discrete_FIR_Filter/Discrete_FIR_Filter_out_tmp[0].
DSP Report: Generating DSP u_dut/u_Multichannel_FIR_Filter/u_Discrete_FIR_Filter/Discrete_FIR_Filter_out_tmp[0], operation Mode is: PCIN+A*(B:0x14c).
DSP Report: operator u_dut/u_Multichannel_FIR_Filter/u_Discrete_FIR_Filter/Discrete_FIR_Filter_out_tmp[0] is absorbed into DSP u_dut/u_Multichannel_FIR_Filter/u_Discrete_FIR_Filter/Discrete_FIR_Filter_out_tmp[0].
DSP Report: operator u_dut/u_Multichannel_FIR_Filter/u_Discrete_FIR_Filter/gain2_mul_temp is absorbed into DSP u_dut/u_Multichannel_FIR_Filter/u_Discrete_FIR_Filter/Discrete_FIR_Filter_out_tmp[0].
DSP Report: Generating DSP u_dut/u_Multichannel_FIR_Filter/u_Discrete_FIR_Filter/Discrete_FIR_Filter_out_tmp[0], operation Mode is: PCIN+A*(B:0x132).
DSP Report: operator u_dut/u_Multichannel_FIR_Filter/u_Discrete_FIR_Filter/Discrete_FIR_Filter_out_tmp[0] is absorbed into DSP u_dut/u_Multichannel_FIR_Filter/u_Discrete_FIR_Filter/Discrete_FIR_Filter_out_tmp[0].
DSP Report: operator u_dut/u_Multichannel_FIR_Filter/u_Discrete_FIR_Filter/gain1_mul_temp is absorbed into DSP u_dut/u_Multichannel_FIR_Filter/u_Discrete_FIR_Filter/Discrete_FIR_Filter_out_tmp[0].
DSP Report: Generating DSP u_dut/u_Multichannel_FIR_Filter/u_Discrete_FIR_Filter/gain21_mul_temp_1, operation Mode is: (A:0x75b8)*B.
DSP Report: operator u_dut/u_Multichannel_FIR_Filter/u_Discrete_FIR_Filter/gain21_mul_temp_1 is absorbed into DSP u_dut/u_Multichannel_FIR_Filter/u_Discrete_FIR_Filter/gain21_mul_temp_1.
DSP Report: Generating DSP u_dut/u_Multichannel_FIR_Filter/u_Discrete_FIR_Filter/Discrete_FIR_Filter_out_tmp[1], operation Mode is: PCIN+A*(B:0xb9).
DSP Report: operator u_dut/u_Multichannel_FIR_Filter/u_Discrete_FIR_Filter/Discrete_FIR_Filter_out_tmp[1] is absorbed into DSP u_dut/u_Multichannel_FIR_Filter/u_Discrete_FIR_Filter/Discrete_FIR_Filter_out_tmp[1].
DSP Report: operator u_dut/u_Multichannel_FIR_Filter/u_Discrete_FIR_Filter/gain0_mul_temp_1 is absorbed into DSP u_dut/u_Multichannel_FIR_Filter/u_Discrete_FIR_Filter/Discrete_FIR_Filter_out_tmp[1].
DSP Report: Generating DSP u_dut/u_Multichannel_FIR_Filter/u_Discrete_FIR_Filter/Discrete_FIR_Filter_out_tmp[1], operation Mode is: PCIN+(A:0x60b7)*B.
DSP Report: operator u_dut/u_Multichannel_FIR_Filter/u_Discrete_FIR_Filter/Discrete_FIR_Filter_out_tmp[1] is absorbed into DSP u_dut/u_Multichannel_FIR_Filter/u_Discrete_FIR_Filter/Discrete_FIR_Filter_out_tmp[1].
DSP Report: operator u_dut/u_Multichannel_FIR_Filter/u_Discrete_FIR_Filter/gain20_mul_temp_1 is absorbed into DSP u_dut/u_Multichannel_FIR_Filter/u_Discrete_FIR_Filter/Discrete_FIR_Filter_out_tmp[1].
DSP Report: Generating DSP u_dut/u_Multichannel_FIR_Filter/u_Discrete_FIR_Filter/Discrete_FIR_Filter_out_tmp[1], operation Mode is: PCIN+A*(B:0x3dae).
DSP Report: operator u_dut/u_Multichannel_FIR_Filter/u_Discrete_FIR_Filter/Discrete_FIR_Filter_out_tmp[1] is absorbed into DSP u_dut/u_Multichannel_FIR_Filter/u_Discrete_FIR_Filter/Discrete_FIR_Filter_out_tmp[1].
DSP Report: operator u_dut/u_Multichannel_FIR_Filter/u_Discrete_FIR_Filter/gain19_mul_temp_1 is absorbed into DSP u_dut/u_Multichannel_FIR_Filter/u_Discrete_FIR_Filter/Discrete_FIR_Filter_out_tmp[1].
DSP Report: Generating DSP u_dut/u_Multichannel_FIR_Filter/u_Discrete_FIR_Filter/Discrete_FIR_Filter_out_tmp[1], operation Mode is: PCIN+A*(B:0x17b9).
DSP Report: operator u_dut/u_Multichannel_FIR_Filter/u_Discrete_FIR_Filter/Discrete_FIR_Filter_out_tmp[1] is absorbed into DSP u_dut/u_Multichannel_FIR_Filter/u_Discrete_FIR_Filter/Discrete_FIR_Filter_out_tmp[1].
DSP Report: operator u_dut/u_Multichannel_FIR_Filter/u_Discrete_FIR_Filter/gain18_mul_temp_1 is absorbed into DSP u_dut/u_Multichannel_FIR_Filter/u_Discrete_FIR_Filter/Discrete_FIR_Filter_out_tmp[1].
DSP Report: Generating DSP u_dut/u_Multichannel_FIR_Filter/u_Discrete_FIR_Filter/Discrete_FIR_Filter_out_tmp[1], operation Mode is: PCIN+A*(B:0x3f9aa).
DSP Report: operator u_dut/u_Multichannel_FIR_Filter/u_Discrete_FIR_Filter/Discrete_FIR_Filter_out_tmp[1] is absorbed into DSP u_dut/u_Multichannel_FIR_Filter/u_Discrete_FIR_Filter/Discrete_FIR_Filter_out_tmp[1].
DSP Report: operator u_dut/u_Multichannel_FIR_Filter/u_Discrete_FIR_Filter/gain17_mul_temp_1 is absorbed into DSP u_dut/u_Multichannel_FIR_Filter/u_Discrete_FIR_Filter/Discrete_FIR_Filter_out_tmp[1].
DSP Report: Generating DSP u_dut/u_Multichannel_FIR_Filter/u_Discrete_FIR_Filter/Discrete_FIR_Filter_out_tmp[1], operation Mode is: PCIN+A*(B:0x3ea1c).
DSP Report: operator u_dut/u_Multichannel_FIR_Filter/u_Discrete_FIR_Filter/Discrete_FIR_Filter_out_tmp[1] is absorbed into DSP u_dut/u_Multichannel_FIR_Filter/u_Discrete_FIR_Filter/Discrete_FIR_Filter_out_tmp[1].
DSP Report: operator u_dut/u_Multichannel_FIR_Filter/u_Discrete_FIR_Filter/gain16_mul_temp_1 is absorbed into DSP u_dut/u_Multichannel_FIR_Filter/u_Discrete_FIR_Filter/Discrete_FIR_Filter_out_tmp[1].
DSP Report: Generating DSP u_dut/u_Multichannel_FIR_Filter/u_Discrete_FIR_Filter/Discrete_FIR_Filter_out_tmp[1], operation Mode is: PCIN+A*(B:0x3e98a).
DSP Report: operator u_dut/u_Multichannel_FIR_Filter/u_Discrete_FIR_Filter/Discrete_FIR_Filter_out_tmp[1] is absorbed into DSP u_dut/u_Multichannel_FIR_Filter/u_Discrete_FIR_Filter/Discrete_FIR_Filter_out_tmp[1].
DSP Report: operator u_dut/u_Multichannel_FIR_Filter/u_Discrete_FIR_Filter/gain15_mul_temp_1 is absorbed into DSP u_dut/u_Multichannel_FIR_Filter/u_Discrete_FIR_Filter/Discrete_FIR_Filter_out_tmp[1].
DSP Report: Generating DSP u_dut/u_Multichannel_FIR_Filter/u_Discrete_FIR_Filter/Discrete_FIR_Filter_out_tmp[1], operation Mode is: PCIN+A*(B:0x3f328).
DSP Report: operator u_dut/u_Multichannel_FIR_Filter/u_Discrete_FIR_Filter/Discrete_FIR_Filter_out_tmp[1] is absorbed into DSP u_dut/u_Multichannel_FIR_Filter/u_Discrete_FIR_Filter/Discrete_FIR_Filter_out_tmp[1].
DSP Report: operator u_dut/u_Multichannel_FIR_Filter/u_Discrete_FIR_Filter/gain14_mul_temp_1 is absorbed into DSP u_dut/u_Multichannel_FIR_Filter/u_Discrete_FIR_Filter/Discrete_FIR_Filter_out_tmp[1].
DSP Report: Generating DSP u_dut/u_Multichannel_FIR_Filter/u_Discrete_FIR_Filter/Discrete_FIR_Filter_out_tmp[1], operation Mode is: PCIN+A*(B:0x3ffb3).
DSP Report: operator u_dut/u_Multichannel_FIR_Filter/u_Discrete_FIR_Filter/Discrete_FIR_Filter_out_tmp[1] is absorbed into DSP u_dut/u_Multichannel_FIR_Filter/u_Discrete_FIR_Filter/Discrete_FIR_Filter_out_tmp[1].
DSP Report: operator u_dut/u_Multichannel_FIR_Filter/u_Discrete_FIR_Filter/gain13_mul_temp_1 is absorbed into DSP u_dut/u_Multichannel_FIR_Filter/u_Discrete_FIR_Filter/Discrete_FIR_Filter_out_tmp[1].
DSP Report: Generating DSP u_dut/u_Multichannel_FIR_Filter/u_Discrete_FIR_Filter/Discrete_FIR_Filter_out_tmp[1], operation Mode is: PCIN+A*(B:0x8cd).
DSP Report: operator u_dut/u_Multichannel_FIR_Filter/u_Discrete_FIR_Filter/Discrete_FIR_Filter_out_tmp[1] is absorbed into DSP u_dut/u_Multichannel_FIR_Filter/u_Discrete_FIR_Filter/Discrete_FIR_Filter_out_tmp[1].
DSP Report: operator u_dut/u_Multichannel_FIR_Filter/u_Discrete_FIR_Filter/gain12_mul_temp_1 is absorbed into DSP u_dut/u_Multichannel_FIR_Filter/u_Discrete_FIR_Filter/Discrete_FIR_Filter_out_tmp[1].
DSP Report: Generating DSP u_dut/u_Multichannel_FIR_Filter/u_Discrete_FIR_Filter/Discrete_FIR_Filter_out_tmp[1], operation Mode is: PCIN+A*(B:0xb4e).
DSP Report: operator u_dut/u_Multichannel_FIR_Filter/u_Discrete_FIR_Filter/Discrete_FIR_Filter_out_tmp[1] is absorbed into DSP u_dut/u_Multichannel_FIR_Filter/u_Discrete_FIR_Filter/Discrete_FIR_Filter_out_tmp[1].
DSP Report: operator u_dut/u_Multichannel_FIR_Filter/u_Discrete_FIR_Filter/gain11_mul_temp_1 is absorbed into DSP u_dut/u_Multichannel_FIR_Filter/u_Discrete_FIR_Filter/Discrete_FIR_Filter_out_tmp[1].
DSP Report: Generating DSP u_dut/u_Multichannel_FIR_Filter/u_Discrete_FIR_Filter/Discrete_FIR_Filter_out_tmp[1], operation Mode is: PCIN+A*(B:0x7c3).
DSP Report: operator u_dut/u_Multichannel_FIR_Filter/u_Discrete_FIR_Filter/Discrete_FIR_Filter_out_tmp[1] is absorbed into DSP u_dut/u_Multichannel_FIR_Filter/u_Discrete_FIR_Filter/Discrete_FIR_Filter_out_tmp[1].
DSP Report: operator u_dut/u_Multichannel_FIR_Filter/u_Discrete_FIR_Filter/gain10_mul_temp_1 is absorbed into DSP u_dut/u_Multichannel_FIR_Filter/u_Discrete_FIR_Filter/Discrete_FIR_Filter_out_tmp[1].
DSP Report: Generating DSP u_dut/u_Multichannel_FIR_Filter/u_Discrete_FIR_Filter/Discrete_FIR_Filter_out_tmp[1], operation Mode is: PCIN+A*(B:0x139).
DSP Report: operator u_dut/u_Multichannel_FIR_Filter/u_Discrete_FIR_Filter/Discrete_FIR_Filter_out_tmp[1] is absorbed into DSP u_dut/u_Multichannel_FIR_Filter/u_Discrete_FIR_Filter/Discrete_FIR_Filter_out_tmp[1].
DSP Report: operator u_dut/u_Multichannel_FIR_Filter/u_Discrete_FIR_Filter/gain9_mul_temp_1 is absorbed into DSP u_dut/u_Multichannel_FIR_Filter/u_Discrete_FIR_Filter/Discrete_FIR_Filter_out_tmp[1].
DSP Report: Generating DSP u_dut/u_Multichannel_FIR_Filter/u_Discrete_FIR_Filter/Discrete_FIR_Filter_out_tmp[1], operation Mode is: PCIN+A*(B:0x3fb40).
DSP Report: operator u_dut/u_Multichannel_FIR_Filter/u_Discrete_FIR_Filter/Discrete_FIR_Filter_out_tmp[1] is absorbed into DSP u_dut/u_Multichannel_FIR_Filter/u_Discrete_FIR_Filter/Discrete_FIR_Filter_out_tmp[1].
DSP Report: operator u_dut/u_Multichannel_FIR_Filter/u_Discrete_FIR_Filter/gain8_mul_temp_1 is absorbed into DSP u_dut/u_Multichannel_FIR_Filter/u_Discrete_FIR_Filter/Discrete_FIR_Filter_out_tmp[1].
DSP Report: Generating DSP u_dut/u_Multichannel_FIR_Filter/u_Discrete_FIR_Filter/Discrete_FIR_Filter_out_tmp[1], operation Mode is: PCIN+A*(B:0x3f831).
DSP Report: operator u_dut/u_Multichannel_FIR_Filter/u_Discrete_FIR_Filter/Discrete_FIR_Filter_out_tmp[1] is absorbed into DSP u_dut/u_Multichannel_FIR_Filter/u_Discrete_FIR_Filter/Discrete_FIR_Filter_out_tmp[1].
DSP Report: operator u_dut/u_Multichannel_FIR_Filter/u_Discrete_FIR_Filter/gain7_mul_temp_1 is absorbed into DSP u_dut/u_Multichannel_FIR_Filter/u_Discrete_FIR_Filter/Discrete_FIR_Filter_out_tmp[1].
DSP Report: Generating DSP u_dut/u_Multichannel_FIR_Filter/u_Discrete_FIR_Filter/Discrete_FIR_Filter_out_tmp[1], operation Mode is: PCIN+A*(B:0x3f87d).
DSP Report: operator u_dut/u_Multichannel_FIR_Filter/u_Discrete_FIR_Filter/Discrete_FIR_Filter_out_tmp[1] is absorbed into DSP u_dut/u_Multichannel_FIR_Filter/u_Discrete_FIR_Filter/Discrete_FIR_Filter_out_tmp[1].
DSP Report: operator u_dut/u_Multichannel_FIR_Filter/u_Discrete_FIR_Filter/gain6_mul_temp_1 is absorbed into DSP u_dut/u_Multichannel_FIR_Filter/u_Discrete_FIR_Filter/Discrete_FIR_Filter_out_tmp[1].
DSP Report: Generating DSP u_dut/u_Multichannel_FIR_Filter/u_Discrete_FIR_Filter/Discrete_FIR_Filter_out_tmp[1], operation Mode is: PCIN+A*(B:0x3fb06).
DSP Report: operator u_dut/u_Multichannel_FIR_Filter/u_Discrete_FIR_Filter/Discrete_FIR_Filter_out_tmp[1] is absorbed into DSP u_dut/u_Multichannel_FIR_Filter/u_Discrete_FIR_Filter/Discrete_FIR_Filter_out_tmp[1].
DSP Report: operator u_dut/u_Multichannel_FIR_Filter/u_Discrete_FIR_Filter/gain5_mul_temp_1 is absorbed into DSP u_dut/u_Multichannel_FIR_Filter/u_Discrete_FIR_Filter/Discrete_FIR_Filter_out_tmp[1].
DSP Report: Generating DSP u_dut/u_Multichannel_FIR_Filter/u_Discrete_FIR_Filter/Discrete_FIR_Filter_out_tmp[1], operation Mode is: PCIN+A*(B:0x3fe17).
DSP Report: operator u_dut/u_Multichannel_FIR_Filter/u_Discrete_FIR_Filter/Discrete_FIR_Filter_out_tmp[1] is absorbed into DSP u_dut/u_Multichannel_FIR_Filter/u_Discrete_FIR_Filter/Discrete_FIR_Filter_out_tmp[1].
DSP Report: operator u_dut/u_Multichannel_FIR_Filter/u_Discrete_FIR_Filter/gain4_mul_temp_1 is absorbed into DSP u_dut/u_Multichannel_FIR_Filter/u_Discrete_FIR_Filter/Discrete_FIR_Filter_out_tmp[1].
DSP Report: Generating DSP u_dut/u_Multichannel_FIR_Filter/u_Discrete_FIR_Filter/Discrete_FIR_Filter_out_tmp[1], operation Mode is: PCIN+A*(B:0x59).
DSP Report: operator u_dut/u_Multichannel_FIR_Filter/u_Discrete_FIR_Filter/Discrete_FIR_Filter_out_tmp[1] is absorbed into DSP u_dut/u_Multichannel_FIR_Filter/u_Discrete_FIR_Filter/Discrete_FIR_Filter_out_tmp[1].
DSP Report: operator u_dut/u_Multichannel_FIR_Filter/u_Discrete_FIR_Filter/gain3_mul_temp_1 is absorbed into DSP u_dut/u_Multichannel_FIR_Filter/u_Discrete_FIR_Filter/Discrete_FIR_Filter_out_tmp[1].
DSP Report: Generating DSP u_dut/u_Multichannel_FIR_Filter/u_Discrete_FIR_Filter/Discrete_FIR_Filter_out_tmp[1], operation Mode is: PCIN+A*(B:0x14c).
DSP Report: operator u_dut/u_Multichannel_FIR_Filter/u_Discrete_FIR_Filter/Discrete_FIR_Filter_out_tmp[1] is absorbed into DSP u_dut/u_Multichannel_FIR_Filter/u_Discrete_FIR_Filter/Discrete_FIR_Filter_out_tmp[1].
DSP Report: operator u_dut/u_Multichannel_FIR_Filter/u_Discrete_FIR_Filter/gain2_mul_temp_1 is absorbed into DSP u_dut/u_Multichannel_FIR_Filter/u_Discrete_FIR_Filter/Discrete_FIR_Filter_out_tmp[1].
DSP Report: Generating DSP u_dut/u_Multichannel_FIR_Filter/u_Discrete_FIR_Filter/Discrete_FIR_Filter_out_tmp[1], operation Mode is: PCIN+A*(B:0x132).
DSP Report: operator u_dut/u_Multichannel_FIR_Filter/u_Discrete_FIR_Filter/Discrete_FIR_Filter_out_tmp[1] is absorbed into DSP u_dut/u_Multichannel_FIR_Filter/u_Discrete_FIR_Filter/Discrete_FIR_Filter_out_tmp[1].
DSP Report: operator u_dut/u_Multichannel_FIR_Filter/u_Discrete_FIR_Filter/gain1_mul_temp_1 is absorbed into DSP u_dut/u_Multichannel_FIR_Filter/u_Discrete_FIR_Filter/Discrete_FIR_Filter_out_tmp[1].
WARNING: [Synth 8-3917] design Multichannel_FIR_Filter_fil has port ETH_MDC driven by constant 1
WARNING: [Synth 8-3332] Sequential element (u_FILPktProc/u_FILDataProc/u_rxFIFO/FSM_sequential_rd_state_reg[1]) is unused and will be removed from module FILCommLayer.
WARNING: [Synth 8-3332] Sequential element (u_FILPktProc/u_FILDataProc/u_rxFIFO/FSM_sequential_rd_state_reg[0]) is unused and will be removed from module FILCommLayer.
WARNING: [Synth 8-3332] Sequential element (u_FILPktProc/u_FILDataProc/u_txFIFO/FSM_sequential_rd_state_reg[1]) is unused and will be removed from module FILCommLayer.
WARNING: [Synth 8-3332] Sequential element (u_FILPktProc/u_FILDataProc/u_txFIFO/FSM_sequential_rd_state_reg[0]) is unused and will be removed from module FILCommLayer.
---------------------------------------------------------------------------------
Finished Cross Boundary and Area Optimization : Time (s): cpu = 00:00:36 ; elapsed = 00:00:38 . Memory (MB): peak = 1795.504 ; gain = 763.762
---------------------------------------------------------------------------------
 Sort Area is  u_dut/u_Multichannel_FIR_Filter/u_Discrete_FIR_Filter/gain21_mul_temp_0 : 0 0 : 776 17841 : Used 1 time 0
 Sort Area is  u_dut/u_Multichannel_FIR_Filter/u_Discrete_FIR_Filter/gain21_mul_temp_0 : 0 1 : 588 17841 : Used 1 time 0
 Sort Area is  u_dut/u_Multichannel_FIR_Filter/u_Discrete_FIR_Filter/gain21_mul_temp_0 : 0 2 : 985 17841 : Used 1 time 0
 Sort Area is  u_dut/u_Multichannel_FIR_Filter/u_Discrete_FIR_Filter/gain21_mul_temp_0 : 0 3 : 1165 17841 : Used 1 time 0
 Sort Area is  u_dut/u_Multichannel_FIR_Filter/u_Discrete_FIR_Filter/gain21_mul_temp_0 : 0 4 : 1061 17841 : Used 1 time 0
 Sort Area is  u_dut/u_Multichannel_FIR_Filter/u_Discrete_FIR_Filter/gain21_mul_temp_0 : 0 5 : 814 17841 : Used 1 time 0
 Sort Area is  u_dut/u_Multichannel_FIR_Filter/u_Discrete_FIR_Filter/gain21_mul_temp_0 : 0 6 : 1061 17841 : Used 1 time 0
 Sort Area is  u_dut/u_Multichannel_FIR_Filter/u_Discrete_FIR_Filter/gain21_mul_temp_0 : 0 7 : 1061 17841 : Used 1 time 0
 Sort Area is  u_dut/u_Multichannel_FIR_Filter/u_Discrete_FIR_Filter/gain21_mul_temp_0 : 0 8 : 846 17841 : Used 1 time 0
 Sort Area is  u_dut/u_Multichannel_FIR_Filter/u_Discrete_FIR_Filter/gain21_mul_temp_0 : 0 9 : 551 17841 : Used 1 time 0
 Sort Area is  u_dut/u_Multichannel_FIR_Filter/u_Discrete_FIR_Filter/gain21_mul_temp_0 : 0 10 : 846 17841 : Used 1 time 0
 Sort Area is  u_dut/u_Multichannel_FIR_Filter/u_Discrete_FIR_Filter/gain21_mul_temp_0 : 0 11 : 846 17841 : Used 1 time 0
 Sort Area is  u_dut/u_Multichannel_FIR_Filter/u_Discrete_FIR_Filter/gain21_mul_temp_0 : 0 12 : 814 17841 : Used 1 time 0
 Sort Area is  u_dut/u_Multichannel_FIR_Filter/u_Discrete_FIR_Filter/gain21_mul_temp_0 : 0 13 : 655 17841 : Used 1 time 0
 Sort Area is  u_dut/u_Multichannel_FIR_Filter/u_Discrete_FIR_Filter/gain21_mul_temp_0 : 0 14 : 814 17841 : Used 1 time 0
 Sort Area is  u_dut/u_Multichannel_FIR_Filter/u_Discrete_FIR_Filter/gain21_mul_temp_0 : 0 15 : 814 17841 : Used 1 time 0
 Sort Area is  u_dut/u_Multichannel_FIR_Filter/u_Discrete_FIR_Filter/gain21_mul_temp_0 : 0 16 : 814 17841 : Used 1 time 0
 Sort Area is  u_dut/u_Multichannel_FIR_Filter/u_Discrete_FIR_Filter/gain21_mul_temp_0 : 0 17 : 814 17841 : Used 1 time 0
 Sort Area is  u_dut/u_Multichannel_FIR_Filter/u_Discrete_FIR_Filter/gain21_mul_temp_0 : 0 18 : 655 17841 : Used 1 time 0
 Sort Area is  u_dut/u_Multichannel_FIR_Filter/u_Discrete_FIR_Filter/gain21_mul_temp_0 : 0 19 : 551 17841 : Used 1 time 0
 Sort Area is  u_dut/u_Multichannel_FIR_Filter/u_Discrete_FIR_Filter/gain21_mul_temp_0 : 0 20 : 655 17841 : Used 1 time 0
 Sort Area is  u_dut/u_Multichannel_FIR_Filter/u_Discrete_FIR_Filter/gain21_mul_temp_0 : 0 21 : 655 17841 : Used 1 time 0
 Sort Area is  u_dut/u_Multichannel_FIR_Filter/u_Discrete_FIR_Filter/gain21_mul_temp_1_a : 0 0 : 776 17841 : Used 1 time 0
 Sort Area is  u_dut/u_Multichannel_FIR_Filter/u_Discrete_FIR_Filter/gain21_mul_temp_1_a : 0 1 : 588 17841 : Used 1 time 0
 Sort Area is  u_dut/u_Multichannel_FIR_Filter/u_Discrete_FIR_Filter/gain21_mul_temp_1_a : 0 2 : 985 17841 : Used 1 time 0
 Sort Area is  u_dut/u_Multichannel_FIR_Filter/u_Discrete_FIR_Filter/gain21_mul_temp_1_a : 0 3 : 1165 17841 : Used 1 time 0
 Sort Area is  u_dut/u_Multichannel_FIR_Filter/u_Discrete_FIR_Filter/gain21_mul_temp_1_a : 0 4 : 1061 17841 : Used 1 time 0
 Sort Area is  u_dut/u_Multichannel_FIR_Filter/u_Discrete_FIR_Filter/gain21_mul_temp_1_a : 0 5 : 814 17841 : Used 1 time 0
 Sort Area is  u_dut/u_Multichannel_FIR_Filter/u_Discrete_FIR_Filter/gain21_mul_temp_1_a : 0 6 : 1061 17841 : Used 1 time 0
 Sort Area is  u_dut/u_Multichannel_FIR_Filter/u_Discrete_FIR_Filter/gain21_mul_temp_1_a : 0 7 : 1061 17841 : Used 1 time 0
 Sort Area is  u_dut/u_Multichannel_FIR_Filter/u_Discrete_FIR_Filter/gain21_mul_temp_1_a : 0 8 : 846 17841 : Used 1 time 0
 Sort Area is  u_dut/u_Multichannel_FIR_Filter/u_Discrete_FIR_Filter/gain21_mul_temp_1_a : 0 9 : 551 17841 : Used 1 time 0
 Sort Area is  u_dut/u_Multichannel_FIR_Filter/u_Discrete_FIR_Filter/gain21_mul_temp_1_a : 0 10 : 846 17841 : Used 1 time 0
 Sort Area is  u_dut/u_Multichannel_FIR_Filter/u_Discrete_FIR_Filter/gain21_mul_temp_1_a : 0 11 : 846 17841 : Used 1 time 0
 Sort Area is  u_dut/u_Multichannel_FIR_Filter/u_Discrete_FIR_Filter/gain21_mul_temp_1_a : 0 12 : 814 17841 : Used 1 time 0
 Sort Area is  u_dut/u_Multichannel_FIR_Filter/u_Discrete_FIR_Filter/gain21_mul_temp_1_a : 0 13 : 655 17841 : Used 1 time 0
 Sort Area is  u_dut/u_Multichannel_FIR_Filter/u_Discrete_FIR_Filter/gain21_mul_temp_1_a : 0 14 : 814 17841 : Used 1 time 0
 Sort Area is  u_dut/u_Multichannel_FIR_Filter/u_Discrete_FIR_Filter/gain21_mul_temp_1_a : 0 15 : 814 17841 : Used 1 time 0
 Sort Area is  u_dut/u_Multichannel_FIR_Filter/u_Discrete_FIR_Filter/gain21_mul_temp_1_a : 0 16 : 814 17841 : Used 1 time 0
 Sort Area is  u_dut/u_Multichannel_FIR_Filter/u_Discrete_FIR_Filter/gain21_mul_temp_1_a : 0 17 : 814 17841 : Used 1 time 0
 Sort Area is  u_dut/u_Multichannel_FIR_Filter/u_Discrete_FIR_Filter/gain21_mul_temp_1_a : 0 18 : 655 17841 : Used 1 time 0
 Sort Area is  u_dut/u_Multichannel_FIR_Filter/u_Discrete_FIR_Filter/gain21_mul_temp_1_a : 0 19 : 551 17841 : Used 1 time 0
 Sort Area is  u_dut/u_Multichannel_FIR_Filter/u_Discrete_FIR_Filter/gain21_mul_temp_1_a : 0 20 : 655 17841 : Used 1 time 0
 Sort Area is  u_dut/u_Multichannel_FIR_Filter/u_Discrete_FIR_Filter/gain21_mul_temp_1_a : 0 21 : 655 17841 : Used 1 time 0
---------------------------------------------------------------------------------
Start ROM, RAM, DSP, Shift Register and Retiming Reporting
---------------------------------------------------------------------------------

Block RAM: Preliminary Mapping Report (see note below)
+----------------------------+---------------------------------------------------------------------------------+------------------------+---+---+------------------------+---+---+------------------+--------+--------+
|Module Name                 | RTL Object                                                                      | PORT A (Depth x Width) | W | R | PORT B (Depth x Width) | W | R | Ports driving FF | RAMB18 | RAMB36 | 
+----------------------------+---------------------------------------------------------------------------------+------------------------+---+---+------------------------+---+---+------------------+--------+--------+
|\u_FILCore/u_FILCommLayer   | u_MWMAC/u_mwpingram/dpram_1/memory_reg                                          | 512 x 8(NO_CHANGE)     | W |   | 512 x 8(WRITE_FIRST)   |   | R | Port A and B     | 1      | 0      | 
|\u_FILCore/u_FILCommLayer   | u_FILPktProc/u_FILUDPCRC/u_MWDPRAM/memory_reg                                   | 2 K x 9(READ_FIRST)    | W |   | 2 K x 9(WRITE_FIRST)   |   | R | Port A and B     | 1      | 0      | 
|\u_FILCore/u_FILCommLayer   | u_FILPktProc/u_FILDataProc/u_rxFIFO/dpram/memory_reg                            | 32 K x 9(NO_CHANGE)    | W |   | 32 K x 9(WRITE_FIRST)  |   | R | Port A and B     | 0      | 9      | 
|\u_FILCore/u_FILCommLayer   | u_FILPktProc/u_FILDataProc/u_txFIFO/dpram/memory_reg                            | 2 K x 9(NO_CHANGE)     | W |   | 2 K x 9(WRITE_FIRST)   |   | R | Port A and B     | 1      | 0      | 
|\u_FILCore/u_FILCommLayer   | u_FILPktProc/u_MWUDPPKTBuilder/u_DATA_BUF/u_MWDPRAM/memory_reg                  | 2 K x 8(READ_FIRST)    | W |   | 2 K x 8(WRITE_FIRST)   |   | R | Port A and B     | 1      | 0      | 
|Multichannel_FIR_Filter_fil | u_FILCore/u_mwfil_chiftop/u_mwfil_chifcore/DUT2CHIF.u_d2bfifo/u_dpscram/mem_reg | 16 x 80(READ_FIRST)    | W |   | 16 x 80(WRITE_FIRST)   |   | R | Port A and B     | 1      | 1      | 
+----------------------------+---------------------------------------------------------------------------------+------------------------+---+---+------------------------+---+---+------------------+--------+--------+

Note: The table above is a preliminary report that shows the Block RAMs at the current stage of the synthesis flow. Some Block RAMs may be reimplemented as non Block RAM primitives later in the synthesis flow. Multiple instantiated Block RAMs are reported only once. 

Distributed RAM: Preliminary Mapping Report (see note below)
+----------------------------+---------------------------------------------------------------------------------+-----------+----------------------+-------------+
|Module Name                 | RTL Object                                                                      | Inference | Size (Depth x Width) | Primitives  | 
+----------------------------+---------------------------------------------------------------------------------+-----------+----------------------+-------------+
|\u_FILCore/u_FILCommLayer   | u_FILPktProc/u_MWUDPPKTBuilder/u_STATUS_BUF/u_PKTINFO/memory_reg                | Implied   | 4 x 5                | RAM32M x 2  | 
|\u_FILCore/u_FILCommLayer   | u_FILPktProc/u_MWUDPPKTBuilder/u_STATUS_BUF/u_MWDPRAM/memory_reg                | Implied   | 16 x 8               | RAM32M x 2  | 
|\u_FILCore/u_FILCommLayer   | u_FILPktProc/u_MWUDPPKTBuilder/u_DATA_BUF/u_PKTINFO/memory_reg                  | Implied   | 4 x 12               | RAM32M x 3  | 
|Multichannel_FIR_Filter_fil | u_FILCore/u_mwfil_chiftop/u_mwfil_chifcore/CHIF2DUT.u_b2dfifo/u_dpscram/mem_reg | Implied   | 16 x 32              | RAM32M x 6  | 
+----------------------------+---------------------------------------------------------------------------------+-----------+----------------------+-------------+

Note: The table above is a preliminary report that shows the Distributed RAMs at the current stage of the synthesis flow. Some Distributed RAMs may be reimplemented as non Distributed RAM primitives later in the synthesis flow. Multiple instantiated RAMs are reported only once.

DSP: Preliminary Mapping Report (see note below. The ' indicates corresponding REG is set)
+--------------------+--------------------+--------+--------+--------+--------+--------+------+------+------+------+-------+------+------+
|Module Name         | DSP Mapping        | A Size | B Size | C Size | D Size | P Size | AREG | BREG | CREG | DREG | ADREG | MREG | PREG | 
+--------------------+--------------------+--------+--------+--------+--------+--------+------+------+------+------+-------+------+------+
|Discrete_FIR_Filter | (A:0x75b8)*B       | 16     | 16     | -      | -      | 32     | 0    | 0    | -    | -    | -     | 0    | 0    | 
|Discrete_FIR_Filter | PCIN+A*(B:0xb9)    | 16     | 9      | -      | -      | 38     | 0    | 0    | -    | -    | -     | 0    | 0    | 
|Discrete_FIR_Filter | PCIN+(A:0x60b7)*B  | 16     | 16     | -      | -      | 38     | 0    | 0    | -    | -    | -     | 0    | 0    | 
|Discrete_FIR_Filter | PCIN+A*(B:0x3dae)  | 16     | 15     | -      | -      | 38     | 0    | 0    | -    | -    | -     | 0    | 0    | 
|Discrete_FIR_Filter | PCIN+A*(B:0x17b9)  | 16     | 14     | -      | -      | 38     | 0    | 0    | -    | -    | -     | 0    | 0    | 
|Discrete_FIR_Filter | PCIN+A*(B:0x3f9aa) | 16     | 12     | -      | -      | 38     | 0    | 0    | -    | -    | -     | 0    | 0    | 
|Discrete_FIR_Filter | PCIN+A*(B:0x3ea1c) | 16     | 14     | -      | -      | 38     | 0    | 0    | -    | -    | -     | 0    | 0    | 
|Discrete_FIR_Filter | PCIN+A*(B:0x3e98a) | 16     | 14     | -      | -      | 38     | 0    | 0    | -    | -    | -     | 0    | 0    | 
|Discrete_FIR_Filter | PCIN+A*(B:0x3f328) | 16     | 13     | -      | -      | 38     | 0    | 0    | -    | -    | -     | 0    | 0    | 
|Discrete_FIR_Filter | PCIN+A*(B:0x3ffb3) | 16     | 8      | -      | -      | 38     | 0    | 0    | -    | -    | -     | 0    | 0    | 
|Discrete_FIR_Filter | PCIN+A*(B:0x8cd)   | 16     | 13     | -      | -      | 38     | 0    | 0    | -    | -    | -     | 0    | 0    | 
|Discrete_FIR_Filter | PCIN+A*(B:0xb4e)   | 16     | 13     | -      | -      | 38     | 0    | 0    | -    | -    | -     | 0    | 0    | 
|Discrete_FIR_Filter | PCIN+A*(B:0x7c3)   | 16     | 12     | -      | -      | 38     | 0    | 0    | -    | -    | -     | 0    | 0    | 
|Discrete_FIR_Filter | PCIN+A*(B:0x139)   | 16     | 10     | -      | -      | 38     | 0    | 0    | -    | -    | -     | 0    | 0    | 
|Discrete_FIR_Filter | PCIN+A*(B:0x3fb40) | 16     | 12     | -      | -      | 38     | 0    | 0    | -    | -    | -     | 0    | 0    | 
|Discrete_FIR_Filter | PCIN+A*(B:0x3f831) | 16     | 12     | -      | -      | 38     | 0    | 0    | -    | -    | -     | 0    | 0    | 
|Discrete_FIR_Filter | PCIN+A*(B:0x3f87d) | 16     | 12     | -      | -      | 38     | 0    | 0    | -    | -    | -     | 0    | 0    | 
|Discrete_FIR_Filter | PCIN+A*(B:0x3fb06) | 16     | 12     | -      | -      | 38     | 0    | 0    | -    | -    | -     | 0    | 0    | 
|Discrete_FIR_Filter | PCIN+A*(B:0x3fe17) | 16     | 10     | -      | -      | 38     | 0    | 0    | -    | -    | -     | 0    | 0    | 
|Discrete_FIR_Filter | PCIN+A*(B:0x59)    | 16     | 8      | -      | -      | 38     | 0    | 0    | -    | -    | -     | 0    | 0    | 
|Discrete_FIR_Filter | PCIN+A*(B:0x14c)   | 16     | 10     | -      | -      | 38     | 0    | 0    | -    | -    | -     | 0    | 0    | 
|Discrete_FIR_Filter | PCIN+A*(B:0x132)   | 16     | 10     | -      | -      | 38     | 0    | 0    | -    | -    | -     | 0    | 0    | 
|Discrete_FIR_Filter | (A:0x75b8)*B       | 16     | 16     | -      | -      | 32     | 0    | 0    | -    | -    | -     | 0    | 0    | 
|Discrete_FIR_Filter | PCIN+A*(B:0xb9)    | 16     | 9      | -      | -      | 38     | 0    | 0    | -    | -    | -     | 0    | 0    | 
|Discrete_FIR_Filter | PCIN+(A:0x60b7)*B  | 16     | 16     | -      | -      | 38     | 0    | 0    | -    | -    | -     | 0    | 0    | 
|Discrete_FIR_Filter | PCIN+A*(B:0x3dae)  | 16     | 15     | -      | -      | 38     | 0    | 0    | -    | -    | -     | 0    | 0    | 
|Discrete_FIR_Filter | PCIN+A*(B:0x17b9)  | 16     | 14     | -      | -      | 38     | 0    | 0    | -    | -    | -     | 0    | 0    | 
|Discrete_FIR_Filter | PCIN+A*(B:0x3f9aa) | 16     | 12     | -      | -      | 38     | 0    | 0    | -    | -    | -     | 0    | 0    | 
|Discrete_FIR_Filter | PCIN+A*(B:0x3ea1c) | 16     | 14     | -      | -      | 38     | 0    | 0    | -    | -    | -     | 0    | 0    | 
|Discrete_FIR_Filter | PCIN+A*(B:0x3e98a) | 16     | 14     | -      | -      | 38     | 0    | 0    | -    | -    | -     | 0    | 0    | 
|Discrete_FIR_Filter | PCIN+A*(B:0x3f328) | 16     | 13     | -      | -      | 38     | 0    | 0    | -    | -    | -     | 0    | 0    | 
|Discrete_FIR_Filter | PCIN+A*(B:0x3ffb3) | 16     | 8      | -      | -      | 38     | 0    | 0    | -    | -    | -     | 0    | 0    | 
|Discrete_FIR_Filter | PCIN+A*(B:0x8cd)   | 16     | 13     | -      | -      | 38     | 0    | 0    | -    | -    | -     | 0    | 0    | 
|Discrete_FIR_Filter | PCIN+A*(B:0xb4e)   | 16     | 13     | -      | -      | 38     | 0    | 0    | -    | -    | -     | 0    | 0    | 
|Discrete_FIR_Filter | PCIN+A*(B:0x7c3)   | 16     | 12     | -      | -      | 38     | 0    | 0    | -    | -    | -     | 0    | 0    | 
|Discrete_FIR_Filter | PCIN+A*(B:0x139)   | 16     | 10     | -      | -      | 38     | 0    | 0    | -    | -    | -     | 0    | 0    | 
|Discrete_FIR_Filter | PCIN+A*(B:0x3fb40) | 16     | 12     | -      | -      | 38     | 0    | 0    | -    | -    | -     | 0    | 0    | 
|Discrete_FIR_Filter | PCIN+A*(B:0x3f831) | 16     | 12     | -      | -      | 38     | 0    | 0    | -    | -    | -     | 0    | 0    | 
|Discrete_FIR_Filter | PCIN+A*(B:0x3f87d) | 16     | 12     | -      | -      | 38     | 0    | 0    | -    | -    | -     | 0    | 0    | 
|Discrete_FIR_Filter | PCIN+A*(B:0x3fb06) | 16     | 12     | -      | -      | 38     | 0    | 0    | -    | -    | -     | 0    | 0    | 
|Discrete_FIR_Filter | PCIN+A*(B:0x3fe17) | 16     | 10     | -      | -      | 38     | 0    | 0    | -    | -    | -     | 0    | 0    | 
|Discrete_FIR_Filter | PCIN+A*(B:0x59)    | 16     | 8      | -      | -      | 38     | 0    | 0    | -    | -    | -     | 0    | 0    | 
|Discrete_FIR_Filter | PCIN+A*(B:0x14c)   | 16     | 10     | -      | -      | 38     | 0    | 0    | -    | -    | -     | 0    | 0    | 
|Discrete_FIR_Filter | PCIN+A*(B:0x132)   | 16     | 10     | -      | -      | 38     | 0    | 0    | -    | -    | -     | 0    | 0    | 
+--------------------+--------------------+--------+--------+--------+--------+--------+------+------+------+------+-------+------+------+

Note: The table above is a preliminary report that shows the DSPs inferred at the current stage of the synthesis flow. Some DSP may be reimplemented as non DSP primitives later in the synthesis flow. Multiple instantiated DSPs are reported only once.
---------------------------------------------------------------------------------
Finished ROM, RAM, DSP, Shift Register and Retiming Reporting
---------------------------------------------------------------------------------
---------------------------------------------------------------------------------
Start Applying XDC Timing Constraints
---------------------------------------------------------------------------------
---------------------------------------------------------------------------------
Finished Applying XDC Timing Constraints : Time (s): cpu = 00:00:43 ; elapsed = 00:00:44 . Memory (MB): peak = 1795.504 ; gain = 763.762
---------------------------------------------------------------------------------
---------------------------------------------------------------------------------
Start Timing Optimization
---------------------------------------------------------------------------------
---------------------------------------------------------------------------------
Finished Timing Optimization : Time (s): cpu = 00:00:44 ; elapsed = 00:00:46 . Memory (MB): peak = 1795.504 ; gain = 763.762
---------------------------------------------------------------------------------
---------------------------------------------------------------------------------
Start ROM, RAM, DSP, Shift Register and Retiming Reporting
---------------------------------------------------------------------------------

Block RAM: Final Mapping Report
+----------------------------+---------------------------------------------------------------------------------+------------------------+---+---+------------------------+---+---+------------------+--------+--------+
|Module Name                 | RTL Object                                                                      | PORT A (Depth x Width) | W | R | PORT B (Depth x Width) | W | R | Ports driving FF | RAMB18 | RAMB36 | 
+----------------------------+---------------------------------------------------------------------------------+------------------------+---+---+------------------------+---+---+------------------+--------+--------+
|\u_FILCore/u_FILCommLayer   | u_MWMAC/u_mwpingram/dpram_1/memory_reg                                          | 512 x 8(NO_CHANGE)     | W |   | 512 x 8(WRITE_FIRST)   |   | R | Port A and B     | 1      | 0      | 
|\u_FILCore/u_FILCommLayer   | u_FILPktProc/u_FILUDPCRC/u_MWDPRAM/memory_reg                                   | 2 K x 9(READ_FIRST)    | W |   | 2 K x 9(WRITE_FIRST)   |   | R | Port A and B     | 1      | 0      | 
|\u_FILCore/u_FILCommLayer   | u_FILPktProc/u_FILDataProc/u_rxFIFO/dpram/memory_reg                            | 32 K x 9(NO_CHANGE)    | W |   | 32 K x 9(WRITE_FIRST)  |   | R | Port A and B     | 0      | 9      | 
|\u_FILCore/u_FILCommLayer   | u_FILPktProc/u_FILDataProc/u_txFIFO/dpram/memory_reg                            | 2 K x 9(NO_CHANGE)     | W |   | 2 K x 9(WRITE_FIRST)   |   | R | Port A and B     | 1      | 0      | 
|\u_FILCore/u_FILCommLayer   | u_FILPktProc/u_MWUDPPKTBuilder/u_DATA_BUF/u_MWDPRAM/memory_reg                  | 2 K x 8(READ_FIRST)    | W |   | 2 K x 8(WRITE_FIRST)   |   | R | Port A and B     | 1      | 0      | 
|Multichannel_FIR_Filter_fil | u_FILCore/u_mwfil_chiftop/u_mwfil_chifcore/DUT2CHIF.u_d2bfifo/u_dpscram/mem_reg | 16 x 80(READ_FIRST)    | W |   | 16 x 80(WRITE_FIRST)   |   | R | Port A and B     | 1      | 1      | 
+----------------------------+---------------------------------------------------------------------------------+------------------------+---+---+------------------------+---+---+------------------+--------+--------+


Distributed RAM: Final Mapping Report
+----------------------------+---------------------------------------------------------------------------------+-----------+----------------------+-------------+
|Module Name                 | RTL Object                                                                      | Inference | Size (Depth x Width) | Primitives  | 
+----------------------------+---------------------------------------------------------------------------------+-----------+----------------------+-------------+
|\u_FILCore/u_FILCommLayer   | u_FILPktProc/u_MWUDPPKTBuilder/u_STATUS_BUF/u_PKTINFO/memory_reg                | Implied   | 4 x 5                | RAM32M x 2  | 
|\u_FILCore/u_FILCommLayer   | u_FILPktProc/u_MWUDPPKTBuilder/u_STATUS_BUF/u_MWDPRAM/memory_reg                | Implied   | 16 x 8               | RAM32M x 2  | 
|\u_FILCore/u_FILCommLayer   | u_FILPktProc/u_MWUDPPKTBuilder/u_DATA_BUF/u_PKTINFO/memory_reg                  | Implied   | 4 x 12               | RAM32M x 3  | 
|Multichannel_FIR_Filter_fil | u_FILCore/u_mwfil_chiftop/u_mwfil_chifcore/CHIF2DUT.u_b2dfifo/u_dpscram/mem_reg | Implied   | 16 x 32              | RAM32M x 6  | 
+----------------------------+---------------------------------------------------------------------------------+-----------+----------------------+-------------+

---------------------------------------------------------------------------------
Finished ROM, RAM, DSP, Shift Register and Retiming Reporting
---------------------------------------------------------------------------------
---------------------------------------------------------------------------------
Start Technology Mapping
---------------------------------------------------------------------------------
INFO: [Synth 8-7052] The timing for the instance u_FILCore/u_FILCommLayer/u_MWMAC/u_mwpingram/dpram_1/memory_reg (implemented as a Block RAM) might be sub-optimal as no optional output register could be merged into the ram block. Providing additional output register may help in improving timing.
INFO: [Synth 8-7052] The timing for the instance u_FILCore/u_FILCommLayer/u_FILPktProc/u_FILUDPCRC/u_MWDPRAM/memory_reg (implemented as a Block RAM) might be sub-optimal as no optional output register could be merged into the ram block. Providing additional output register may help in improving timing.
INFO: [Synth 8-7052] The timing for the instance u_FILCore/u_FILCommLayer/u_FILPktProc/u_FILDataProc/u_rxFIFO/dpram/memory_reg_0_0 (implemented as a Block RAM) might be sub-optimal as no optional output register could be merged into the ram block. Providing additional output register may help in improving timing.
INFO: [Synth 8-7052] The timing for the instance u_FILCore/u_FILCommLayer/u_FILPktProc/u_FILDataProc/u_rxFIFO/dpram/memory_reg_0_1 (implemented as a Block RAM) might be sub-optimal as no optional output register could be merged into the ram block. Providing additional output register may help in improving timing.
INFO: [Synth 8-7052] The timing for the instance u_FILCore/u_FILCommLayer/u_FILPktProc/u_FILDataProc/u_rxFIFO/dpram/memory_reg_0_2 (implemented as a Block RAM) might be sub-optimal as no optional output register could be merged into the ram block. Providing additional output register may help in improving timing.
INFO: [Synth 8-7052] The timing for the instance u_FILCore/u_FILCommLayer/u_FILPktProc/u_FILDataProc/u_rxFIFO/dpram/memory_reg_0_3 (implemented as a Block RAM) might be sub-optimal as no optional output register could be merged into the ram block. Providing additional output register may help in improving timing.
INFO: [Synth 8-7052] The timing for the instance u_FILCore/u_FILCommLayer/u_FILPktProc/u_FILDataProc/u_rxFIFO/dpram/memory_reg_0_4 (implemented as a Block RAM) might be sub-optimal as no optional output register could be merged into the ram block. Providing additional output register may help in improving timing.
INFO: [Synth 8-7052] The timing for the instance u_FILCore/u_FILCommLayer/u_FILPktProc/u_FILDataProc/u_rxFIFO/dpram/memory_reg_0_5 (implemented as a Block RAM) might be sub-optimal as no optional output register could be merged into the ram block. Providing additional output register may help in improving timing.
INFO: [Synth 8-7052] The timing for the instance u_FILCore/u_FILCommLayer/u_FILPktProc/u_FILDataProc/u_rxFIFO/dpram/memory_reg_0_6 (implemented as a Block RAM) might be sub-optimal as no optional output register could be merged into the ram block. Providing additional output register may help in improving timing.
INFO: [Synth 8-7052] The timing for the instance u_FILCore/u_FILCommLayer/u_FILPktProc/u_FILDataProc/u_rxFIFO/dpram/memory_reg_0_7 (implemented as a Block RAM) might be sub-optimal as no optional output register could be merged into the ram block. Providing additional output register may help in improving timing.
INFO: [Synth 8-7052] The timing for the instance u_FILCore/u_FILCommLayer/u_FILPktProc/u_FILDataProc/u_rxFIFO/dpram/memory_reg_0_8 (implemented as a Block RAM) might be sub-optimal as no optional output register could be merged into the ram block. Providing additional output register may help in improving timing.
INFO: [Synth 8-7052] The timing for the instance u_FILCore/u_FILCommLayer/u_FILPktProc/u_FILDataProc/u_txFIFO/dpram/memory_reg (implemented as a Block RAM) might be sub-optimal as no optional output register could be merged into the ram block. Providing additional output register may help in improving timing.
INFO: [Synth 8-7052] The timing for the instance u_FILCore/u_FILCommLayer/u_FILPktProc/u_MWUDPPKTBuilder/u_DATA_BUF/u_MWDPRAM/memory_reg (implemented as a Block RAM) might be sub-optimal as no optional output register could be merged into the ram block. Providing additional output register may help in improving timing.
INFO: [Synth 8-7052] The timing for the instance u_FILCore/u_mwfil_chiftop/u_mwfil_chifcore/DUT2CHIF.u_d2bfifo/u_dpscram/mem_reg_0 (implemented as a Block RAM) might be sub-optimal as no optional output register could be merged into the ram block. Providing additional output register may help in improving timing.
INFO: [Synth 8-7052] The timing for the instance u_FILCore/u_mwfil_chiftop/u_mwfil_chifcore/DUT2CHIF.u_d2bfifo/u_dpscram/mem_reg_1 (implemented as a Block RAM) might be sub-optimal as no optional output register could be merged into the ram block. Providing additional output register may help in improving timing.
---------------------------------------------------------------------------------
Finished Technology Mapping : Time (s): cpu = 00:00:47 ; elapsed = 00:00:49 . Memory (MB): peak = 1795.504 ; gain = 763.762
---------------------------------------------------------------------------------
---------------------------------------------------------------------------------
Start IO Insertion
---------------------------------------------------------------------------------
---------------------------------------------------------------------------------
Start Flattening Before IO Insertion
---------------------------------------------------------------------------------
---------------------------------------------------------------------------------
Finished Flattening Before IO Insertion
---------------------------------------------------------------------------------
---------------------------------------------------------------------------------
Start Final Netlist Cleanup
---------------------------------------------------------------------------------
---------------------------------------------------------------------------------
Finished Final Netlist Cleanup
---------------------------------------------------------------------------------
---------------------------------------------------------------------------------
Finished IO Insertion : Time (s): cpu = 00:00:51 ; elapsed = 00:00:52 . Memory (MB): peak = 1795.504 ; gain = 763.762
---------------------------------------------------------------------------------
---------------------------------------------------------------------------------
Start Renaming Generated Instances
---------------------------------------------------------------------------------
---------------------------------------------------------------------------------
Finished Renaming Generated Instances : Time (s): cpu = 00:00:51 ; elapsed = 00:00:52 . Memory (MB): peak = 1795.504 ; gain = 763.762
---------------------------------------------------------------------------------
---------------------------------------------------------------------------------
Start Rebuilding User Hierarchy
---------------------------------------------------------------------------------
---------------------------------------------------------------------------------
Finished Rebuilding User Hierarchy : Time (s): cpu = 00:00:51 ; elapsed = 00:00:53 . Memory (MB): peak = 1795.504 ; gain = 763.762
---------------------------------------------------------------------------------
---------------------------------------------------------------------------------
Start Renaming Generated Ports
---------------------------------------------------------------------------------
---------------------------------------------------------------------------------
Finished Renaming Generated Ports : Time (s): cpu = 00:00:51 ; elapsed = 00:00:53 . Memory (MB): peak = 1795.504 ; gain = 763.762
---------------------------------------------------------------------------------
---------------------------------------------------------------------------------
Start Handling Custom Attributes
---------------------------------------------------------------------------------
---------------------------------------------------------------------------------
Finished Handling Custom Attributes : Time (s): cpu = 00:00:52 ; elapsed = 00:00:53 . Memory (MB): peak = 1795.504 ; gain = 763.762
---------------------------------------------------------------------------------
---------------------------------------------------------------------------------
Start Renaming Generated Nets
---------------------------------------------------------------------------------
---------------------------------------------------------------------------------
Finished Renaming Generated Nets : Time (s): cpu = 00:00:52 ; elapsed = 00:00:53 . Memory (MB): peak = 1795.504 ; gain = 763.762
---------------------------------------------------------------------------------
---------------------------------------------------------------------------------
Start Writing Synthesis Report
---------------------------------------------------------------------------------

DSP Final Report (the ' indicates corresponding REG is set)
+--------------------+-------------+--------+--------+--------+--------+--------+------+------+------+------+-------+------+------+
|Module Name         | DSP Mapping | A Size | B Size | C Size | D Size | P Size | AREG | BREG | CREG | DREG | ADREG | MREG | PREG | 
+--------------------+-------------+--------+--------+--------+--------+--------+------+------+------+------+-------+------+------+
|Discrete_FIR_Filter | A*B         | 30     | 15     | -      | -      | 0      | 0    | 0    | -    | -    | -     | 0    | 0    | 
|Discrete_FIR_Filter | PCIN+A*B    | 30     | 8      | -      | -      | 38     | 0    | 0    | -    | -    | -     | 0    | 0    | 
|Discrete_FIR_Filter | PCIN+A*B    | 15     | 18     | -      | -      | 38     | 0    | 0    | -    | -    | -     | 0    | 0    | 
|Discrete_FIR_Filter | PCIN+A*B    | 30     | 14     | -      | -      | 38     | 0    | 0    | -    | -    | -     | 0    | 0    | 
|Discrete_FIR_Filter | PCIN+A*B    | 30     | 13     | -      | -      | 38     | 0    | 0    | -    | -    | -     | 0    | 0    | 
|Discrete_FIR_Filter | PCIN+A*B    | 30     | 18     | -      | -      | 38     | 0    | 0    | -    | -    | -     | 0    | 0    | 
|Discrete_FIR_Filter | PCIN+A*B    | 30     | 18     | -      | -      | 38     | 0    | 0    | -    | -    | -     | 0    | 0    | 
|Discrete_FIR_Filter | PCIN+A*B    | 30     | 18     | -      | -      | 38     | 0    | 0    | -    | -    | -     | 0    | 0    | 
|Discrete_FIR_Filter | PCIN+A*B    | 30     | 18     | -      | -      | 38     | 0    | 0    | -    | -    | -     | 0    | 0    | 
|Discrete_FIR_Filter | PCIN+A*B    | 30     | 18     | -      | -      | 38     | 0    | 0    | -    | -    | -     | 0    | 0    | 
|Discrete_FIR_Filter | PCIN+A*B    | 30     | 12     | -      | -      | 38     | 0    | 0    | -    | -    | -     | 0    | 0    | 
|Discrete_FIR_Filter | PCIN+A*B    | 30     | 12     | -      | -      | 38     | 0    | 0    | -    | -    | -     | 0    | 0    | 
|Discrete_FIR_Filter | PCIN+A*B    | 30     | 11     | -      | -      | 38     | 0    | 0    | -    | -    | -     | 0    | 0    | 
|Discrete_FIR_Filter | PCIN+A*B    | 30     | 9      | -      | -      | 38     | 0    | 0    | -    | -    | -     | 0    | 0    | 
|Discrete_FIR_Filter | PCIN+A*B    | 30     | 18     | -      | -      | 38     | 0    | 0    | -    | -    | -     | 0    | 0    | 
|Discrete_FIR_Filter | PCIN+A*B    | 30     | 18     | -      | -      | 38     | 0    | 0    | -    | -    | -     | 0    | 0    | 
|Discrete_FIR_Filter | PCIN+A*B    | 30     | 18     | -      | -      | 38     | 0    | 0    | -    | -    | -     | 0    | 0    | 
|Discrete_FIR_Filter | PCIN+A*B    | 30     | 18     | -      | -      | 38     | 0    | 0    | -    | -    | -     | 0    | 0    | 
|Discrete_FIR_Filter | PCIN+A*B    | 30     | 18     | -      | -      | 38     | 0    | 0    | -    | -    | -     | 0    | 0    | 
|Discrete_FIR_Filter | PCIN+A*B    | 30     | 7      | -      | -      | 38     | 0    | 0    | -    | -    | -     | 0    | 0    | 
|Discrete_FIR_Filter | PCIN+A*B    | 30     | 9      | -      | -      | 38     | 0    | 0    | -    | -    | -     | 0    | 0    | 
|Discrete_FIR_Filter | PCIN+A*B    | 30     | 9      | -      | -      | 38     | 0    | 0    | -    | -    | -     | 0    | 0    | 
|Discrete_FIR_Filter | A*B         | 30     | 15     | -      | -      | 0      | 0    | 0    | -    | -    | -     | 0    | 0    | 
|Discrete_FIR_Filter | PCIN+A*B    | 30     | 8      | -      | -      | 38     | 0    | 0    | -    | -    | -     | 0    | 0    | 
|Discrete_FIR_Filter | PCIN+A*B    | 15     | 18     | -      | -      | 38     | 0    | 0    | -    | -    | -     | 0    | 0    | 
|Discrete_FIR_Filter | PCIN+A*B    | 30     | 14     | -      | -      | 38     | 0    | 0    | -    | -    | -     | 0    | 0    | 
|Discrete_FIR_Filter | PCIN+A*B    | 30     | 13     | -      | -      | 38     | 0    | 0    | -    | -    | -     | 0    | 0    | 
|Discrete_FIR_Filter | PCIN+A*B    | 30     | 18     | -      | -      | 38     | 0    | 0    | -    | -    | -     | 0    | 0    | 
|Discrete_FIR_Filter | PCIN+A*B    | 30     | 18     | -      | -      | 38     | 0    | 0    | -    | -    | -     | 0    | 0    | 
|Discrete_FIR_Filter | PCIN+A*B    | 30     | 18     | -      | -      | 38     | 0    | 0    | -    | -    | -     | 0    | 0    | 
|Discrete_FIR_Filter | PCIN+A*B    | 30     | 18     | -      | -      | 38     | 0    | 0    | -    | -    | -     | 0    | 0    | 
|Discrete_FIR_Filter | PCIN+A*B    | 30     | 18     | -      | -      | 38     | 0    | 0    | -    | -    | -     | 0    | 0    | 
|Discrete_FIR_Filter | PCIN+A*B    | 30     | 12     | -      | -      | 38     | 0    | 0    | -    | -    | -     | 0    | 0    | 
|Discrete_FIR_Filter | PCIN+A*B    | 30     | 12     | -      | -      | 38     | 0    | 0    | -    | -    | -     | 0    | 0    | 
|Discrete_FIR_Filter | PCIN+A*B    | 30     | 11     | -      | -      | 38     | 0    | 0    | -    | -    | -     | 0    | 0    | 
|Discrete_FIR_Filter | PCIN+A*B    | 30     | 9      | -      | -      | 38     | 0    | 0    | -    | -    | -     | 0    | 0    | 
|Discrete_FIR_Filter | PCIN+A*B    | 30     | 18     | -      | -      | 38     | 0    | 0    | -    | -    | -     | 0    | 0    | 
|Discrete_FIR_Filter | PCIN+A*B    | 30     | 18     | -      | -      | 38     | 0    | 0    | -    | -    | -     | 0    | 0    | 
|Discrete_FIR_Filter | PCIN+A*B    | 30     | 18     | -      | -      | 38     | 0    | 0    | -    | -    | -     | 0    | 0    | 
|Discrete_FIR_Filter | PCIN+A*B    | 30     | 18     | -      | -      | 38     | 0    | 0    | -    | -    | -     | 0    | 0    | 
|Discrete_FIR_Filter | PCIN+A*B    | 30     | 18     | -      | -      | 38     | 0    | 0    | -    | -    | -     | 0    | 0    | 
|Discrete_FIR_Filter | PCIN+A*B    | 30     | 7      | -      | -      | 38     | 0    | 0    | -    | -    | -     | 0    | 0    | 
|Discrete_FIR_Filter | PCIN+A*B    | 30     | 9      | -      | -      | 38     | 0    | 0    | -    | -    | -     | 0    | 0    | 
|Discrete_FIR_Filter | PCIN+A*B    | 30     | 9      | -      | -      | 38     | 0    | 0    | -    | -    | -     | 0    | 0    | 
+--------------------+-------------+--------+--------+--------+--------+--------+------+------+------+------+-------+------+------+


Report BlackBoxes: 
+-+--------------+----------+
| |BlackBox name |Instances |
+-+--------------+----------+
+-+--------------+----------+

Report Cell Usage: 
+------+----------+------+
|      |Cell      |Count |
+------+----------+------+
|1     |BUFG      |     2|
|2     |CARRY4    |   317|
|3     |DSP48E1   |    44|
|4     |LUT1      |   145|
|5     |LUT2      |  1086|
|6     |LUT3      |   316|
|7     |LUT4      |   440|
|8     |LUT5      |   496|
|9     |LUT6      |  1043|
|10    |MMCM_BASE |     1|
|11    |MUXF7     |    42|
|12    |MUXF8     |     2|
|13    |RAM32M    |     9|
|14    |RAM32X1D  |     2|
|15    |RAMB18E1  |     5|
|19    |RAMB36E1  |    10|
|21    |FDCE      |  1382|
|22    |FDRE      |  1812|
|23    |FDSE      |    77|
|24    |IBUF      |     8|
|25    |IBUFG     |     3|
|26    |OBUF      |     9|
+------+----------+------+
---------------------------------------------------------------------------------
Finished Writing Synthesis Report : Time (s): cpu = 00:00:52 ; elapsed = 00:00:53 . Memory (MB): peak = 1795.504 ; gain = 763.762
---------------------------------------------------------------------------------
Synthesis finished with 0 errors, 0 critical warnings and 106 warnings.
Synthesis Optimization Runtime : Time (s): cpu = 00:00:42 ; elapsed = 00:00:51 . Memory (MB): peak = 1795.504 ; gain = 669.371
Synthesis Optimization Complete : Time (s): cpu = 00:00:52 ; elapsed = 00:00:54 . Memory (MB): peak = 1795.504 ; gain = 763.762
INFO: [Project 1-571] Translating synthesized netlist
Netlist sorting complete. Time (s): cpu = 00:00:00 ; elapsed = 00:00:00.067 . Memory (MB): peak = 1795.504 ; gain = 0.000
INFO: [Netlist 29-17] Analyzing 435 Unisim elements for replacement
WARNING: [Netlist 29-432] The IBUFG primitive 'u_ClockManager/u_IBUFG' has been retargeted to an IBUF primitive only. No BUFG will be added. If a global buffer is intended, please instantiate an available global clock primitive from the current architecture.
WARNING: [Netlist 29-432] The IBUFG primitive 'u_ClockManager/u_IBUFG_inst1' has been retargeted to an IBUF primitive only. No BUFG will be added. If a global buffer is intended, please instantiate an available global clock primitive from the current architecture.
WARNING: [Netlist 29-432] The IBUFG primitive 'u_IBUFG' has been retargeted to an IBUF primitive only. No BUFG will be added. If a global buffer is intended, please instantiate an available global clock primitive from the current architecture.
INFO: [Netlist 29-28] Unisim Transformation completed in 0 CPU seconds
INFO: [Project 1-570] Preparing netlist for logic optimization
INFO: [Opt 31-138] Pushed 0 inverter(s) to 0 load pin(s).
Netlist sorting complete. Time (s): cpu = 00:00:00 ; elapsed = 00:00:00.001 . Memory (MB): peak = 1795.504 ; gain = 0.000
INFO: [Project 1-111] Unisim Transformation Summary:
  A total of 15 instances were transformed.
  IBUFG => IBUF: 3 instances
  MMCM_BASE => MMCME2_ADV: 1 instance 
  RAM32M => RAM32M (RAMD32(x6), RAMS32(x2)): 9 instances
  RAM32X1D => RAM32X1D (RAMD32(x2)): 2 instances

Synth Design complete | Checksum: a0bcd67b
INFO: [Common 17-83] Releasing license: Synthesis
174 Infos, 122 Warnings, 0 Critical Warnings and 0 Errors encountered.
synth_design completed successfully
synth_design: Time (s): cpu = 00:00:57 ; elapsed = 00:00:59 . Memory (MB): peak = 1795.504 ; gain = 1165.672
Write ShapeDB Complete: Time (s): cpu = 00:00:00 ; elapsed = 00:00:00.010 . Memory (MB): peak = 1795.504 ; gain = 0.000
INFO: [Common 17-1381] The checkpoint 'C:/demo/MultichannelFIRFilterForFPGAExample/hdl_prj/fil_prj/fpgaproj/Multichannel_FIR_Filter_fil.runs/synth_1/Multichannel_FIR_Filter_fil.dcp' has been generated.
INFO: [Vivado 12-24828] Executing command : report_utilization -file Multichannel_FIR_Filter_fil_utilization_synth.rpt -pb Multichannel_FIR_Filter_fil_utilization_synth.pb
INFO: [Common 17-206] Exiting Vivado at Wed Jan 14 09:46:32 2026...
