Copyright 1986-2022 Xilinx, Inc. All Rights Reserved. Copyright 2022-2024 Advanced Micro Devices, Inc. All Rights Reserved.
------------------------------------------------------------------------------------------------------------------------------------------------------------------------------
| Tool Version : Vivado v.2024.1 (win64) Build 5076996 Wed May 22 18:37:14 MDT 2024
| Date         : Wed Jan 14 10:57:09 2026
| Host         : TS-93724 running 64-bit major release  (build 9200)
| Command      : report_timing_summary -delay_type min_max -report_unconstrained -check_timing_verbose -max_paths 3 -nworst 3 -name timing_post_map -file timing_post_map.rpt
| Design       : Multichannel_FIR_Filter
| Device       : 7a35t-csg324
| Speed File   : -1  PRODUCTION 1.23 2018-06-13
| Design State : Synthesized
------------------------------------------------------------------------------------------------------------------------------------------------------------------------------

Timing Summary Report

------------------------------------------------------------------------------------------------
| Timer Settings
| --------------
------------------------------------------------------------------------------------------------

  Enable Multi Corner Analysis               :  Yes
  Enable Pessimism Removal                   :  Yes
  Pessimism Removal Resolution               :  Nearest Common Node
  Enable Input Delay Default Clock           :  No
  Enable Preset / Clear Arcs                 :  No
  Disable Flight Delays                      :  No
  Ignore I/O Paths                           :  No
  Timing Early Launch at Borrowing Latches   :  No
  Borrow Time for Max Delay Exceptions       :  Yes
  Merge Timing Exceptions                    :  Yes
  Inter-SLR Compensation                     :  Conservative

  Corner  Analyze    Analyze    
  Name    Max Paths  Min Paths  
  ------  ---------  ---------  
  Slow    Yes        Yes        
  Fast    Yes        Yes        


------------------------------------------------------------------------------------------------
| Report Methodology
| ------------------
------------------------------------------------------------------------------------------------

No report available as report_methodology has not been run prior. Run report_methodology on the current design for the summary of methodology violations.



check_timing report

Table of Contents
-----------------
1. checking no_clock (0)
2. checking constant_clock (0)
3. checking pulse_width_clock (0)
4. checking unconstrained_internal_endpoints (0)
5. checking no_input_delay (34)
6. checking no_output_delay (76)
7. checking multiple_clock (0)
8. checking generated_clocks (0)
9. checking loops (0)
10. checking partial_input_delay (0)
11. checking partial_output_delay (0)
12. checking latch_loops (0)

1. checking no_clock (0)
------------------------
 There are 0 register/latch pins with no clock.


2. checking constant_clock (0)
------------------------------
 There are 0 register/latch pins with constant_clock.


3. checking pulse_width_clock (0)
---------------------------------
 There are 0 register/latch pins which need pulse_width check


4. checking unconstrained_internal_endpoints (0)
------------------------------------------------
 There are 0 pins that are not constrained for maximum delay.

 There are 0 pins that are not constrained for maximum delay due to constant clock.


5. checking no_input_delay (34)
-------------------------------
 There are 34 input ports with no input delay specified. (HIGH)

In1_0[0]
In1_0[10]
In1_0[11]
In1_0[12]
In1_0[13]
In1_0[14]
In1_0[15]
In1_0[1]
In1_0[2]
In1_0[3]
In1_0[4]
In1_0[5]
In1_0[6]
In1_0[7]
In1_0[8]
In1_0[9]
In1_1[0]
In1_1[10]
In1_1[11]
In1_1[12]
In1_1[13]
In1_1[14]
In1_1[15]
In1_1[1]
In1_1[2]
In1_1[3]
In1_1[4]
In1_1[5]
In1_1[6]
In1_1[7]
In1_1[8]
In1_1[9]
clk_enable
reset

 There are 0 input ports with no input delay but user has a false path constraint.


6. checking no_output_delay (76)
--------------------------------
 There are 76 ports with no output delay specified. (HIGH)

Out1_0[0]
Out1_0[10]
Out1_0[11]
Out1_0[12]
Out1_0[13]
Out1_0[14]
Out1_0[15]
Out1_0[16]
Out1_0[17]
Out1_0[18]
Out1_0[19]
Out1_0[1]
Out1_0[20]
Out1_0[21]
Out1_0[22]
Out1_0[23]
Out1_0[24]
Out1_0[25]
Out1_0[26]
Out1_0[27]
Out1_0[28]
Out1_0[29]
Out1_0[2]
Out1_0[30]
Out1_0[31]
Out1_0[32]
Out1_0[33]
Out1_0[34]
Out1_0[35]
Out1_0[36]
Out1_0[37]
Out1_0[3]
Out1_0[4]
Out1_0[5]
Out1_0[6]
Out1_0[7]
Out1_0[8]
Out1_0[9]
Out1_1[0]
Out1_1[10]
Out1_1[11]
Out1_1[12]
Out1_1[13]
Out1_1[14]
Out1_1[15]
Out1_1[16]
Out1_1[17]
Out1_1[18]
Out1_1[19]
Out1_1[1]
Out1_1[20]
Out1_1[21]
Out1_1[22]
Out1_1[23]
Out1_1[24]
Out1_1[25]
Out1_1[26]
Out1_1[27]
Out1_1[28]
Out1_1[29]
Out1_1[2]
Out1_1[30]
Out1_1[31]
Out1_1[32]
Out1_1[33]
Out1_1[34]
Out1_1[35]
Out1_1[36]
Out1_1[37]
Out1_1[3]
Out1_1[4]
Out1_1[5]
Out1_1[6]
Out1_1[7]
Out1_1[8]
Out1_1[9]

 There are 0 ports with no output delay but user has a false path constraint

 There are 0 ports with no output delay but with a timing clock defined on it or propagating through it


7. checking multiple_clock (0)
------------------------------
 There are 0 register/latch pins with multiple clocks.


8. checking generated_clocks (0)
--------------------------------
 There are 0 generated clocks that are not connected to a clock source.


9. checking loops (0)
---------------------
 There are 0 combinational loops in the design.


10. checking partial_input_delay (0)
------------------------------------
 There are 0 input ports with partial input delay specified.


11. checking partial_output_delay (0)
-------------------------------------
 There are 0 ports with partial output delay specified.


12. checking latch_loops (0)
----------------------------
 There are 0 combinational latch loops in the design through latch input



------------------------------------------------------------------------------------------------
| Design Timing Summary
| ---------------------
------------------------------------------------------------------------------------------------

    WNS(ns)      TNS(ns)  TNS Failing Endpoints  TNS Total Endpoints      WHS(ns)      THS(ns)  THS Failing Endpoints  THS Total Endpoints     WPWS(ns)     TPWS(ns)  TPWS Failing Endpoints  TPWS Total Endpoints  
    -------      -------  ---------------------  -------------------      -------      -------  ---------------------  -------------------     --------     --------  ----------------------  --------------------  
     38.873        0.000                      0                 1344        0.282        0.000                      0                 1344       19.500        0.000                       0                  1376  


All user specified timing constraints are met.


------------------------------------------------------------------------------------------------
| Clock Summary
| -------------
------------------------------------------------------------------------------------------------

Clock  Waveform(ns)       Period(ns)      Frequency(MHz)
-----  ------------       ----------      --------------
MWCLK  {0.000 20.000}     40.000          25.000          


------------------------------------------------------------------------------------------------
| Intra Clock Table
| -----------------
------------------------------------------------------------------------------------------------

Clock             WNS(ns)      TNS(ns)  TNS Failing Endpoints  TNS Total Endpoints      WHS(ns)      THS(ns)  THS Failing Endpoints  THS Total Endpoints     WPWS(ns)     TPWS(ns)  TPWS Failing Endpoints  TPWS Total Endpoints  
-----             -------      -------  ---------------------  -------------------      -------      -------  ---------------------  -------------------     --------     --------  ----------------------  --------------------  
MWCLK              38.873        0.000                      0                 1344        0.282        0.000                      0                 1344       19.500        0.000                       0                  1376  


------------------------------------------------------------------------------------------------
| Inter Clock Table
| -----------------
------------------------------------------------------------------------------------------------

From Clock    To Clock          WNS(ns)      TNS(ns)  TNS Failing Endpoints  TNS Total Endpoints      WHS(ns)      THS(ns)  THS Failing Endpoints  THS Total Endpoints  
----------    --------          -------      -------  ---------------------  -------------------      -------      -------  ---------------------  -------------------  


------------------------------------------------------------------------------------------------
| Other Path Groups Table
| -----------------------
------------------------------------------------------------------------------------------------

Path Group    From Clock    To Clock          WNS(ns)      TNS(ns)  TNS Failing Endpoints  TNS Total Endpoints      WHS(ns)      THS(ns)  THS Failing Endpoints  THS Total Endpoints  
----------    ----------    --------          -------      -------  ---------------------  -------------------      -------      -------  ---------------------  -------------------  


------------------------------------------------------------------------------------------------
| User Ignored Path Table
| -----------------------
------------------------------------------------------------------------------------------------

Path Group    From Clock    To Clock    
----------    ----------    --------    


------------------------------------------------------------------------------------------------
| Unconstrained Path Table
| ------------------------
------------------------------------------------------------------------------------------------

Path Group    From Clock    To Clock    
----------    ----------    --------    
(none)                                    
(none)        MWCLK                       
(none)                      MWCLK         


------------------------------------------------------------------------------------------------
| Timing Details
| --------------
------------------------------------------------------------------------------------------------


---------------------------------------------------------------------------------------------------
From Clock:  MWCLK
  To Clock:  MWCLK

Setup :            0  Failing Endpoints,  Worst Slack       38.873ns,  Total Violation        0.000ns
Hold  :            0  Failing Endpoints,  Worst Slack        0.282ns,  Total Violation        0.000ns
PW    :            0  Failing Endpoints,  Worst Slack       19.500ns,  Total Violation        0.000ns
---------------------------------------------------------------------------------------------------


Max Delay Paths
--------------------------------------------------------------------------------------
Slack (MET) :             38.873ns  (required time - arrival time)
  Source:                 u_Discrete_FIR_Filter/delay9_reg[0][0]/C
                            (rising edge-triggered cell FDCE clocked by MWCLK  {rise@0.000ns fall@20.000ns period=40.000ns})
  Destination:            u_Discrete_FIR_Filter/delay10_reg[0][0]/D
                            (rising edge-triggered cell FDCE clocked by MWCLK  {rise@0.000ns fall@20.000ns period=40.000ns})
  Path Group:             MWCLK
  Path Type:              Setup (Max at Slow Process Corner)
  Requirement:            40.000ns  (MWCLK rise@40.000ns - MWCLK rise@0.000ns)
  Data Path Delay:        0.808ns  (logic 0.456ns (56.436%)  route 0.352ns (43.564%))
  Logic Levels:           0  
  Clock Path Skew:        -0.049ns (DCD - SCD + CPR)
    Destination Clock Delay (DCD):    0.924ns = ( 40.924 - 40.000 ) 
    Source Clock Delay      (SCD):    0.973ns
    Clock Pessimism Removal (CPR):    0.000ns
  Clock Uncertainty:      0.035ns  ((TSJ^2 + TIJ^2)^1/2 + DJ) / 2 + PE
    Total System Jitter     (TSJ):    0.071ns
    Total Input Jitter      (TIJ):    0.000ns
    Discrete Jitter          (DJ):    0.000ns
    Phase Error              (PE):    0.000ns

    Location             Delay type                Incr(ns)  Path(ns)    Netlist Resource(s)
  -------------------------------------------------------------------    -------------------
                         (clock MWCLK rise edge)      0.000     0.000 r  
                                                      0.000     0.000 r  clk (IN)
                         net (fo=1375, unset)         0.973     0.973    u_Discrete_FIR_Filter/clk
                         FDCE                                         r  u_Discrete_FIR_Filter/delay9_reg[0][0]/C
  -------------------------------------------------------------------    -------------------
                         FDCE (Prop_fdce_C_Q)         0.456     1.429 r  u_Discrete_FIR_Filter/delay9_reg[0][0]/Q
                         net (fo=3, unplaced)         0.352     1.781    u_Discrete_FIR_Filter/delay9_reg[0][0]
                         FDCE                                         r  u_Discrete_FIR_Filter/delay10_reg[0][0]/D
  -------------------------------------------------------------------    -------------------

                         (clock MWCLK rise edge)     40.000    40.000 r  
                                                      0.000    40.000 r  clk (IN)
                         net (fo=1375, unset)         0.924    40.924    u_Discrete_FIR_Filter/clk
                         FDCE                                         r  u_Discrete_FIR_Filter/delay10_reg[0][0]/C
                         clock pessimism              0.000    40.924    
                         clock uncertainty           -0.035    40.889    
                         FDCE (Setup_fdce_C_D)       -0.235    40.654    u_Discrete_FIR_Filter/delay10_reg[0][0]
  -------------------------------------------------------------------
                         required time                         40.654    
                         arrival time                          -1.781    
  -------------------------------------------------------------------
                         slack                                 38.873    

Slack (MET) :             38.873ns  (required time - arrival time)
  Source:                 u_Discrete_FIR_Filter/delay9_reg[0][0]/C
                            (rising edge-triggered cell FDCE clocked by MWCLK  {rise@0.000ns fall@20.000ns period=40.000ns})
  Destination:            u_Discrete_FIR_Filter/delay10_reg[0][0]/D
                            (rising edge-triggered cell FDCE clocked by MWCLK  {rise@0.000ns fall@20.000ns period=40.000ns})
  Path Group:             MWCLK
  Path Type:              Setup (Max at Slow Process Corner)
  Requirement:            40.000ns  (MWCLK rise@40.000ns - MWCLK rise@0.000ns)
  Data Path Delay:        0.808ns  (logic 0.456ns (56.436%)  route 0.352ns (43.564%))
  Logic Levels:           0  
  Clock Path Skew:        -0.049ns (DCD - SCD + CPR)
    Destination Clock Delay (DCD):    0.924ns = ( 40.924 - 40.000 ) 
    Source Clock Delay      (SCD):    0.973ns
    Clock Pessimism Removal (CPR):    0.000ns
  Clock Uncertainty:      0.035ns  ((TSJ^2 + TIJ^2)^1/2 + DJ) / 2 + PE
    Total System Jitter     (TSJ):    0.071ns
    Total Input Jitter      (TIJ):    0.000ns
    Discrete Jitter          (DJ):    0.000ns
    Phase Error              (PE):    0.000ns

    Location             Delay type                Incr(ns)  Path(ns)    Netlist Resource(s)
  -------------------------------------------------------------------    -------------------
                         (clock MWCLK rise edge)      0.000     0.000 r  
                                                      0.000     0.000 r  clk (IN)
                         net (fo=1375, unset)         0.973     0.973    u_Discrete_FIR_Filter/clk
                         FDCE                                         r  u_Discrete_FIR_Filter/delay9_reg[0][0]/C
  -------------------------------------------------------------------    -------------------
                         FDCE (Prop_fdce_C_Q)         0.456     1.429 f  u_Discrete_FIR_Filter/delay9_reg[0][0]/Q
                         net (fo=3, unplaced)         0.352     1.781    u_Discrete_FIR_Filter/delay9_reg[0][0]
                         FDCE                                         f  u_Discrete_FIR_Filter/delay10_reg[0][0]/D
  -------------------------------------------------------------------    -------------------

                         (clock MWCLK rise edge)     40.000    40.000 r  
                                                      0.000    40.000 r  clk (IN)
                         net (fo=1375, unset)         0.924    40.924    u_Discrete_FIR_Filter/clk
                         FDCE                                         r  u_Discrete_FIR_Filter/delay10_reg[0][0]/C
                         clock pessimism              0.000    40.924    
                         clock uncertainty           -0.035    40.889    
                         FDCE (Setup_fdce_C_D)       -0.235    40.654    u_Discrete_FIR_Filter/delay10_reg[0][0]
  -------------------------------------------------------------------
                         required time                         40.654    
                         arrival time                          -1.781    
  -------------------------------------------------------------------
                         slack                                 38.873    

Slack (MET) :             38.873ns  (required time - arrival time)
  Source:                 u_Discrete_FIR_Filter/delay9_reg[0][10]/C
                            (rising edge-triggered cell FDCE clocked by MWCLK  {rise@0.000ns fall@20.000ns period=40.000ns})
  Destination:            u_Discrete_FIR_Filter/delay10_reg[0][10]/D
                            (rising edge-triggered cell FDCE clocked by MWCLK  {rise@0.000ns fall@20.000ns period=40.000ns})
  Path Group:             MWCLK
  Path Type:              Setup (Max at Slow Process Corner)
  Requirement:            40.000ns  (MWCLK rise@40.000ns - MWCLK rise@0.000ns)
  Data Path Delay:        0.808ns  (logic 0.456ns (56.436%)  route 0.352ns (43.564%))
  Logic Levels:           0  
  Clock Path Skew:        -0.049ns (DCD - SCD + CPR)
    Destination Clock Delay (DCD):    0.924ns = ( 40.924 - 40.000 ) 
    Source Clock Delay      (SCD):    0.973ns
    Clock Pessimism Removal (CPR):    0.000ns
  Clock Uncertainty:      0.035ns  ((TSJ^2 + TIJ^2)^1/2 + DJ) / 2 + PE
    Total System Jitter     (TSJ):    0.071ns
    Total Input Jitter      (TIJ):    0.000ns
    Discrete Jitter          (DJ):    0.000ns
    Phase Error              (PE):    0.000ns

    Location             Delay type                Incr(ns)  Path(ns)    Netlist Resource(s)
  -------------------------------------------------------------------    -------------------
                         (clock MWCLK rise edge)      0.000     0.000 r  
                                                      0.000     0.000 r  clk (IN)
                         net (fo=1375, unset)         0.973     0.973    u_Discrete_FIR_Filter/clk
                         FDCE                                         r  u_Discrete_FIR_Filter/delay9_reg[0][10]/C
  -------------------------------------------------------------------    -------------------
                         FDCE (Prop_fdce_C_Q)         0.456     1.429 r  u_Discrete_FIR_Filter/delay9_reg[0][10]/Q
                         net (fo=3, unplaced)         0.352     1.781    u_Discrete_FIR_Filter/delay9_reg[0][10]
                         FDCE                                         r  u_Discrete_FIR_Filter/delay10_reg[0][10]/D
  -------------------------------------------------------------------    -------------------

                         (clock MWCLK rise edge)     40.000    40.000 r  
                                                      0.000    40.000 r  clk (IN)
                         net (fo=1375, unset)         0.924    40.924    u_Discrete_FIR_Filter/clk
                         FDCE                                         r  u_Discrete_FIR_Filter/delay10_reg[0][10]/C
                         clock pessimism              0.000    40.924    
                         clock uncertainty           -0.035    40.889    
                         FDCE (Setup_fdce_C_D)       -0.235    40.654    u_Discrete_FIR_Filter/delay10_reg[0][10]
  -------------------------------------------------------------------
                         required time                         40.654    
                         arrival time                          -1.781    
  -------------------------------------------------------------------
                         slack                                 38.873    





Min Delay Paths
--------------------------------------------------------------------------------------
Slack (MET) :             0.282ns  (arrival time - required time)
  Source:                 u_Discrete_FIR_Filter/delay9_reg[0][15]/C
                            (rising edge-triggered cell FDCE clocked by MWCLK  {rise@0.000ns fall@20.000ns period=40.000ns})
  Destination:            u_Discrete_FIR_Filter/delay10_reg[0][15]/D
                            (rising edge-triggered cell FDCE clocked by MWCLK  {rise@0.000ns fall@20.000ns period=40.000ns})
  Path Group:             MWCLK
  Path Type:              Hold (Min at Fast Process Corner)
  Requirement:            0.000ns  (MWCLK rise@0.000ns - MWCLK rise@0.000ns)
  Data Path Delay:        0.286ns  (logic 0.141ns (49.228%)  route 0.145ns (50.772%))
  Logic Levels:           0  
  Clock Path Skew:        0.022ns (DCD - SCD - CPR)
    Destination Clock Delay (DCD):    0.432ns
    Source Clock Delay      (SCD):    0.410ns
    Clock Pessimism Removal (CPR):    -0.000ns

    Location             Delay type                Incr(ns)  Path(ns)    Netlist Resource(s)
  -------------------------------------------------------------------    -------------------
                         (clock MWCLK rise edge)      0.000     0.000 r  
                                                      0.000     0.000 r  clk (IN)
                         net (fo=1375, unset)         0.410     0.410    u_Discrete_FIR_Filter/clk
                         FDCE                                         r  u_Discrete_FIR_Filter/delay9_reg[0][15]/C
  -------------------------------------------------------------------    -------------------
                         FDCE (Prop_fdce_C_Q)         0.141     0.551 r  u_Discrete_FIR_Filter/delay9_reg[0][15]/Q
                         net (fo=2, unplaced)         0.145     0.697    u_Discrete_FIR_Filter/delay9_reg[0][15]
                         FDCE                                         r  u_Discrete_FIR_Filter/delay10_reg[0][15]/D
  -------------------------------------------------------------------    -------------------

                         (clock MWCLK rise edge)      0.000     0.000 r  
                                                      0.000     0.000 r  clk (IN)
                         net (fo=1375, unset)         0.432     0.432    u_Discrete_FIR_Filter/clk
                         FDCE                                         r  u_Discrete_FIR_Filter/delay10_reg[0][15]/C
                         clock pessimism              0.000     0.432    
                         FDCE (Hold_fdce_C_D)        -0.017     0.415    u_Discrete_FIR_Filter/delay10_reg[0][15]
  -------------------------------------------------------------------
                         required time                         -0.415    
                         arrival time                           0.697    
  -------------------------------------------------------------------
                         slack                                  0.282    

Slack (MET) :             0.282ns  (arrival time - required time)
  Source:                 u_Discrete_FIR_Filter/delay9_reg[0][15]/C
                            (rising edge-triggered cell FDCE clocked by MWCLK  {rise@0.000ns fall@20.000ns period=40.000ns})
  Destination:            u_Discrete_FIR_Filter/delay10_reg[0][15]/D
                            (rising edge-triggered cell FDCE clocked by MWCLK  {rise@0.000ns fall@20.000ns period=40.000ns})
  Path Group:             MWCLK
  Path Type:              Hold (Min at Fast Process Corner)
  Requirement:            0.000ns  (MWCLK rise@0.000ns - MWCLK rise@0.000ns)
  Data Path Delay:        0.286ns  (logic 0.141ns (49.228%)  route 0.145ns (50.772%))
  Logic Levels:           0  
  Clock Path Skew:        0.022ns (DCD - SCD - CPR)
    Destination Clock Delay (DCD):    0.432ns
    Source Clock Delay      (SCD):    0.410ns
    Clock Pessimism Removal (CPR):    -0.000ns

    Location             Delay type                Incr(ns)  Path(ns)    Netlist Resource(s)
  -------------------------------------------------------------------    -------------------
                         (clock MWCLK rise edge)      0.000     0.000 r  
                                                      0.000     0.000 r  clk (IN)
                         net (fo=1375, unset)         0.410     0.410    u_Discrete_FIR_Filter/clk
                         FDCE                                         r  u_Discrete_FIR_Filter/delay9_reg[0][15]/C
  -------------------------------------------------------------------    -------------------
                         FDCE (Prop_fdce_C_Q)         0.141     0.551 f  u_Discrete_FIR_Filter/delay9_reg[0][15]/Q
                         net (fo=2, unplaced)         0.145     0.697    u_Discrete_FIR_Filter/delay9_reg[0][15]
                         FDCE                                         f  u_Discrete_FIR_Filter/delay10_reg[0][15]/D
  -------------------------------------------------------------------    -------------------

                         (clock MWCLK rise edge)      0.000     0.000 r  
                                                      0.000     0.000 r  clk (IN)
                         net (fo=1375, unset)         0.432     0.432    u_Discrete_FIR_Filter/clk
                         FDCE                                         r  u_Discrete_FIR_Filter/delay10_reg[0][15]/C
                         clock pessimism              0.000     0.432    
                         FDCE (Hold_fdce_C_D)        -0.017     0.415    u_Discrete_FIR_Filter/delay10_reg[0][15]
  -------------------------------------------------------------------
                         required time                         -0.415    
                         arrival time                           0.697    
  -------------------------------------------------------------------
                         slack                                  0.282    

Slack (MET) :             0.282ns  (arrival time - required time)
  Source:                 u_Discrete_FIR_Filter/delay9_reg[1][15]/C
                            (rising edge-triggered cell FDCE clocked by MWCLK  {rise@0.000ns fall@20.000ns period=40.000ns})
  Destination:            u_Discrete_FIR_Filter/delay10_reg[1][15]/D
                            (rising edge-triggered cell FDCE clocked by MWCLK  {rise@0.000ns fall@20.000ns period=40.000ns})
  Path Group:             MWCLK
  Path Type:              Hold (Min at Fast Process Corner)
  Requirement:            0.000ns  (MWCLK rise@0.000ns - MWCLK rise@0.000ns)
  Data Path Delay:        0.286ns  (logic 0.141ns (49.228%)  route 0.145ns (50.772%))
  Logic Levels:           0  
  Clock Path Skew:        0.022ns (DCD - SCD - CPR)
    Destination Clock Delay (DCD):    0.432ns
    Source Clock Delay      (SCD):    0.410ns
    Clock Pessimism Removal (CPR):    -0.000ns

    Location             Delay type                Incr(ns)  Path(ns)    Netlist Resource(s)
  -------------------------------------------------------------------    -------------------
                         (clock MWCLK rise edge)      0.000     0.000 r  
                                                      0.000     0.000 r  clk (IN)
                         net (fo=1375, unset)         0.410     0.410    u_Discrete_FIR_Filter/clk
                         FDCE                                         r  u_Discrete_FIR_Filter/delay9_reg[1][15]/C
  -------------------------------------------------------------------    -------------------
                         FDCE (Prop_fdce_C_Q)         0.141     0.551 r  u_Discrete_FIR_Filter/delay9_reg[1][15]/Q
                         net (fo=2, unplaced)         0.145     0.697    u_Discrete_FIR_Filter/delay9_reg[1][15]
                         FDCE                                         r  u_Discrete_FIR_Filter/delay10_reg[1][15]/D
  -------------------------------------------------------------------    -------------------

                         (clock MWCLK rise edge)      0.000     0.000 r  
                                                      0.000     0.000 r  clk (IN)
                         net (fo=1375, unset)         0.432     0.432    u_Discrete_FIR_Filter/clk
                         FDCE                                         r  u_Discrete_FIR_Filter/delay10_reg[1][15]/C
                         clock pessimism              0.000     0.432    
                         FDCE (Hold_fdce_C_D)        -0.017     0.415    u_Discrete_FIR_Filter/delay10_reg[1][15]
  -------------------------------------------------------------------
                         required time                         -0.415    
                         arrival time                           0.697    
  -------------------------------------------------------------------
                         slack                                  0.282    





Pulse Width Checks
--------------------------------------------------------------------------------------
Clock Name:         MWCLK
Waveform(ns):       { 0.000 20.000 }
Period(ns):         40.000
Sources:            { clk }

Check Type        Corner  Lib Pin  Reference Pin  Required(ns)  Actual(ns)  Slack(ns)  Location  Pin
Min Period        n/a     FDCE/C   n/a            1.000         40.000      39.000               u_Discrete_FIR_Filter/delay10_reg[0][0]/C
Min Period        n/a     FDCE/C   n/a            1.000         40.000      39.000               u_Discrete_FIR_Filter/delay10_reg[0][10]/C
Min Period        n/a     FDCE/C   n/a            1.000         40.000      39.000               u_Discrete_FIR_Filter/delay10_reg[0][11]/C
Low Pulse Width   Slow    FDCE/C   n/a            0.500         20.000      19.500               u_Discrete_FIR_Filter/delay10_reg[0][0]/C
Low Pulse Width   Fast    FDCE/C   n/a            0.500         20.000      19.500               u_Discrete_FIR_Filter/delay10_reg[0][0]/C
Low Pulse Width   Slow    FDCE/C   n/a            0.500         20.000      19.500               u_Discrete_FIR_Filter/delay10_reg[0][10]/C
High Pulse Width  Slow    FDCE/C   n/a            0.500         20.000      19.500               u_Discrete_FIR_Filter/delay10_reg[0][0]/C
High Pulse Width  Fast    FDCE/C   n/a            0.500         20.000      19.500               u_Discrete_FIR_Filter/delay10_reg[0][0]/C
High Pulse Width  Slow    FDCE/C   n/a            0.500         20.000      19.500               u_Discrete_FIR_Filter/delay10_reg[0][10]/C



--------------------------------------------------------------------------------------
Path Group:  (none)
From Clock:  
  To Clock:  

Max Delay            77 Endpoints
Min Delay            77 Endpoints
--------------------------------------------------------------------------------------


Max Delay Paths
--------------------------------------------------------------------------------------
Slack:                    inf
  Source:                 In1_0[1]
                            (input port)
  Destination:            Out1_0[0]
                            (output port)
  Path Group:             (none)
  Path Type:              Max at Slow Process Corner
  Data Path Delay:        42.340ns  (logic 39.530ns (93.364%)  route 2.810ns (6.636%))
  Logic Levels:           26  (CARRY4=4 DSP48E1=21 LUT2=1)

    Location             Delay type                Incr(ns)  Path(ns)    Netlist Resource(s)
  -------------------------------------------------------------------    -------------------
                                                      0.000     0.000 r  In1_0[1] (IN)
                         net (fo=2, unset)            0.973     0.973    u_Discrete_FIR_Filter/In1_0[1]
                         LUT2 (Prop_lut2_I0_O)        0.124     1.097 r  u_Discrete_FIR_Filter/Discrete_FIR_Filter_out_tmp[0]_i_19/O
                         net (fo=1, unplaced)         0.000     1.097    u_Discrete_FIR_Filter/Discrete_FIR_Filter_out_tmp[0]_i_19_n_0
                         CARRY4 (Prop_carry4_S[1]_CO[3])
                                                      0.550     1.647 r  u_Discrete_FIR_Filter/Discrete_FIR_Filter_out_tmp[0]_i_4/CO[3]
                         net (fo=1, unplaced)         0.009     1.656    u_Discrete_FIR_Filter/Discrete_FIR_Filter_out_tmp[0]_i_4_n_0
                         CARRY4 (Prop_carry4_CI_CO[3])
                                                      0.114     1.770 r  u_Discrete_FIR_Filter/Discrete_FIR_Filter_out_tmp[0]_i_3/CO[3]
                         net (fo=1, unplaced)         0.000     1.770    u_Discrete_FIR_Filter/Discrete_FIR_Filter_out_tmp[0]_i_3_n_0
                         CARRY4 (Prop_carry4_CI_CO[3])
                                                      0.114     1.884 r  u_Discrete_FIR_Filter/Discrete_FIR_Filter_out_tmp[0]_i_2/CO[3]
                         net (fo=1, unplaced)         0.000     1.884    u_Discrete_FIR_Filter/Discrete_FIR_Filter_out_tmp[0]_i_2_n_0
                         CARRY4 (Prop_carry4_CI_O[1])
                                                      0.348     2.232 r  u_Discrete_FIR_Filter/Discrete_FIR_Filter_out_tmp[0]_i_1/O[1]
                         net (fo=1, unplaced)         0.800     3.032    u_Discrete_FIR_Filter/Discrete_FIR_Filter_out_tmp[0]_i_1_n_6
                         DSP48E1 (Prop_dsp48e1_A[13]_PCOUT[47])
                                                      4.215     7.247 r  u_Discrete_FIR_Filter/Discrete_FIR_Filter_out_tmp[0]/PCOUT[47]
                         net (fo=1, unplaced)         0.000     7.247    u_Discrete_FIR_Filter/Discrete_FIR_Filter_out_tmp_n_106_[0]
                         DSP48E1 (Prop_dsp48e1_PCIN[47]_PCOUT[47])
                                                      1.713     8.960 r  u_Discrete_FIR_Filter/Discrete_FIR_Filter_out_tmp[0]__0/PCOUT[47]
                         net (fo=1, unplaced)         0.000     8.960    u_Discrete_FIR_Filter/Discrete_FIR_Filter_out_tmp[0]__0_n_106
                         DSP48E1 (Prop_dsp48e1_PCIN[47]_PCOUT[47])
                                                      1.713    10.673 r  u_Discrete_FIR_Filter/Discrete_FIR_Filter_out_tmp[0]__1/PCOUT[47]
                         net (fo=1, unplaced)         0.000    10.673    u_Discrete_FIR_Filter/Discrete_FIR_Filter_out_tmp[0]__1_n_106
                         DSP48E1 (Prop_dsp48e1_PCIN[47]_PCOUT[47])
                                                      1.713    12.386 r  u_Discrete_FIR_Filter/Discrete_FIR_Filter_out_tmp[0]__2/PCOUT[47]
                         net (fo=1, unplaced)         0.000    12.386    u_Discrete_FIR_Filter/Discrete_FIR_Filter_out_tmp[0]__2_n_106
                         DSP48E1 (Prop_dsp48e1_PCIN[47]_PCOUT[47])
                                                      1.713    14.099 r  u_Discrete_FIR_Filter/Discrete_FIR_Filter_out_tmp[0]__3/PCOUT[47]
                         net (fo=1, unplaced)         0.000    14.099    u_Discrete_FIR_Filter/Discrete_FIR_Filter_out_tmp[0]__3_n_106
                         DSP48E1 (Prop_dsp48e1_PCIN[47]_PCOUT[47])
                                                      1.713    15.812 r  u_Discrete_FIR_Filter/Discrete_FIR_Filter_out_tmp[0]__4/PCOUT[47]
                         net (fo=1, unplaced)         0.000    15.812    u_Discrete_FIR_Filter/Discrete_FIR_Filter_out_tmp[0]__4_n_106
                         DSP48E1 (Prop_dsp48e1_PCIN[47]_PCOUT[47])
                                                      1.713    17.525 r  u_Discrete_FIR_Filter/Discrete_FIR_Filter_out_tmp[0]__5/PCOUT[47]
                         net (fo=1, unplaced)         0.000    17.525    u_Discrete_FIR_Filter/Discrete_FIR_Filter_out_tmp[0]__5_n_106
                         DSP48E1 (Prop_dsp48e1_PCIN[47]_PCOUT[47])
                                                      1.713    19.238 r  u_Discrete_FIR_Filter/Discrete_FIR_Filter_out_tmp[0]__6/PCOUT[47]
                         net (fo=1, unplaced)         0.000    19.238    u_Discrete_FIR_Filter/Discrete_FIR_Filter_out_tmp[0]__6_n_106
                         DSP48E1 (Prop_dsp48e1_PCIN[47]_PCOUT[47])
                                                      1.713    20.951 r  u_Discrete_FIR_Filter/Discrete_FIR_Filter_out_tmp[0]__7/PCOUT[47]
                         net (fo=1, unplaced)         0.000    20.951    u_Discrete_FIR_Filter/Discrete_FIR_Filter_out_tmp[0]__7_n_106
                         DSP48E1 (Prop_dsp48e1_PCIN[47]_PCOUT[47])
                                                      1.713    22.664 r  u_Discrete_FIR_Filter/Discrete_FIR_Filter_out_tmp[0]__8/PCOUT[47]
                         net (fo=1, unplaced)         0.000    22.664    u_Discrete_FIR_Filter/Discrete_FIR_Filter_out_tmp[0]__8_n_106
                         DSP48E1 (Prop_dsp48e1_PCIN[47]_PCOUT[47])
                                                      1.713    24.377 r  u_Discrete_FIR_Filter/Discrete_FIR_Filter_out_tmp[0]__9/PCOUT[47]
                         net (fo=1, unplaced)         0.000    24.377    u_Discrete_FIR_Filter/Discrete_FIR_Filter_out_tmp[0]__9_n_106
                         DSP48E1 (Prop_dsp48e1_PCIN[47]_PCOUT[47])
                                                      1.713    26.090 r  u_Discrete_FIR_Filter/Discrete_FIR_Filter_out_tmp[0]__10/PCOUT[47]
                         net (fo=1, unplaced)         0.000    26.090    u_Discrete_FIR_Filter/Discrete_FIR_Filter_out_tmp[0]__10_n_106
                         DSP48E1 (Prop_dsp48e1_PCIN[47]_PCOUT[47])
                                                      1.713    27.803 r  u_Discrete_FIR_Filter/Discrete_FIR_Filter_out_tmp[0]__11/PCOUT[47]
                         net (fo=1, unplaced)         0.000    27.803    u_Discrete_FIR_Filter/Discrete_FIR_Filter_out_tmp[0]__11_n_106
                         DSP48E1 (Prop_dsp48e1_PCIN[47]_PCOUT[47])
                                                      1.713    29.516 r  u_Discrete_FIR_Filter/Discrete_FIR_Filter_out_tmp[0]__12/PCOUT[47]
                         net (fo=1, unplaced)         0.000    29.516    u_Discrete_FIR_Filter/Discrete_FIR_Filter_out_tmp[0]__12_n_106
                         DSP48E1 (Prop_dsp48e1_PCIN[47]_PCOUT[47])
                                                      1.713    31.229 r  u_Discrete_FIR_Filter/Discrete_FIR_Filter_out_tmp[0]__13/PCOUT[47]
                         net (fo=1, unplaced)         0.000    31.229    u_Discrete_FIR_Filter/Discrete_FIR_Filter_out_tmp[0]__13_n_106
                         DSP48E1 (Prop_dsp48e1_PCIN[47]_PCOUT[47])
                                                      1.713    32.942 r  u_Discrete_FIR_Filter/Discrete_FIR_Filter_out_tmp[0]__14/PCOUT[47]
                         net (fo=1, unplaced)         0.000    32.942    u_Discrete_FIR_Filter/Discrete_FIR_Filter_out_tmp[0]__14_n_106
                         DSP48E1 (Prop_dsp48e1_PCIN[47]_PCOUT[47])
                                                      1.713    34.655 r  u_Discrete_FIR_Filter/Discrete_FIR_Filter_out_tmp[0]__15/PCOUT[47]
                         net (fo=1, unplaced)         0.000    34.655    u_Discrete_FIR_Filter/Discrete_FIR_Filter_out_tmp[0]__15_n_106
                         DSP48E1 (Prop_dsp48e1_PCIN[47]_PCOUT[47])
                                                      1.713    36.368 r  u_Discrete_FIR_Filter/Discrete_FIR_Filter_out_tmp[0]__16/PCOUT[47]
                         net (fo=1, unplaced)         0.000    36.368    u_Discrete_FIR_Filter/Discrete_FIR_Filter_out_tmp[0]__16_n_106
                         DSP48E1 (Prop_dsp48e1_PCIN[47]_PCOUT[47])
                                                      1.713    38.081 r  u_Discrete_FIR_Filter/Discrete_FIR_Filter_out_tmp[0]__17/PCOUT[47]
                         net (fo=1, unplaced)         0.000    38.081    u_Discrete_FIR_Filter/Discrete_FIR_Filter_out_tmp[0]__17_n_106
                         DSP48E1 (Prop_dsp48e1_PCIN[47]_PCOUT[47])
                                                      1.713    39.794 r  u_Discrete_FIR_Filter/Discrete_FIR_Filter_out_tmp[0]__18/PCOUT[47]
                         net (fo=1, unplaced)         0.055    39.849    u_Discrete_FIR_Filter/Discrete_FIR_Filter_out_tmp[0]__18_n_106
                         DSP48E1 (Prop_dsp48e1_PCIN[47]_P[0])
                                                      1.518    41.367 r  u_Discrete_FIR_Filter/Discrete_FIR_Filter_out_tmp[0]__19/P[0]
                         net (fo=0)                   0.973    42.340    Out1_0[0]
                                                                      r  Out1_0[0] (OUT)
  -------------------------------------------------------------------    -------------------

Slack:                    inf
  Source:                 In1_0[1]
                            (input port)
  Destination:            Out1_0[0]
                            (output port)
  Path Group:             (none)
  Path Type:              Max at Slow Process Corner
  Data Path Delay:        42.340ns  (logic 39.530ns (93.364%)  route 2.810ns (6.636%))
  Logic Levels:           26  (CARRY4=4 DSP48E1=21 LUT2=1)

    Location             Delay type                Incr(ns)  Path(ns)    Netlist Resource(s)
  -------------------------------------------------------------------    -------------------
                                                      0.000     0.000 f  In1_0[1] (IN)
                         net (fo=2, unset)            0.973     0.973    u_Discrete_FIR_Filter/In1_0[1]
                         LUT2 (Prop_lut2_I0_O)        0.124     1.097 r  u_Discrete_FIR_Filter/Discrete_FIR_Filter_out_tmp[0]_i_19/O
                         net (fo=1, unplaced)         0.000     1.097    u_Discrete_FIR_Filter/Discrete_FIR_Filter_out_tmp[0]_i_19_n_0
                         CARRY4 (Prop_carry4_S[1]_CO[3])
                                                      0.550     1.647 r  u_Discrete_FIR_Filter/Discrete_FIR_Filter_out_tmp[0]_i_4/CO[3]
                         net (fo=1, unplaced)         0.009     1.656    u_Discrete_FIR_Filter/Discrete_FIR_Filter_out_tmp[0]_i_4_n_0
                         CARRY4 (Prop_carry4_CI_CO[3])
                                                      0.114     1.770 r  u_Discrete_FIR_Filter/Discrete_FIR_Filter_out_tmp[0]_i_3/CO[3]
                         net (fo=1, unplaced)         0.000     1.770    u_Discrete_FIR_Filter/Discrete_FIR_Filter_out_tmp[0]_i_3_n_0
                         CARRY4 (Prop_carry4_CI_CO[3])
                                                      0.114     1.884 r  u_Discrete_FIR_Filter/Discrete_FIR_Filter_out_tmp[0]_i_2/CO[3]
                         net (fo=1, unplaced)         0.000     1.884    u_Discrete_FIR_Filter/Discrete_FIR_Filter_out_tmp[0]_i_2_n_0
                         CARRY4 (Prop_carry4_CI_O[1])
                                                      0.348     2.232 r  u_Discrete_FIR_Filter/Discrete_FIR_Filter_out_tmp[0]_i_1/O[1]
                         net (fo=1, unplaced)         0.800     3.032    u_Discrete_FIR_Filter/Discrete_FIR_Filter_out_tmp[0]_i_1_n_6
                         DSP48E1 (Prop_dsp48e1_A[13]_PCOUT[47])
                                                      4.215     7.247 r  u_Discrete_FIR_Filter/Discrete_FIR_Filter_out_tmp[0]/PCOUT[47]
                         net (fo=1, unplaced)         0.000     7.247    u_Discrete_FIR_Filter/Discrete_FIR_Filter_out_tmp_n_106_[0]
                         DSP48E1 (Prop_dsp48e1_PCIN[47]_PCOUT[47])
                                                      1.713     8.960 r  u_Discrete_FIR_Filter/Discrete_FIR_Filter_out_tmp[0]__0/PCOUT[47]
                         net (fo=1, unplaced)         0.000     8.960    u_Discrete_FIR_Filter/Discrete_FIR_Filter_out_tmp[0]__0_n_106
                         DSP48E1 (Prop_dsp48e1_PCIN[47]_PCOUT[47])
                                                      1.713    10.673 r  u_Discrete_FIR_Filter/Discrete_FIR_Filter_out_tmp[0]__1/PCOUT[47]
                         net (fo=1, unplaced)         0.000    10.673    u_Discrete_FIR_Filter/Discrete_FIR_Filter_out_tmp[0]__1_n_106
                         DSP48E1 (Prop_dsp48e1_PCIN[47]_PCOUT[47])
                                                      1.713    12.386 r  u_Discrete_FIR_Filter/Discrete_FIR_Filter_out_tmp[0]__2/PCOUT[47]
                         net (fo=1, unplaced)         0.000    12.386    u_Discrete_FIR_Filter/Discrete_FIR_Filter_out_tmp[0]__2_n_106
                         DSP48E1 (Prop_dsp48e1_PCIN[47]_PCOUT[47])
                                                      1.713    14.099 r  u_Discrete_FIR_Filter/Discrete_FIR_Filter_out_tmp[0]__3/PCOUT[47]
                         net (fo=1, unplaced)         0.000    14.099    u_Discrete_FIR_Filter/Discrete_FIR_Filter_out_tmp[0]__3_n_106
                         DSP48E1 (Prop_dsp48e1_PCIN[47]_PCOUT[47])
                                                      1.713    15.812 r  u_Discrete_FIR_Filter/Discrete_FIR_Filter_out_tmp[0]__4/PCOUT[47]
                         net (fo=1, unplaced)         0.000    15.812    u_Discrete_FIR_Filter/Discrete_FIR_Filter_out_tmp[0]__4_n_106
                         DSP48E1 (Prop_dsp48e1_PCIN[47]_PCOUT[47])
                                                      1.713    17.525 r  u_Discrete_FIR_Filter/Discrete_FIR_Filter_out_tmp[0]__5/PCOUT[47]
                         net (fo=1, unplaced)         0.000    17.525    u_Discrete_FIR_Filter/Discrete_FIR_Filter_out_tmp[0]__5_n_106
                         DSP48E1 (Prop_dsp48e1_PCIN[47]_PCOUT[47])
                                                      1.713    19.238 r  u_Discrete_FIR_Filter/Discrete_FIR_Filter_out_tmp[0]__6/PCOUT[47]
                         net (fo=1, unplaced)         0.000    19.238    u_Discrete_FIR_Filter/Discrete_FIR_Filter_out_tmp[0]__6_n_106
                         DSP48E1 (Prop_dsp48e1_PCIN[47]_PCOUT[47])
                                                      1.713    20.951 r  u_Discrete_FIR_Filter/Discrete_FIR_Filter_out_tmp[0]__7/PCOUT[47]
                         net (fo=1, unplaced)         0.000    20.951    u_Discrete_FIR_Filter/Discrete_FIR_Filter_out_tmp[0]__7_n_106
                         DSP48E1 (Prop_dsp48e1_PCIN[47]_PCOUT[47])
                                                      1.713    22.664 r  u_Discrete_FIR_Filter/Discrete_FIR_Filter_out_tmp[0]__8/PCOUT[47]
                         net (fo=1, unplaced)         0.000    22.664    u_Discrete_FIR_Filter/Discrete_FIR_Filter_out_tmp[0]__8_n_106
                         DSP48E1 (Prop_dsp48e1_PCIN[47]_PCOUT[47])
                                                      1.713    24.377 r  u_Discrete_FIR_Filter/Discrete_FIR_Filter_out_tmp[0]__9/PCOUT[47]
                         net (fo=1, unplaced)         0.000    24.377    u_Discrete_FIR_Filter/Discrete_FIR_Filter_out_tmp[0]__9_n_106
                         DSP48E1 (Prop_dsp48e1_PCIN[47]_PCOUT[47])
                                                      1.713    26.090 r  u_Discrete_FIR_Filter/Discrete_FIR_Filter_out_tmp[0]__10/PCOUT[47]
                         net (fo=1, unplaced)         0.000    26.090    u_Discrete_FIR_Filter/Discrete_FIR_Filter_out_tmp[0]__10_n_106
                         DSP48E1 (Prop_dsp48e1_PCIN[47]_PCOUT[47])
                                                      1.713    27.803 r  u_Discrete_FIR_Filter/Discrete_FIR_Filter_out_tmp[0]__11/PCOUT[47]
                         net (fo=1, unplaced)         0.000    27.803    u_Discrete_FIR_Filter/Discrete_FIR_Filter_out_tmp[0]__11_n_106
                         DSP48E1 (Prop_dsp48e1_PCIN[47]_PCOUT[47])
                                                      1.713    29.516 r  u_Discrete_FIR_Filter/Discrete_FIR_Filter_out_tmp[0]__12/PCOUT[47]
                         net (fo=1, unplaced)         0.000    29.516    u_Discrete_FIR_Filter/Discrete_FIR_Filter_out_tmp[0]__12_n_106
                         DSP48E1 (Prop_dsp48e1_PCIN[47]_PCOUT[47])
                                                      1.713    31.229 r  u_Discrete_FIR_Filter/Discrete_FIR_Filter_out_tmp[0]__13/PCOUT[47]
                         net (fo=1, unplaced)         0.000    31.229    u_Discrete_FIR_Filter/Discrete_FIR_Filter_out_tmp[0]__13_n_106
                         DSP48E1 (Prop_dsp48e1_PCIN[47]_PCOUT[47])
                                                      1.713    32.942 r  u_Discrete_FIR_Filter/Discrete_FIR_Filter_out_tmp[0]__14/PCOUT[47]
                         net (fo=1, unplaced)         0.000    32.942    u_Discrete_FIR_Filter/Discrete_FIR_Filter_out_tmp[0]__14_n_106
                         DSP48E1 (Prop_dsp48e1_PCIN[47]_PCOUT[47])
                                                      1.713    34.655 r  u_Discrete_FIR_Filter/Discrete_FIR_Filter_out_tmp[0]__15/PCOUT[47]
                         net (fo=1, unplaced)         0.000    34.655    u_Discrete_FIR_Filter/Discrete_FIR_Filter_out_tmp[0]__15_n_106
                         DSP48E1 (Prop_dsp48e1_PCIN[47]_PCOUT[47])
                                                      1.713    36.368 r  u_Discrete_FIR_Filter/Discrete_FIR_Filter_out_tmp[0]__16/PCOUT[47]
                         net (fo=1, unplaced)         0.000    36.368    u_Discrete_FIR_Filter/Discrete_FIR_Filter_out_tmp[0]__16_n_106
                         DSP48E1 (Prop_dsp48e1_PCIN[47]_PCOUT[47])
                                                      1.713    38.081 r  u_Discrete_FIR_Filter/Discrete_FIR_Filter_out_tmp[0]__17/PCOUT[47]
                         net (fo=1, unplaced)         0.000    38.081    u_Discrete_FIR_Filter/Discrete_FIR_Filter_out_tmp[0]__17_n_106
                         DSP48E1 (Prop_dsp48e1_PCIN[47]_PCOUT[47])
                                                      1.713    39.794 r  u_Discrete_FIR_Filter/Discrete_FIR_Filter_out_tmp[0]__18/PCOUT[47]
                         net (fo=1, unplaced)         0.055    39.849    u_Discrete_FIR_Filter/Discrete_FIR_Filter_out_tmp[0]__18_n_106
                         DSP48E1 (Prop_dsp48e1_PCIN[47]_P[0])
                                                      1.518    41.367 r  u_Discrete_FIR_Filter/Discrete_FIR_Filter_out_tmp[0]__19/P[0]
                         net (fo=0)                   0.973    42.340    Out1_0[0]
                                                                      r  Out1_0[0] (OUT)
  -------------------------------------------------------------------    -------------------

Slack:                    inf
  Source:                 In1_0[1]
                            (input port)
  Destination:            Out1_0[0]
                            (output port)
  Path Group:             (none)
  Path Type:              Max at Slow Process Corner
  Data Path Delay:        42.340ns  (logic 39.530ns (93.364%)  route 2.810ns (6.636%))
  Logic Levels:           26  (CARRY4=4 DSP48E1=21 LUT2=1)

    Location             Delay type                Incr(ns)  Path(ns)    Netlist Resource(s)
  -------------------------------------------------------------------    -------------------
                                                      0.000     0.000 r  In1_0[1] (IN)
                         net (fo=2, unset)            0.973     0.973    u_Discrete_FIR_Filter/In1_0[1]
                         LUT2 (Prop_lut2_I0_O)        0.124     1.097 r  u_Discrete_FIR_Filter/Discrete_FIR_Filter_out_tmp[0]_i_19/O
                         net (fo=1, unplaced)         0.000     1.097    u_Discrete_FIR_Filter/Discrete_FIR_Filter_out_tmp[0]_i_19_n_0
                         CARRY4 (Prop_carry4_S[1]_CO[3])
                                                      0.550     1.647 r  u_Discrete_FIR_Filter/Discrete_FIR_Filter_out_tmp[0]_i_4/CO[3]
                         net (fo=1, unplaced)         0.009     1.656    u_Discrete_FIR_Filter/Discrete_FIR_Filter_out_tmp[0]_i_4_n_0
                         CARRY4 (Prop_carry4_CI_CO[3])
                                                      0.114     1.770 r  u_Discrete_FIR_Filter/Discrete_FIR_Filter_out_tmp[0]_i_3/CO[3]
                         net (fo=1, unplaced)         0.000     1.770    u_Discrete_FIR_Filter/Discrete_FIR_Filter_out_tmp[0]_i_3_n_0
                         CARRY4 (Prop_carry4_CI_CO[3])
                                                      0.114     1.884 f  u_Discrete_FIR_Filter/Discrete_FIR_Filter_out_tmp[0]_i_2/CO[3]
                         net (fo=1, unplaced)         0.000     1.884    u_Discrete_FIR_Filter/Discrete_FIR_Filter_out_tmp[0]_i_2_n_0
                         CARRY4 (Prop_carry4_CI_O[1])
                                                      0.348     2.232 r  u_Discrete_FIR_Filter/Discrete_FIR_Filter_out_tmp[0]_i_1/O[1]
                         net (fo=1, unplaced)         0.800     3.032    u_Discrete_FIR_Filter/Discrete_FIR_Filter_out_tmp[0]_i_1_n_6
                         DSP48E1 (Prop_dsp48e1_A[13]_PCOUT[47])
                                                      4.215     7.247 r  u_Discrete_FIR_Filter/Discrete_FIR_Filter_out_tmp[0]/PCOUT[47]
                         net (fo=1, unplaced)         0.000     7.247    u_Discrete_FIR_Filter/Discrete_FIR_Filter_out_tmp_n_106_[0]
                         DSP48E1 (Prop_dsp48e1_PCIN[47]_PCOUT[47])
                                                      1.713     8.960 r  u_Discrete_FIR_Filter/Discrete_FIR_Filter_out_tmp[0]__0/PCOUT[47]
                         net (fo=1, unplaced)         0.000     8.960    u_Discrete_FIR_Filter/Discrete_FIR_Filter_out_tmp[0]__0_n_106
                         DSP48E1 (Prop_dsp48e1_PCIN[47]_PCOUT[47])
                                                      1.713    10.673 r  u_Discrete_FIR_Filter/Discrete_FIR_Filter_out_tmp[0]__1/PCOUT[47]
                         net (fo=1, unplaced)         0.000    10.673    u_Discrete_FIR_Filter/Discrete_FIR_Filter_out_tmp[0]__1_n_106
                         DSP48E1 (Prop_dsp48e1_PCIN[47]_PCOUT[47])
                                                      1.713    12.386 r  u_Discrete_FIR_Filter/Discrete_FIR_Filter_out_tmp[0]__2/PCOUT[47]
                         net (fo=1, unplaced)         0.000    12.386    u_Discrete_FIR_Filter/Discrete_FIR_Filter_out_tmp[0]__2_n_106
                         DSP48E1 (Prop_dsp48e1_PCIN[47]_PCOUT[47])
                                                      1.713    14.099 r  u_Discrete_FIR_Filter/Discrete_FIR_Filter_out_tmp[0]__3/PCOUT[47]
                         net (fo=1, unplaced)         0.000    14.099    u_Discrete_FIR_Filter/Discrete_FIR_Filter_out_tmp[0]__3_n_106
                         DSP48E1 (Prop_dsp48e1_PCIN[47]_PCOUT[47])
                                                      1.713    15.812 r  u_Discrete_FIR_Filter/Discrete_FIR_Filter_out_tmp[0]__4/PCOUT[47]
                         net (fo=1, unplaced)         0.000    15.812    u_Discrete_FIR_Filter/Discrete_FIR_Filter_out_tmp[0]__4_n_106
                         DSP48E1 (Prop_dsp48e1_PCIN[47]_PCOUT[47])
                                                      1.713    17.525 r  u_Discrete_FIR_Filter/Discrete_FIR_Filter_out_tmp[0]__5/PCOUT[47]
                         net (fo=1, unplaced)         0.000    17.525    u_Discrete_FIR_Filter/Discrete_FIR_Filter_out_tmp[0]__5_n_106
                         DSP48E1 (Prop_dsp48e1_PCIN[47]_PCOUT[47])
                                                      1.713    19.238 r  u_Discrete_FIR_Filter/Discrete_FIR_Filter_out_tmp[0]__6/PCOUT[47]
                         net (fo=1, unplaced)         0.000    19.238    u_Discrete_FIR_Filter/Discrete_FIR_Filter_out_tmp[0]__6_n_106
                         DSP48E1 (Prop_dsp48e1_PCIN[47]_PCOUT[47])
                                                      1.713    20.951 r  u_Discrete_FIR_Filter/Discrete_FIR_Filter_out_tmp[0]__7/PCOUT[47]
                         net (fo=1, unplaced)         0.000    20.951    u_Discrete_FIR_Filter/Discrete_FIR_Filter_out_tmp[0]__7_n_106
                         DSP48E1 (Prop_dsp48e1_PCIN[47]_PCOUT[47])
                                                      1.713    22.664 r  u_Discrete_FIR_Filter/Discrete_FIR_Filter_out_tmp[0]__8/PCOUT[47]
                         net (fo=1, unplaced)         0.000    22.664    u_Discrete_FIR_Filter/Discrete_FIR_Filter_out_tmp[0]__8_n_106
                         DSP48E1 (Prop_dsp48e1_PCIN[47]_PCOUT[47])
                                                      1.713    24.377 r  u_Discrete_FIR_Filter/Discrete_FIR_Filter_out_tmp[0]__9/PCOUT[47]
                         net (fo=1, unplaced)         0.000    24.377    u_Discrete_FIR_Filter/Discrete_FIR_Filter_out_tmp[0]__9_n_106
                         DSP48E1 (Prop_dsp48e1_PCIN[47]_PCOUT[47])
                                                      1.713    26.090 r  u_Discrete_FIR_Filter/Discrete_FIR_Filter_out_tmp[0]__10/PCOUT[47]
                         net (fo=1, unplaced)         0.000    26.090    u_Discrete_FIR_Filter/Discrete_FIR_Filter_out_tmp[0]__10_n_106
                         DSP48E1 (Prop_dsp48e1_PCIN[47]_PCOUT[47])
                                                      1.713    27.803 r  u_Discrete_FIR_Filter/Discrete_FIR_Filter_out_tmp[0]__11/PCOUT[47]
                         net (fo=1, unplaced)         0.000    27.803    u_Discrete_FIR_Filter/Discrete_FIR_Filter_out_tmp[0]__11_n_106
                         DSP48E1 (Prop_dsp48e1_PCIN[47]_PCOUT[47])
                                                      1.713    29.516 r  u_Discrete_FIR_Filter/Discrete_FIR_Filter_out_tmp[0]__12/PCOUT[47]
                         net (fo=1, unplaced)         0.000    29.516    u_Discrete_FIR_Filter/Discrete_FIR_Filter_out_tmp[0]__12_n_106
                         DSP48E1 (Prop_dsp48e1_PCIN[47]_PCOUT[47])
                                                      1.713    31.229 r  u_Discrete_FIR_Filter/Discrete_FIR_Filter_out_tmp[0]__13/PCOUT[47]
                         net (fo=1, unplaced)         0.000    31.229    u_Discrete_FIR_Filter/Discrete_FIR_Filter_out_tmp[0]__13_n_106
                         DSP48E1 (Prop_dsp48e1_PCIN[47]_PCOUT[47])
                                                      1.713    32.942 r  u_Discrete_FIR_Filter/Discrete_FIR_Filter_out_tmp[0]__14/PCOUT[47]
                         net (fo=1, unplaced)         0.000    32.942    u_Discrete_FIR_Filter/Discrete_FIR_Filter_out_tmp[0]__14_n_106
                         DSP48E1 (Prop_dsp48e1_PCIN[47]_PCOUT[47])
                                                      1.713    34.655 r  u_Discrete_FIR_Filter/Discrete_FIR_Filter_out_tmp[0]__15/PCOUT[47]
                         net (fo=1, unplaced)         0.000    34.655    u_Discrete_FIR_Filter/Discrete_FIR_Filter_out_tmp[0]__15_n_106
                         DSP48E1 (Prop_dsp48e1_PCIN[47]_PCOUT[47])
                                                      1.713    36.368 r  u_Discrete_FIR_Filter/Discrete_FIR_Filter_out_tmp[0]__16/PCOUT[47]
                         net (fo=1, unplaced)         0.000    36.368    u_Discrete_FIR_Filter/Discrete_FIR_Filter_out_tmp[0]__16_n_106
                         DSP48E1 (Prop_dsp48e1_PCIN[47]_PCOUT[47])
                                                      1.713    38.081 r  u_Discrete_FIR_Filter/Discrete_FIR_Filter_out_tmp[0]__17/PCOUT[47]
                         net (fo=1, unplaced)         0.000    38.081    u_Discrete_FIR_Filter/Discrete_FIR_Filter_out_tmp[0]__17_n_106
                         DSP48E1 (Prop_dsp48e1_PCIN[47]_PCOUT[47])
                                                      1.713    39.794 r  u_Discrete_FIR_Filter/Discrete_FIR_Filter_out_tmp[0]__18/PCOUT[47]
                         net (fo=1, unplaced)         0.055    39.849    u_Discrete_FIR_Filter/Discrete_FIR_Filter_out_tmp[0]__18_n_106
                         DSP48E1 (Prop_dsp48e1_PCIN[47]_P[0])
                                                      1.518    41.367 r  u_Discrete_FIR_Filter/Discrete_FIR_Filter_out_tmp[0]__19/P[0]
                         net (fo=0)                   0.973    42.340    Out1_0[0]
                                                                      r  Out1_0[0] (OUT)
  -------------------------------------------------------------------    -------------------





Min Delay Paths
--------------------------------------------------------------------------------------
Slack:                    inf
  Source:                 clk_enable
                            (input port)
  Destination:            ce_out
                            (output port)
  Path Group:             (none)
  Path Type:              Min at Fast Process Corner
  Data Path Delay:        0.410ns  (logic 0.000ns (0.000%)  route 0.410ns (100.000%))
  Logic Levels:           0  

    Location             Delay type                Incr(ns)  Path(ns)    Netlist Resource(s)
  -------------------------------------------------------------------    -------------------
                                                      0.000     0.000 r  clk_enable (IN)
                         net (fo=1375, unset)         0.410     0.410    clk_enable
                                                                      r  ce_out (OUT)
  -------------------------------------------------------------------    -------------------

Slack:                    inf
  Source:                 clk_enable
                            (input port)
  Destination:            ce_out
                            (output port)
  Path Group:             (none)
  Path Type:              Min at Fast Process Corner
  Data Path Delay:        0.410ns  (logic 0.000ns (0.000%)  route 0.410ns (100.000%))
  Logic Levels:           0  

    Location             Delay type                Incr(ns)  Path(ns)    Netlist Resource(s)
  -------------------------------------------------------------------    -------------------
                                                      0.000     0.000 f  clk_enable (IN)
                         net (fo=1375, unset)         0.410     0.410    clk_enable
                                                                      f  ce_out (OUT)
  -------------------------------------------------------------------    -------------------

Slack:                    inf
  Source:                 clk_enable
                            (input port)
  Destination:            ce_out
                            (output port)
  Path Group:             (none)
  Path Type:              Min at Slow Process Corner
  Data Path Delay:        0.924ns  (logic 0.000ns (0.000%)  route 0.924ns (100.000%))
  Logic Levels:           0  

    Location             Delay type                Incr(ns)  Path(ns)    Netlist Resource(s)
  -------------------------------------------------------------------    -------------------
                                                      0.000     0.000 r  clk_enable (IN)
                         net (fo=1375, unset)         0.924     0.924    clk_enable
                                                                      r  ce_out (OUT)
  -------------------------------------------------------------------    -------------------





--------------------------------------------------------------------------------------
Path Group:  (none)
From Clock:  MWCLK
  To Clock:  

Max Delay            76 Endpoints
Min Delay            76 Endpoints
--------------------------------------------------------------------------------------


Max Delay Paths
--------------------------------------------------------------------------------------
Slack:                    inf
  Source:                 u_Discrete_FIR_Filter/delay21_reg[0][1]/C
                            (rising edge-triggered cell FDCE clocked by MWCLK  {rise@0.000ns fall@20.000ns period=40.000ns})
  Destination:            Out1_0[0]
                            (output port)
  Path Group:             (none)
  Path Type:              Max at Slow Process Corner
  Data Path Delay:        44.250ns  (logic 41.870ns (94.622%)  route 2.380ns (5.378%))
  Logic Levels:           27  (CARRY4=4 DSP48E1=22 LUT2=1)
  Clock Uncertainty:      0.025ns  ((TSJ^2 + TIJ^2)^1/2 + DJ) / 2 + PE
    Total System Jitter     (TSJ):    0.050ns
    Total Input Jitter      (TIJ):    0.000ns
    Discrete Jitter          (DJ):    0.000ns
    Phase Error              (PE):    0.000ns

    Location             Delay type                Incr(ns)  Path(ns)    Netlist Resource(s)
  -------------------------------------------------------------------    -------------------
                         (clock MWCLK rise edge)      0.000     0.000 r  
                                                      0.000     0.000 r  clk (IN)
                         net (fo=1375, unset)         0.973     0.973    u_Discrete_FIR_Filter/clk
                         FDCE                                         r  u_Discrete_FIR_Filter/delay21_reg[0][1]/C
  -------------------------------------------------------------------    -------------------
                         FDCE (Prop_fdce_C_Q)         0.456     1.429 r  u_Discrete_FIR_Filter/delay21_reg[0][1]/Q
                         net (fo=3, unplaced)         0.488     1.917    u_Discrete_FIR_Filter/delay21_reg[0][1]
                         LUT2 (Prop_lut2_I0_O)        0.295     2.212 r  u_Discrete_FIR_Filter/gain21_mul_temp_i_19/O
                         net (fo=1, unplaced)         0.000     2.212    u_Discrete_FIR_Filter/gain21_mul_temp_i_19_n_0
                         CARRY4 (Prop_carry4_S[1]_CO[3])
                                                      0.550     2.762 r  u_Discrete_FIR_Filter/gain21_mul_temp_i_4/CO[3]
                         net (fo=1, unplaced)         0.009     2.771    u_Discrete_FIR_Filter/gain21_mul_temp_i_4_n_0
                         CARRY4 (Prop_carry4_CI_CO[3])
                                                      0.114     2.885 r  u_Discrete_FIR_Filter/gain21_mul_temp_i_3/CO[3]
                         net (fo=1, unplaced)         0.000     2.885    u_Discrete_FIR_Filter/gain21_mul_temp_i_3_n_0
                         CARRY4 (Prop_carry4_CI_CO[3])
                                                      0.114     2.999 r  u_Discrete_FIR_Filter/gain21_mul_temp_i_2/CO[3]
                         net (fo=1, unplaced)         0.000     2.999    u_Discrete_FIR_Filter/gain21_mul_temp_i_2_n_0
                         CARRY4 (Prop_carry4_CI_O[1])
                                                      0.348     3.347 r  u_Discrete_FIR_Filter/gain21_mul_temp_i_1/O[1]
                         net (fo=1, unplaced)         0.800     4.147    u_Discrete_FIR_Filter/gain21_mul_temp_i_1_n_6
                         DSP48E1 (Prop_dsp48e1_A[13]_PCOUT[47])
                                                      4.215     8.362 r  u_Discrete_FIR_Filter/gain21_mul_temp/PCOUT[47]
                         net (fo=1, unplaced)         0.055     8.417    u_Discrete_FIR_Filter/gain21_mul_temp_n_106
                         DSP48E1 (Prop_dsp48e1_PCIN[47]_PCOUT[47])
                                                      1.713    10.130 r  u_Discrete_FIR_Filter/Discrete_FIR_Filter_out_tmp[0]/PCOUT[47]
                         net (fo=1, unplaced)         0.000    10.130    u_Discrete_FIR_Filter/Discrete_FIR_Filter_out_tmp_n_106_[0]
                         DSP48E1 (Prop_dsp48e1_PCIN[47]_PCOUT[47])
                                                      1.713    11.843 r  u_Discrete_FIR_Filter/Discrete_FIR_Filter_out_tmp[0]__0/PCOUT[47]
                         net (fo=1, unplaced)         0.000    11.843    u_Discrete_FIR_Filter/Discrete_FIR_Filter_out_tmp[0]__0_n_106
                         DSP48E1 (Prop_dsp48e1_PCIN[47]_PCOUT[47])
                                                      1.713    13.556 r  u_Discrete_FIR_Filter/Discrete_FIR_Filter_out_tmp[0]__1/PCOUT[47]
                         net (fo=1, unplaced)         0.000    13.556    u_Discrete_FIR_Filter/Discrete_FIR_Filter_out_tmp[0]__1_n_106
                         DSP48E1 (Prop_dsp48e1_PCIN[47]_PCOUT[47])
                                                      1.713    15.269 r  u_Discrete_FIR_Filter/Discrete_FIR_Filter_out_tmp[0]__2/PCOUT[47]
                         net (fo=1, unplaced)         0.000    15.269    u_Discrete_FIR_Filter/Discrete_FIR_Filter_out_tmp[0]__2_n_106
                         DSP48E1 (Prop_dsp48e1_PCIN[47]_PCOUT[47])
                                                      1.713    16.982 r  u_Discrete_FIR_Filter/Discrete_FIR_Filter_out_tmp[0]__3/PCOUT[47]
                         net (fo=1, unplaced)         0.000    16.982    u_Discrete_FIR_Filter/Discrete_FIR_Filter_out_tmp[0]__3_n_106
                         DSP48E1 (Prop_dsp48e1_PCIN[47]_PCOUT[47])
                                                      1.713    18.695 r  u_Discrete_FIR_Filter/Discrete_FIR_Filter_out_tmp[0]__4/PCOUT[47]
                         net (fo=1, unplaced)         0.000    18.695    u_Discrete_FIR_Filter/Discrete_FIR_Filter_out_tmp[0]__4_n_106
                         DSP48E1 (Prop_dsp48e1_PCIN[47]_PCOUT[47])
                                                      1.713    20.408 r  u_Discrete_FIR_Filter/Discrete_FIR_Filter_out_tmp[0]__5/PCOUT[47]
                         net (fo=1, unplaced)         0.000    20.408    u_Discrete_FIR_Filter/Discrete_FIR_Filter_out_tmp[0]__5_n_106
                         DSP48E1 (Prop_dsp48e1_PCIN[47]_PCOUT[47])
                                                      1.713    22.121 r  u_Discrete_FIR_Filter/Discrete_FIR_Filter_out_tmp[0]__6/PCOUT[47]
                         net (fo=1, unplaced)         0.000    22.121    u_Discrete_FIR_Filter/Discrete_FIR_Filter_out_tmp[0]__6_n_106
                         DSP48E1 (Prop_dsp48e1_PCIN[47]_PCOUT[47])
                                                      1.713    23.834 r  u_Discrete_FIR_Filter/Discrete_FIR_Filter_out_tmp[0]__7/PCOUT[47]
                         net (fo=1, unplaced)         0.000    23.834    u_Discrete_FIR_Filter/Discrete_FIR_Filter_out_tmp[0]__7_n_106
                         DSP48E1 (Prop_dsp48e1_PCIN[47]_PCOUT[47])
                                                      1.713    25.547 r  u_Discrete_FIR_Filter/Discrete_FIR_Filter_out_tmp[0]__8/PCOUT[47]
                         net (fo=1, unplaced)         0.000    25.547    u_Discrete_FIR_Filter/Discrete_FIR_Filter_out_tmp[0]__8_n_106
                         DSP48E1 (Prop_dsp48e1_PCIN[47]_PCOUT[47])
                                                      1.713    27.260 r  u_Discrete_FIR_Filter/Discrete_FIR_Filter_out_tmp[0]__9/PCOUT[47]
                         net (fo=1, unplaced)         0.000    27.260    u_Discrete_FIR_Filter/Discrete_FIR_Filter_out_tmp[0]__9_n_106
                         DSP48E1 (Prop_dsp48e1_PCIN[47]_PCOUT[47])
                                                      1.713    28.973 r  u_Discrete_FIR_Filter/Discrete_FIR_Filter_out_tmp[0]__10/PCOUT[47]
                         net (fo=1, unplaced)         0.000    28.973    u_Discrete_FIR_Filter/Discrete_FIR_Filter_out_tmp[0]__10_n_106
                         DSP48E1 (Prop_dsp48e1_PCIN[47]_PCOUT[47])
                                                      1.713    30.686 r  u_Discrete_FIR_Filter/Discrete_FIR_Filter_out_tmp[0]__11/PCOUT[47]
                         net (fo=1, unplaced)         0.000    30.686    u_Discrete_FIR_Filter/Discrete_FIR_Filter_out_tmp[0]__11_n_106
                         DSP48E1 (Prop_dsp48e1_PCIN[47]_PCOUT[47])
                                                      1.713    32.399 r  u_Discrete_FIR_Filter/Discrete_FIR_Filter_out_tmp[0]__12/PCOUT[47]
                         net (fo=1, unplaced)         0.000    32.399    u_Discrete_FIR_Filter/Discrete_FIR_Filter_out_tmp[0]__12_n_106
                         DSP48E1 (Prop_dsp48e1_PCIN[47]_PCOUT[47])
                                                      1.713    34.112 r  u_Discrete_FIR_Filter/Discrete_FIR_Filter_out_tmp[0]__13/PCOUT[47]
                         net (fo=1, unplaced)         0.000    34.112    u_Discrete_FIR_Filter/Discrete_FIR_Filter_out_tmp[0]__13_n_106
                         DSP48E1 (Prop_dsp48e1_PCIN[47]_PCOUT[47])
                                                      1.713    35.825 r  u_Discrete_FIR_Filter/Discrete_FIR_Filter_out_tmp[0]__14/PCOUT[47]
                         net (fo=1, unplaced)         0.000    35.825    u_Discrete_FIR_Filter/Discrete_FIR_Filter_out_tmp[0]__14_n_106
                         DSP48E1 (Prop_dsp48e1_PCIN[47]_PCOUT[47])
                                                      1.713    37.538 r  u_Discrete_FIR_Filter/Discrete_FIR_Filter_out_tmp[0]__15/PCOUT[47]
                         net (fo=1, unplaced)         0.000    37.538    u_Discrete_FIR_Filter/Discrete_FIR_Filter_out_tmp[0]__15_n_106
                         DSP48E1 (Prop_dsp48e1_PCIN[47]_PCOUT[47])
                                                      1.713    39.251 r  u_Discrete_FIR_Filter/Discrete_FIR_Filter_out_tmp[0]__16/PCOUT[47]
                         net (fo=1, unplaced)         0.000    39.251    u_Discrete_FIR_Filter/Discrete_FIR_Filter_out_tmp[0]__16_n_106
                         DSP48E1 (Prop_dsp48e1_PCIN[47]_PCOUT[47])
                                                      1.713    40.964 r  u_Discrete_FIR_Filter/Discrete_FIR_Filter_out_tmp[0]__17/PCOUT[47]
                         net (fo=1, unplaced)         0.000    40.964    u_Discrete_FIR_Filter/Discrete_FIR_Filter_out_tmp[0]__17_n_106
                         DSP48E1 (Prop_dsp48e1_PCIN[47]_PCOUT[47])
                                                      1.713    42.677 r  u_Discrete_FIR_Filter/Discrete_FIR_Filter_out_tmp[0]__18/PCOUT[47]
                         net (fo=1, unplaced)         0.055    42.732    u_Discrete_FIR_Filter/Discrete_FIR_Filter_out_tmp[0]__18_n_106
                         DSP48E1 (Prop_dsp48e1_PCIN[47]_P[0])
                                                      1.518    44.250 r  u_Discrete_FIR_Filter/Discrete_FIR_Filter_out_tmp[0]__19/P[0]
                         net (fo=0)                   0.973    45.223    Out1_0[0]
                                                                      r  Out1_0[0] (OUT)
  -------------------------------------------------------------------    -------------------

Slack:                    inf
  Source:                 u_Discrete_FIR_Filter/delay21_reg[0][1]/C
                            (rising edge-triggered cell FDCE clocked by MWCLK  {rise@0.000ns fall@20.000ns period=40.000ns})
  Destination:            Out1_0[0]
                            (output port)
  Path Group:             (none)
  Path Type:              Max at Slow Process Corner
  Data Path Delay:        44.250ns  (logic 41.870ns (94.622%)  route 2.380ns (5.378%))
  Logic Levels:           27  (CARRY4=4 DSP48E1=22 LUT2=1)
  Clock Uncertainty:      0.025ns  ((TSJ^2 + TIJ^2)^1/2 + DJ) / 2 + PE
    Total System Jitter     (TSJ):    0.050ns
    Total Input Jitter      (TIJ):    0.000ns
    Discrete Jitter          (DJ):    0.000ns
    Phase Error              (PE):    0.000ns

    Location             Delay type                Incr(ns)  Path(ns)    Netlist Resource(s)
  -------------------------------------------------------------------    -------------------
                         (clock MWCLK rise edge)      0.000     0.000 r  
                                                      0.000     0.000 r  clk (IN)
                         net (fo=1375, unset)         0.973     0.973    u_Discrete_FIR_Filter/clk
                         FDCE                                         r  u_Discrete_FIR_Filter/delay21_reg[0][1]/C
  -------------------------------------------------------------------    -------------------
                         FDCE (Prop_fdce_C_Q)         0.456     1.429 r  u_Discrete_FIR_Filter/delay21_reg[0][1]/Q
                         net (fo=3, unplaced)         0.488     1.917    u_Discrete_FIR_Filter/delay21_reg[0][1]
                         LUT2 (Prop_lut2_I0_O)        0.295     2.212 r  u_Discrete_FIR_Filter/gain21_mul_temp_i_19/O
                         net (fo=1, unplaced)         0.000     2.212    u_Discrete_FIR_Filter/gain21_mul_temp_i_19_n_0
                         CARRY4 (Prop_carry4_S[1]_CO[3])
                                                      0.550     2.762 r  u_Discrete_FIR_Filter/gain21_mul_temp_i_4/CO[3]
                         net (fo=1, unplaced)         0.009     2.771    u_Discrete_FIR_Filter/gain21_mul_temp_i_4_n_0
                         CARRY4 (Prop_carry4_CI_CO[3])
                                                      0.114     2.885 r  u_Discrete_FIR_Filter/gain21_mul_temp_i_3/CO[3]
                         net (fo=1, unplaced)         0.000     2.885    u_Discrete_FIR_Filter/gain21_mul_temp_i_3_n_0
                         CARRY4 (Prop_carry4_CI_CO[3])
                                                      0.114     2.999 r  u_Discrete_FIR_Filter/gain21_mul_temp_i_2/CO[3]
                         net (fo=1, unplaced)         0.000     2.999    u_Discrete_FIR_Filter/gain21_mul_temp_i_2_n_0
                         CARRY4 (Prop_carry4_CI_O[1])
                                                      0.348     3.347 r  u_Discrete_FIR_Filter/gain21_mul_temp_i_1/O[1]
                         net (fo=1, unplaced)         0.800     4.147    u_Discrete_FIR_Filter/gain21_mul_temp_i_1_n_6
                         DSP48E1 (Prop_dsp48e1_A[13]_PCOUT[47])
                                                      4.215     8.362 f  u_Discrete_FIR_Filter/gain21_mul_temp/PCOUT[47]
                         net (fo=1, unplaced)         0.055     8.417    u_Discrete_FIR_Filter/gain21_mul_temp_n_106
                         DSP48E1 (Prop_dsp48e1_PCIN[47]_PCOUT[47])
                                                      1.713    10.130 r  u_Discrete_FIR_Filter/Discrete_FIR_Filter_out_tmp[0]/PCOUT[47]
                         net (fo=1, unplaced)         0.000    10.130    u_Discrete_FIR_Filter/Discrete_FIR_Filter_out_tmp_n_106_[0]
                         DSP48E1 (Prop_dsp48e1_PCIN[47]_PCOUT[47])
                                                      1.713    11.843 r  u_Discrete_FIR_Filter/Discrete_FIR_Filter_out_tmp[0]__0/PCOUT[47]
                         net (fo=1, unplaced)         0.000    11.843    u_Discrete_FIR_Filter/Discrete_FIR_Filter_out_tmp[0]__0_n_106
                         DSP48E1 (Prop_dsp48e1_PCIN[47]_PCOUT[47])
                                                      1.713    13.556 r  u_Discrete_FIR_Filter/Discrete_FIR_Filter_out_tmp[0]__1/PCOUT[47]
                         net (fo=1, unplaced)         0.000    13.556    u_Discrete_FIR_Filter/Discrete_FIR_Filter_out_tmp[0]__1_n_106
                         DSP48E1 (Prop_dsp48e1_PCIN[47]_PCOUT[47])
                                                      1.713    15.269 r  u_Discrete_FIR_Filter/Discrete_FIR_Filter_out_tmp[0]__2/PCOUT[47]
                         net (fo=1, unplaced)         0.000    15.269    u_Discrete_FIR_Filter/Discrete_FIR_Filter_out_tmp[0]__2_n_106
                         DSP48E1 (Prop_dsp48e1_PCIN[47]_PCOUT[47])
                                                      1.713    16.982 r  u_Discrete_FIR_Filter/Discrete_FIR_Filter_out_tmp[0]__3/PCOUT[47]
                         net (fo=1, unplaced)         0.000    16.982    u_Discrete_FIR_Filter/Discrete_FIR_Filter_out_tmp[0]__3_n_106
                         DSP48E1 (Prop_dsp48e1_PCIN[47]_PCOUT[47])
                                                      1.713    18.695 r  u_Discrete_FIR_Filter/Discrete_FIR_Filter_out_tmp[0]__4/PCOUT[47]
                         net (fo=1, unplaced)         0.000    18.695    u_Discrete_FIR_Filter/Discrete_FIR_Filter_out_tmp[0]__4_n_106
                         DSP48E1 (Prop_dsp48e1_PCIN[47]_PCOUT[47])
                                                      1.713    20.408 r  u_Discrete_FIR_Filter/Discrete_FIR_Filter_out_tmp[0]__5/PCOUT[47]
                         net (fo=1, unplaced)         0.000    20.408    u_Discrete_FIR_Filter/Discrete_FIR_Filter_out_tmp[0]__5_n_106
                         DSP48E1 (Prop_dsp48e1_PCIN[47]_PCOUT[47])
                                                      1.713    22.121 r  u_Discrete_FIR_Filter/Discrete_FIR_Filter_out_tmp[0]__6/PCOUT[47]
                         net (fo=1, unplaced)         0.000    22.121    u_Discrete_FIR_Filter/Discrete_FIR_Filter_out_tmp[0]__6_n_106
                         DSP48E1 (Prop_dsp48e1_PCIN[47]_PCOUT[47])
                                                      1.713    23.834 r  u_Discrete_FIR_Filter/Discrete_FIR_Filter_out_tmp[0]__7/PCOUT[47]
                         net (fo=1, unplaced)         0.000    23.834    u_Discrete_FIR_Filter/Discrete_FIR_Filter_out_tmp[0]__7_n_106
                         DSP48E1 (Prop_dsp48e1_PCIN[47]_PCOUT[47])
                                                      1.713    25.547 r  u_Discrete_FIR_Filter/Discrete_FIR_Filter_out_tmp[0]__8/PCOUT[47]
                         net (fo=1, unplaced)         0.000    25.547    u_Discrete_FIR_Filter/Discrete_FIR_Filter_out_tmp[0]__8_n_106
                         DSP48E1 (Prop_dsp48e1_PCIN[47]_PCOUT[47])
                                                      1.713    27.260 r  u_Discrete_FIR_Filter/Discrete_FIR_Filter_out_tmp[0]__9/PCOUT[47]
                         net (fo=1, unplaced)         0.000    27.260    u_Discrete_FIR_Filter/Discrete_FIR_Filter_out_tmp[0]__9_n_106
                         DSP48E1 (Prop_dsp48e1_PCIN[47]_PCOUT[47])
                                                      1.713    28.973 r  u_Discrete_FIR_Filter/Discrete_FIR_Filter_out_tmp[0]__10/PCOUT[47]
                         net (fo=1, unplaced)         0.000    28.973    u_Discrete_FIR_Filter/Discrete_FIR_Filter_out_tmp[0]__10_n_106
                         DSP48E1 (Prop_dsp48e1_PCIN[47]_PCOUT[47])
                                                      1.713    30.686 r  u_Discrete_FIR_Filter/Discrete_FIR_Filter_out_tmp[0]__11/PCOUT[47]
                         net (fo=1, unplaced)         0.000    30.686    u_Discrete_FIR_Filter/Discrete_FIR_Filter_out_tmp[0]__11_n_106
                         DSP48E1 (Prop_dsp48e1_PCIN[47]_PCOUT[47])
                                                      1.713    32.399 r  u_Discrete_FIR_Filter/Discrete_FIR_Filter_out_tmp[0]__12/PCOUT[47]
                         net (fo=1, unplaced)         0.000    32.399    u_Discrete_FIR_Filter/Discrete_FIR_Filter_out_tmp[0]__12_n_106
                         DSP48E1 (Prop_dsp48e1_PCIN[47]_PCOUT[47])
                                                      1.713    34.112 r  u_Discrete_FIR_Filter/Discrete_FIR_Filter_out_tmp[0]__13/PCOUT[47]
                         net (fo=1, unplaced)         0.000    34.112    u_Discrete_FIR_Filter/Discrete_FIR_Filter_out_tmp[0]__13_n_106
                         DSP48E1 (Prop_dsp48e1_PCIN[47]_PCOUT[47])
                                                      1.713    35.825 r  u_Discrete_FIR_Filter/Discrete_FIR_Filter_out_tmp[0]__14/PCOUT[47]
                         net (fo=1, unplaced)         0.000    35.825    u_Discrete_FIR_Filter/Discrete_FIR_Filter_out_tmp[0]__14_n_106
                         DSP48E1 (Prop_dsp48e1_PCIN[47]_PCOUT[47])
                                                      1.713    37.538 r  u_Discrete_FIR_Filter/Discrete_FIR_Filter_out_tmp[0]__15/PCOUT[47]
                         net (fo=1, unplaced)         0.000    37.538    u_Discrete_FIR_Filter/Discrete_FIR_Filter_out_tmp[0]__15_n_106
                         DSP48E1 (Prop_dsp48e1_PCIN[47]_PCOUT[47])
                                                      1.713    39.251 r  u_Discrete_FIR_Filter/Discrete_FIR_Filter_out_tmp[0]__16/PCOUT[47]
                         net (fo=1, unplaced)         0.000    39.251    u_Discrete_FIR_Filter/Discrete_FIR_Filter_out_tmp[0]__16_n_106
                         DSP48E1 (Prop_dsp48e1_PCIN[47]_PCOUT[47])
                                                      1.713    40.964 r  u_Discrete_FIR_Filter/Discrete_FIR_Filter_out_tmp[0]__17/PCOUT[47]
                         net (fo=1, unplaced)         0.000    40.964    u_Discrete_FIR_Filter/Discrete_FIR_Filter_out_tmp[0]__17_n_106
                         DSP48E1 (Prop_dsp48e1_PCIN[47]_PCOUT[47])
                                                      1.713    42.677 r  u_Discrete_FIR_Filter/Discrete_FIR_Filter_out_tmp[0]__18/PCOUT[47]
                         net (fo=1, unplaced)         0.055    42.732    u_Discrete_FIR_Filter/Discrete_FIR_Filter_out_tmp[0]__18_n_106
                         DSP48E1 (Prop_dsp48e1_PCIN[47]_P[0])
                                                      1.518    44.250 r  u_Discrete_FIR_Filter/Discrete_FIR_Filter_out_tmp[0]__19/P[0]
                         net (fo=0)                   0.973    45.223    Out1_0[0]
                                                                      r  Out1_0[0] (OUT)
  -------------------------------------------------------------------    -------------------

Slack:                    inf
  Source:                 u_Discrete_FIR_Filter/delay21_reg[0][1]/C
                            (rising edge-triggered cell FDCE clocked by MWCLK  {rise@0.000ns fall@20.000ns period=40.000ns})
  Destination:            Out1_0[0]
                            (output port)
  Path Group:             (none)
  Path Type:              Max at Slow Process Corner
  Data Path Delay:        44.250ns  (logic 41.870ns (94.622%)  route 2.380ns (5.378%))
  Logic Levels:           27  (CARRY4=4 DSP48E1=22 LUT2=1)
  Clock Uncertainty:      0.025ns  ((TSJ^2 + TIJ^2)^1/2 + DJ) / 2 + PE
    Total System Jitter     (TSJ):    0.050ns
    Total Input Jitter      (TIJ):    0.000ns
    Discrete Jitter          (DJ):    0.000ns
    Phase Error              (PE):    0.000ns

    Location             Delay type                Incr(ns)  Path(ns)    Netlist Resource(s)
  -------------------------------------------------------------------    -------------------
                         (clock MWCLK rise edge)      0.000     0.000 r  
                                                      0.000     0.000 r  clk (IN)
                         net (fo=1375, unset)         0.973     0.973    u_Discrete_FIR_Filter/clk
                         FDCE                                         r  u_Discrete_FIR_Filter/delay21_reg[0][1]/C
  -------------------------------------------------------------------    -------------------
                         FDCE (Prop_fdce_C_Q)         0.456     1.429 r  u_Discrete_FIR_Filter/delay21_reg[0][1]/Q
                         net (fo=3, unplaced)         0.488     1.917    u_Discrete_FIR_Filter/delay21_reg[0][1]
                         LUT2 (Prop_lut2_I0_O)        0.295     2.212 r  u_Discrete_FIR_Filter/gain21_mul_temp_i_19/O
                         net (fo=1, unplaced)         0.000     2.212    u_Discrete_FIR_Filter/gain21_mul_temp_i_19_n_0
                         CARRY4 (Prop_carry4_S[1]_CO[3])
                                                      0.550     2.762 r  u_Discrete_FIR_Filter/gain21_mul_temp_i_4/CO[3]
                         net (fo=1, unplaced)         0.009     2.771    u_Discrete_FIR_Filter/gain21_mul_temp_i_4_n_0
                         CARRY4 (Prop_carry4_CI_CO[3])
                                                      0.114     2.885 r  u_Discrete_FIR_Filter/gain21_mul_temp_i_3/CO[3]
                         net (fo=1, unplaced)         0.000     2.885    u_Discrete_FIR_Filter/gain21_mul_temp_i_3_n_0
                         CARRY4 (Prop_carry4_CI_CO[3])
                                                      0.114     2.999 r  u_Discrete_FIR_Filter/gain21_mul_temp_i_2/CO[3]
                         net (fo=1, unplaced)         0.000     2.999    u_Discrete_FIR_Filter/gain21_mul_temp_i_2_n_0
                         CARRY4 (Prop_carry4_CI_O[1])
                                                      0.348     3.347 r  u_Discrete_FIR_Filter/gain21_mul_temp_i_1/O[1]
                         net (fo=1, unplaced)         0.800     4.147    u_Discrete_FIR_Filter/gain21_mul_temp_i_1_n_6
                         DSP48E1 (Prop_dsp48e1_A[13]_PCOUT[46])
                                                      4.215     8.362 r  u_Discrete_FIR_Filter/gain21_mul_temp/PCOUT[46]
                         net (fo=1, unplaced)         0.055     8.417    u_Discrete_FIR_Filter/gain21_mul_temp_n_107
                         DSP48E1 (Prop_dsp48e1_PCIN[46]_PCOUT[47])
                                                      1.713    10.130 r  u_Discrete_FIR_Filter/Discrete_FIR_Filter_out_tmp[0]/PCOUT[47]
                         net (fo=1, unplaced)         0.000    10.130    u_Discrete_FIR_Filter/Discrete_FIR_Filter_out_tmp_n_106_[0]
                         DSP48E1 (Prop_dsp48e1_PCIN[47]_PCOUT[47])
                                                      1.713    11.843 r  u_Discrete_FIR_Filter/Discrete_FIR_Filter_out_tmp[0]__0/PCOUT[47]
                         net (fo=1, unplaced)         0.000    11.843    u_Discrete_FIR_Filter/Discrete_FIR_Filter_out_tmp[0]__0_n_106
                         DSP48E1 (Prop_dsp48e1_PCIN[47]_PCOUT[47])
                                                      1.713    13.556 r  u_Discrete_FIR_Filter/Discrete_FIR_Filter_out_tmp[0]__1/PCOUT[47]
                         net (fo=1, unplaced)         0.000    13.556    u_Discrete_FIR_Filter/Discrete_FIR_Filter_out_tmp[0]__1_n_106
                         DSP48E1 (Prop_dsp48e1_PCIN[47]_PCOUT[47])
                                                      1.713    15.269 r  u_Discrete_FIR_Filter/Discrete_FIR_Filter_out_tmp[0]__2/PCOUT[47]
                         net (fo=1, unplaced)         0.000    15.269    u_Discrete_FIR_Filter/Discrete_FIR_Filter_out_tmp[0]__2_n_106
                         DSP48E1 (Prop_dsp48e1_PCIN[47]_PCOUT[47])
                                                      1.713    16.982 r  u_Discrete_FIR_Filter/Discrete_FIR_Filter_out_tmp[0]__3/PCOUT[47]
                         net (fo=1, unplaced)         0.000    16.982    u_Discrete_FIR_Filter/Discrete_FIR_Filter_out_tmp[0]__3_n_106
                         DSP48E1 (Prop_dsp48e1_PCIN[47]_PCOUT[47])
                                                      1.713    18.695 r  u_Discrete_FIR_Filter/Discrete_FIR_Filter_out_tmp[0]__4/PCOUT[47]
                         net (fo=1, unplaced)         0.000    18.695    u_Discrete_FIR_Filter/Discrete_FIR_Filter_out_tmp[0]__4_n_106
                         DSP48E1 (Prop_dsp48e1_PCIN[47]_PCOUT[47])
                                                      1.713    20.408 r  u_Discrete_FIR_Filter/Discrete_FIR_Filter_out_tmp[0]__5/PCOUT[47]
                         net (fo=1, unplaced)         0.000    20.408    u_Discrete_FIR_Filter/Discrete_FIR_Filter_out_tmp[0]__5_n_106
                         DSP48E1 (Prop_dsp48e1_PCIN[47]_PCOUT[47])
                                                      1.713    22.121 r  u_Discrete_FIR_Filter/Discrete_FIR_Filter_out_tmp[0]__6/PCOUT[47]
                         net (fo=1, unplaced)         0.000    22.121    u_Discrete_FIR_Filter/Discrete_FIR_Filter_out_tmp[0]__6_n_106
                         DSP48E1 (Prop_dsp48e1_PCIN[47]_PCOUT[47])
                                                      1.713    23.834 r  u_Discrete_FIR_Filter/Discrete_FIR_Filter_out_tmp[0]__7/PCOUT[47]
                         net (fo=1, unplaced)         0.000    23.834    u_Discrete_FIR_Filter/Discrete_FIR_Filter_out_tmp[0]__7_n_106
                         DSP48E1 (Prop_dsp48e1_PCIN[47]_PCOUT[47])
                                                      1.713    25.547 r  u_Discrete_FIR_Filter/Discrete_FIR_Filter_out_tmp[0]__8/PCOUT[47]
                         net (fo=1, unplaced)         0.000    25.547    u_Discrete_FIR_Filter/Discrete_FIR_Filter_out_tmp[0]__8_n_106
                         DSP48E1 (Prop_dsp48e1_PCIN[47]_PCOUT[47])
                                                      1.713    27.260 r  u_Discrete_FIR_Filter/Discrete_FIR_Filter_out_tmp[0]__9/PCOUT[47]
                         net (fo=1, unplaced)         0.000    27.260    u_Discrete_FIR_Filter/Discrete_FIR_Filter_out_tmp[0]__9_n_106
                         DSP48E1 (Prop_dsp48e1_PCIN[47]_PCOUT[47])
                                                      1.713    28.973 r  u_Discrete_FIR_Filter/Discrete_FIR_Filter_out_tmp[0]__10/PCOUT[47]
                         net (fo=1, unplaced)         0.000    28.973    u_Discrete_FIR_Filter/Discrete_FIR_Filter_out_tmp[0]__10_n_106
                         DSP48E1 (Prop_dsp48e1_PCIN[47]_PCOUT[47])
                                                      1.713    30.686 r  u_Discrete_FIR_Filter/Discrete_FIR_Filter_out_tmp[0]__11/PCOUT[47]
                         net (fo=1, unplaced)         0.000    30.686    u_Discrete_FIR_Filter/Discrete_FIR_Filter_out_tmp[0]__11_n_106
                         DSP48E1 (Prop_dsp48e1_PCIN[47]_PCOUT[47])
                                                      1.713    32.399 r  u_Discrete_FIR_Filter/Discrete_FIR_Filter_out_tmp[0]__12/PCOUT[47]
                         net (fo=1, unplaced)         0.000    32.399    u_Discrete_FIR_Filter/Discrete_FIR_Filter_out_tmp[0]__12_n_106
                         DSP48E1 (Prop_dsp48e1_PCIN[47]_PCOUT[47])
                                                      1.713    34.112 r  u_Discrete_FIR_Filter/Discrete_FIR_Filter_out_tmp[0]__13/PCOUT[47]
                         net (fo=1, unplaced)         0.000    34.112    u_Discrete_FIR_Filter/Discrete_FIR_Filter_out_tmp[0]__13_n_106
                         DSP48E1 (Prop_dsp48e1_PCIN[47]_PCOUT[47])
                                                      1.713    35.825 r  u_Discrete_FIR_Filter/Discrete_FIR_Filter_out_tmp[0]__14/PCOUT[47]
                         net (fo=1, unplaced)         0.000    35.825    u_Discrete_FIR_Filter/Discrete_FIR_Filter_out_tmp[0]__14_n_106
                         DSP48E1 (Prop_dsp48e1_PCIN[47]_PCOUT[47])
                                                      1.713    37.538 r  u_Discrete_FIR_Filter/Discrete_FIR_Filter_out_tmp[0]__15/PCOUT[47]
                         net (fo=1, unplaced)         0.000    37.538    u_Discrete_FIR_Filter/Discrete_FIR_Filter_out_tmp[0]__15_n_106
                         DSP48E1 (Prop_dsp48e1_PCIN[47]_PCOUT[47])
                                                      1.713    39.251 r  u_Discrete_FIR_Filter/Discrete_FIR_Filter_out_tmp[0]__16/PCOUT[47]
                         net (fo=1, unplaced)         0.000    39.251    u_Discrete_FIR_Filter/Discrete_FIR_Filter_out_tmp[0]__16_n_106
                         DSP48E1 (Prop_dsp48e1_PCIN[47]_PCOUT[47])
                                                      1.713    40.964 r  u_Discrete_FIR_Filter/Discrete_FIR_Filter_out_tmp[0]__17/PCOUT[47]
                         net (fo=1, unplaced)         0.000    40.964    u_Discrete_FIR_Filter/Discrete_FIR_Filter_out_tmp[0]__17_n_106
                         DSP48E1 (Prop_dsp48e1_PCIN[47]_PCOUT[47])
                                                      1.713    42.677 r  u_Discrete_FIR_Filter/Discrete_FIR_Filter_out_tmp[0]__18/PCOUT[47]
                         net (fo=1, unplaced)         0.055    42.732    u_Discrete_FIR_Filter/Discrete_FIR_Filter_out_tmp[0]__18_n_106
                         DSP48E1 (Prop_dsp48e1_PCIN[47]_P[0])
                                                      1.518    44.250 r  u_Discrete_FIR_Filter/Discrete_FIR_Filter_out_tmp[0]__19/P[0]
                         net (fo=0)                   0.973    45.223    Out1_0[0]
                                                                      r  Out1_0[0] (OUT)
  -------------------------------------------------------------------    -------------------





Min Delay Paths
--------------------------------------------------------------------------------------
Slack:                    inf
  Source:                 u_Discrete_FIR_Filter/delay1_reg[0][12]/C
                            (rising edge-triggered cell FDCE clocked by MWCLK  {rise@0.000ns fall@20.000ns period=40.000ns})
  Destination:            Out1_0[0]
                            (output port)
  Path Group:             (none)
  Path Type:              Min at Fast Process Corner
  Data Path Delay:        1.855ns  (logic 0.959ns (51.709%)  route 0.896ns (48.291%))
  Logic Levels:           2  (CARRY4=1 DSP48E1=1)
  Clock Uncertainty:      0.025ns  ((TSJ^2 + TIJ^2)^1/2 + DJ) / 2 + PE
    Total System Jitter     (TSJ):    0.050ns
    Total Input Jitter      (TIJ):    0.000ns
    Discrete Jitter          (DJ):    0.000ns
    Phase Error              (PE):    0.000ns

    Location             Delay type                Incr(ns)  Path(ns)    Netlist Resource(s)
  -------------------------------------------------------------------    -------------------
                         (clock MWCLK rise edge)      0.000     0.000 r  
                                                      0.000     0.000 r  clk (IN)
                         net (fo=1375, unset)         0.410     0.410    u_Discrete_FIR_Filter/clk
                         FDCE                                         r  u_Discrete_FIR_Filter/delay1_reg[0][12]/C
  -------------------------------------------------------------------    -------------------
                         FDCE (Prop_fdce_C_Q)         0.141     0.551 r  u_Discrete_FIR_Filter/delay1_reg[0][12]/Q
                         net (fo=3, unplaced)         0.148     0.700    u_Discrete_FIR_Filter/delay1_reg[0][12]
                         CARRY4 (Prop_carry4_DI[0]_O[1])
                                                      0.147     0.847 r  u_Discrete_FIR_Filter/Discrete_FIR_Filter_out_tmp[0]__19_i_1/O[1]
                         net (fo=1, unplaced)         0.337     1.184    u_Discrete_FIR_Filter/A[13]
                         DSP48E1 (Prop_dsp48e1_A[13]_P[0])
                                                      0.671     1.855 r  u_Discrete_FIR_Filter/Discrete_FIR_Filter_out_tmp[0]__19/P[0]
                         net (fo=0)                   0.410     2.265    Out1_0[0]
                                                                      r  Out1_0[0] (OUT)
  -------------------------------------------------------------------    -------------------

Slack:                    inf
  Source:                 u_Discrete_FIR_Filter/delay1_reg[0][12]/C
                            (rising edge-triggered cell FDCE clocked by MWCLK  {rise@0.000ns fall@20.000ns period=40.000ns})
  Destination:            Out1_0[0]
                            (output port)
  Path Group:             (none)
  Path Type:              Min at Fast Process Corner
  Data Path Delay:        1.855ns  (logic 0.959ns (51.709%)  route 0.896ns (48.291%))
  Logic Levels:           2  (CARRY4=1 DSP48E1=1)
  Clock Uncertainty:      0.025ns  ((TSJ^2 + TIJ^2)^1/2 + DJ) / 2 + PE
    Total System Jitter     (TSJ):    0.050ns
    Total Input Jitter      (TIJ):    0.000ns
    Discrete Jitter          (DJ):    0.000ns
    Phase Error              (PE):    0.000ns

    Location             Delay type                Incr(ns)  Path(ns)    Netlist Resource(s)
  -------------------------------------------------------------------    -------------------
                         (clock MWCLK rise edge)      0.000     0.000 r  
                                                      0.000     0.000 r  clk (IN)
                         net (fo=1375, unset)         0.410     0.410    u_Discrete_FIR_Filter/clk
                         FDCE                                         r  u_Discrete_FIR_Filter/delay1_reg[0][12]/C
  -------------------------------------------------------------------    -------------------
                         FDCE (Prop_fdce_C_Q)         0.141     0.551 r  u_Discrete_FIR_Filter/delay1_reg[0][12]/Q
                         net (fo=3, unplaced)         0.148     0.700    u_Discrete_FIR_Filter/delay1_reg[0][12]
                         CARRY4 (Prop_carry4_DI[0]_O[1])
                                                      0.147     0.847 f  u_Discrete_FIR_Filter/Discrete_FIR_Filter_out_tmp[0]__19_i_1/O[1]
                         net (fo=1, unplaced)         0.337     1.184    u_Discrete_FIR_Filter/A[13]
                         DSP48E1 (Prop_dsp48e1_A[13]_P[0])
                                                      0.671     1.855 r  u_Discrete_FIR_Filter/Discrete_FIR_Filter_out_tmp[0]__19/P[0]
                         net (fo=0)                   0.410     2.265    Out1_0[0]
                                                                      r  Out1_0[0] (OUT)
  -------------------------------------------------------------------    -------------------

Slack:                    inf
  Source:                 u_Discrete_FIR_Filter/delay1_reg[0][8]/C
                            (rising edge-triggered cell FDCE clocked by MWCLK  {rise@0.000ns fall@20.000ns period=40.000ns})
  Destination:            Out1_0[0]
                            (output port)
  Path Group:             (none)
  Path Type:              Min at Fast Process Corner
  Data Path Delay:        1.855ns  (logic 0.959ns (51.709%)  route 0.896ns (48.291%))
  Logic Levels:           2  (CARRY4=1 DSP48E1=1)
  Clock Uncertainty:      0.025ns  ((TSJ^2 + TIJ^2)^1/2 + DJ) / 2 + PE
    Total System Jitter     (TSJ):    0.050ns
    Total Input Jitter      (TIJ):    0.000ns
    Discrete Jitter          (DJ):    0.000ns
    Phase Error              (PE):    0.000ns

    Location             Delay type                Incr(ns)  Path(ns)    Netlist Resource(s)
  -------------------------------------------------------------------    -------------------
                         (clock MWCLK rise edge)      0.000     0.000 r  
                                                      0.000     0.000 r  clk (IN)
                         net (fo=1375, unset)         0.410     0.410    u_Discrete_FIR_Filter/clk
                         FDCE                                         r  u_Discrete_FIR_Filter/delay1_reg[0][8]/C
  -------------------------------------------------------------------    -------------------
                         FDCE (Prop_fdce_C_Q)         0.141     0.551 r  u_Discrete_FIR_Filter/delay1_reg[0][8]/Q
                         net (fo=3, unplaced)         0.148     0.700    u_Discrete_FIR_Filter/delay1_reg[0][8]
                         CARRY4 (Prop_carry4_DI[0]_O[1])
                                                      0.147     0.847 r  u_Discrete_FIR_Filter/Discrete_FIR_Filter_out_tmp[0]__19_i_2/O[1]
                         net (fo=1, unplaced)         0.337     1.184    u_Discrete_FIR_Filter/A[9]
                         DSP48E1 (Prop_dsp48e1_A[9]_P[0])
                                                      0.671     1.855 r  u_Discrete_FIR_Filter/Discrete_FIR_Filter_out_tmp[0]__19/P[0]
                         net (fo=0)                   0.410     2.265    Out1_0[0]
                                                                      r  Out1_0[0] (OUT)
  -------------------------------------------------------------------    -------------------





--------------------------------------------------------------------------------------
Path Group:  (none)
From Clock:  
  To Clock:  MWCLK

Max Delay          2784 Endpoints
Min Delay          2784 Endpoints
--------------------------------------------------------------------------------------


Max Delay Paths
--------------------------------------------------------------------------------------
Slack:                    inf
  Source:                 clk_enable
                            (input port)
  Destination:            u_Discrete_FIR_Filter/delay10_reg[0][0]/CE
                            (rising edge-triggered cell FDCE clocked by MWCLK  {rise@0.000ns fall@20.000ns period=40.000ns})
  Path Group:             (none)
  Path Type:              Setup (Max at Slow Process Corner)
  Data Path Delay:        0.973ns  (logic 0.000ns (0.000%)  route 0.973ns (100.000%))
  Logic Levels:           0  
  Clock Path Skew:        0.924ns (DCD - SCD + CPR)
    Destination Clock Delay (DCD):    0.924ns
    Source Clock Delay      (SCD):    0.000ns
    Clock Pessimism Removal (CPR):    0.000ns
  Clock Uncertainty:      0.025ns  ((TSJ^2 + TIJ^2)^1/2 + DJ) / 2 + PE
    Total System Jitter     (TSJ):    0.050ns
    Total Input Jitter      (TIJ):    0.000ns
    Discrete Jitter          (DJ):    0.000ns
    Phase Error              (PE):    0.000ns

    Location             Delay type                Incr(ns)  Path(ns)    Netlist Resource(s)
  -------------------------------------------------------------------    -------------------
                                                      0.000     0.000 r  clk_enable (IN)
                         net (fo=1375, unset)         0.973     0.973    u_Discrete_FIR_Filter/clk_enable
                         FDCE                                         r  u_Discrete_FIR_Filter/delay10_reg[0][0]/CE
  -------------------------------------------------------------------    -------------------

                         (clock MWCLK rise edge)      0.000     0.000 r  
                                                      0.000     0.000 r  clk (IN)
                         net (fo=1375, unset)         0.924     0.924    u_Discrete_FIR_Filter/clk
                         FDCE                                         r  u_Discrete_FIR_Filter/delay10_reg[0][0]/C

Slack:                    inf
  Source:                 clk_enable
                            (input port)
  Destination:            u_Discrete_FIR_Filter/delay10_reg[0][0]/CE
                            (rising edge-triggered cell FDCE clocked by MWCLK  {rise@0.000ns fall@20.000ns period=40.000ns})
  Path Group:             (none)
  Path Type:              Setup (Max at Slow Process Corner)
  Data Path Delay:        0.973ns  (logic 0.000ns (0.000%)  route 0.973ns (100.000%))
  Logic Levels:           0  
  Clock Path Skew:        0.924ns (DCD - SCD + CPR)
    Destination Clock Delay (DCD):    0.924ns
    Source Clock Delay      (SCD):    0.000ns
    Clock Pessimism Removal (CPR):    0.000ns
  Clock Uncertainty:      0.025ns  ((TSJ^2 + TIJ^2)^1/2 + DJ) / 2 + PE
    Total System Jitter     (TSJ):    0.050ns
    Total Input Jitter      (TIJ):    0.000ns
    Discrete Jitter          (DJ):    0.000ns
    Phase Error              (PE):    0.000ns

    Location             Delay type                Incr(ns)  Path(ns)    Netlist Resource(s)
  -------------------------------------------------------------------    -------------------
                                                      0.000     0.000 r  clk_enable (IN)
                         net (fo=1375, unset)         0.973     0.973    u_Discrete_FIR_Filter/clk_enable
                         FDCE                                         r  u_Discrete_FIR_Filter/delay10_reg[0][0]/CE
  -------------------------------------------------------------------    -------------------

                         (clock MWCLK rise edge)      0.000     0.000 r  
                                                      0.000     0.000 r  clk (IN)
                         net (fo=1375, unset)         0.924     0.924    u_Discrete_FIR_Filter/clk
                         FDCE                                         r  u_Discrete_FIR_Filter/delay10_reg[0][0]/C

Slack:                    inf
  Source:                 clk_enable
                            (input port)
  Destination:            u_Discrete_FIR_Filter/delay10_reg[0][0]/CE
                            (rising edge-triggered cell FDCE clocked by MWCLK  {rise@0.000ns fall@20.000ns period=40.000ns})
  Path Group:             (none)
  Path Type:              Setup (Max at Slow Process Corner)
  Data Path Delay:        0.973ns  (logic 0.000ns (0.000%)  route 0.973ns (100.000%))
  Logic Levels:           0  
  Clock Path Skew:        0.924ns (DCD - SCD + CPR)
    Destination Clock Delay (DCD):    0.924ns
    Source Clock Delay      (SCD):    0.000ns
    Clock Pessimism Removal (CPR):    0.000ns
  Clock Uncertainty:      0.025ns  ((TSJ^2 + TIJ^2)^1/2 + DJ) / 2 + PE
    Total System Jitter     (TSJ):    0.050ns
    Total Input Jitter      (TIJ):    0.000ns
    Discrete Jitter          (DJ):    0.000ns
    Phase Error              (PE):    0.000ns

    Location             Delay type                Incr(ns)  Path(ns)    Netlist Resource(s)
  -------------------------------------------------------------------    -------------------
                                                      0.000     0.000 f  clk_enable (IN)
                         net (fo=1375, unset)         0.973     0.973    u_Discrete_FIR_Filter/clk_enable
                         FDCE                                         f  u_Discrete_FIR_Filter/delay10_reg[0][0]/CE
  -------------------------------------------------------------------    -------------------

                         (clock MWCLK rise edge)      0.000     0.000 r  
                                                      0.000     0.000 r  clk (IN)
                         net (fo=1375, unset)         0.924     0.924    u_Discrete_FIR_Filter/clk
                         FDCE                                         r  u_Discrete_FIR_Filter/delay10_reg[0][0]/C





Min Delay Paths
--------------------------------------------------------------------------------------
Slack:                    inf
  Source:                 clk_enable
                            (input port)
  Destination:            u_Discrete_FIR_Filter/delay10_reg[0][0]/CE
                            (rising edge-triggered cell FDCE clocked by MWCLK  {rise@0.000ns fall@20.000ns period=40.000ns})
  Path Group:             (none)
  Path Type:              Hold (Min at Fast Process Corner)
  Data Path Delay:        0.410ns  (logic 0.000ns (0.000%)  route 0.410ns (100.000%))
  Logic Levels:           0  
  Clock Path Skew:        0.432ns (DCD - SCD - CPR)
    Destination Clock Delay (DCD):    0.432ns
    Source Clock Delay      (SCD):    0.000ns
    Clock Pessimism Removal (CPR):    -0.000ns

    Location             Delay type                Incr(ns)  Path(ns)    Netlist Resource(s)
  -------------------------------------------------------------------    -------------------
                                                      0.000     0.000 r  clk_enable (IN)
                         net (fo=1375, unset)         0.410     0.410    u_Discrete_FIR_Filter/clk_enable
                         FDCE                                         r  u_Discrete_FIR_Filter/delay10_reg[0][0]/CE
  -------------------------------------------------------------------    -------------------

                         (clock MWCLK rise edge)      0.000     0.000 r  
                                                      0.000     0.000 r  clk (IN)
                         net (fo=1375, unset)         0.432     0.432    u_Discrete_FIR_Filter/clk
                         FDCE                                         r  u_Discrete_FIR_Filter/delay10_reg[0][0]/C

Slack:                    inf
  Source:                 clk_enable
                            (input port)
  Destination:            u_Discrete_FIR_Filter/delay10_reg[0][0]/CE
                            (rising edge-triggered cell FDCE clocked by MWCLK  {rise@0.000ns fall@20.000ns period=40.000ns})
  Path Group:             (none)
  Path Type:              Hold (Min at Fast Process Corner)
  Data Path Delay:        0.410ns  (logic 0.000ns (0.000%)  route 0.410ns (100.000%))
  Logic Levels:           0  
  Clock Path Skew:        0.432ns (DCD - SCD - CPR)
    Destination Clock Delay (DCD):    0.432ns
    Source Clock Delay      (SCD):    0.000ns
    Clock Pessimism Removal (CPR):    -0.000ns

    Location             Delay type                Incr(ns)  Path(ns)    Netlist Resource(s)
  -------------------------------------------------------------------    -------------------
                                                      0.000     0.000 r  clk_enable (IN)
                         net (fo=1375, unset)         0.410     0.410    u_Discrete_FIR_Filter/clk_enable
                         FDCE                                         r  u_Discrete_FIR_Filter/delay10_reg[0][0]/CE
  -------------------------------------------------------------------    -------------------

                         (clock MWCLK rise edge)      0.000     0.000 r  
                                                      0.000     0.000 r  clk (IN)
                         net (fo=1375, unset)         0.432     0.432    u_Discrete_FIR_Filter/clk
                         FDCE                                         r  u_Discrete_FIR_Filter/delay10_reg[0][0]/C

Slack:                    inf
  Source:                 clk_enable
                            (input port)
  Destination:            u_Discrete_FIR_Filter/delay10_reg[0][0]/CE
                            (rising edge-triggered cell FDCE clocked by MWCLK  {rise@0.000ns fall@20.000ns period=40.000ns})
  Path Group:             (none)
  Path Type:              Hold (Min at Fast Process Corner)
  Data Path Delay:        0.410ns  (logic 0.000ns (0.000%)  route 0.410ns (100.000%))
  Logic Levels:           0  
  Clock Path Skew:        0.432ns (DCD - SCD - CPR)
    Destination Clock Delay (DCD):    0.432ns
    Source Clock Delay      (SCD):    0.000ns
    Clock Pessimism Removal (CPR):    -0.000ns

    Location             Delay type                Incr(ns)  Path(ns)    Netlist Resource(s)
  -------------------------------------------------------------------    -------------------
                                                      0.000     0.000 f  clk_enable (IN)
                         net (fo=1375, unset)         0.410     0.410    u_Discrete_FIR_Filter/clk_enable
                         FDCE                                         f  u_Discrete_FIR_Filter/delay10_reg[0][0]/CE
  -------------------------------------------------------------------    -------------------

                         (clock MWCLK rise edge)      0.000     0.000 r  
                                                      0.000     0.000 r  clk (IN)
                         net (fo=1375, unset)         0.432     0.432    u_Discrete_FIR_Filter/clk
                         FDCE                                         r  u_Discrete_FIR_Filter/delay10_reg[0][0]/C





