#-----------------------------------------------------------
# Vivado v2024.1 (64-bit)
# SW Build 5076996 on Wed May 22 18:37:14 MDT 2024
# IP Build 5075265 on Wed May 22 21:45:21 MDT 2024
# SharedData Build 5076995 on Wed May 22 18:29:18 MDT 2024
# Start of session at: Wed Jan 14 09:07:49 2026
# Process ID: 34620
# Current directory: C:/demo/MultichannelFIRFilterForFPGAExample/Multichannel_FIR_Filter_fil/fpgaproj
# Command line: vivado.exe -mode batch -source createproject.tcl
# Log file: C:/demo/MultichannelFIRFilterForFPGAExample/Multichannel_FIR_Filter_fil/fpgaproj/vivado.log
# Journal file: C:/demo/MultichannelFIRFilterForFPGAExample/Multichannel_FIR_Filter_fil/fpgaproj\vivado.jou
# Running On        :TS-93724
# Platform          :Windows Server 2016 or Windows 10
# Operating System  :26200
# Processor Detail  :11th Gen Intel(R) Core(TM) i7-1165G7 @ 2.80GHz
# CPU Frequency     :2803 MHz
# CPU Physical cores:4
# CPU Logical cores :8
# Host memory       :34069 MB
# Swap memory       :12884 MB
# Total Virtual     :46954 MB
# Available Virtual :10328 MB
#-----------------------------------------------------------
source createproject.tcl
# create_project -force Multichannel_FIR_Filter_fil .
create_project: Time (s): cpu = 00:00:06 ; elapsed = 00:00:06 . Memory (MB): peak = 627.910 ; gain = 200.340
# set_property target_language VHDL [current_project]
# set_property part xc7a35tcsg324-1 [current_project]
# add_files -norecurse {C:/demo/MultichannelFIRFilterForFPGAExample/hdl_prj/hdlsrc/dspmultichannelhdl/Discrete_FIR_Filter.vhd}
# add_files -norecurse {C:/demo/MultichannelFIRFilterForFPGAExample/hdl_prj/hdlsrc/dspmultichannelhdl/Multichannel_FIR_Filter.vhd}
# add_files -norecurse {C:/demo/MultichannelFIRFilterForFPGAExample/hdl_prj/hdlsrc/dspmultichannelhdl/Multichannel_FIR_Filter_pkg.vhd}
# create_ip -name clk_wiz -vendor xilinx.com -library ip -module_name clk_wiz_0
INFO: [IP_Flow 19-234] Refreshing IP repositories
INFO: [IP_Flow 19-1704] No user IP repositories specified
INFO: [IP_Flow 19-2313] Loaded Vivado IP repository 'C:/Xilinx/Vivado/2024.1/data/ip'.
INFO: [Device 21-403] Loading part xc7a35tcsg324-1
INFO: [Device 21-9227] Part: xc7a35tcsg324-1 does not have CEAM library.
create_ip: Time (s): cpu = 00:00:03 ; elapsed = 00:00:05 . Memory (MB): peak = 1072.230 ; gain = 441.336
# set_property -dict [list  CONFIG.PRIM_IN_FREQ {100.000} CONFIG.CLKOUT1_REQUESTED_OUT_FREQ {25}] [get_ips clk_wiz_0]
# create_ip -name fifo_generator -vendor xilinx.com -library ip -module_name jtag_mac_fifo
# set_property -dict [list CONFIG.Fifo_Implementation {Independent_Clocks_Block_RAM} CONFIG.Input_Data_Width {8} CONFIG.Input_Depth {4096} CONFIG.Read_Data_Count {true}  CONFIG.Use_Embedded_Registers {false} CONFIG.read_data_count_width {12} CONFIG.Almost_Full_Flag {true}] [get_ips jtag_mac_fifo]
# create_ip -name fifo_generator -vendor xilinx.com -library ip -module_name simcycle_fifo
# set_property -dict [list CONFIG.Fifo_Implementation {Independent_Clocks_Block_RAM} CONFIG.Input_Data_Width {16} CONFIG.Input_Depth {16} CONFIG.Use_Embedded_Registers {false} ] [get_ips simcycle_fifo]
# generate_target all [get_ips] -force
INFO: [IP_Flow 19-1686] Generating 'Instantiation Template' target for IP 'clk_wiz_0'...
INFO: [IP_Flow 19-1686] Generating 'Synthesis' target for IP 'clk_wiz_0'...
INFO: [IP_Flow 19-1686] Generating 'Simulation' target for IP 'clk_wiz_0'...
INFO: [IP_Flow 19-1686] Generating 'Implementation' target for IP 'clk_wiz_0'...
INFO: [IP_Flow 19-1686] Generating 'Change Log' target for IP 'clk_wiz_0'...
INFO: [IP_Flow 19-1686] Generating 'Instantiation Template' target for IP 'jtag_mac_fifo'...
INFO: [IP_Flow 19-1686] Generating 'Synthesis' target for IP 'jtag_mac_fifo'...
INFO: [IP_Flow 19-1686] Generating 'Simulation' target for IP 'jtag_mac_fifo'...
INFO: [IP_Flow 19-1686] Generating 'Change Log' target for IP 'jtag_mac_fifo'...
INFO: [IP_Flow 19-1686] Generating 'Instantiation Template' target for IP 'simcycle_fifo'...
INFO: [IP_Flow 19-1686] Generating 'Synthesis' target for IP 'simcycle_fifo'...
INFO: [IP_Flow 19-1686] Generating 'Simulation' target for IP 'simcycle_fifo'...
INFO: [IP_Flow 19-1686] Generating 'Change Log' target for IP 'simcycle_fifo'...
# add_files -norecurse {C:/demo/MultichannelFIRFilterForFPGAExample/Multichannel_FIR_Filter_fil/filsrc/jtag_mac.v}
# add_files -norecurse {C:/demo/MultichannelFIRFilterForFPGAExample/Multichannel_FIR_Filter_fil/filsrc/jtag_mac_fifo_wrapper.vhd}
# add_files -norecurse {C:/demo/MultichannelFIRFilterForFPGAExample/Multichannel_FIR_Filter_fil/filsrc/simcycle_fifo_wrapper.vhd}
# add_files -norecurse {C:/demo/MultichannelFIRFilterForFPGAExample/Multichannel_FIR_Filter_fil/filsrc/mwfil_dpscram.vhd}
# add_files -norecurse {C:/demo/MultichannelFIRFilterForFPGAExample/Multichannel_FIR_Filter_fil/filsrc/mwfil_udfifo.vhd}
# add_files -norecurse {C:/demo/MultichannelFIRFilterForFPGAExample/Multichannel_FIR_Filter_fil/filsrc/mwfil_bus2dut.vhd}
# add_files -norecurse {C:/demo/MultichannelFIRFilterForFPGAExample/Multichannel_FIR_Filter_fil/filsrc/mwfil_chifcore.vhd}
# add_files -norecurse {C:/demo/MultichannelFIRFilterForFPGAExample/Multichannel_FIR_Filter_fil/filsrc/mwfil_controller.vhd}
# add_files -norecurse {C:/demo/MultichannelFIRFilterForFPGAExample/Multichannel_FIR_Filter_fil/filsrc/mwfil_dut2bus.vhd}
# add_files -norecurse {C:/demo/MultichannelFIRFilterForFPGAExample/Multichannel_FIR_Filter_fil/filsrc/Multichannel_FIR_Filter_wrapper.vhd}
# add_files -norecurse {C:/demo/MultichannelFIRFilterForFPGAExample/Multichannel_FIR_Filter_fil/filsrc/mwfil_chiftop.vhd}
# add_files -norecurse {C:/demo/MultichannelFIRFilterForFPGAExample/Multichannel_FIR_Filter_fil/filsrc/Multichannel_FIR_Filter_fil.vhd}
# add_files -norecurse {C:/demo/MultichannelFIRFilterForFPGAExample/Multichannel_FIR_Filter_fil/filsrc/Multichannel_FIR_Filter_fil.xdc}
# set_property top Multichannel_FIR_Filter_fil [current_fileset]
# launch_runs synth_1 -jobs 4
INFO: [IP_Flow 19-6924] IPCACHE: Running cache check for IP inst: jtag_mac_fifo
INFO: [IP_Flow 19-6924] IPCACHE: Running cache check for IP inst: simcycle_fifo
INFO: [IP_Flow 19-6924] IPCACHE: Running cache check for IP inst: clk_wiz_0
WARNING: [Vivado 12-7122] Auto Incremental Compile:: No reference checkpoint was found in run synth_1. Auto-incremental flow will not be run, the standard flow will be run instead.
[Wed Jan 14 09:08:08 2026] Launched simcycle_fifo_synth_1, clk_wiz_0_synth_1, jtag_mac_fifo_synth_1...
Run output will be captured here:
simcycle_fifo_synth_1: C:/demo/MultichannelFIRFilterForFPGAExample/Multichannel_FIR_Filter_fil/fpgaproj/Multichannel_FIR_Filter_fil.runs/simcycle_fifo_synth_1/runme.log
clk_wiz_0_synth_1: C:/demo/MultichannelFIRFilterForFPGAExample/Multichannel_FIR_Filter_fil/fpgaproj/Multichannel_FIR_Filter_fil.runs/clk_wiz_0_synth_1/runme.log
jtag_mac_fifo_synth_1: C:/demo/MultichannelFIRFilterForFPGAExample/Multichannel_FIR_Filter_fil/fpgaproj/Multichannel_FIR_Filter_fil.runs/jtag_mac_fifo_synth_1/runme.log
[Wed Jan 14 09:08:08 2026] Launched synth_1...
Run output will be captured here: C:/demo/MultichannelFIRFilterForFPGAExample/Multichannel_FIR_Filter_fil/fpgaproj/Multichannel_FIR_Filter_fil.runs/synth_1/runme.log
# wait_on_run synth_1
[Wed Jan 14 09:08:08 2026] Waiting for synth_1 to finish...

*** Running vivado
    with args -log Multichannel_FIR_Filter_fil.vds -m64 -product Vivado -mode batch -messageDb vivado.pb -notrace -source Multichannel_FIR_Filter_fil.tcl



****** Vivado v2024.1 (64-bit)
  **** SW Build 5076996 on Wed May 22 18:37:14 MDT 2024
  **** IP Build 5075265 on Wed May 22 21:45:21 MDT 2024
  **** SharedData Build 5076995 on Wed May 22 18:29:18 MDT 2024
  **** Start of session at: Wed Jan 14 09:09:12 2026
    ** Copyright 1986-2022 Xilinx, Inc. All Rights Reserved.
    ** Copyright 2022-2024 Advanced Micro Devices, Inc. All Rights Reserved.

source Multichannel_FIR_Filter_fil.tcl -notrace
create_project: Time (s): cpu = 00:00:06 ; elapsed = 00:00:06 . Memory (MB): peak = 627.441 ; gain = 197.613
Command: synth_design -top Multichannel_FIR_Filter_fil -part xc7a35tcsg324-1
Starting synth_design
Attempting to get a license for feature 'Synthesis' and/or device 'xc7a35t'
INFO: [Common 17-349] Got license for feature 'Synthesis' and/or device 'xc7a35t'
INFO: [Device 21-403] Loading part xc7a35tcsg324-1
INFO: [Device 21-9227] Part: xc7a35tcsg324-1 does not have CEAM library.
INFO: [Synth 8-7079] Multithreading enabled for synth_design using a maximum of 2 processes.
INFO: [Synth 8-7078] Launching helper process for spawning children vivado processes
INFO: [Synth 8-7075] Helper process launched with PID 25824
---------------------------------------------------------------------------------
Starting RTL Elaboration : Time (s): cpu = 00:00:04 ; elapsed = 00:00:04 . Memory (MB): peak = 1493.789 ; gain = 448.617
---------------------------------------------------------------------------------
INFO: [Synth 8-638] synthesizing module 'Multichannel_FIR_Filter_fil' [C:/demo/MultichannelFIRFilterForFPGAExample/Multichannel_FIR_Filter_fil/filsrc/Multichannel_FIR_Filter_fil.vhd:26]
INFO: [Synth 8-3491] module 'clk_wiz_0' declared at 'C:/demo/MultichannelFIRFilterForFPGAExample/Multichannel_FIR_Filter_fil/fpgaproj/Multichannel_FIR_Filter_fil.runs/synth_1/.Xil/Vivado-24260-TS-93724/realtime/clk_wiz_0_stub.vhdl:6' bound to instance 'u_clk_wiz_0' of component 'clk_wiz_0' [C:/demo/MultichannelFIRFilterForFPGAExample/Multichannel_FIR_Filter_fil/filsrc/Multichannel_FIR_Filter_fil.vhd:113]
INFO: [Synth 8-638] synthesizing module 'clk_wiz_0' [C:/demo/MultichannelFIRFilterForFPGAExample/Multichannel_FIR_Filter_fil/fpgaproj/Multichannel_FIR_Filter_fil.runs/synth_1/.Xil/Vivado-24260-TS-93724/realtime/clk_wiz_0_stub.vhdl:16]
INFO: [Synth 8-3491] module 'BSCANE2' declared at 'C:/Xilinx/Vivado/2024.1/scripts/rt/data/unisim_comp.v:1752' bound to instance 'u_BSCANE2' of component 'BSCANE2' [C:/demo/MultichannelFIRFilterForFPGAExample/Multichannel_FIR_Filter_fil/filsrc/Multichannel_FIR_Filter_fil.vhd:121]
INFO: [Synth 8-6157] synthesizing module 'BSCANE2' [C:/Xilinx/Vivado/2024.1/scripts/rt/data/unisim_comp.v:1752]
INFO: [Synth 8-6155] done synthesizing module 'BSCANE2' (0#1) [C:/Xilinx/Vivado/2024.1/scripts/rt/data/unisim_comp.v:1752]
INFO: [Synth 8-3491] module 'jtag_mac' declared at 'C:/demo/MultichannelFIRFilterForFPGAExample/Multichannel_FIR_Filter_fil/filsrc/jtag_mac.v:13' bound to instance 'u_jtag_mac' of component 'jtag_mac' [C:/demo/MultichannelFIRFilterForFPGAExample/Multichannel_FIR_Filter_fil/filsrc/Multichannel_FIR_Filter_fil.vhd:136]
INFO: [Synth 8-6157] synthesizing module 'jtag_mac' [C:/demo/MultichannelFIRFilterForFPGAExample/Multichannel_FIR_Filter_fil/filsrc/jtag_mac.v:13]
INFO: [Synth 8-638] synthesizing module 'simcycle_fifo_wrapper' [C:/demo/MultichannelFIRFilterForFPGAExample/Multichannel_FIR_Filter_fil/filsrc/simcycle_fifo_wrapper.vhd:28]
WARNING: [Synth 8-5640] Port 'wr_rst_busy' is missing in component declaration [C:/demo/MultichannelFIRFilterForFPGAExample/Multichannel_FIR_Filter_fil/filsrc/simcycle_fifo_wrapper.vhd:30]
WARNING: [Synth 8-5640] Port 'rd_rst_busy' is missing in component declaration [C:/demo/MultichannelFIRFilterForFPGAExample/Multichannel_FIR_Filter_fil/filsrc/simcycle_fifo_wrapper.vhd:30]
INFO: [Synth 8-3491] module 'simcycle_fifo' declared at 'C:/demo/MultichannelFIRFilterForFPGAExample/Multichannel_FIR_Filter_fil/fpgaproj/Multichannel_FIR_Filter_fil.runs/synth_1/.Xil/Vivado-24260-TS-93724/realtime/simcycle_fifo_stub.vhdl:6' bound to instance 'u_simcycle_fifo' of component 'simcycle_fifo' [C:/demo/MultichannelFIRFilterForFPGAExample/Multichannel_FIR_Filter_fil/filsrc/simcycle_fifo_wrapper.vhd:46]
INFO: [Synth 8-638] synthesizing module 'simcycle_fifo' [C:/demo/MultichannelFIRFilterForFPGAExample/Multichannel_FIR_Filter_fil/fpgaproj/Multichannel_FIR_Filter_fil.runs/synth_1/.Xil/Vivado-24260-TS-93724/realtime/simcycle_fifo_stub.vhdl:23]
INFO: [Synth 8-256] done synthesizing module 'simcycle_fifo_wrapper' (0#1) [C:/demo/MultichannelFIRFilterForFPGAExample/Multichannel_FIR_Filter_fil/filsrc/simcycle_fifo_wrapper.vhd:28]
INFO: [Synth 8-638] synthesizing module 'jtag_mac_fifo_wrapper' [C:/demo/MultichannelFIRFilterForFPGAExample/Multichannel_FIR_Filter_fil/filsrc/jtag_mac_fifo_wrapper.vhd:30]
WARNING: [Synth 8-5640] Port 'wr_rst_busy' is missing in component declaration [C:/demo/MultichannelFIRFilterForFPGAExample/Multichannel_FIR_Filter_fil/filsrc/jtag_mac_fifo_wrapper.vhd:32]
WARNING: [Synth 8-5640] Port 'rd_rst_busy' is missing in component declaration [C:/demo/MultichannelFIRFilterForFPGAExample/Multichannel_FIR_Filter_fil/filsrc/jtag_mac_fifo_wrapper.vhd:32]
INFO: [Synth 8-3491] module 'jtag_mac_fifo' declared at 'C:/demo/MultichannelFIRFilterForFPGAExample/Multichannel_FIR_Filter_fil/fpgaproj/Multichannel_FIR_Filter_fil.runs/synth_1/.Xil/Vivado-24260-TS-93724/realtime/jtag_mac_fifo_stub.vhdl:6' bound to instance 'u_jtag_mac_fifo' of component 'jtag_mac_fifo' [C:/demo/MultichannelFIRFilterForFPGAExample/Multichannel_FIR_Filter_fil/filsrc/jtag_mac_fifo_wrapper.vhd:50]
INFO: [Synth 8-638] synthesizing module 'jtag_mac_fifo' [C:/demo/MultichannelFIRFilterForFPGAExample/Multichannel_FIR_Filter_fil/fpgaproj/Multichannel_FIR_Filter_fil.runs/synth_1/.Xil/Vivado-24260-TS-93724/realtime/jtag_mac_fifo_stub.vhdl:25]
INFO: [Synth 8-256] done synthesizing module 'jtag_mac_fifo_wrapper' (0#1) [C:/demo/MultichannelFIRFilterForFPGAExample/Multichannel_FIR_Filter_fil/filsrc/jtag_mac_fifo_wrapper.vhd:30]
WARNING: [Synth 8-7071] port 'almost_full' of module 'jtag_mac_fifo_wrapper' is unconnected for instance 'u_pre_chif_fifo' [C:/demo/MultichannelFIRFilterForFPGAExample/Multichannel_FIR_Filter_fil/filsrc/jtag_mac.v:69]
WARNING: [Synth 8-7023] instance 'u_pre_chif_fifo' of module 'jtag_mac_fifo_wrapper' has 11 connections declared, but only 10 given [C:/demo/MultichannelFIRFilterForFPGAExample/Multichannel_FIR_Filter_fil/filsrc/jtag_mac.v:69]
WARNING: [Synth 8-567] referenced signal 'wr_len' should be on the sensitivity list [C:/demo/MultichannelFIRFilterForFPGAExample/Multichannel_FIR_Filter_fil/filsrc/jtag_mac.v:188]
WARNING: [Synth 8-567] referenced signal 'skip_len' should be on the sensitivity list [C:/demo/MultichannelFIRFilterForFPGAExample/Multichannel_FIR_Filter_fil/filsrc/jtag_mac.v:188]
WARNING: [Synth 8-567] referenced signal 'act_rd_len' should be on the sensitivity list [C:/demo/MultichannelFIRFilterForFPGAExample/Multichannel_FIR_Filter_fil/filsrc/jtag_mac.v:188]
INFO: [Synth 8-6155] done synthesizing module 'jtag_mac' (0#1) [C:/demo/MultichannelFIRFilterForFPGAExample/Multichannel_FIR_Filter_fil/filsrc/jtag_mac.v:13]
INFO: [Synth 8-3491] module 'mwfil_chiftop' declared at 'C:/demo/MultichannelFIRFilterForFPGAExample/Multichannel_FIR_Filter_fil/filsrc/mwfil_chiftop.vhd:13' bound to instance 'u_mwfil_chiftop' of component 'mwfil_chiftop' [C:/demo/MultichannelFIRFilterForFPGAExample/Multichannel_FIR_Filter_fil/filsrc/Multichannel_FIR_Filter_fil.vhd:154]
INFO: [Synth 8-638] synthesizing module 'mwfil_chiftop' [C:/demo/MultichannelFIRFilterForFPGAExample/Multichannel_FIR_Filter_fil/filsrc/mwfil_chiftop.vhd:27]
	Parameter INWORD bound to: 4 - type: integer 
	Parameter OUTWORD bound to: 11 - type: integer 
	Parameter WORDSIZE bound to: 8 - type: integer 
	Parameter HASENABLE bound to: 1 - type: integer 
	Parameter FREERUNNING bound to: 0 - type: integer 
INFO: [Synth 8-3491] module 'mwfil_chifcore' declared at 'C:/demo/MultichannelFIRFilterForFPGAExample/Multichannel_FIR_Filter_fil/filsrc/mwfil_chifcore.vhd:14' bound to instance 'u_mwfil_chifcore' of component 'mwfil_chifcore' [C:/demo/MultichannelFIRFilterForFPGAExample/Multichannel_FIR_Filter_fil/filsrc/mwfil_chiftop.vhd:76]
INFO: [Synth 8-638] synthesizing module 'mwfil_chifcore' [C:/demo/MultichannelFIRFilterForFPGAExample/Multichannel_FIR_Filter_fil/filsrc/mwfil_chifcore.vhd:48]
	Parameter INWORD bound to: 4 - type: integer 
	Parameter OUTWORD bound to: 11 - type: integer 
	Parameter WORDSIZE bound to: 8 - type: integer 
	Parameter HASENABLE bound to: 1 - type: integer 
	Parameter FREERUNNING bound to: 0 - type: integer 
	Parameter WORDSIZE bound to: 8 - type: integer 
	Parameter OUTWORD bound to: 4 - type: integer 
INFO: [Synth 8-3491] module 'mwfil_bus2dut' declared at 'C:/demo/MultichannelFIRFilterForFPGAExample/Multichannel_FIR_Filter_fil/filsrc/mwfil_bus2dut.vhd:13' bound to instance 'u_bus2dut' of component 'mwfil_bus2dut' [C:/demo/MultichannelFIRFilterForFPGAExample/Multichannel_FIR_Filter_fil/filsrc/mwfil_chifcore.vhd:186]
INFO: [Synth 8-638] synthesizing module 'mwfil_bus2dut' [C:/demo/MultichannelFIRFilterForFPGAExample/Multichannel_FIR_Filter_fil/filsrc/mwfil_bus2dut.vhd:34]
	Parameter WORDSIZE bound to: 8 - type: integer 
	Parameter OUTWORD bound to: 4 - type: integer 
INFO: [Synth 8-256] done synthesizing module 'mwfil_bus2dut' (0#1) [C:/demo/MultichannelFIRFilterForFPGAExample/Multichannel_FIR_Filter_fil/filsrc/mwfil_bus2dut.vhd:34]
	Parameter fifo_depth bound to: 16 - type: integer 
	Parameter fifo_uword bound to: 4 - type: integer 
	Parameter fifo_width bound to: 32 - type: integer 
INFO: [Synth 8-3491] module 'mwfil_udfifo' declared at 'C:/demo/MultichannelFIRFilterForFPGAExample/Multichannel_FIR_Filter_fil/filsrc/mwfil_udfifo.vhd:14' bound to instance 'u_b2dfifo' of component 'mwfil_udfifo' [C:/demo/MultichannelFIRFilterForFPGAExample/Multichannel_FIR_Filter_fil/filsrc/mwfil_chifcore.vhd:201]
INFO: [Synth 8-638] synthesizing module 'mwfil_udfifo' [C:/demo/MultichannelFIRFilterForFPGAExample/Multichannel_FIR_Filter_fil/filsrc/mwfil_udfifo.vhd:33]
	Parameter fifo_depth bound to: 16 - type: integer 
	Parameter fifo_uword bound to: 4 - type: integer 
	Parameter fifo_width bound to: 32 - type: integer 
	Parameter DATA bound to: 32 - type: integer 
	Parameter ADDR bound to: 4 - type: integer 
INFO: [Synth 8-3491] module 'mwfil_dpscram' declared at 'C:/demo/MultichannelFIRFilterForFPGAExample/Multichannel_FIR_Filter_fil/filsrc/mwfil_dpscram.vhd:12' bound to instance 'u_dpscram' of component 'mwfil_dpscram' [C:/demo/MultichannelFIRFilterForFPGAExample/Multichannel_FIR_Filter_fil/filsrc/mwfil_udfifo.vhd:130]
INFO: [Synth 8-638] synthesizing module 'mwfil_dpscram' [C:/demo/MultichannelFIRFilterForFPGAExample/Multichannel_FIR_Filter_fil/filsrc/mwfil_dpscram.vhd:31]
	Parameter DATA bound to: 32 - type: integer 
	Parameter ADDR bound to: 4 - type: integer 
INFO: [Synth 8-256] done synthesizing module 'mwfil_dpscram' (0#1) [C:/demo/MultichannelFIRFilterForFPGAExample/Multichannel_FIR_Filter_fil/filsrc/mwfil_dpscram.vhd:31]
INFO: [Synth 8-256] done synthesizing module 'mwfil_udfifo' (0#1) [C:/demo/MultichannelFIRFilterForFPGAExample/Multichannel_FIR_Filter_fil/filsrc/mwfil_udfifo.vhd:33]
	Parameter HASENABLE bound to: 1 - type: integer 
	Parameter FREERUNNING bound to: 0 - type: integer 
INFO: [Synth 8-3491] module 'mwfil_controller' declared at 'C:/demo/MultichannelFIRFilterForFPGAExample/Multichannel_FIR_Filter_fil/filsrc/mwfil_controller.vhd:15' bound to instance 'u_controller' of component 'mwfil_controller' [C:/demo/MultichannelFIRFilterForFPGAExample/Multichannel_FIR_Filter_fil/filsrc/mwfil_chifcore.vhd:228]
INFO: [Synth 8-638] synthesizing module 'mwfil_controller' [C:/demo/MultichannelFIRFilterForFPGAExample/Multichannel_FIR_Filter_fil/filsrc/mwfil_controller.vhd:45]
	Parameter HASENABLE bound to: 1 - type: integer 
	Parameter FREERUNNING bound to: 0 - type: integer 
INFO: [Synth 8-256] done synthesizing module 'mwfil_controller' (0#1) [C:/demo/MultichannelFIRFilterForFPGAExample/Multichannel_FIR_Filter_fil/filsrc/mwfil_controller.vhd:45]
	Parameter fifo_depth bound to: 16 - type: integer 
	Parameter fifo_uword bound to: 4 - type: integer 
	Parameter fifo_width bound to: 88 - type: integer 
INFO: [Synth 8-3491] module 'mwfil_udfifo' declared at 'C:/demo/MultichannelFIRFilterForFPGAExample/Multichannel_FIR_Filter_fil/filsrc/mwfil_udfifo.vhd:14' bound to instance 'u_d2bfifo' of component 'mwfil_udfifo' [C:/demo/MultichannelFIRFilterForFPGAExample/Multichannel_FIR_Filter_fil/filsrc/mwfil_chifcore.vhd:258]
INFO: [Synth 8-638] synthesizing module 'mwfil_udfifo__parameterized1' [C:/demo/MultichannelFIRFilterForFPGAExample/Multichannel_FIR_Filter_fil/filsrc/mwfil_udfifo.vhd:33]
	Parameter fifo_depth bound to: 16 - type: integer 
	Parameter fifo_uword bound to: 4 - type: integer 
	Parameter fifo_width bound to: 88 - type: integer 
	Parameter DATA bound to: 88 - type: integer 
	Parameter ADDR bound to: 4 - type: integer 
INFO: [Synth 8-3491] module 'mwfil_dpscram' declared at 'C:/demo/MultichannelFIRFilterForFPGAExample/Multichannel_FIR_Filter_fil/filsrc/mwfil_dpscram.vhd:12' bound to instance 'u_dpscram' of component 'mwfil_dpscram' [C:/demo/MultichannelFIRFilterForFPGAExample/Multichannel_FIR_Filter_fil/filsrc/mwfil_udfifo.vhd:130]
INFO: [Synth 8-638] synthesizing module 'mwfil_dpscram__parameterized1' [C:/demo/MultichannelFIRFilterForFPGAExample/Multichannel_FIR_Filter_fil/filsrc/mwfil_dpscram.vhd:31]
	Parameter DATA bound to: 88 - type: integer 
	Parameter ADDR bound to: 4 - type: integer 
INFO: [Synth 8-256] done synthesizing module 'mwfil_dpscram__parameterized1' (0#1) [C:/demo/MultichannelFIRFilterForFPGAExample/Multichannel_FIR_Filter_fil/filsrc/mwfil_dpscram.vhd:31]
INFO: [Synth 8-256] done synthesizing module 'mwfil_udfifo__parameterized1' (0#1) [C:/demo/MultichannelFIRFilterForFPGAExample/Multichannel_FIR_Filter_fil/filsrc/mwfil_udfifo.vhd:33]
	Parameter WORDSIZE bound to: 8 - type: integer 
	Parameter OUTWORD bound to: 11 - type: integer 
INFO: [Synth 8-3491] module 'mwfil_dut2bus' declared at 'C:/demo/MultichannelFIRFilterForFPGAExample/Multichannel_FIR_Filter_fil/filsrc/mwfil_dut2bus.vhd:12' bound to instance 'u_dut2bus' of component 'mwfil_dut2bus' [C:/demo/MultichannelFIRFilterForFPGAExample/Multichannel_FIR_Filter_fil/filsrc/mwfil_chifcore.vhd:275]
INFO: [Synth 8-638] synthesizing module 'mwfil_dut2bus' [C:/demo/MultichannelFIRFilterForFPGAExample/Multichannel_FIR_Filter_fil/filsrc/mwfil_dut2bus.vhd:33]
	Parameter WORDSIZE bound to: 8 - type: integer 
	Parameter OUTWORD bound to: 11 - type: integer 
INFO: [Synth 8-256] done synthesizing module 'mwfil_dut2bus' (0#1) [C:/demo/MultichannelFIRFilterForFPGAExample/Multichannel_FIR_Filter_fil/filsrc/mwfil_dut2bus.vhd:33]
INFO: [Synth 8-256] done synthesizing module 'mwfil_chifcore' (0#1) [C:/demo/MultichannelFIRFilterForFPGAExample/Multichannel_FIR_Filter_fil/filsrc/mwfil_chifcore.vhd:48]
INFO: [Synth 8-3491] module 'Multichannel_FIR_Filter_wrapper' declared at 'C:/demo/MultichannelFIRFilterForFPGAExample/Multichannel_FIR_Filter_fil/filsrc/Multichannel_FIR_Filter_wrapper.vhd:13' bound to instance 'u_dut' of component 'Multichannel_FIR_Filter_wrapper' [C:/demo/MultichannelFIRFilterForFPGAExample/Multichannel_FIR_Filter_fil/filsrc/mwfil_chiftop.vhd:102]
INFO: [Synth 8-638] synthesizing module 'Multichannel_FIR_Filter_wrapper' [C:/demo/MultichannelFIRFilterForFPGAExample/Multichannel_FIR_Filter_fil/filsrc/Multichannel_FIR_Filter_wrapper.vhd:23]
INFO: [Synth 8-3491] module 'Multichannel_FIR_Filter' declared at 'C:/demo/MultichannelFIRFilterForFPGAExample/hdl_prj/hdlsrc/dspmultichannelhdl/Multichannel_FIR_Filter.vhd:44' bound to instance 'u_Multichannel_FIR_Filter' of component 'Multichannel_FIR_Filter' [C:/demo/MultichannelFIRFilterForFPGAExample/Multichannel_FIR_Filter_fil/filsrc/Multichannel_FIR_Filter_wrapper.vhd:55]
INFO: [Synth 8-638] synthesizing module 'Multichannel_FIR_Filter' [C:/demo/MultichannelFIRFilterForFPGAExample/hdl_prj/hdlsrc/dspmultichannelhdl/Multichannel_FIR_Filter.vhd:57]
INFO: [Synth 8-3491] module 'Discrete_FIR_Filter' declared at 'C:/demo/MultichannelFIRFilterForFPGAExample/hdl_prj/hdlsrc/dspmultichannelhdl/Discrete_FIR_Filter.vhd:24' bound to instance 'u_Discrete_FIR_Filter' of component 'Discrete_FIR_Filter' [C:/demo/MultichannelFIRFilterForFPGAExample/hdl_prj/hdlsrc/dspmultichannelhdl/Multichannel_FIR_Filter.vhd:78]
INFO: [Synth 8-638] synthesizing module 'Discrete_FIR_Filter' [C:/demo/MultichannelFIRFilterForFPGAExample/hdl_prj/hdlsrc/dspmultichannelhdl/Discrete_FIR_Filter.vhd:34]
INFO: [Synth 8-256] done synthesizing module 'Discrete_FIR_Filter' (0#1) [C:/demo/MultichannelFIRFilterForFPGAExample/hdl_prj/hdlsrc/dspmultichannelhdl/Discrete_FIR_Filter.vhd:34]
INFO: [Synth 8-256] done synthesizing module 'Multichannel_FIR_Filter' (0#1) [C:/demo/MultichannelFIRFilterForFPGAExample/hdl_prj/hdlsrc/dspmultichannelhdl/Multichannel_FIR_Filter.vhd:57]
INFO: [Synth 8-256] done synthesizing module 'Multichannel_FIR_Filter_wrapper' (0#1) [C:/demo/MultichannelFIRFilterForFPGAExample/Multichannel_FIR_Filter_fil/filsrc/Multichannel_FIR_Filter_wrapper.vhd:23]
INFO: [Synth 8-256] done synthesizing module 'mwfil_chiftop' (0#1) [C:/demo/MultichannelFIRFilterForFPGAExample/Multichannel_FIR_Filter_fil/filsrc/mwfil_chiftop.vhd:27]
INFO: [Synth 8-256] done synthesizing module 'Multichannel_FIR_Filter_fil' (0#1) [C:/demo/MultichannelFIRFilterForFPGAExample/Multichannel_FIR_Filter_fil/filsrc/Multichannel_FIR_Filter_fil.vhd:26]
WARNING: [Synth 8-6014] Unused sequential element LOCKEDSTEP_CTRL.reset_d1_reg was removed.  [C:/demo/MultichannelFIRFilterForFPGAExample/Multichannel_FIR_Filter_fil/filsrc/mwfil_controller.vhd:78]
WARNING: [Synth 8-3848] Net dut_din_valid in module/entity mwfil_controller does not have driver. [C:/demo/MultichannelFIRFilterForFPGAExample/Multichannel_FIR_Filter_fil/filsrc/mwfil_controller.vhd:33]
WARNING: [Synth 8-3848] Net dut_dout_ready in module/entity mwfil_controller does not have driver. [C:/demo/MultichannelFIRFilterForFPGAExample/Multichannel_FIR_Filter_fil/filsrc/mwfil_controller.vhd:36]
WARNING: [Synth 8-3848] Net dut_din_valid in module/entity mwfil_chifcore does not have driver. [C:/demo/MultichannelFIRFilterForFPGAExample/Multichannel_FIR_Filter_fil/filsrc/mwfil_chifcore.vhd:42]
WARNING: [Synth 8-3848] Net dut_din_ready_axis_fifo in module/entity mwfil_chifcore does not have driver. [C:/demo/MultichannelFIRFilterForFPGAExample/Multichannel_FIR_Filter_fil/filsrc/mwfil_chifcore.vhd:180]
WARNING: [Synth 8-3848] Net dut_din_ready in module/entity mwfil_chiftop does not have driver. [C:/demo/MultichannelFIRFilterForFPGAExample/Multichannel_FIR_Filter_fil/filsrc/mwfil_chiftop.vhd:70]
WARNING: [Synth 8-3848] Net dut_dout_valid in module/entity mwfil_chiftop does not have driver. [C:/demo/MultichannelFIRFilterForFPGAExample/Multichannel_FIR_Filter_fil/filsrc/mwfil_chiftop.vhd:71]
WARNING: [Synth 8-7129] Port dut_din_valid in module mwfil_controller is either unconnected or has no load
WARNING: [Synth 8-7129] Port dut_dout_ready in module mwfil_controller is either unconnected or has no load
WARNING: [Synth 8-7129] Port dut_din_ready in module mwfil_controller is either unconnected or has no load
WARNING: [Synth 8-7129] Port dut_dout_valid in module mwfil_controller is either unconnected or has no load
WARNING: [Synth 8-7129] Port dut_din_valid in module mwfil_chifcore is either unconnected or has no load
WARNING: [Synth 8-7129] Port dut_din_ready in module mwfil_chifcore is either unconnected or has no load
---------------------------------------------------------------------------------
Finished RTL Elaboration : Time (s): cpu = 00:00:05 ; elapsed = 00:00:06 . Memory (MB): peak = 1622.438 ; gain = 577.266
---------------------------------------------------------------------------------
---------------------------------------------------------------------------------
Start Handling Custom Attributes
---------------------------------------------------------------------------------
---------------------------------------------------------------------------------
Finished Handling Custom Attributes : Time (s): cpu = 00:00:05 ; elapsed = 00:00:06 . Memory (MB): peak = 1622.438 ; gain = 577.266
---------------------------------------------------------------------------------
---------------------------------------------------------------------------------
Finished RTL Optimization Phase 1 : Time (s): cpu = 00:00:05 ; elapsed = 00:00:06 . Memory (MB): peak = 1622.438 ; gain = 577.266
---------------------------------------------------------------------------------
Netlist sorting complete. Time (s): cpu = 00:00:00 ; elapsed = 00:00:00.027 . Memory (MB): peak = 1622.438 ; gain = 0.000
INFO: [Project 1-570] Preparing netlist for logic optimization

Processing XDC Constraints
Initializing timing engine
Parsing XDC File [c:/demo/MultichannelFIRFilterForFPGAExample/Multichannel_FIR_Filter_fil/fpgaproj/Multichannel_FIR_Filter_fil.gen/sources_1/ip/simcycle_fifo/simcycle_fifo/simcycle_fifo_in_context.xdc] for cell 'u_jtag_mac/u_simcycle_fifo/u_simcycle_fifo'
Finished Parsing XDC File [c:/demo/MultichannelFIRFilterForFPGAExample/Multichannel_FIR_Filter_fil/fpgaproj/Multichannel_FIR_Filter_fil.gen/sources_1/ip/simcycle_fifo/simcycle_fifo/simcycle_fifo_in_context.xdc] for cell 'u_jtag_mac/u_simcycle_fifo/u_simcycle_fifo'
Parsing XDC File [c:/demo/MultichannelFIRFilterForFPGAExample/Multichannel_FIR_Filter_fil/fpgaproj/Multichannel_FIR_Filter_fil.gen/sources_1/ip/clk_wiz_0/clk_wiz_0/clk_wiz_0_in_context.xdc] for cell 'u_clk_wiz_0'
Finished Parsing XDC File [c:/demo/MultichannelFIRFilterForFPGAExample/Multichannel_FIR_Filter_fil/fpgaproj/Multichannel_FIR_Filter_fil.gen/sources_1/ip/clk_wiz_0/clk_wiz_0/clk_wiz_0_in_context.xdc] for cell 'u_clk_wiz_0'
Parsing XDC File [c:/demo/MultichannelFIRFilterForFPGAExample/Multichannel_FIR_Filter_fil/fpgaproj/Multichannel_FIR_Filter_fil.gen/sources_1/ip/jtag_mac_fifo/jtag_mac_fifo/jtag_mac_fifo_in_context.xdc] for cell 'u_jtag_mac/u_pre_chif_fifo/u_jtag_mac_fifo'
Finished Parsing XDC File [c:/demo/MultichannelFIRFilterForFPGAExample/Multichannel_FIR_Filter_fil/fpgaproj/Multichannel_FIR_Filter_fil.gen/sources_1/ip/jtag_mac_fifo/jtag_mac_fifo/jtag_mac_fifo_in_context.xdc] for cell 'u_jtag_mac/u_pre_chif_fifo/u_jtag_mac_fifo'
Parsing XDC File [c:/demo/MultichannelFIRFilterForFPGAExample/Multichannel_FIR_Filter_fil/fpgaproj/Multichannel_FIR_Filter_fil.gen/sources_1/ip/jtag_mac_fifo/jtag_mac_fifo/jtag_mac_fifo_in_context.xdc] for cell 'u_jtag_mac/u_post_chif_fifo/u_jtag_mac_fifo'
Finished Parsing XDC File [c:/demo/MultichannelFIRFilterForFPGAExample/Multichannel_FIR_Filter_fil/fpgaproj/Multichannel_FIR_Filter_fil.gen/sources_1/ip/jtag_mac_fifo/jtag_mac_fifo/jtag_mac_fifo_in_context.xdc] for cell 'u_jtag_mac/u_post_chif_fifo/u_jtag_mac_fifo'
Parsing XDC File [C:/demo/MultichannelFIRFilterForFPGAExample/Multichannel_FIR_Filter_fil/filsrc/Multichannel_FIR_Filter_fil.xdc]
WARNING: [Constraints 18-619] A clock with name 'sysclk' already exists, overwriting the previous clock with the same name. [C:/demo/MultichannelFIRFilterForFPGAExample/Multichannel_FIR_Filter_fil/filsrc/Multichannel_FIR_Filter_fil.xdc:1]
WARNING: [Vivado 12-2489] -period contains time 15.151515 which will be rounded to 15.152 to ensure it is an integer multiple of 1 picosecond [C:/demo/MultichannelFIRFilterForFPGAExample/Multichannel_FIR_Filter_fil/filsrc/Multichannel_FIR_Filter_fil.xdc:4]
WARNING: [Vivado 12-2489] -waveform contains time 7.575758 which will be rounded to 7.576 to ensure it is an integer multiple of 1 picosecond [C:/demo/MultichannelFIRFilterForFPGAExample/Multichannel_FIR_Filter_fil/filsrc/Multichannel_FIR_Filter_fil.xdc:4]
WARNING: [Vivado 12-627] No clocks matched 'clk_out1_clk_wiz_0'. [C:/demo/MultichannelFIRFilterForFPGAExample/Multichannel_FIR_Filter_fil/filsrc/Multichannel_FIR_Filter_fil.xdc:5]
INFO: [Vivado 12-626] No clocks found. Please use 'create_clock' or 'create_generated_clock' command to create clocks. [C:/demo/MultichannelFIRFilterForFPGAExample/Multichannel_FIR_Filter_fil/filsrc/Multichannel_FIR_Filter_fil.xdc:5]
CRITICAL WARNING: [Vivado 12-4739] set_clock_groups:No valid object(s) found for '-group [get_clocks -include_generated_clocks clk_out1_clk_wiz_0]'. [C:/demo/MultichannelFIRFilterForFPGAExample/Multichannel_FIR_Filter_fil/filsrc/Multichannel_FIR_Filter_fil.xdc:5]
Resolution: Check if the specified object(s) exists in the current design. If it does, ensure that the correct design hierarchy was specified for the object. If you are working with clocks, make sure create_clock was used to create the clock object before it is referenced.
CRITICAL WARNING: [Vivado 12-4739] set_clock_groups:No valid object(s) found for '-group '. [C:/demo/MultichannelFIRFilterForFPGAExample/Multichannel_FIR_Filter_fil/filsrc/Multichannel_FIR_Filter_fil.xdc:5]
Resolution: Check if the specified object(s) exists in the current design. If it does, ensure that the correct design hierarchy was specified for the object. If you are working with clocks, make sure create_clock was used to create the clock object before it is referenced.
Finished Parsing XDC File [C:/demo/MultichannelFIRFilterForFPGAExample/Multichannel_FIR_Filter_fil/filsrc/Multichannel_FIR_Filter_fil.xdc]
WARNING: [Project 1-498] One or more constraints failed evaluation while reading constraint file [C:/demo/MultichannelFIRFilterForFPGAExample/Multichannel_FIR_Filter_fil/filsrc/Multichannel_FIR_Filter_fil.xdc] and the design contains unresolved black boxes. These constraints will be read post-synthesis (as long as their source constraint file is marked as used_in_implementation) and should be applied correctly then. You should review the constraints listed in the file [.Xil/Multichannel_FIR_Filter_fil_propImpl.xdc] and check the run log file to verify that these constraints were correctly applied.
INFO: [Project 1-236] Implementation specific constraints were found while reading constraint file [C:/demo/MultichannelFIRFilterForFPGAExample/Multichannel_FIR_Filter_fil/filsrc/Multichannel_FIR_Filter_fil.xdc]. These constraints will be ignored for synthesis but will be used in implementation. Impacted constraints are listed in the file [.Xil/Multichannel_FIR_Filter_fil_propImpl.xdc].
Resolution: To avoid this warning, move constraints listed in [.Xil/Multichannel_FIR_Filter_fil_propImpl.xdc] to another XDC file and exclude this new file from synthesis with the used_in_synthesis property (File Properties dialog in GUI) and re-run elaboration/synthesis.
Completed Processing XDC Constraints

Netlist sorting complete. Time (s): cpu = 00:00:00 ; elapsed = 00:00:00 . Memory (MB): peak = 1715.406 ; gain = 0.000
INFO: [Project 1-111] Unisim Transformation Summary:
No Unisim elements were transformed.

Constraint Validation Runtime : Time (s): cpu = 00:00:00 ; elapsed = 00:00:00.009 . Memory (MB): peak = 1715.406 ; gain = 0.000
---------------------------------------------------------------------------------
Finished Constraint Validation : Time (s): cpu = 00:00:11 ; elapsed = 00:00:12 . Memory (MB): peak = 1715.406 ; gain = 670.234
---------------------------------------------------------------------------------
---------------------------------------------------------------------------------
Start Loading Part and Timing Information
---------------------------------------------------------------------------------
Loading part: xc7a35tcsg324-1
---------------------------------------------------------------------------------
Finished Loading Part and Timing Information : Time (s): cpu = 00:00:11 ; elapsed = 00:00:12 . Memory (MB): peak = 1715.406 ; gain = 670.234
---------------------------------------------------------------------------------
---------------------------------------------------------------------------------
Start Applying 'set_property' XDC Constraints
---------------------------------------------------------------------------------
Applied set_property IO_BUFFER_TYPE = NONE for sysclk. (constraint file  c:/demo/MultichannelFIRFilterForFPGAExample/Multichannel_FIR_Filter_fil/fpgaproj/Multichannel_FIR_Filter_fil.gen/sources_1/ip/clk_wiz_0/clk_wiz_0/clk_wiz_0_in_context.xdc, line 3).
Applied set_property CLOCK_BUFFER_TYPE = NONE for sysclk. (constraint file  c:/demo/MultichannelFIRFilterForFPGAExample/Multichannel_FIR_Filter_fil/fpgaproj/Multichannel_FIR_Filter_fil.gen/sources_1/ip/clk_wiz_0/clk_wiz_0/clk_wiz_0_in_context.xdc, line 4).
Applied set_property KEEP_HIERARCHY = SOFT for u_jtag_mac/u_simcycle_fifo/u_simcycle_fifo. (constraint file  auto generated constraint).
Applied set_property KEEP_HIERARCHY = SOFT for u_clk_wiz_0. (constraint file  auto generated constraint).
Applied set_property KEEP_HIERARCHY = SOFT for u_jtag_mac/u_pre_chif_fifo/u_jtag_mac_fifo. (constraint file  auto generated constraint).
Applied set_property KEEP_HIERARCHY = SOFT for u_jtag_mac/u_post_chif_fifo/u_jtag_mac_fifo. (constraint file  auto generated constraint).
---------------------------------------------------------------------------------
Finished applying 'set_property' XDC Constraints : Time (s): cpu = 00:00:11 ; elapsed = 00:00:12 . Memory (MB): peak = 1715.406 ; gain = 670.234
---------------------------------------------------------------------------------
INFO: [Synth 8-802] inferred FSM for state register 'cs_reg' in module 'jtag_mac'
---------------------------------------------------------------------------------------------------
                   State |                     New Encoding |                Previous Encoding 
---------------------------------------------------------------------------------------------------
                    idle |                  000000000000001 |                  000000000000000
                 get_cmd |                  000000000000010 |                  000000000000010
              get_wr_len |                  000001000000000 |                  000000000000100
                 get_sim |                  000000000010000 |                  000000000001000
                      wr |                  000000000100000 |                  000000000010000
              get_rd_len |                  001000000000000 |                  000000001000000
                get_skip |                  000010000000000 |                  000000010000000
                exe_skip |                  000000001000000 |                  000000100000000
                rdbk_len |                  000000010000000 |                  000001000000000
                rdbk_dat |                  100000000000000 |                  000010000000000
                user_rst |                  010000000000000 |                  000000000000001
            ver_get_skip |                  000100000000000 |                  000100000000000
            ver_exe_skip |                  000000100000000 |                  001000000000000
            ver_rdbk_len |                  000000000000100 |                  010000000000000
            ver_rdbk_dat |                  000000000001000 |                  100000000000000
---------------------------------------------------------------------------------------------------
INFO: [Synth 8-3354] encoded FSM with state register 'cs_reg' using encoding 'one-hot' in module 'jtag_mac'
---------------------------------------------------------------------------------
Finished RTL Optimization Phase 2 : Time (s): cpu = 00:00:12 ; elapsed = 00:00:13 . Memory (MB): peak = 1715.406 ; gain = 670.234
---------------------------------------------------------------------------------
---------------------------------------------------------------------------------
Start RTL Component Statistics 
---------------------------------------------------------------------------------
Detailed RTL Component Info : 
+---Adders : 
	   2 Input   16 Bit       Adders := 48    
	   2 Input   10 Bit       Adders := 1     
	   2 Input    8 Bit       Adders := 1     
	   2 Input    5 Bit       Adders := 1     
	   2 Input    4 Bit       Adders := 5     
	   3 Input    4 Bit       Adders := 2     
+---Registers : 
	               88 Bit    Registers := 3     
	               32 Bit    Registers := 4     
	               16 Bit    Registers := 92    
	               15 Bit    Registers := 3     
	               13 Bit    Registers := 5     
	               10 Bit    Registers := 1     
	                8 Bit    Registers := 3     
	                5 Bit    Registers := 1     
	                4 Bit    Registers := 5     
	                3 Bit    Registers := 1     
	                1 Bit    Registers := 18    
+---RAMs : 
	               1K Bit	(16 X 88 bit)          RAMs := 1     
	              512 Bit	(16 X 32 bit)          RAMs := 1     
+---Muxes : 
	   2 Input   88 Bit        Muxes := 8     
	   3 Input   32 Bit        Muxes := 1     
	   2 Input   32 Bit        Muxes := 3     
	   3 Input   16 Bit        Muxes := 3     
	   2 Input   16 Bit        Muxes := 1     
	   2 Input   15 Bit        Muxes := 1     
	  15 Input   15 Bit        Muxes := 6     
	  38 Input   15 Bit        Muxes := 1     
	   2 Input   14 Bit        Muxes := 12    
	   2 Input   13 Bit        Muxes := 3     
	   3 Input   13 Bit        Muxes := 1     
	   5 Input   12 Bit        Muxes := 6     
	   2 Input   11 Bit        Muxes := 13    
	   2 Input   10 Bit        Muxes := 12    
	   2 Input    9 Bit        Muxes := 1     
	   2 Input    8 Bit        Muxes := 3     
	   3 Input    5 Bit        Muxes := 1     
	   2 Input    5 Bit        Muxes := 7     
	   2 Input    4 Bit        Muxes := 3     
	   2 Input    2 Bit        Muxes := 1     
	   2 Input    1 Bit        Muxes := 13    
	   4 Input    1 Bit        Muxes := 1     
---------------------------------------------------------------------------------
Finished RTL Component Statistics 
---------------------------------------------------------------------------------
---------------------------------------------------------------------------------
Start Part Resource Summary
---------------------------------------------------------------------------------
Part Resources:
DSPs: 90 (col length:60)
BRAMs: 100 (col length: RAMB18 60 RAMB36 30)
---------------------------------------------------------------------------------
Finished Part Resource Summary
---------------------------------------------------------------------------------
---------------------------------------------------------------------------------
Start Cross Boundary and Area Optimization
---------------------------------------------------------------------------------
WARNING: [Synth 8-7080] Parallel synthesis criteria is not met
DSP Report: Generating DSP u_dut/u_Multichannel_FIR_Filter/u_Discrete_FIR_Filter/gain21_mul_temp, operation Mode is: (A:0x75b8)*B.
DSP Report: operator u_dut/u_Multichannel_FIR_Filter/u_Discrete_FIR_Filter/gain21_mul_temp is absorbed into DSP u_dut/u_Multichannel_FIR_Filter/u_Discrete_FIR_Filter/gain21_mul_temp.
DSP Report: Generating DSP u_dut/u_Multichannel_FIR_Filter/u_Discrete_FIR_Filter/Discrete_FIR_Filter_out_tmp[0], operation Mode is: PCIN+A*(B:0xb9).
DSP Report: operator u_dut/u_Multichannel_FIR_Filter/u_Discrete_FIR_Filter/Discrete_FIR_Filter_out_tmp[0] is absorbed into DSP u_dut/u_Multichannel_FIR_Filter/u_Discrete_FIR_Filter/Discrete_FIR_Filter_out_tmp[0].
DSP Report: operator u_dut/u_Multichannel_FIR_Filter/u_Discrete_FIR_Filter/gain0_mul_temp is absorbed into DSP u_dut/u_Multichannel_FIR_Filter/u_Discrete_FIR_Filter/Discrete_FIR_Filter_out_tmp[0].
DSP Report: Generating DSP u_dut/u_Multichannel_FIR_Filter/u_Discrete_FIR_Filter/Discrete_FIR_Filter_out_tmp[0], operation Mode is: PCIN+(A:0x60b7)*B.
DSP Report: operator u_dut/u_Multichannel_FIR_Filter/u_Discrete_FIR_Filter/Discrete_FIR_Filter_out_tmp[0] is absorbed into DSP u_dut/u_Multichannel_FIR_Filter/u_Discrete_FIR_Filter/Discrete_FIR_Filter_out_tmp[0].
DSP Report: operator u_dut/u_Multichannel_FIR_Filter/u_Discrete_FIR_Filter/gain20_mul_temp is absorbed into DSP u_dut/u_Multichannel_FIR_Filter/u_Discrete_FIR_Filter/Discrete_FIR_Filter_out_tmp[0].
DSP Report: Generating DSP u_dut/u_Multichannel_FIR_Filter/u_Discrete_FIR_Filter/Discrete_FIR_Filter_out_tmp[0], operation Mode is: PCIN+A*(B:0x3dae).
DSP Report: operator u_dut/u_Multichannel_FIR_Filter/u_Discrete_FIR_Filter/Discrete_FIR_Filter_out_tmp[0] is absorbed into DSP u_dut/u_Multichannel_FIR_Filter/u_Discrete_FIR_Filter/Discrete_FIR_Filter_out_tmp[0].
DSP Report: operator u_dut/u_Multichannel_FIR_Filter/u_Discrete_FIR_Filter/gain19_mul_temp is absorbed into DSP u_dut/u_Multichannel_FIR_Filter/u_Discrete_FIR_Filter/Discrete_FIR_Filter_out_tmp[0].
DSP Report: Generating DSP u_dut/u_Multichannel_FIR_Filter/u_Discrete_FIR_Filter/Discrete_FIR_Filter_out_tmp[0], operation Mode is: PCIN+A*(B:0x17b9).
DSP Report: operator u_dut/u_Multichannel_FIR_Filter/u_Discrete_FIR_Filter/Discrete_FIR_Filter_out_tmp[0] is absorbed into DSP u_dut/u_Multichannel_FIR_Filter/u_Discrete_FIR_Filter/Discrete_FIR_Filter_out_tmp[0].
DSP Report: operator u_dut/u_Multichannel_FIR_Filter/u_Discrete_FIR_Filter/gain18_mul_temp is absorbed into DSP u_dut/u_Multichannel_FIR_Filter/u_Discrete_FIR_Filter/Discrete_FIR_Filter_out_tmp[0].
DSP Report: Generating DSP u_dut/u_Multichannel_FIR_Filter/u_Discrete_FIR_Filter/Discrete_FIR_Filter_out_tmp[0], operation Mode is: PCIN+A*(B:0x3f9aa).
DSP Report: operator u_dut/u_Multichannel_FIR_Filter/u_Discrete_FIR_Filter/Discrete_FIR_Filter_out_tmp[0] is absorbed into DSP u_dut/u_Multichannel_FIR_Filter/u_Discrete_FIR_Filter/Discrete_FIR_Filter_out_tmp[0].
DSP Report: operator u_dut/u_Multichannel_FIR_Filter/u_Discrete_FIR_Filter/gain17_mul_temp is absorbed into DSP u_dut/u_Multichannel_FIR_Filter/u_Discrete_FIR_Filter/Discrete_FIR_Filter_out_tmp[0].
DSP Report: Generating DSP u_dut/u_Multichannel_FIR_Filter/u_Discrete_FIR_Filter/Discrete_FIR_Filter_out_tmp[0], operation Mode is: PCIN+A*(B:0x3ea1c).
DSP Report: operator u_dut/u_Multichannel_FIR_Filter/u_Discrete_FIR_Filter/Discrete_FIR_Filter_out_tmp[0] is absorbed into DSP u_dut/u_Multichannel_FIR_Filter/u_Discrete_FIR_Filter/Discrete_FIR_Filter_out_tmp[0].
DSP Report: operator u_dut/u_Multichannel_FIR_Filter/u_Discrete_FIR_Filter/gain16_mul_temp is absorbed into DSP u_dut/u_Multichannel_FIR_Filter/u_Discrete_FIR_Filter/Discrete_FIR_Filter_out_tmp[0].
DSP Report: Generating DSP u_dut/u_Multichannel_FIR_Filter/u_Discrete_FIR_Filter/Discrete_FIR_Filter_out_tmp[0], operation Mode is: PCIN+A*(B:0x3e98a).
DSP Report: operator u_dut/u_Multichannel_FIR_Filter/u_Discrete_FIR_Filter/Discrete_FIR_Filter_out_tmp[0] is absorbed into DSP u_dut/u_Multichannel_FIR_Filter/u_Discrete_FIR_Filter/Discrete_FIR_Filter_out_tmp[0].
DSP Report: operator u_dut/u_Multichannel_FIR_Filter/u_Discrete_FIR_Filter/gain15_mul_temp is absorbed into DSP u_dut/u_Multichannel_FIR_Filter/u_Discrete_FIR_Filter/Discrete_FIR_Filter_out_tmp[0].
DSP Report: Generating DSP u_dut/u_Multichannel_FIR_Filter/u_Discrete_FIR_Filter/Discrete_FIR_Filter_out_tmp[0], operation Mode is: PCIN+A*(B:0x3f328).
DSP Report: operator u_dut/u_Multichannel_FIR_Filter/u_Discrete_FIR_Filter/Discrete_FIR_Filter_out_tmp[0] is absorbed into DSP u_dut/u_Multichannel_FIR_Filter/u_Discrete_FIR_Filter/Discrete_FIR_Filter_out_tmp[0].
DSP Report: operator u_dut/u_Multichannel_FIR_Filter/u_Discrete_FIR_Filter/gain14_mul_temp is absorbed into DSP u_dut/u_Multichannel_FIR_Filter/u_Discrete_FIR_Filter/Discrete_FIR_Filter_out_tmp[0].
DSP Report: Generating DSP u_dut/u_Multichannel_FIR_Filter/u_Discrete_FIR_Filter/Discrete_FIR_Filter_out_tmp[0], operation Mode is: PCIN+A*(B:0x3ffb3).
DSP Report: operator u_dut/u_Multichannel_FIR_Filter/u_Discrete_FIR_Filter/Discrete_FIR_Filter_out_tmp[0] is absorbed into DSP u_dut/u_Multichannel_FIR_Filter/u_Discrete_FIR_Filter/Discrete_FIR_Filter_out_tmp[0].
DSP Report: operator u_dut/u_Multichannel_FIR_Filter/u_Discrete_FIR_Filter/gain13_mul_temp is absorbed into DSP u_dut/u_Multichannel_FIR_Filter/u_Discrete_FIR_Filter/Discrete_FIR_Filter_out_tmp[0].
DSP Report: Generating DSP u_dut/u_Multichannel_FIR_Filter/u_Discrete_FIR_Filter/Discrete_FIR_Filter_out_tmp[0], operation Mode is: PCIN+A*(B:0x8cd).
DSP Report: operator u_dut/u_Multichannel_FIR_Filter/u_Discrete_FIR_Filter/Discrete_FIR_Filter_out_tmp[0] is absorbed into DSP u_dut/u_Multichannel_FIR_Filter/u_Discrete_FIR_Filter/Discrete_FIR_Filter_out_tmp[0].
DSP Report: operator u_dut/u_Multichannel_FIR_Filter/u_Discrete_FIR_Filter/gain12_mul_temp is absorbed into DSP u_dut/u_Multichannel_FIR_Filter/u_Discrete_FIR_Filter/Discrete_FIR_Filter_out_tmp[0].
DSP Report: Generating DSP u_dut/u_Multichannel_FIR_Filter/u_Discrete_FIR_Filter/Discrete_FIR_Filter_out_tmp[0], operation Mode is: PCIN+A*(B:0xb4e).
DSP Report: operator u_dut/u_Multichannel_FIR_Filter/u_Discrete_FIR_Filter/Discrete_FIR_Filter_out_tmp[0] is absorbed into DSP u_dut/u_Multichannel_FIR_Filter/u_Discrete_FIR_Filter/Discrete_FIR_Filter_out_tmp[0].
DSP Report: operator u_dut/u_Multichannel_FIR_Filter/u_Discrete_FIR_Filter/gain11_mul_temp is absorbed into DSP u_dut/u_Multichannel_FIR_Filter/u_Discrete_FIR_Filter/Discrete_FIR_Filter_out_tmp[0].
DSP Report: Generating DSP u_dut/u_Multichannel_FIR_Filter/u_Discrete_FIR_Filter/Discrete_FIR_Filter_out_tmp[0], operation Mode is: PCIN+A*(B:0x7c3).
DSP Report: operator u_dut/u_Multichannel_FIR_Filter/u_Discrete_FIR_Filter/Discrete_FIR_Filter_out_tmp[0] is absorbed into DSP u_dut/u_Multichannel_FIR_Filter/u_Discrete_FIR_Filter/Discrete_FIR_Filter_out_tmp[0].
DSP Report: operator u_dut/u_Multichannel_FIR_Filter/u_Discrete_FIR_Filter/gain10_mul_temp is absorbed into DSP u_dut/u_Multichannel_FIR_Filter/u_Discrete_FIR_Filter/Discrete_FIR_Filter_out_tmp[0].
DSP Report: Generating DSP u_dut/u_Multichannel_FIR_Filter/u_Discrete_FIR_Filter/Discrete_FIR_Filter_out_tmp[0], operation Mode is: PCIN+A*(B:0x139).
DSP Report: operator u_dut/u_Multichannel_FIR_Filter/u_Discrete_FIR_Filter/Discrete_FIR_Filter_out_tmp[0] is absorbed into DSP u_dut/u_Multichannel_FIR_Filter/u_Discrete_FIR_Filter/Discrete_FIR_Filter_out_tmp[0].
DSP Report: operator u_dut/u_Multichannel_FIR_Filter/u_Discrete_FIR_Filter/gain9_mul_temp is absorbed into DSP u_dut/u_Multichannel_FIR_Filter/u_Discrete_FIR_Filter/Discrete_FIR_Filter_out_tmp[0].
DSP Report: Generating DSP u_dut/u_Multichannel_FIR_Filter/u_Discrete_FIR_Filter/Discrete_FIR_Filter_out_tmp[0], operation Mode is: PCIN+A*(B:0x3fb40).
DSP Report: operator u_dut/u_Multichannel_FIR_Filter/u_Discrete_FIR_Filter/Discrete_FIR_Filter_out_tmp[0] is absorbed into DSP u_dut/u_Multichannel_FIR_Filter/u_Discrete_FIR_Filter/Discrete_FIR_Filter_out_tmp[0].
DSP Report: operator u_dut/u_Multichannel_FIR_Filter/u_Discrete_FIR_Filter/gain8_mul_temp is absorbed into DSP u_dut/u_Multichannel_FIR_Filter/u_Discrete_FIR_Filter/Discrete_FIR_Filter_out_tmp[0].
DSP Report: Generating DSP u_dut/u_Multichannel_FIR_Filter/u_Discrete_FIR_Filter/Discrete_FIR_Filter_out_tmp[0], operation Mode is: PCIN+A*(B:0x3f831).
DSP Report: operator u_dut/u_Multichannel_FIR_Filter/u_Discrete_FIR_Filter/Discrete_FIR_Filter_out_tmp[0] is absorbed into DSP u_dut/u_Multichannel_FIR_Filter/u_Discrete_FIR_Filter/Discrete_FIR_Filter_out_tmp[0].
DSP Report: operator u_dut/u_Multichannel_FIR_Filter/u_Discrete_FIR_Filter/gain7_mul_temp is absorbed into DSP u_dut/u_Multichannel_FIR_Filter/u_Discrete_FIR_Filter/Discrete_FIR_Filter_out_tmp[0].
DSP Report: Generating DSP u_dut/u_Multichannel_FIR_Filter/u_Discrete_FIR_Filter/Discrete_FIR_Filter_out_tmp[0], operation Mode is: PCIN+A*(B:0x3f87d).
DSP Report: operator u_dut/u_Multichannel_FIR_Filter/u_Discrete_FIR_Filter/Discrete_FIR_Filter_out_tmp[0] is absorbed into DSP u_dut/u_Multichannel_FIR_Filter/u_Discrete_FIR_Filter/Discrete_FIR_Filter_out_tmp[0].
DSP Report: operator u_dut/u_Multichannel_FIR_Filter/u_Discrete_FIR_Filter/gain6_mul_temp is absorbed into DSP u_dut/u_Multichannel_FIR_Filter/u_Discrete_FIR_Filter/Discrete_FIR_Filter_out_tmp[0].
DSP Report: Generating DSP u_dut/u_Multichannel_FIR_Filter/u_Discrete_FIR_Filter/Discrete_FIR_Filter_out_tmp[0], operation Mode is: PCIN+A*(B:0x3fb06).
DSP Report: operator u_dut/u_Multichannel_FIR_Filter/u_Discrete_FIR_Filter/Discrete_FIR_Filter_out_tmp[0] is absorbed into DSP u_dut/u_Multichannel_FIR_Filter/u_Discrete_FIR_Filter/Discrete_FIR_Filter_out_tmp[0].
DSP Report: operator u_dut/u_Multichannel_FIR_Filter/u_Discrete_FIR_Filter/gain5_mul_temp is absorbed into DSP u_dut/u_Multichannel_FIR_Filter/u_Discrete_FIR_Filter/Discrete_FIR_Filter_out_tmp[0].
DSP Report: Generating DSP u_dut/u_Multichannel_FIR_Filter/u_Discrete_FIR_Filter/Discrete_FIR_Filter_out_tmp[0], operation Mode is: PCIN+A*(B:0x3fe17).
DSP Report: operator u_dut/u_Multichannel_FIR_Filter/u_Discrete_FIR_Filter/Discrete_FIR_Filter_out_tmp[0] is absorbed into DSP u_dut/u_Multichannel_FIR_Filter/u_Discrete_FIR_Filter/Discrete_FIR_Filter_out_tmp[0].
DSP Report: operator u_dut/u_Multichannel_FIR_Filter/u_Discrete_FIR_Filter/gain4_mul_temp is absorbed into DSP u_dut/u_Multichannel_FIR_Filter/u_Discrete_FIR_Filter/Discrete_FIR_Filter_out_tmp[0].
DSP Report: Generating DSP u_dut/u_Multichannel_FIR_Filter/u_Discrete_FIR_Filter/Discrete_FIR_Filter_out_tmp[0], operation Mode is: PCIN+A*(B:0x59).
DSP Report: operator u_dut/u_Multichannel_FIR_Filter/u_Discrete_FIR_Filter/Discrete_FIR_Filter_out_tmp[0] is absorbed into DSP u_dut/u_Multichannel_FIR_Filter/u_Discrete_FIR_Filter/Discrete_FIR_Filter_out_tmp[0].
DSP Report: operator u_dut/u_Multichannel_FIR_Filter/u_Discrete_FIR_Filter/gain3_mul_temp is absorbed into DSP u_dut/u_Multichannel_FIR_Filter/u_Discrete_FIR_Filter/Discrete_FIR_Filter_out_tmp[0].
DSP Report: Generating DSP u_dut/u_Multichannel_FIR_Filter/u_Discrete_FIR_Filter/Discrete_FIR_Filter_out_tmp[0], operation Mode is: PCIN+A*(B:0x14c).
DSP Report: operator u_dut/u_Multichannel_FIR_Filter/u_Discrete_FIR_Filter/Discrete_FIR_Filter_out_tmp[0] is absorbed into DSP u_dut/u_Multichannel_FIR_Filter/u_Discrete_FIR_Filter/Discrete_FIR_Filter_out_tmp[0].
DSP Report: operator u_dut/u_Multichannel_FIR_Filter/u_Discrete_FIR_Filter/gain2_mul_temp is absorbed into DSP u_dut/u_Multichannel_FIR_Filter/u_Discrete_FIR_Filter/Discrete_FIR_Filter_out_tmp[0].
DSP Report: Generating DSP u_dut/u_Multichannel_FIR_Filter/u_Discrete_FIR_Filter/Discrete_FIR_Filter_out_tmp[0], operation Mode is: PCIN+A*(B:0x132).
DSP Report: operator u_dut/u_Multichannel_FIR_Filter/u_Discrete_FIR_Filter/Discrete_FIR_Filter_out_tmp[0] is absorbed into DSP u_dut/u_Multichannel_FIR_Filter/u_Discrete_FIR_Filter/Discrete_FIR_Filter_out_tmp[0].
DSP Report: operator u_dut/u_Multichannel_FIR_Filter/u_Discrete_FIR_Filter/gain1_mul_temp is absorbed into DSP u_dut/u_Multichannel_FIR_Filter/u_Discrete_FIR_Filter/Discrete_FIR_Filter_out_tmp[0].
DSP Report: Generating DSP u_dut/u_Multichannel_FIR_Filter/u_Discrete_FIR_Filter/gain21_mul_temp_1, operation Mode is: (A:0x75b8)*B.
DSP Report: operator u_dut/u_Multichannel_FIR_Filter/u_Discrete_FIR_Filter/gain21_mul_temp_1 is absorbed into DSP u_dut/u_Multichannel_FIR_Filter/u_Discrete_FIR_Filter/gain21_mul_temp_1.
DSP Report: Generating DSP u_dut/u_Multichannel_FIR_Filter/u_Discrete_FIR_Filter/Discrete_FIR_Filter_out_tmp[1], operation Mode is: PCIN+A*(B:0xb9).
DSP Report: operator u_dut/u_Multichannel_FIR_Filter/u_Discrete_FIR_Filter/Discrete_FIR_Filter_out_tmp[1] is absorbed into DSP u_dut/u_Multichannel_FIR_Filter/u_Discrete_FIR_Filter/Discrete_FIR_Filter_out_tmp[1].
DSP Report: operator u_dut/u_Multichannel_FIR_Filter/u_Discrete_FIR_Filter/gain0_mul_temp_1 is absorbed into DSP u_dut/u_Multichannel_FIR_Filter/u_Discrete_FIR_Filter/Discrete_FIR_Filter_out_tmp[1].
DSP Report: Generating DSP u_dut/u_Multichannel_FIR_Filter/u_Discrete_FIR_Filter/Discrete_FIR_Filter_out_tmp[1], operation Mode is: PCIN+(A:0x60b7)*B.
DSP Report: operator u_dut/u_Multichannel_FIR_Filter/u_Discrete_FIR_Filter/Discrete_FIR_Filter_out_tmp[1] is absorbed into DSP u_dut/u_Multichannel_FIR_Filter/u_Discrete_FIR_Filter/Discrete_FIR_Filter_out_tmp[1].
DSP Report: operator u_dut/u_Multichannel_FIR_Filter/u_Discrete_FIR_Filter/gain20_mul_temp_1 is absorbed into DSP u_dut/u_Multichannel_FIR_Filter/u_Discrete_FIR_Filter/Discrete_FIR_Filter_out_tmp[1].
DSP Report: Generating DSP u_dut/u_Multichannel_FIR_Filter/u_Discrete_FIR_Filter/Discrete_FIR_Filter_out_tmp[1], operation Mode is: PCIN+A*(B:0x3dae).
DSP Report: operator u_dut/u_Multichannel_FIR_Filter/u_Discrete_FIR_Filter/Discrete_FIR_Filter_out_tmp[1] is absorbed into DSP u_dut/u_Multichannel_FIR_Filter/u_Discrete_FIR_Filter/Discrete_FIR_Filter_out_tmp[1].
DSP Report: operator u_dut/u_Multichannel_FIR_Filter/u_Discrete_FIR_Filter/gain19_mul_temp_1 is absorbed into DSP u_dut/u_Multichannel_FIR_Filter/u_Discrete_FIR_Filter/Discrete_FIR_Filter_out_tmp[1].
DSP Report: Generating DSP u_dut/u_Multichannel_FIR_Filter/u_Discrete_FIR_Filter/Discrete_FIR_Filter_out_tmp[1], operation Mode is: PCIN+A*(B:0x17b9).
DSP Report: operator u_dut/u_Multichannel_FIR_Filter/u_Discrete_FIR_Filter/Discrete_FIR_Filter_out_tmp[1] is absorbed into DSP u_dut/u_Multichannel_FIR_Filter/u_Discrete_FIR_Filter/Discrete_FIR_Filter_out_tmp[1].
DSP Report: operator u_dut/u_Multichannel_FIR_Filter/u_Discrete_FIR_Filter/gain18_mul_temp_1 is absorbed into DSP u_dut/u_Multichannel_FIR_Filter/u_Discrete_FIR_Filter/Discrete_FIR_Filter_out_tmp[1].
DSP Report: Generating DSP u_dut/u_Multichannel_FIR_Filter/u_Discrete_FIR_Filter/Discrete_FIR_Filter_out_tmp[1], operation Mode is: PCIN+A*(B:0x3f9aa).
DSP Report: operator u_dut/u_Multichannel_FIR_Filter/u_Discrete_FIR_Filter/Discrete_FIR_Filter_out_tmp[1] is absorbed into DSP u_dut/u_Multichannel_FIR_Filter/u_Discrete_FIR_Filter/Discrete_FIR_Filter_out_tmp[1].
DSP Report: operator u_dut/u_Multichannel_FIR_Filter/u_Discrete_FIR_Filter/gain17_mul_temp_1 is absorbed into DSP u_dut/u_Multichannel_FIR_Filter/u_Discrete_FIR_Filter/Discrete_FIR_Filter_out_tmp[1].
DSP Report: Generating DSP u_dut/u_Multichannel_FIR_Filter/u_Discrete_FIR_Filter/Discrete_FIR_Filter_out_tmp[1], operation Mode is: PCIN+A*(B:0x3ea1c).
DSP Report: operator u_dut/u_Multichannel_FIR_Filter/u_Discrete_FIR_Filter/Discrete_FIR_Filter_out_tmp[1] is absorbed into DSP u_dut/u_Multichannel_FIR_Filter/u_Discrete_FIR_Filter/Discrete_FIR_Filter_out_tmp[1].
DSP Report: operator u_dut/u_Multichannel_FIR_Filter/u_Discrete_FIR_Filter/gain16_mul_temp_1 is absorbed into DSP u_dut/u_Multichannel_FIR_Filter/u_Discrete_FIR_Filter/Discrete_FIR_Filter_out_tmp[1].
DSP Report: Generating DSP u_dut/u_Multichannel_FIR_Filter/u_Discrete_FIR_Filter/Discrete_FIR_Filter_out_tmp[1], operation Mode is: PCIN+A*(B:0x3e98a).
DSP Report: operator u_dut/u_Multichannel_FIR_Filter/u_Discrete_FIR_Filter/Discrete_FIR_Filter_out_tmp[1] is absorbed into DSP u_dut/u_Multichannel_FIR_Filter/u_Discrete_FIR_Filter/Discrete_FIR_Filter_out_tmp[1].
DSP Report: operator u_dut/u_Multichannel_FIR_Filter/u_Discrete_FIR_Filter/gain15_mul_temp_1 is absorbed into DSP u_dut/u_Multichannel_FIR_Filter/u_Discrete_FIR_Filter/Discrete_FIR_Filter_out_tmp[1].
DSP Report: Generating DSP u_dut/u_Multichannel_FIR_Filter/u_Discrete_FIR_Filter/Discrete_FIR_Filter_out_tmp[1], operation Mode is: PCIN+A*(B:0x3f328).
DSP Report: operator u_dut/u_Multichannel_FIR_Filter/u_Discrete_FIR_Filter/Discrete_FIR_Filter_out_tmp[1] is absorbed into DSP u_dut/u_Multichannel_FIR_Filter/u_Discrete_FIR_Filter/Discrete_FIR_Filter_out_tmp[1].
DSP Report: operator u_dut/u_Multichannel_FIR_Filter/u_Discrete_FIR_Filter/gain14_mul_temp_1 is absorbed into DSP u_dut/u_Multichannel_FIR_Filter/u_Discrete_FIR_Filter/Discrete_FIR_Filter_out_tmp[1].
DSP Report: Generating DSP u_dut/u_Multichannel_FIR_Filter/u_Discrete_FIR_Filter/Discrete_FIR_Filter_out_tmp[1], operation Mode is: PCIN+A*(B:0x3ffb3).
DSP Report: operator u_dut/u_Multichannel_FIR_Filter/u_Discrete_FIR_Filter/Discrete_FIR_Filter_out_tmp[1] is absorbed into DSP u_dut/u_Multichannel_FIR_Filter/u_Discrete_FIR_Filter/Discrete_FIR_Filter_out_tmp[1].
DSP Report: operator u_dut/u_Multichannel_FIR_Filter/u_Discrete_FIR_Filter/gain13_mul_temp_1 is absorbed into DSP u_dut/u_Multichannel_FIR_Filter/u_Discrete_FIR_Filter/Discrete_FIR_Filter_out_tmp[1].
DSP Report: Generating DSP u_dut/u_Multichannel_FIR_Filter/u_Discrete_FIR_Filter/Discrete_FIR_Filter_out_tmp[1], operation Mode is: PCIN+A*(B:0x8cd).
DSP Report: operator u_dut/u_Multichannel_FIR_Filter/u_Discrete_FIR_Filter/Discrete_FIR_Filter_out_tmp[1] is absorbed into DSP u_dut/u_Multichannel_FIR_Filter/u_Discrete_FIR_Filter/Discrete_FIR_Filter_out_tmp[1].
DSP Report: operator u_dut/u_Multichannel_FIR_Filter/u_Discrete_FIR_Filter/gain12_mul_temp_1 is absorbed into DSP u_dut/u_Multichannel_FIR_Filter/u_Discrete_FIR_Filter/Discrete_FIR_Filter_out_tmp[1].
DSP Report: Generating DSP u_dut/u_Multichannel_FIR_Filter/u_Discrete_FIR_Filter/Discrete_FIR_Filter_out_tmp[1], operation Mode is: PCIN+A*(B:0xb4e).
DSP Report: operator u_dut/u_Multichannel_FIR_Filter/u_Discrete_FIR_Filter/Discrete_FIR_Filter_out_tmp[1] is absorbed into DSP u_dut/u_Multichannel_FIR_Filter/u_Discrete_FIR_Filter/Discrete_FIR_Filter_out_tmp[1].
DSP Report: operator u_dut/u_Multichannel_FIR_Filter/u_Discrete_FIR_Filter/gain11_mul_temp_1 is absorbed into DSP u_dut/u_Multichannel_FIR_Filter/u_Discrete_FIR_Filter/Discrete_FIR_Filter_out_tmp[1].
DSP Report: Generating DSP u_dut/u_Multichannel_FIR_Filter/u_Discrete_FIR_Filter/Discrete_FIR_Filter_out_tmp[1], operation Mode is: PCIN+A*(B:0x7c3).
DSP Report: operator u_dut/u_Multichannel_FIR_Filter/u_Discrete_FIR_Filter/Discrete_FIR_Filter_out_tmp[1] is absorbed into DSP u_dut/u_Multichannel_FIR_Filter/u_Discrete_FIR_Filter/Discrete_FIR_Filter_out_tmp[1].
DSP Report: operator u_dut/u_Multichannel_FIR_Filter/u_Discrete_FIR_Filter/gain10_mul_temp_1 is absorbed into DSP u_dut/u_Multichannel_FIR_Filter/u_Discrete_FIR_Filter/Discrete_FIR_Filter_out_tmp[1].
DSP Report: Generating DSP u_dut/u_Multichannel_FIR_Filter/u_Discrete_FIR_Filter/Discrete_FIR_Filter_out_tmp[1], operation Mode is: PCIN+A*(B:0x139).
DSP Report: operator u_dut/u_Multichannel_FIR_Filter/u_Discrete_FIR_Filter/Discrete_FIR_Filter_out_tmp[1] is absorbed into DSP u_dut/u_Multichannel_FIR_Filter/u_Discrete_FIR_Filter/Discrete_FIR_Filter_out_tmp[1].
DSP Report: operator u_dut/u_Multichannel_FIR_Filter/u_Discrete_FIR_Filter/gain9_mul_temp_1 is absorbed into DSP u_dut/u_Multichannel_FIR_Filter/u_Discrete_FIR_Filter/Discrete_FIR_Filter_out_tmp[1].
DSP Report: Generating DSP u_dut/u_Multichannel_FIR_Filter/u_Discrete_FIR_Filter/Discrete_FIR_Filter_out_tmp[1], operation Mode is: PCIN+A*(B:0x3fb40).
DSP Report: operator u_dut/u_Multichannel_FIR_Filter/u_Discrete_FIR_Filter/Discrete_FIR_Filter_out_tmp[1] is absorbed into DSP u_dut/u_Multichannel_FIR_Filter/u_Discrete_FIR_Filter/Discrete_FIR_Filter_out_tmp[1].
DSP Report: operator u_dut/u_Multichannel_FIR_Filter/u_Discrete_FIR_Filter/gain8_mul_temp_1 is absorbed into DSP u_dut/u_Multichannel_FIR_Filter/u_Discrete_FIR_Filter/Discrete_FIR_Filter_out_tmp[1].
DSP Report: Generating DSP u_dut/u_Multichannel_FIR_Filter/u_Discrete_FIR_Filter/Discrete_FIR_Filter_out_tmp[1], operation Mode is: PCIN+A*(B:0x3f831).
DSP Report: operator u_dut/u_Multichannel_FIR_Filter/u_Discrete_FIR_Filter/Discrete_FIR_Filter_out_tmp[1] is absorbed into DSP u_dut/u_Multichannel_FIR_Filter/u_Discrete_FIR_Filter/Discrete_FIR_Filter_out_tmp[1].
DSP Report: operator u_dut/u_Multichannel_FIR_Filter/u_Discrete_FIR_Filter/gain7_mul_temp_1 is absorbed into DSP u_dut/u_Multichannel_FIR_Filter/u_Discrete_FIR_Filter/Discrete_FIR_Filter_out_tmp[1].
DSP Report: Generating DSP u_dut/u_Multichannel_FIR_Filter/u_Discrete_FIR_Filter/Discrete_FIR_Filter_out_tmp[1], operation Mode is: PCIN+A*(B:0x3f87d).
DSP Report: operator u_dut/u_Multichannel_FIR_Filter/u_Discrete_FIR_Filter/Discrete_FIR_Filter_out_tmp[1] is absorbed into DSP u_dut/u_Multichannel_FIR_Filter/u_Discrete_FIR_Filter/Discrete_FIR_Filter_out_tmp[1].
DSP Report: operator u_dut/u_Multichannel_FIR_Filter/u_Discrete_FIR_Filter/gain6_mul_temp_1 is absorbed into DSP u_dut/u_Multichannel_FIR_Filter/u_Discrete_FIR_Filter/Discrete_FIR_Filter_out_tmp[1].
DSP Report: Generating DSP u_dut/u_Multichannel_FIR_Filter/u_Discrete_FIR_Filter/Discrete_FIR_Filter_out_tmp[1], operation Mode is: PCIN+A*(B:0x3fb06).
DSP Report: operator u_dut/u_Multichannel_FIR_Filter/u_Discrete_FIR_Filter/Discrete_FIR_Filter_out_tmp[1] is absorbed into DSP u_dut/u_Multichannel_FIR_Filter/u_Discrete_FIR_Filter/Discrete_FIR_Filter_out_tmp[1].
DSP Report: operator u_dut/u_Multichannel_FIR_Filter/u_Discrete_FIR_Filter/gain5_mul_temp_1 is absorbed into DSP u_dut/u_Multichannel_FIR_Filter/u_Discrete_FIR_Filter/Discrete_FIR_Filter_out_tmp[1].
DSP Report: Generating DSP u_dut/u_Multichannel_FIR_Filter/u_Discrete_FIR_Filter/Discrete_FIR_Filter_out_tmp[1], operation Mode is: PCIN+A*(B:0x3fe17).
DSP Report: operator u_dut/u_Multichannel_FIR_Filter/u_Discrete_FIR_Filter/Discrete_FIR_Filter_out_tmp[1] is absorbed into DSP u_dut/u_Multichannel_FIR_Filter/u_Discrete_FIR_Filter/Discrete_FIR_Filter_out_tmp[1].
DSP Report: operator u_dut/u_Multichannel_FIR_Filter/u_Discrete_FIR_Filter/gain4_mul_temp_1 is absorbed into DSP u_dut/u_Multichannel_FIR_Filter/u_Discrete_FIR_Filter/Discrete_FIR_Filter_out_tmp[1].
DSP Report: Generating DSP u_dut/u_Multichannel_FIR_Filter/u_Discrete_FIR_Filter/Discrete_FIR_Filter_out_tmp[1], operation Mode is: PCIN+A*(B:0x59).
DSP Report: operator u_dut/u_Multichannel_FIR_Filter/u_Discrete_FIR_Filter/Discrete_FIR_Filter_out_tmp[1] is absorbed into DSP u_dut/u_Multichannel_FIR_Filter/u_Discrete_FIR_Filter/Discrete_FIR_Filter_out_tmp[1].
DSP Report: operator u_dut/u_Multichannel_FIR_Filter/u_Discrete_FIR_Filter/gain3_mul_temp_1 is absorbed into DSP u_dut/u_Multichannel_FIR_Filter/u_Discrete_FIR_Filter/Discrete_FIR_Filter_out_tmp[1].
DSP Report: Generating DSP u_dut/u_Multichannel_FIR_Filter/u_Discrete_FIR_Filter/Discrete_FIR_Filter_out_tmp[1], operation Mode is: PCIN+A*(B:0x14c).
DSP Report: operator u_dut/u_Multichannel_FIR_Filter/u_Discrete_FIR_Filter/Discrete_FIR_Filter_out_tmp[1] is absorbed into DSP u_dut/u_Multichannel_FIR_Filter/u_Discrete_FIR_Filter/Discrete_FIR_Filter_out_tmp[1].
DSP Report: operator u_dut/u_Multichannel_FIR_Filter/u_Discrete_FIR_Filter/gain2_mul_temp_1 is absorbed into DSP u_dut/u_Multichannel_FIR_Filter/u_Discrete_FIR_Filter/Discrete_FIR_Filter_out_tmp[1].
DSP Report: Generating DSP u_dut/u_Multichannel_FIR_Filter/u_Discrete_FIR_Filter/Discrete_FIR_Filter_out_tmp[1], operation Mode is: PCIN+A*(B:0x132).
DSP Report: operator u_dut/u_Multichannel_FIR_Filter/u_Discrete_FIR_Filter/Discrete_FIR_Filter_out_tmp[1] is absorbed into DSP u_dut/u_Multichannel_FIR_Filter/u_Discrete_FIR_Filter/Discrete_FIR_Filter_out_tmp[1].
DSP Report: operator u_dut/u_Multichannel_FIR_Filter/u_Discrete_FIR_Filter/gain1_mul_temp_1 is absorbed into DSP u_dut/u_Multichannel_FIR_Filter/u_Discrete_FIR_Filter/Discrete_FIR_Filter_out_tmp[1].
---------------------------------------------------------------------------------
Finished Cross Boundary and Area Optimization : Time (s): cpu = 00:00:16 ; elapsed = 00:00:17 . Memory (MB): peak = 1715.406 ; gain = 670.234
---------------------------------------------------------------------------------
 Sort Area is  u_dut/u_Multichannel_FIR_Filter/u_Discrete_FIR_Filter/gain21_mul_temp_0 : 0 0 : 776 17841 : Used 1 time 0
 Sort Area is  u_dut/u_Multichannel_FIR_Filter/u_Discrete_FIR_Filter/gain21_mul_temp_0 : 0 1 : 588 17841 : Used 1 time 0
 Sort Area is  u_dut/u_Multichannel_FIR_Filter/u_Discrete_FIR_Filter/gain21_mul_temp_0 : 0 2 : 985 17841 : Used 1 time 0
 Sort Area is  u_dut/u_Multichannel_FIR_Filter/u_Discrete_FIR_Filter/gain21_mul_temp_0 : 0 3 : 1165 17841 : Used 1 time 0
 Sort Area is  u_dut/u_Multichannel_FIR_Filter/u_Discrete_FIR_Filter/gain21_mul_temp_0 : 0 4 : 1061 17841 : Used 1 time 0
 Sort Area is  u_dut/u_Multichannel_FIR_Filter/u_Discrete_FIR_Filter/gain21_mul_temp_0 : 0 5 : 814 17841 : Used 1 time 0
 Sort Area is  u_dut/u_Multichannel_FIR_Filter/u_Discrete_FIR_Filter/gain21_mul_temp_0 : 0 6 : 1061 17841 : Used 1 time 0
 Sort Area is  u_dut/u_Multichannel_FIR_Filter/u_Discrete_FIR_Filter/gain21_mul_temp_0 : 0 7 : 1061 17841 : Used 1 time 0
 Sort Area is  u_dut/u_Multichannel_FIR_Filter/u_Discrete_FIR_Filter/gain21_mul_temp_0 : 0 8 : 846 17841 : Used 1 time 0
 Sort Area is  u_dut/u_Multichannel_FIR_Filter/u_Discrete_FIR_Filter/gain21_mul_temp_0 : 0 9 : 551 17841 : Used 1 time 0
 Sort Area is  u_dut/u_Multichannel_FIR_Filter/u_Discrete_FIR_Filter/gain21_mul_temp_0 : 0 10 : 846 17841 : Used 1 time 0
 Sort Area is  u_dut/u_Multichannel_FIR_Filter/u_Discrete_FIR_Filter/gain21_mul_temp_0 : 0 11 : 846 17841 : Used 1 time 0
 Sort Area is  u_dut/u_Multichannel_FIR_Filter/u_Discrete_FIR_Filter/gain21_mul_temp_0 : 0 12 : 814 17841 : Used 1 time 0
 Sort Area is  u_dut/u_Multichannel_FIR_Filter/u_Discrete_FIR_Filter/gain21_mul_temp_0 : 0 13 : 655 17841 : Used 1 time 0
 Sort Area is  u_dut/u_Multichannel_FIR_Filter/u_Discrete_FIR_Filter/gain21_mul_temp_0 : 0 14 : 814 17841 : Used 1 time 0
 Sort Area is  u_dut/u_Multichannel_FIR_Filter/u_Discrete_FIR_Filter/gain21_mul_temp_0 : 0 15 : 814 17841 : Used 1 time 0
 Sort Area is  u_dut/u_Multichannel_FIR_Filter/u_Discrete_FIR_Filter/gain21_mul_temp_0 : 0 16 : 814 17841 : Used 1 time 0
 Sort Area is  u_dut/u_Multichannel_FIR_Filter/u_Discrete_FIR_Filter/gain21_mul_temp_0 : 0 17 : 814 17841 : Used 1 time 0
 Sort Area is  u_dut/u_Multichannel_FIR_Filter/u_Discrete_FIR_Filter/gain21_mul_temp_0 : 0 18 : 655 17841 : Used 1 time 0
 Sort Area is  u_dut/u_Multichannel_FIR_Filter/u_Discrete_FIR_Filter/gain21_mul_temp_0 : 0 19 : 551 17841 : Used 1 time 0
 Sort Area is  u_dut/u_Multichannel_FIR_Filter/u_Discrete_FIR_Filter/gain21_mul_temp_0 : 0 20 : 655 17841 : Used 1 time 0
 Sort Area is  u_dut/u_Multichannel_FIR_Filter/u_Discrete_FIR_Filter/gain21_mul_temp_0 : 0 21 : 655 17841 : Used 1 time 0
 Sort Area is  u_dut/u_Multichannel_FIR_Filter/u_Discrete_FIR_Filter/gain21_mul_temp_1_a : 0 0 : 776 17841 : Used 1 time 0
 Sort Area is  u_dut/u_Multichannel_FIR_Filter/u_Discrete_FIR_Filter/gain21_mul_temp_1_a : 0 1 : 588 17841 : Used 1 time 0
 Sort Area is  u_dut/u_Multichannel_FIR_Filter/u_Discrete_FIR_Filter/gain21_mul_temp_1_a : 0 2 : 985 17841 : Used 1 time 0
 Sort Area is  u_dut/u_Multichannel_FIR_Filter/u_Discrete_FIR_Filter/gain21_mul_temp_1_a : 0 3 : 1165 17841 : Used 1 time 0
 Sort Area is  u_dut/u_Multichannel_FIR_Filter/u_Discrete_FIR_Filter/gain21_mul_temp_1_a : 0 4 : 1061 17841 : Used 1 time 0
 Sort Area is  u_dut/u_Multichannel_FIR_Filter/u_Discrete_FIR_Filter/gain21_mul_temp_1_a : 0 5 : 814 17841 : Used 1 time 0
 Sort Area is  u_dut/u_Multichannel_FIR_Filter/u_Discrete_FIR_Filter/gain21_mul_temp_1_a : 0 6 : 1061 17841 : Used 1 time 0
 Sort Area is  u_dut/u_Multichannel_FIR_Filter/u_Discrete_FIR_Filter/gain21_mul_temp_1_a : 0 7 : 1061 17841 : Used 1 time 0
 Sort Area is  u_dut/u_Multichannel_FIR_Filter/u_Discrete_FIR_Filter/gain21_mul_temp_1_a : 0 8 : 846 17841 : Used 1 time 0
 Sort Area is  u_dut/u_Multichannel_FIR_Filter/u_Discrete_FIR_Filter/gain21_mul_temp_1_a : 0 9 : 551 17841 : Used 1 time 0
 Sort Area is  u_dut/u_Multichannel_FIR_Filter/u_Discrete_FIR_Filter/gain21_mul_temp_1_a : 0 10 : 846 17841 : Used 1 time 0
 Sort Area is  u_dut/u_Multichannel_FIR_Filter/u_Discrete_FIR_Filter/gain21_mul_temp_1_a : 0 11 : 846 17841 : Used 1 time 0
 Sort Area is  u_dut/u_Multichannel_FIR_Filter/u_Discrete_FIR_Filter/gain21_mul_temp_1_a : 0 12 : 814 17841 : Used 1 time 0
 Sort Area is  u_dut/u_Multichannel_FIR_Filter/u_Discrete_FIR_Filter/gain21_mul_temp_1_a : 0 13 : 655 17841 : Used 1 time 0
 Sort Area is  u_dut/u_Multichannel_FIR_Filter/u_Discrete_FIR_Filter/gain21_mul_temp_1_a : 0 14 : 814 17841 : Used 1 time 0
 Sort Area is  u_dut/u_Multichannel_FIR_Filter/u_Discrete_FIR_Filter/gain21_mul_temp_1_a : 0 15 : 814 17841 : Used 1 time 0
 Sort Area is  u_dut/u_Multichannel_FIR_Filter/u_Discrete_FIR_Filter/gain21_mul_temp_1_a : 0 16 : 814 17841 : Used 1 time 0
 Sort Area is  u_dut/u_Multichannel_FIR_Filter/u_Discrete_FIR_Filter/gain21_mul_temp_1_a : 0 17 : 814 17841 : Used 1 time 0
 Sort Area is  u_dut/u_Multichannel_FIR_Filter/u_Discrete_FIR_Filter/gain21_mul_temp_1_a : 0 18 : 655 17841 : Used 1 time 0
 Sort Area is  u_dut/u_Multichannel_FIR_Filter/u_Discrete_FIR_Filter/gain21_mul_temp_1_a : 0 19 : 551 17841 : Used 1 time 0
 Sort Area is  u_dut/u_Multichannel_FIR_Filter/u_Discrete_FIR_Filter/gain21_mul_temp_1_a : 0 20 : 655 17841 : Used 1 time 0
 Sort Area is  u_dut/u_Multichannel_FIR_Filter/u_Discrete_FIR_Filter/gain21_mul_temp_1_a : 0 21 : 655 17841 : Used 1 time 0
---------------------------------------------------------------------------------
Start ROM, RAM, DSP, Shift Register and Retiming Reporting
---------------------------------------------------------------------------------

Block RAM: Preliminary Mapping Report (see note below)
+----------------------------+-----------------------------------------------------------------------+------------------------+---+---+------------------------+---+---+------------------+--------+--------+
|Module Name                 | RTL Object                                                            | PORT A (Depth x Width) | W | R | PORT B (Depth x Width) | W | R | Ports driving FF | RAMB18 | RAMB36 | 
+----------------------------+-----------------------------------------------------------------------+------------------------+---+---+------------------------+---+---+------------------+--------+--------+
|Multichannel_FIR_Filter_fil | u_mwfil_chiftop/u_mwfil_chifcore/DUT2CHIF.u_d2bfifo/u_dpscram/mem_reg | 16 x 88(READ_FIRST)    | W |   | 16 x 88(WRITE_FIRST)   |   | R | Port A and B     | 1      | 1      | 
+----------------------------+-----------------------------------------------------------------------+------------------------+---+---+------------------------+---+---+------------------+--------+--------+

Note: The table above is a preliminary report that shows the Block RAMs at the current stage of the synthesis flow. Some Block RAMs may be reimplemented as non Block RAM primitives later in the synthesis flow. Multiple instantiated Block RAMs are reported only once. 

Distributed RAM: Preliminary Mapping Report (see note below)
+----------------------------+-----------------------------------------------------------------------+-----------+----------------------+-------------+
|Module Name                 | RTL Object                                                            | Inference | Size (Depth x Width) | Primitives  | 
+----------------------------+-----------------------------------------------------------------------+-----------+----------------------+-------------+
|Multichannel_FIR_Filter_fil | u_mwfil_chiftop/u_mwfil_chifcore/CHIF2DUT.u_b2dfifo/u_dpscram/mem_reg | Implied   | 16 x 32              | RAM32M x 6  | 
+----------------------------+-----------------------------------------------------------------------+-----------+----------------------+-------------+

Note: The table above is a preliminary report that shows the Distributed RAMs at the current stage of the synthesis flow. Some Distributed RAMs may be reimplemented as non Distributed RAM primitives later in the synthesis flow. Multiple instantiated RAMs are reported only once.

DSP: Preliminary Mapping Report (see note below. The ' indicates corresponding REG is set)
+--------------------+--------------------+--------+--------+--------+--------+--------+------+------+------+------+-------+------+------+
|Module Name         | DSP Mapping        | A Size | B Size | C Size | D Size | P Size | AREG | BREG | CREG | DREG | ADREG | MREG | PREG | 
+--------------------+--------------------+--------+--------+--------+--------+--------+------+------+------+------+-------+------+------+
|Discrete_FIR_Filter | (A:0x75b8)*B       | 16     | 16     | -      | -      | 32     | 0    | 0    | -    | -    | -     | 0    | 0    | 
|Discrete_FIR_Filter | PCIN+A*(B:0xb9)    | 16     | 9      | -      | -      | 38     | 0    | 0    | -    | -    | -     | 0    | 0    | 
|Discrete_FIR_Filter | PCIN+(A:0x60b7)*B  | 16     | 16     | -      | -      | 38     | 0    | 0    | -    | -    | -     | 0    | 0    | 
|Discrete_FIR_Filter | PCIN+A*(B:0x3dae)  | 16     | 15     | -      | -      | 38     | 0    | 0    | -    | -    | -     | 0    | 0    | 
|Discrete_FIR_Filter | PCIN+A*(B:0x17b9)  | 16     | 14     | -      | -      | 38     | 0    | 0    | -    | -    | -     | 0    | 0    | 
|Discrete_FIR_Filter | PCIN+A*(B:0x3f9aa) | 16     | 12     | -      | -      | 38     | 0    | 0    | -    | -    | -     | 0    | 0    | 
|Discrete_FIR_Filter | PCIN+A*(B:0x3ea1c) | 16     | 14     | -      | -      | 38     | 0    | 0    | -    | -    | -     | 0    | 0    | 
|Discrete_FIR_Filter | PCIN+A*(B:0x3e98a) | 16     | 14     | -      | -      | 38     | 0    | 0    | -    | -    | -     | 0    | 0    | 
|Discrete_FIR_Filter | PCIN+A*(B:0x3f328) | 16     | 13     | -      | -      | 38     | 0    | 0    | -    | -    | -     | 0    | 0    | 
|Discrete_FIR_Filter | PCIN+A*(B:0x3ffb3) | 16     | 8      | -      | -      | 38     | 0    | 0    | -    | -    | -     | 0    | 0    | 
|Discrete_FIR_Filter | PCIN+A*(B:0x8cd)   | 16     | 13     | -      | -      | 38     | 0    | 0    | -    | -    | -     | 0    | 0    | 
|Discrete_FIR_Filter | PCIN+A*(B:0xb4e)   | 16     | 13     | -      | -      | 38     | 0    | 0    | -    | -    | -     | 0    | 0    | 
|Discrete_FIR_Filter | PCIN+A*(B:0x7c3)   | 16     | 12     | -      | -      | 38     | 0    | 0    | -    | -    | -     | 0    | 0    | 
|Discrete_FIR_Filter | PCIN+A*(B:0x139)   | 16     | 10     | -      | -      | 38     | 0    | 0    | -    | -    | -     | 0    | 0    | 
|Discrete_FIR_Filter | PCIN+A*(B:0x3fb40) | 16     | 12     | -      | -      | 38     | 0    | 0    | -    | -    | -     | 0    | 0    | 
|Discrete_FIR_Filter | PCIN+A*(B:0x3f831) | 16     | 12     | -      | -      | 38     | 0    | 0    | -    | -    | -     | 0    | 0    | 
|Discrete_FIR_Filter | PCIN+A*(B:0x3f87d) | 16     | 12     | -      | -      | 38     | 0    | 0    | -    | -    | -     | 0    | 0    | 
|Discrete_FIR_Filter | PCIN+A*(B:0x3fb06) | 16     | 12     | -      | -      | 38     | 0    | 0    | -    | -    | -     | 0    | 0    | 
|Discrete_FIR_Filter | PCIN+A*(B:0x3fe17) | 16     | 10     | -      | -      | 38     | 0    | 0    | -    | -    | -     | 0    | 0    | 
|Discrete_FIR_Filter | PCIN+A*(B:0x59)    | 16     | 8      | -      | -      | 38     | 0    | 0    | -    | -    | -     | 0    | 0    | 
|Discrete_FIR_Filter | PCIN+A*(B:0x14c)   | 16     | 10     | -      | -      | 38     | 0    | 0    | -    | -    | -     | 0    | 0    | 
|Discrete_FIR_Filter | PCIN+A*(B:0x132)   | 16     | 10     | -      | -      | 38     | 0    | 0    | -    | -    | -     | 0    | 0    | 
|Discrete_FIR_Filter | (A:0x75b8)*B       | 16     | 16     | -      | -      | 32     | 0    | 0    | -    | -    | -     | 0    | 0    | 
|Discrete_FIR_Filter | PCIN+A*(B:0xb9)    | 16     | 9      | -      | -      | 38     | 0    | 0    | -    | -    | -     | 0    | 0    | 
|Discrete_FIR_Filter | PCIN+(A:0x60b7)*B  | 16     | 16     | -      | -      | 38     | 0    | 0    | -    | -    | -     | 0    | 0    | 
|Discrete_FIR_Filter | PCIN+A*(B:0x3dae)  | 16     | 15     | -      | -      | 38     | 0    | 0    | -    | -    | -     | 0    | 0    | 
|Discrete_FIR_Filter | PCIN+A*(B:0x17b9)  | 16     | 14     | -      | -      | 38     | 0    | 0    | -    | -    | -     | 0    | 0    | 
|Discrete_FIR_Filter | PCIN+A*(B:0x3f9aa) | 16     | 12     | -      | -      | 38     | 0    | 0    | -    | -    | -     | 0    | 0    | 
|Discrete_FIR_Filter | PCIN+A*(B:0x3ea1c) | 16     | 14     | -      | -      | 38     | 0    | 0    | -    | -    | -     | 0    | 0    | 
|Discrete_FIR_Filter | PCIN+A*(B:0x3e98a) | 16     | 14     | -      | -      | 38     | 0    | 0    | -    | -    | -     | 0    | 0    | 
|Discrete_FIR_Filter | PCIN+A*(B:0x3f328) | 16     | 13     | -      | -      | 38     | 0    | 0    | -    | -    | -     | 0    | 0    | 
|Discrete_FIR_Filter | PCIN+A*(B:0x3ffb3) | 16     | 8      | -      | -      | 38     | 0    | 0    | -    | -    | -     | 0    | 0    | 
|Discrete_FIR_Filter | PCIN+A*(B:0x8cd)   | 16     | 13     | -      | -      | 38     | 0    | 0    | -    | -    | -     | 0    | 0    | 
|Discrete_FIR_Filter | PCIN+A*(B:0xb4e)   | 16     | 13     | -      | -      | 38     | 0    | 0    | -    | -    | -     | 0    | 0    | 
|Discrete_FIR_Filter | PCIN+A*(B:0x7c3)   | 16     | 12     | -      | -      | 38     | 0    | 0    | -    | -    | -     | 0    | 0    | 
|Discrete_FIR_Filter | PCIN+A*(B:0x139)   | 16     | 10     | -      | -      | 38     | 0    | 0    | -    | -    | -     | 0    | 0    | 
|Discrete_FIR_Filter | PCIN+A*(B:0x3fb40) | 16     | 12     | -      | -      | 38     | 0    | 0    | -    | -    | -     | 0    | 0    | 
|Discrete_FIR_Filter | PCIN+A*(B:0x3f831) | 16     | 12     | -      | -      | 38     | 0    | 0    | -    | -    | -     | 0    | 0    | 
|Discrete_FIR_Filter | PCIN+A*(B:0x3f87d) | 16     | 12     | -      | -      | 38     | 0    | 0    | -    | -    | -     | 0    | 0    | 
|Discrete_FIR_Filter | PCIN+A*(B:0x3fb06) | 16     | 12     | -      | -      | 38     | 0    | 0    | -    | -    | -     | 0    | 0    | 
|Discrete_FIR_Filter | PCIN+A*(B:0x3fe17) | 16     | 10     | -      | -      | 38     | 0    | 0    | -    | -    | -     | 0    | 0    | 
|Discrete_FIR_Filter | PCIN+A*(B:0x59)    | 16     | 8      | -      | -      | 38     | 0    | 0    | -    | -    | -     | 0    | 0    | 
|Discrete_FIR_Filter | PCIN+A*(B:0x14c)   | 16     | 10     | -      | -      | 38     | 0    | 0    | -    | -    | -     | 0    | 0    | 
|Discrete_FIR_Filter | PCIN+A*(B:0x132)   | 16     | 10     | -      | -      | 38     | 0    | 0    | -    | -    | -     | 0    | 0    | 
+--------------------+--------------------+--------+--------+--------+--------+--------+------+------+------+------+-------+------+------+

Note: The table above is a preliminary report that shows the DSPs inferred at the current stage of the synthesis flow. Some DSP may be reimplemented as non DSP primitives later in the synthesis flow. Multiple instantiated DSPs are reported only once.
---------------------------------------------------------------------------------
Finished ROM, RAM, DSP, Shift Register and Retiming Reporting
---------------------------------------------------------------------------------
---------------------------------------------------------------------------------
Start Applying XDC Timing Constraints
---------------------------------------------------------------------------------
WARNING: [Synth 8-565] redefining clock 'sysclk'
---------------------------------------------------------------------------------
Finished Applying XDC Timing Constraints : Time (s): cpu = 00:00:23 ; elapsed = 00:00:24 . Memory (MB): peak = 1715.406 ; gain = 670.234
---------------------------------------------------------------------------------
---------------------------------------------------------------------------------
Start Timing Optimization
---------------------------------------------------------------------------------
---------------------------------------------------------------------------------
Finished Timing Optimization : Time (s): cpu = 00:00:24 ; elapsed = 00:00:25 . Memory (MB): peak = 1715.406 ; gain = 670.234
---------------------------------------------------------------------------------
---------------------------------------------------------------------------------
Start ROM, RAM, DSP, Shift Register and Retiming Reporting
---------------------------------------------------------------------------------

Block RAM: Final Mapping Report
+----------------------------+-----------------------------------------------------------------------+------------------------+---+---+------------------------+---+---+------------------+--------+--------+
|Module Name                 | RTL Object                                                            | PORT A (Depth x Width) | W | R | PORT B (Depth x Width) | W | R | Ports driving FF | RAMB18 | RAMB36 | 
+----------------------------+-----------------------------------------------------------------------+------------------------+---+---+------------------------+---+---+------------------+--------+--------+
|Multichannel_FIR_Filter_fil | u_mwfil_chiftop/u_mwfil_chifcore/DUT2CHIF.u_d2bfifo/u_dpscram/mem_reg | 16 x 88(READ_FIRST)    | W |   | 16 x 88(WRITE_FIRST)   |   | R | Port A and B     | 1      | 1      | 
+----------------------------+-----------------------------------------------------------------------+------------------------+---+---+------------------------+---+---+------------------+--------+--------+


Distributed RAM: Final Mapping Report
+----------------------------+-----------------------------------------------------------------------+-----------+----------------------+-------------+
|Module Name                 | RTL Object                                                            | Inference | Size (Depth x Width) | Primitives  | 
+----------------------------+-----------------------------------------------------------------------+-----------+----------------------+-------------+
|Multichannel_FIR_Filter_fil | u_mwfil_chiftop/u_mwfil_chifcore/CHIF2DUT.u_b2dfifo/u_dpscram/mem_reg | Implied   | 16 x 32              | RAM32M x 6  | 
+----------------------------+-----------------------------------------------------------------------+-----------+----------------------+-------------+

---------------------------------------------------------------------------------
Finished ROM, RAM, DSP, Shift Register and Retiming Reporting
---------------------------------------------------------------------------------
---------------------------------------------------------------------------------
Start Technology Mapping
---------------------------------------------------------------------------------
INFO: [Synth 8-7052] The timing for the instance u_mwfil_chiftop/u_mwfil_chifcore/DUT2CHIF.u_d2bfifo/u_dpscram/mem_reg_0 (implemented as a Block RAM) might be sub-optimal as no optional output register could be merged into the ram block. Providing additional output register may help in improving timing.
INFO: [Synth 8-7052] The timing for the instance u_mwfil_chiftop/u_mwfil_chifcore/DUT2CHIF.u_d2bfifo/u_dpscram/mem_reg_1 (implemented as a Block RAM) might be sub-optimal as no optional output register could be merged into the ram block. Providing additional output register may help in improving timing.
---------------------------------------------------------------------------------
Finished Technology Mapping : Time (s): cpu = 00:00:26 ; elapsed = 00:00:27 . Memory (MB): peak = 1715.406 ; gain = 670.234
---------------------------------------------------------------------------------
---------------------------------------------------------------------------------
Start IO Insertion
---------------------------------------------------------------------------------
---------------------------------------------------------------------------------
Start Flattening Before IO Insertion
---------------------------------------------------------------------------------
---------------------------------------------------------------------------------
Finished Flattening Before IO Insertion
---------------------------------------------------------------------------------
---------------------------------------------------------------------------------
Start Final Netlist Cleanup
---------------------------------------------------------------------------------
---------------------------------------------------------------------------------
Finished Final Netlist Cleanup
---------------------------------------------------------------------------------
---------------------------------------------------------------------------------
Finished IO Insertion : Time (s): cpu = 00:00:30 ; elapsed = 00:00:31 . Memory (MB): peak = 1715.406 ; gain = 670.234
---------------------------------------------------------------------------------
---------------------------------------------------------------------------------
Start Renaming Generated Instances
---------------------------------------------------------------------------------
---------------------------------------------------------------------------------
Finished Renaming Generated Instances : Time (s): cpu = 00:00:30 ; elapsed = 00:00:31 . Memory (MB): peak = 1715.406 ; gain = 670.234
---------------------------------------------------------------------------------
---------------------------------------------------------------------------------
Start Rebuilding User Hierarchy
---------------------------------------------------------------------------------
---------------------------------------------------------------------------------
Finished Rebuilding User Hierarchy : Time (s): cpu = 00:00:30 ; elapsed = 00:00:31 . Memory (MB): peak = 1715.406 ; gain = 670.234
---------------------------------------------------------------------------------
---------------------------------------------------------------------------------
Start Renaming Generated Ports
---------------------------------------------------------------------------------
---------------------------------------------------------------------------------
Finished Renaming Generated Ports : Time (s): cpu = 00:00:30 ; elapsed = 00:00:31 . Memory (MB): peak = 1715.406 ; gain = 670.234
---------------------------------------------------------------------------------
---------------------------------------------------------------------------------
Start Handling Custom Attributes
---------------------------------------------------------------------------------
---------------------------------------------------------------------------------
Finished Handling Custom Attributes : Time (s): cpu = 00:00:30 ; elapsed = 00:00:31 . Memory (MB): peak = 1715.406 ; gain = 670.234
---------------------------------------------------------------------------------
---------------------------------------------------------------------------------
Start Renaming Generated Nets
---------------------------------------------------------------------------------
---------------------------------------------------------------------------------
Finished Renaming Generated Nets : Time (s): cpu = 00:00:30 ; elapsed = 00:00:31 . Memory (MB): peak = 1715.406 ; gain = 670.234
---------------------------------------------------------------------------------
---------------------------------------------------------------------------------
Start Writing Synthesis Report
---------------------------------------------------------------------------------

DSP Final Report (the ' indicates corresponding REG is set)
+--------------------+-------------+--------+--------+--------+--------+--------+------+------+------+------+-------+------+------+
|Module Name         | DSP Mapping | A Size | B Size | C Size | D Size | P Size | AREG | BREG | CREG | DREG | ADREG | MREG | PREG | 
+--------------------+-------------+--------+--------+--------+--------+--------+------+------+------+------+-------+------+------+
|Discrete_FIR_Filter | A*B         | 30     | 15     | -      | -      | 0      | 0    | 0    | -    | -    | -     | 0    | 0    | 
|Discrete_FIR_Filter | PCIN+A*B    | 30     | 8      | -      | -      | 38     | 0    | 0    | -    | -    | -     | 0    | 0    | 
|Discrete_FIR_Filter | PCIN+A*B    | 15     | 18     | -      | -      | 38     | 0    | 0    | -    | -    | -     | 0    | 0    | 
|Discrete_FIR_Filter | PCIN+A*B    | 30     | 14     | -      | -      | 38     | 0    | 0    | -    | -    | -     | 0    | 0    | 
|Discrete_FIR_Filter | PCIN+A*B    | 30     | 13     | -      | -      | 38     | 0    | 0    | -    | -    | -     | 0    | 0    | 
|Discrete_FIR_Filter | PCIN+A*B    | 30     | 18     | -      | -      | 38     | 0    | 0    | -    | -    | -     | 0    | 0    | 
|Discrete_FIR_Filter | PCIN+A*B    | 30     | 18     | -      | -      | 38     | 0    | 0    | -    | -    | -     | 0    | 0    | 
|Discrete_FIR_Filter | PCIN+A*B    | 30     | 18     | -      | -      | 38     | 0    | 0    | -    | -    | -     | 0    | 0    | 
|Discrete_FIR_Filter | PCIN+A*B    | 30     | 18     | -      | -      | 38     | 0    | 0    | -    | -    | -     | 0    | 0    | 
|Discrete_FIR_Filter | PCIN+A*B    | 30     | 18     | -      | -      | 38     | 0    | 0    | -    | -    | -     | 0    | 0    | 
|Discrete_FIR_Filter | PCIN+A*B    | 30     | 12     | -      | -      | 38     | 0    | 0    | -    | -    | -     | 0    | 0    | 
|Discrete_FIR_Filter | PCIN+A*B    | 30     | 12     | -      | -      | 38     | 0    | 0    | -    | -    | -     | 0    | 0    | 
|Discrete_FIR_Filter | PCIN+A*B    | 30     | 11     | -      | -      | 38     | 0    | 0    | -    | -    | -     | 0    | 0    | 
|Discrete_FIR_Filter | PCIN+A*B    | 30     | 9      | -      | -      | 38     | 0    | 0    | -    | -    | -     | 0    | 0    | 
|Discrete_FIR_Filter | PCIN+A*B    | 30     | 18     | -      | -      | 38     | 0    | 0    | -    | -    | -     | 0    | 0    | 
|Discrete_FIR_Filter | PCIN+A*B    | 30     | 18     | -      | -      | 38     | 0    | 0    | -    | -    | -     | 0    | 0    | 
|Discrete_FIR_Filter | PCIN+A*B    | 30     | 18     | -      | -      | 38     | 0    | 0    | -    | -    | -     | 0    | 0    | 
|Discrete_FIR_Filter | PCIN+A*B    | 30     | 18     | -      | -      | 38     | 0    | 0    | -    | -    | -     | 0    | 0    | 
|Discrete_FIR_Filter | PCIN+A*B    | 30     | 18     | -      | -      | 38     | 0    | 0    | -    | -    | -     | 0    | 0    | 
|Discrete_FIR_Filter | PCIN+A*B    | 30     | 7      | -      | -      | 38     | 0    | 0    | -    | -    | -     | 0    | 0    | 
|Discrete_FIR_Filter | PCIN+A*B    | 30     | 9      | -      | -      | 38     | 0    | 0    | -    | -    | -     | 0    | 0    | 
|Discrete_FIR_Filter | PCIN+A*B    | 30     | 9      | -      | -      | 38     | 0    | 0    | -    | -    | -     | 0    | 0    | 
|Discrete_FIR_Filter | A*B         | 30     | 15     | -      | -      | 0      | 0    | 0    | -    | -    | -     | 0    | 0    | 
|Discrete_FIR_Filter | PCIN+A*B    | 30     | 8      | -      | -      | 38     | 0    | 0    | -    | -    | -     | 0    | 0    | 
|Discrete_FIR_Filter | PCIN+A*B    | 15     | 18     | -      | -      | 38     | 0    | 0    | -    | -    | -     | 0    | 0    | 
|Discrete_FIR_Filter | PCIN+A*B    | 30     | 14     | -      | -      | 38     | 0    | 0    | -    | -    | -     | 0    | 0    | 
|Discrete_FIR_Filter | PCIN+A*B    | 30     | 13     | -      | -      | 38     | 0    | 0    | -    | -    | -     | 0    | 0    | 
|Discrete_FIR_Filter | PCIN+A*B    | 30     | 18     | -      | -      | 38     | 0    | 0    | -    | -    | -     | 0    | 0    | 
|Discrete_FIR_Filter | PCIN+A*B    | 30     | 18     | -      | -      | 38     | 0    | 0    | -    | -    | -     | 0    | 0    | 
|Discrete_FIR_Filter | PCIN+A*B    | 30     | 18     | -      | -      | 38     | 0    | 0    | -    | -    | -     | 0    | 0    | 
|Discrete_FIR_Filter | PCIN+A*B    | 30     | 18     | -      | -      | 38     | 0    | 0    | -    | -    | -     | 0    | 0    | 
|Discrete_FIR_Filter | PCIN+A*B    | 30     | 18     | -      | -      | 38     | 0    | 0    | -    | -    | -     | 0    | 0    | 
|Discrete_FIR_Filter | PCIN+A*B    | 30     | 12     | -      | -      | 38     | 0    | 0    | -    | -    | -     | 0    | 0    | 
|Discrete_FIR_Filter | PCIN+A*B    | 30     | 12     | -      | -      | 38     | 0    | 0    | -    | -    | -     | 0    | 0    | 
|Discrete_FIR_Filter | PCIN+A*B    | 30     | 11     | -      | -      | 38     | 0    | 0    | -    | -    | -     | 0    | 0    | 
|Discrete_FIR_Filter | PCIN+A*B    | 30     | 9      | -      | -      | 38     | 0    | 0    | -    | -    | -     | 0    | 0    | 
|Discrete_FIR_Filter | PCIN+A*B    | 30     | 18     | -      | -      | 38     | 0    | 0    | -    | -    | -     | 0    | 0    | 
|Discrete_FIR_Filter | PCIN+A*B    | 30     | 18     | -      | -      | 38     | 0    | 0    | -    | -    | -     | 0    | 0    | 
|Discrete_FIR_Filter | PCIN+A*B    | 30     | 18     | -      | -      | 38     | 0    | 0    | -    | -    | -     | 0    | 0    | 
|Discrete_FIR_Filter | PCIN+A*B    | 30     | 18     | -      | -      | 38     | 0    | 0    | -    | -    | -     | 0    | 0    | 
|Discrete_FIR_Filter | PCIN+A*B    | 30     | 18     | -      | -      | 38     | 0    | 0    | -    | -    | -     | 0    | 0    | 
|Discrete_FIR_Filter | PCIN+A*B    | 30     | 7      | -      | -      | 38     | 0    | 0    | -    | -    | -     | 0    | 0    | 
|Discrete_FIR_Filter | PCIN+A*B    | 30     | 9      | -      | -      | 38     | 0    | 0    | -    | -    | -     | 0    | 0    | 
|Discrete_FIR_Filter | PCIN+A*B    | 30     | 9      | -      | -      | 38     | 0    | 0    | -    | -    | -     | 0    | 0    | 
+--------------------+-------------+--------+--------+--------+--------+--------+------+------+------+------+-------+------+------+


Report BlackBoxes: 
+------+--------------+----------+
|      |BlackBox name |Instances |
+------+--------------+----------+
|1     |clk_wiz_0     |         1|
|2     |jtag_mac_fifo |         2|
|3     |simcycle_fifo |         1|
+------+--------------+----------+

Report Cell Usage: 
+------+---------------------+------+
|      |Cell                 |Count |
+------+---------------------+------+
|1     |clk_wiz_0_bbox       |     1|
|2     |jtag_mac_fifo_bbox   |     1|
|3     |jtag_mac_fifo_bbox_2 |     1|
|4     |simcycle_fifo_bbox   |     1|
|5     |BSCANE2              |     1|
|6     |BUFG                 |     1|
|7     |CARRY4               |   204|
|8     |DSP48E1              |    44|
|9     |LUT1                 |    25|
|10    |LUT2                 |   712|
|11    |LUT3                 |    53|
|12    |LUT4                 |   167|
|13    |LUT5                 |   207|
|14    |LUT6                 |   143|
|15    |RAM32M               |     5|
|16    |RAM32X1D             |     2|
|17    |RAMB18E1             |     1|
|18    |RAMB36E1             |     1|
|19    |FDCE                 |  1376|
|20    |FDRE                 |   564|
|21    |FDSE                 |     6|
+------+---------------------+------+
---------------------------------------------------------------------------------
Finished Writing Synthesis Report : Time (s): cpu = 00:00:30 ; elapsed = 00:00:31 . Memory (MB): peak = 1715.406 ; gain = 670.234
---------------------------------------------------------------------------------
Synthesis finished with 0 errors, 0 critical warnings and 2 warnings.
Synthesis Optimization Runtime : Time (s): cpu = 00:00:23 ; elapsed = 00:00:30 . Memory (MB): peak = 1715.406 ; gain = 577.266
Synthesis Optimization Complete : Time (s): cpu = 00:00:30 ; elapsed = 00:00:31 . Memory (MB): peak = 1715.406 ; gain = 670.234
INFO: [Project 1-571] Translating synthesized netlist
Netlist sorting complete. Time (s): cpu = 00:00:00 ; elapsed = 00:00:00.043 . Memory (MB): peak = 1715.406 ; gain = 0.000
INFO: [Netlist 29-17] Analyzing 257 Unisim elements for replacement
INFO: [Netlist 29-28] Unisim Transformation completed in 0 CPU seconds
INFO: [Project 1-570] Preparing netlist for logic optimization
INFO: [Opt 31-138] Pushed 0 inverter(s) to 0 load pin(s).
Netlist sorting complete. Time (s): cpu = 00:00:00 ; elapsed = 00:00:00.001 . Memory (MB): peak = 1715.406 ; gain = 0.000
INFO: [Project 1-111] Unisim Transformation Summary:
  A total of 7 instances were transformed.
  RAM32M => RAM32M (RAMD32(x6), RAMS32(x2)): 5 instances
  RAM32X1D => RAM32X1D (RAMD32(x2)): 2 instances

Synth Design complete | Checksum: d304fdc4
INFO: [Common 17-83] Releasing license: Synthesis
75 Infos, 29 Warnings, 2 Critical Warnings and 0 Errors encountered.
synth_design completed successfully
synth_design: Time (s): cpu = 00:00:35 ; elapsed = 00:00:36 . Memory (MB): peak = 1715.406 ; gain = 1074.016
INFO: [runtcl-6] Synthesis results are not added to the cache due to CRITICAL_WARNING
Write ShapeDB Complete: Time (s): cpu = 00:00:00 ; elapsed = 00:00:00.005 . Memory (MB): peak = 1715.406 ; gain = 0.000
INFO: [Common 17-1381] The checkpoint 'C:/demo/MultichannelFIRFilterForFPGAExample/Multichannel_FIR_Filter_fil/fpgaproj/Multichannel_FIR_Filter_fil.runs/synth_1/Multichannel_FIR_Filter_fil.dcp' has been generated.
INFO: [Vivado 12-24828] Executing command : report_utilization -file Multichannel_FIR_Filter_fil_utilization_synth.rpt -pb Multichannel_FIR_Filter_fil_utilization_synth.pb
INFO: [Common 17-206] Exiting Vivado at Wed Jan 14 09:09:58 2026...
[Wed Jan 14 09:09:59 2026] synth_1 finished
wait_on_runs: Time (s): cpu = 00:00:00 ; elapsed = 00:01:52 . Memory (MB): peak = 1088.523 ; gain = 0.000
# if {[get_property PROGRESS [get_runs synth_1]] != "100%"} {  
#   error "ERROR: Synthesis failed" 
# }
# close_project
INFO: [Common 17-206] Exiting Vivado at Wed Jan 14 09:10:00 2026...
