#-----------------------------------------------------------
# Vivado v2024.1 (64-bit)
# SW Build 5076996 on Wed May 22 18:37:14 MDT 2024
# IP Build 5075265 on Wed May 22 21:45:21 MDT 2024
# SharedData Build 5076995 on Wed May 22 18:29:18 MDT 2024
# Start of session at: Mon Oct 27 18:20:38 2025
# Process ID: 22112
# Current directory: C:/demo/DVBS2ReceiverSoCExample/soc_prj
# Command line: vivado.exe -log vivado_build_prj.log -mode batch -source build_prj.tcl -tclargs soc_dvbs2_top-XilinxZynqUltraScale_RFSoCZCU111EvaluationKit 4
# Log file: C:/demo/DVBS2ReceiverSoCExample/soc_prj/vivado_build_prj.log
# Journal file: C:/demo/DVBS2ReceiverSoCExample/soc_prj\vivado.jou
# Running On        :TS-98023
# Platform          :Windows Server 2016 or Windows 10
# Operating System  :22631
# Processor Detail  :Intel(R) Core(TM) i7-8550U CPU @ 1.80GHz
# CPU Frequency     :1992 MHz
# CPU Physical cores:4
# CPU Logical cores :8
# Host memory       :17027 MB
# Swap memory       :11241 MB
# Total Virtual     :28268 MB
# Available Virtual :5636 MB
#-----------------------------------------------------------
source build_prj.tcl
# if {$argc == 0} {
#     set proj_name "design_1_wrapper"
#     set num_jobs 1
# } else {
#     set proj_name [lindex $argv 0]
#     set num_jobs  [lindex $argv 1]
# }
# open_project vivado_prj.xpr
Scanning sources...
Finished scanning sources
INFO: [IP_Flow 19-234] Refreshing IP repositories
INFO: [IP_Flow 19-1700] Loaded user IP repository 'c:/demo/DVBS2ReceiverSoCExample/soc_prj/ipcore'.
INFO: [IP_Flow 19-2313] Loaded Vivado IP repository 'C:/Xilinx/Vivado/2024.1/data/ip'.
open_project: Time (s): cpu = 00:00:08 ; elapsed = 00:00:17 . Memory (MB): peak = 675.684 ; gain = 265.527
# update_compile_order -fileset sources_1
# reset_run impl_1
# reset_run synth_1
# launch_runs -jobs $num_jobs synth_1
INFO: [IP_Flow 19-6930] IPCACHE: runCacheChecks() number of threads = 8
INFO: [IP_Flow 19-6921] IPCACHE: Adding cache check func to thread queue for IP design_1_ADC_Demuxer_0_0
INFO: [IP_Flow 19-6921] IPCACHE: Adding cache check func to thread queue for IP design_1_ADC_Demuxer_1_0
INFO: [IP_Flow 19-6921] IPCACHE: Adding cache check func to thread queue for IP design_1_ADC_Demuxer_2_0
INFO: [IP_Flow 19-6921] IPCACHE: Adding cache check func to thread queue for IP design_1_ADC_Demuxer_3_0
INFO: [IP_Flow 19-6921] IPCACHE: Adding cache check func to thread queue for IP design_1_ADC_Demuxer_4_0
INFO: [IP_Flow 19-6921] IPCACHE: Adding cache check func to thread queue for IP design_1_ADC_Demuxer_5_0
INFO: [IP_Flow 19-6921] IPCACHE: Adding cache check func to thread queue for IP design_1_ADC_Demuxer_6_0
INFO: [IP_Flow 19-6921] IPCACHE: Adding cache check func to thread queue for IP design_1_ADC_Demuxer_7_0
INFO: [IP_Flow 19-6921] IPCACHE: Adding cache check func to thread queue for IP design_1_DAC_Muxer_0_0
INFO: [IP_Flow 19-6921] IPCACHE: Adding cache check func to thread queue for IP design_1_DAC_Muxer_1_0
INFO: [IP_Flow 19-6921] IPCACHE: Adding cache check func to thread queue for IP design_1_DAC_Muxer_2_0
INFO: [IP_Flow 19-6921] IPCACHE: Adding cache check func to thread queue for IP design_1_DAC_Muxer_3_0
INFO: [IP_Flow 19-6921] IPCACHE: Adding cache check func to thread queue for IP design_1_DAC_Muxer_4_0
INFO: [IP_Flow 19-6921] IPCACHE: Adding cache check func to thread queue for IP design_1_DAC_Muxer_5_0
INFO: [IP_Flow 19-6921] IPCACHE: Adding cache check func to thread queue for IP design_1_DAC_Muxer_6_0
INFO: [IP_Flow 19-6921] IPCACHE: Adding cache check func to thread queue for IP design_1_DAC_Muxer_7_0
INFO: [IP_Flow 19-6921] IPCACHE: Adding cache check func to thread queue for IP design_1_RFDataConverter_0
INFO: [IP_Flow 19-6921] IPCACHE: Adding cache check func to thread queue for IP design_1_auto_cc_0
INFO: [IP_Flow 19-6921] IPCACHE: Adding cache check func to thread queue for IP design_1_auto_ds_0
INFO: [IP_Flow 19-6921] IPCACHE: Adding cache check func to thread queue for IP design_1_auto_pc_0
INFO: [IP_Flow 19-6921] IPCACHE: Adding cache check func to thread queue for IP design_1_auto_pc_1
INFO: [IP_Flow 19-6921] IPCACHE: Adding cache check func to thread queue for IP design_1_auto_rs_0
INFO: [IP_Flow 19-6921] IPCACHE: Adding cache check func to thread queue for IP design_1_auto_rs_1
INFO: [IP_Flow 19-6921] IPCACHE: Adding cache check func to thread queue for IP design_1_auto_rs_w_0
INFO: [IP_Flow 19-6921] IPCACHE: Adding cache check func to thread queue for IP design_1_auto_us_0
INFO: [IP_Flow 19-6921] IPCACHE: Adding cache check func to thread queue for IP design_1_axi4_stream_to_software_dma_s2mm_0
INFO: [IP_Flow 19-6921] IPCACHE: Adding cache check func to thread queue for IP design_1_clkgen_0
INFO: [IP_Flow 19-6921] IPCACHE: Adding cache check func to thread queue for IP design_1_dvbs2_ip_0
INFO: [IP_Flow 19-6921] IPCACHE: Adding cache check func to thread queue for IP design_1_ipcore_rstgen_0
INFO: [IP_Flow 19-6921] IPCACHE: Adding cache check func to thread queue for IP design_1_jtag_axi_0
INFO: [IP_Flow 19-6921] IPCACHE: Adding cache check func to thread queue for IP design_1_mem_rstgen_0
INFO: [IP_Flow 19-6921] IPCACHE: Adding cache check func to thread queue for IP design_1_rfDCStreamClkGen_0
INFO: [IP_Flow 19-6921] IPCACHE: Adding cache check func to thread queue for IP design_1_sys_rstgen_0
INFO: [IP_Flow 19-6921] IPCACHE: Adding cache check func to thread queue for IP design_1_xbar_0
INFO: [IP_Flow 19-6921] IPCACHE: Adding cache check func to thread queue for IP design_1_zynq_ultra_ps_0
INFO: [IP_Flow 19-8020] IPCACHE: runCacheChecks() calling threadPool finishWork()
INFO: [IP_Flow 19-6924] IPCACHE: Running cache check for IP inst: design_1_ADC_Demuxer_0_0
INFO: [IP_Flow 19-6924] IPCACHE: Running cache check for IP inst: design_1_ADC_Demuxer_1_0
INFO: [IP_Flow 19-6924] IPCACHE: Running cache check for IP inst: design_1_ADC_Demuxer_2_0
INFO: [IP_Flow 19-6924] IPCACHE: Running cache check for IP inst: design_1_ADC_Demuxer_3_0
INFO: [IP_Flow 19-6924] IPCACHE: Running cache check for IP inst: design_1_ADC_Demuxer_4_0
INFO: [IP_Flow 19-6924] IPCACHE: Running cache check for IP inst: design_1_auto_rs_0
INFO: [IP_Flow 19-6924] IPCACHE: Running cache check for IP inst: design_1_auto_rs_w_0
INFO: [IP_Flow 19-6924] IPCACHE: Running cache check for IP inst: design_1_axi4_stream_to_software_dma_s2mm_0
INFO: [IP_Flow 19-6924] IPCACHE: Running cache check for IP inst: design_1_auto_ds_0
INFO: [IP_Flow 19-6924] IPCACHE: Running cache check for IP inst: design_1_auto_pc_0
INFO: [IP_Flow 19-6924] IPCACHE: Running cache check for IP inst: design_1_auto_rs_1
INFO: [IP_Flow 19-6924] IPCACHE: Running cache check for IP inst: design_1_auto_us_0
INFO: [IP_Flow 19-6924] IPCACHE: Running cache check for IP inst: design_1_auto_pc_1
INFO: [IP_Flow 19-6924] IPCACHE: Running cache check for IP inst: design_1_ADC_Demuxer_5_0
INFO: [IP_Flow 19-6924] IPCACHE: Running cache check for IP inst: design_1_ADC_Demuxer_6_0
INFO: [IP_Flow 19-6924] IPCACHE: Running cache check for IP inst: design_1_ADC_Demuxer_7_0
INFO: [IP_Flow 19-6924] IPCACHE: Running cache check for IP inst: design_1_DAC_Muxer_0_0
INFO: [IP_Flow 19-6924] IPCACHE: Running cache check for IP inst: design_1_DAC_Muxer_1_0
INFO: [IP_Flow 19-6924] IPCACHE: Running cache check for IP inst: design_1_DAC_Muxer_2_0
INFO: [IP_Flow 19-6924] IPCACHE: Running cache check for IP inst: design_1_DAC_Muxer_3_0
INFO: [IP_Flow 19-6924] IPCACHE: Running cache check for IP inst: design_1_DAC_Muxer_4_0
INFO: [IP_Flow 19-6924] IPCACHE: Running cache check for IP inst: design_1_DAC_Muxer_5_0
INFO: [IP_Flow 19-6924] IPCACHE: Running cache check for IP inst: design_1_DAC_Muxer_6_0
INFO: [IP_Flow 19-6924] IPCACHE: Running cache check for IP inst: design_1_DAC_Muxer_7_0
INFO: [IP_Flow 19-6924] IPCACHE: Running cache check for IP inst: design_1_RFDataConverter_0
INFO: [IP_Flow 19-6924] IPCACHE: Running cache check for IP inst: design_1_auto_cc_0
INFO: [IP_Flow 19-6924] IPCACHE: Running cache check for IP inst: design_1_clkgen_0
INFO: [IP_Flow 19-6924] IPCACHE: Running cache check for IP inst: design_1_dvbs2_ip_0
INFO: [IP_Flow 19-6924] IPCACHE: Running cache check for IP inst: design_1_mem_rstgen_0
INFO: [IP_Flow 19-6924] IPCACHE: Running cache check for IP inst: design_1_sys_rstgen_0
INFO: [IP_Flow 19-6924] IPCACHE: Running cache check for IP inst: design_1_xbar_0
INFO: [IP_Flow 19-6924] IPCACHE: Running cache check for IP inst: design_1_jtag_axi_0
INFO: [IP_Flow 19-6924] IPCACHE: Running cache check for IP inst: design_1_ipcore_rstgen_0
INFO: [IP_Flow 19-6924] IPCACHE: Running cache check for IP inst: design_1_rfDCStreamClkGen_0
INFO: [IP_Flow 19-6924] IPCACHE: Running cache check for IP inst: design_1_zynq_ultra_ps_0
WARNING: [Vivado 12-7122] Auto Incremental Compile:: No reference checkpoint was found in run synth_1. Auto-incremental flow will not be run, the standard flow will be run instead.
[Mon Oct 27 18:21:16 2025] Launched design_1_rfDCStreamClkGen_0_synth_1, design_1_DAC_Muxer_4_0_synth_1, design_1_ipcore_rstgen_0_synth_1, design_1_mem_rstgen_0_synth_1, design_1_axi4_stream_to_software_dma_s2mm_0_synth_1, design_1_zynq_ultra_ps_0_synth_1, design_1_DAC_Muxer_1_0_synth_1, design_1_ADC_Demuxer_7_0_synth_1, design_1_sys_rstgen_0_synth_1, design_1_DAC_Muxer_3_0_synth_1, design_1_ADC_Demuxer_4_0_synth_1, design_1_dvbs2_ip_0_synth_1, design_1_xbar_0_synth_1, design_1_auto_ds_0_synth_1, design_1_DAC_Muxer_0_0_synth_1, design_1_DAC_Muxer_6_0_synth_1, design_1_ADC_Demuxer_1_0_synth_1, design_1_auto_pc_0_synth_1, design_1_auto_rs_0_synth_1, design_1_ADC_Demuxer_5_0_synth_1, design_1_clkgen_0_synth_1, design_1_jtag_axi_0_synth_1, design_1_DAC_Muxer_7_0_synth_1, design_1_RFDataConverter_0_synth_1, design_1_DAC_Muxer_5_0_synth_1, design_1_ADC_Demuxer_0_0_synth_1, design_1_ADC_Demuxer_2_0_synth_1, design_1_DAC_Muxer_2_0_synth_1, design_1_ADC_Demuxer_3_0_synth_1, design_1_ADC_Demuxer_6_0_synth_1, design_1_auto_rs_1_synth_1, design_1_auto_rs_w_0_synth_1, design_1_auto_us_0_synth_1, design_1_auto_cc_0_synth_1, design_1_auto_pc_1_synth_1...
Run output will be captured here:
design_1_rfDCStreamClkGen_0_synth_1: C:/demo/DVBS2ReceiverSoCExample/soc_prj/vivado_prj.runs/design_1_rfDCStreamClkGen_0_synth_1/runme.log
design_1_DAC_Muxer_4_0_synth_1: C:/demo/DVBS2ReceiverSoCExample/soc_prj/vivado_prj.runs/design_1_DAC_Muxer_4_0_synth_1/runme.log
design_1_ipcore_rstgen_0_synth_1: C:/demo/DVBS2ReceiverSoCExample/soc_prj/vivado_prj.runs/design_1_ipcore_rstgen_0_synth_1/runme.log
design_1_mem_rstgen_0_synth_1: C:/demo/DVBS2ReceiverSoCExample/soc_prj/vivado_prj.runs/design_1_mem_rstgen_0_synth_1/runme.log
design_1_axi4_stream_to_software_dma_s2mm_0_synth_1: C:/demo/DVBS2ReceiverSoCExample/soc_prj/vivado_prj.runs/design_1_axi4_stream_to_software_dma_s2mm_0_synth_1/runme.log
design_1_zynq_ultra_ps_0_synth_1: C:/demo/DVBS2ReceiverSoCExample/soc_prj/vivado_prj.runs/design_1_zynq_ultra_ps_0_synth_1/runme.log
design_1_DAC_Muxer_1_0_synth_1: C:/demo/DVBS2ReceiverSoCExample/soc_prj/vivado_prj.runs/design_1_DAC_Muxer_1_0_synth_1/runme.log
design_1_ADC_Demuxer_7_0_synth_1: C:/demo/DVBS2ReceiverSoCExample/soc_prj/vivado_prj.runs/design_1_ADC_Demuxer_7_0_synth_1/runme.log
design_1_sys_rstgen_0_synth_1: C:/demo/DVBS2ReceiverSoCExample/soc_prj/vivado_prj.runs/design_1_sys_rstgen_0_synth_1/runme.log
design_1_DAC_Muxer_3_0_synth_1: C:/demo/DVBS2ReceiverSoCExample/soc_prj/vivado_prj.runs/design_1_DAC_Muxer_3_0_synth_1/runme.log
design_1_ADC_Demuxer_4_0_synth_1: C:/demo/DVBS2ReceiverSoCExample/soc_prj/vivado_prj.runs/design_1_ADC_Demuxer_4_0_synth_1/runme.log
design_1_dvbs2_ip_0_synth_1: C:/demo/DVBS2ReceiverSoCExample/soc_prj/vivado_prj.runs/design_1_dvbs2_ip_0_synth_1/runme.log
design_1_xbar_0_synth_1: C:/demo/DVBS2ReceiverSoCExample/soc_prj/vivado_prj.runs/design_1_xbar_0_synth_1/runme.log
design_1_auto_ds_0_synth_1: C:/demo/DVBS2ReceiverSoCExample/soc_prj/vivado_prj.runs/design_1_auto_ds_0_synth_1/runme.log
design_1_DAC_Muxer_0_0_synth_1: C:/demo/DVBS2ReceiverSoCExample/soc_prj/vivado_prj.runs/design_1_DAC_Muxer_0_0_synth_1/runme.log
design_1_DAC_Muxer_6_0_synth_1: C:/demo/DVBS2ReceiverSoCExample/soc_prj/vivado_prj.runs/design_1_DAC_Muxer_6_0_synth_1/runme.log
design_1_ADC_Demuxer_1_0_synth_1: C:/demo/DVBS2ReceiverSoCExample/soc_prj/vivado_prj.runs/design_1_ADC_Demuxer_1_0_synth_1/runme.log
design_1_auto_pc_0_synth_1: C:/demo/DVBS2ReceiverSoCExample/soc_prj/vivado_prj.runs/design_1_auto_pc_0_synth_1/runme.log
design_1_auto_rs_0_synth_1: C:/demo/DVBS2ReceiverSoCExample/soc_prj/vivado_prj.runs/design_1_auto_rs_0_synth_1/runme.log
design_1_ADC_Demuxer_5_0_synth_1: C:/demo/DVBS2ReceiverSoCExample/soc_prj/vivado_prj.runs/design_1_ADC_Demuxer_5_0_synth_1/runme.log
design_1_clkgen_0_synth_1: C:/demo/DVBS2ReceiverSoCExample/soc_prj/vivado_prj.runs/design_1_clkgen_0_synth_1/runme.log
design_1_jtag_axi_0_synth_1: C:/demo/DVBS2ReceiverSoCExample/soc_prj/vivado_prj.runs/design_1_jtag_axi_0_synth_1/runme.log
design_1_DAC_Muxer_7_0_synth_1: C:/demo/DVBS2ReceiverSoCExample/soc_prj/vivado_prj.runs/design_1_DAC_Muxer_7_0_synth_1/runme.log
design_1_RFDataConverter_0_synth_1: C:/demo/DVBS2ReceiverSoCExample/soc_prj/vivado_prj.runs/design_1_RFDataConverter_0_synth_1/runme.log
design_1_DAC_Muxer_5_0_synth_1: C:/demo/DVBS2ReceiverSoCExample/soc_prj/vivado_prj.runs/design_1_DAC_Muxer_5_0_synth_1/runme.log
design_1_ADC_Demuxer_0_0_synth_1: C:/demo/DVBS2ReceiverSoCExample/soc_prj/vivado_prj.runs/design_1_ADC_Demuxer_0_0_synth_1/runme.log
design_1_ADC_Demuxer_2_0_synth_1: C:/demo/DVBS2ReceiverSoCExample/soc_prj/vivado_prj.runs/design_1_ADC_Demuxer_2_0_synth_1/runme.log
design_1_DAC_Muxer_2_0_synth_1: C:/demo/DVBS2ReceiverSoCExample/soc_prj/vivado_prj.runs/design_1_DAC_Muxer_2_0_synth_1/runme.log
design_1_ADC_Demuxer_3_0_synth_1: C:/demo/DVBS2ReceiverSoCExample/soc_prj/vivado_prj.runs/design_1_ADC_Demuxer_3_0_synth_1/runme.log
design_1_ADC_Demuxer_6_0_synth_1: C:/demo/DVBS2ReceiverSoCExample/soc_prj/vivado_prj.runs/design_1_ADC_Demuxer_6_0_synth_1/runme.log
design_1_auto_rs_1_synth_1: C:/demo/DVBS2ReceiverSoCExample/soc_prj/vivado_prj.runs/design_1_auto_rs_1_synth_1/runme.log
design_1_auto_rs_w_0_synth_1: C:/demo/DVBS2ReceiverSoCExample/soc_prj/vivado_prj.runs/design_1_auto_rs_w_0_synth_1/runme.log
design_1_auto_us_0_synth_1: C:/demo/DVBS2ReceiverSoCExample/soc_prj/vivado_prj.runs/design_1_auto_us_0_synth_1/runme.log
design_1_auto_cc_0_synth_1: C:/demo/DVBS2ReceiverSoCExample/soc_prj/vivado_prj.runs/design_1_auto_cc_0_synth_1/runme.log
design_1_auto_pc_1_synth_1: C:/demo/DVBS2ReceiverSoCExample/soc_prj/vivado_prj.runs/design_1_auto_pc_1_synth_1/runme.log
[Mon Oct 27 18:21:16 2025] Launched synth_1...
Run output will be captured here: C:/demo/DVBS2ReceiverSoCExample/soc_prj/vivado_prj.runs/synth_1/runme.log
launch_runs: Time (s): cpu = 00:00:03 ; elapsed = 00:00:10 . Memory (MB): peak = 730.836 ; gain = 55.152
# wait_on_run synth_1
[Mon Oct 27 18:21:16 2025] Waiting for synth_1 to finish...

*** Running vivado
    with args -log design_1_wrapper.vds -m64 -product Vivado -mode batch -messageDb vivado.pb -notrace -source design_1_wrapper.tcl



****** Vivado v2024.1 (64-bit)
  **** SW Build 5076996 on Wed May 22 18:37:14 MDT 2024
  **** IP Build 5075265 on Wed May 22 21:45:21 MDT 2024
  **** SharedData Build 5076995 on Wed May 22 18:29:18 MDT 2024
  **** Start of session at: Mon Oct 27 19:07:23 2025
    ** Copyright 1986-2022 Xilinx, Inc. All Rights Reserved.
    ** Copyright 2022-2024 Advanced Micro Devices, Inc. All Rights Reserved.

source design_1_wrapper.tcl -notrace
create_project: Time (s): cpu = 00:00:05 ; elapsed = 00:00:10 . Memory (MB): peak = 613.059 ; gain = 199.176
INFO: [IP_Flow 19-234] Refreshing IP repositories
INFO: [IP_Flow 19-1700] Loaded user IP repository 'c:/demo/DVBS2ReceiverSoCExample/soc_prj/ipcore'.
INFO: [IP_Flow 19-2313] Loaded Vivado IP repository 'C:/Xilinx/Vivado/2024.1/data/ip'.
add_files: Time (s): cpu = 00:00:03 ; elapsed = 00:00:08 . Memory (MB): peak = 677.258 ; gain = 47.578
Command: synth_design -top design_1_wrapper -part xczu28dr-ffvg1517-2-e
Starting synth_design
Attempting to get a license for feature 'Synthesis' and/or device 'xczu28dr'
INFO: [Common 17-349] Got license for feature 'Synthesis' and/or device 'xczu28dr'
INFO: [Common 17-1686] The version limit for your license is '2025.10' and will not allow you to run AMD software released after that date (year & month). A version limit expiration means that while you will be able to continue to use the current version of tools or IP with this license, you will not be able to use any updates or new releases.
INFO: [Device 21-403] Loading part xczu28dr-ffvg1517-2-e
INFO: [Synth 8-7079] Multithreading enabled for synth_design using a maximum of 2 processes.
INFO: [Synth 8-7078] Launching helper process for spawning children vivado processes
INFO: [Synth 8-7075] Helper process launched with PID 19436
---------------------------------------------------------------------------------
Starting RTL Elaboration : Time (s): cpu = 00:00:03 ; elapsed = 00:00:08 . Memory (MB): peak = 2176.523 ; gain = 385.660
---------------------------------------------------------------------------------
INFO: [Synth 8-638] synthesizing module 'design_1_wrapper' [C:/demo/DVBS2ReceiverSoCExample/soc_prj/vivado_prj.gen/sources_1/bd/design_1/hdl/design_1_wrapper.vhd:64]
INFO: [Synth 8-3491] module 'design_1' declared at 'c:/demo/DVBS2ReceiverSoCExample/soc_prj/vivado_prj.gen/sources_1/bd/design_1/synth/design_1.vhd:2969' bound to instance 'design_1_i' of component 'design_1' [C:/demo/DVBS2ReceiverSoCExample/soc_prj/vivado_prj.gen/sources_1/bd/design_1/hdl/design_1_wrapper.vhd:114]
INFO: [Synth 8-638] synthesizing module 'design_1' [c:/demo/DVBS2ReceiverSoCExample/soc_prj/vivado_prj.gen/sources_1/bd/design_1/synth/design_1.vhd:3022]
INFO: [Synth 8-3491] module 'design_1_ADC_Demuxer_0_0' declared at 'C:/demo/DVBS2ReceiverSoCExample/soc_prj/vivado_prj.runs/synth_1/.Xil/Vivado-20700-TS-98023/realtime/design_1_ADC_Demuxer_0_0_stub.vhdl:6' bound to instance 'ADC_Demuxer_0' of component 'design_1_ADC_Demuxer_0_0' [c:/demo/DVBS2ReceiverSoCExample/soc_prj/vivado_prj.gen/sources_1/bd/design_1/synth/design_1.vhd:4170]
INFO: [Synth 8-638] synthesizing module 'design_1_ADC_Demuxer_0_0' [C:/demo/DVBS2ReceiverSoCExample/soc_prj/vivado_prj.runs/synth_1/.Xil/Vivado-20700-TS-98023/realtime/design_1_ADC_Demuxer_0_0_stub.vhdl:19]
INFO: [Synth 8-3491] module 'design_1_ADC_Demuxer_1_0' declared at 'C:/demo/DVBS2ReceiverSoCExample/soc_prj/vivado_prj.runs/synth_1/.Xil/Vivado-20700-TS-98023/realtime/design_1_ADC_Demuxer_1_0_stub.vhdl:6' bound to instance 'ADC_Demuxer_1' of component 'design_1_ADC_Demuxer_1_0' [c:/demo/DVBS2ReceiverSoCExample/soc_prj/vivado_prj.gen/sources_1/bd/design_1/synth/design_1.vhd:4180]
INFO: [Synth 8-638] synthesizing module 'design_1_ADC_Demuxer_1_0' [C:/demo/DVBS2ReceiverSoCExample/soc_prj/vivado_prj.runs/synth_1/.Xil/Vivado-20700-TS-98023/realtime/design_1_ADC_Demuxer_1_0_stub.vhdl:19]
INFO: [Synth 8-3491] module 'design_1_ADC_Demuxer_2_0' declared at 'C:/demo/DVBS2ReceiverSoCExample/soc_prj/vivado_prj.runs/synth_1/.Xil/Vivado-20700-TS-98023/realtime/design_1_ADC_Demuxer_2_0_stub.vhdl:6' bound to instance 'ADC_Demuxer_2' of component 'design_1_ADC_Demuxer_2_0' [c:/demo/DVBS2ReceiverSoCExample/soc_prj/vivado_prj.gen/sources_1/bd/design_1/synth/design_1.vhd:4190]
INFO: [Synth 8-638] synthesizing module 'design_1_ADC_Demuxer_2_0' [C:/demo/DVBS2ReceiverSoCExample/soc_prj/vivado_prj.runs/synth_1/.Xil/Vivado-20700-TS-98023/realtime/design_1_ADC_Demuxer_2_0_stub.vhdl:19]
INFO: [Synth 8-3491] module 'design_1_ADC_Demuxer_3_0' declared at 'C:/demo/DVBS2ReceiverSoCExample/soc_prj/vivado_prj.runs/synth_1/.Xil/Vivado-20700-TS-98023/realtime/design_1_ADC_Demuxer_3_0_stub.vhdl:6' bound to instance 'ADC_Demuxer_3' of component 'design_1_ADC_Demuxer_3_0' [c:/demo/DVBS2ReceiverSoCExample/soc_prj/vivado_prj.gen/sources_1/bd/design_1/synth/design_1.vhd:4200]
INFO: [Synth 8-638] synthesizing module 'design_1_ADC_Demuxer_3_0' [C:/demo/DVBS2ReceiverSoCExample/soc_prj/vivado_prj.runs/synth_1/.Xil/Vivado-20700-TS-98023/realtime/design_1_ADC_Demuxer_3_0_stub.vhdl:19]
INFO: [Synth 8-3491] module 'design_1_ADC_Demuxer_4_0' declared at 'C:/demo/DVBS2ReceiverSoCExample/soc_prj/vivado_prj.runs/synth_1/.Xil/Vivado-20700-TS-98023/realtime/design_1_ADC_Demuxer_4_0_stub.vhdl:6' bound to instance 'ADC_Demuxer_4' of component 'design_1_ADC_Demuxer_4_0' [c:/demo/DVBS2ReceiverSoCExample/soc_prj/vivado_prj.gen/sources_1/bd/design_1/synth/design_1.vhd:4210]
INFO: [Synth 8-638] synthesizing module 'design_1_ADC_Demuxer_4_0' [C:/demo/DVBS2ReceiverSoCExample/soc_prj/vivado_prj.runs/synth_1/.Xil/Vivado-20700-TS-98023/realtime/design_1_ADC_Demuxer_4_0_stub.vhdl:19]
INFO: [Synth 8-3491] module 'design_1_ADC_Demuxer_5_0' declared at 'C:/demo/DVBS2ReceiverSoCExample/soc_prj/vivado_prj.runs/synth_1/.Xil/Vivado-20700-TS-98023/realtime/design_1_ADC_Demuxer_5_0_stub.vhdl:6' bound to instance 'ADC_Demuxer_5' of component 'design_1_ADC_Demuxer_5_0' [c:/demo/DVBS2ReceiverSoCExample/soc_prj/vivado_prj.gen/sources_1/bd/design_1/synth/design_1.vhd:4220]
INFO: [Synth 8-638] synthesizing module 'design_1_ADC_Demuxer_5_0' [C:/demo/DVBS2ReceiverSoCExample/soc_prj/vivado_prj.runs/synth_1/.Xil/Vivado-20700-TS-98023/realtime/design_1_ADC_Demuxer_5_0_stub.vhdl:19]
INFO: [Synth 8-3491] module 'design_1_ADC_Demuxer_6_0' declared at 'C:/demo/DVBS2ReceiverSoCExample/soc_prj/vivado_prj.runs/synth_1/.Xil/Vivado-20700-TS-98023/realtime/design_1_ADC_Demuxer_6_0_stub.vhdl:6' bound to instance 'ADC_Demuxer_6' of component 'design_1_ADC_Demuxer_6_0' [c:/demo/DVBS2ReceiverSoCExample/soc_prj/vivado_prj.gen/sources_1/bd/design_1/synth/design_1.vhd:4230]
INFO: [Synth 8-638] synthesizing module 'design_1_ADC_Demuxer_6_0' [C:/demo/DVBS2ReceiverSoCExample/soc_prj/vivado_prj.runs/synth_1/.Xil/Vivado-20700-TS-98023/realtime/design_1_ADC_Demuxer_6_0_stub.vhdl:19]
INFO: [Synth 8-3491] module 'design_1_ADC_Demuxer_7_0' declared at 'C:/demo/DVBS2ReceiverSoCExample/soc_prj/vivado_prj.runs/synth_1/.Xil/Vivado-20700-TS-98023/realtime/design_1_ADC_Demuxer_7_0_stub.vhdl:6' bound to instance 'ADC_Demuxer_7' of component 'design_1_ADC_Demuxer_7_0' [c:/demo/DVBS2ReceiverSoCExample/soc_prj/vivado_prj.gen/sources_1/bd/design_1/synth/design_1.vhd:4240]
INFO: [Synth 8-638] synthesizing module 'design_1_ADC_Demuxer_7_0' [C:/demo/DVBS2ReceiverSoCExample/soc_prj/vivado_prj.runs/synth_1/.Xil/Vivado-20700-TS-98023/realtime/design_1_ADC_Demuxer_7_0_stub.vhdl:19]
INFO: [Synth 8-3491] module 'design_1_DAC_Muxer_0_0' declared at 'C:/demo/DVBS2ReceiverSoCExample/soc_prj/vivado_prj.runs/synth_1/.Xil/Vivado-20700-TS-98023/realtime/design_1_DAC_Muxer_0_0_stub.vhdl:6' bound to instance 'DAC_Muxer_0' of component 'design_1_DAC_Muxer_0_0' [c:/demo/DVBS2ReceiverSoCExample/soc_prj/vivado_prj.gen/sources_1/bd/design_1/synth/design_1.vhd:4250]
INFO: [Synth 8-638] synthesizing module 'design_1_DAC_Muxer_0_0' [C:/demo/DVBS2ReceiverSoCExample/soc_prj/vivado_prj.runs/synth_1/.Xil/Vivado-20700-TS-98023/realtime/design_1_DAC_Muxer_0_0_stub.vhdl:17]
INFO: [Synth 8-3491] module 'design_1_DAC_Muxer_1_0' declared at 'C:/demo/DVBS2ReceiverSoCExample/soc_prj/vivado_prj.runs/synth_1/.Xil/Vivado-20700-TS-98023/realtime/design_1_DAC_Muxer_1_0_stub.vhdl:6' bound to instance 'DAC_Muxer_1' of component 'design_1_DAC_Muxer_1_0' [c:/demo/DVBS2ReceiverSoCExample/soc_prj/vivado_prj.gen/sources_1/bd/design_1/synth/design_1.vhd:4258]
INFO: [Synth 8-638] synthesizing module 'design_1_DAC_Muxer_1_0' [C:/demo/DVBS2ReceiverSoCExample/soc_prj/vivado_prj.runs/synth_1/.Xil/Vivado-20700-TS-98023/realtime/design_1_DAC_Muxer_1_0_stub.vhdl:17]
INFO: [Synth 8-3491] module 'design_1_DAC_Muxer_2_0' declared at 'C:/demo/DVBS2ReceiverSoCExample/soc_prj/vivado_prj.runs/synth_1/.Xil/Vivado-20700-TS-98023/realtime/design_1_DAC_Muxer_2_0_stub.vhdl:6' bound to instance 'DAC_Muxer_2' of component 'design_1_DAC_Muxer_2_0' [c:/demo/DVBS2ReceiverSoCExample/soc_prj/vivado_prj.gen/sources_1/bd/design_1/synth/design_1.vhd:4266]
INFO: [Synth 8-638] synthesizing module 'design_1_DAC_Muxer_2_0' [C:/demo/DVBS2ReceiverSoCExample/soc_prj/vivado_prj.runs/synth_1/.Xil/Vivado-20700-TS-98023/realtime/design_1_DAC_Muxer_2_0_stub.vhdl:17]
INFO: [Synth 8-3491] module 'design_1_DAC_Muxer_3_0' declared at 'C:/demo/DVBS2ReceiverSoCExample/soc_prj/vivado_prj.runs/synth_1/.Xil/Vivado-20700-TS-98023/realtime/design_1_DAC_Muxer_3_0_stub.vhdl:6' bound to instance 'DAC_Muxer_3' of component 'design_1_DAC_Muxer_3_0' [c:/demo/DVBS2ReceiverSoCExample/soc_prj/vivado_prj.gen/sources_1/bd/design_1/synth/design_1.vhd:4274]
INFO: [Synth 8-638] synthesizing module 'design_1_DAC_Muxer_3_0' [C:/demo/DVBS2ReceiverSoCExample/soc_prj/vivado_prj.runs/synth_1/.Xil/Vivado-20700-TS-98023/realtime/design_1_DAC_Muxer_3_0_stub.vhdl:17]
INFO: [Synth 8-3491] module 'design_1_DAC_Muxer_4_0' declared at 'C:/demo/DVBS2ReceiverSoCExample/soc_prj/vivado_prj.runs/synth_1/.Xil/Vivado-20700-TS-98023/realtime/design_1_DAC_Muxer_4_0_stub.vhdl:6' bound to instance 'DAC_Muxer_4' of component 'design_1_DAC_Muxer_4_0' [c:/demo/DVBS2ReceiverSoCExample/soc_prj/vivado_prj.gen/sources_1/bd/design_1/synth/design_1.vhd:4282]
INFO: [Synth 8-638] synthesizing module 'design_1_DAC_Muxer_4_0' [C:/demo/DVBS2ReceiverSoCExample/soc_prj/vivado_prj.runs/synth_1/.Xil/Vivado-20700-TS-98023/realtime/design_1_DAC_Muxer_4_0_stub.vhdl:17]
INFO: [Synth 8-3491] module 'design_1_DAC_Muxer_5_0' declared at 'C:/demo/DVBS2ReceiverSoCExample/soc_prj/vivado_prj.runs/synth_1/.Xil/Vivado-20700-TS-98023/realtime/design_1_DAC_Muxer_5_0_stub.vhdl:6' bound to instance 'DAC_Muxer_5' of component 'design_1_DAC_Muxer_5_0' [c:/demo/DVBS2ReceiverSoCExample/soc_prj/vivado_prj.gen/sources_1/bd/design_1/synth/design_1.vhd:4290]
INFO: [Synth 8-638] synthesizing module 'design_1_DAC_Muxer_5_0' [C:/demo/DVBS2ReceiverSoCExample/soc_prj/vivado_prj.runs/synth_1/.Xil/Vivado-20700-TS-98023/realtime/design_1_DAC_Muxer_5_0_stub.vhdl:17]
INFO: [Synth 8-3491] module 'design_1_DAC_Muxer_6_0' declared at 'C:/demo/DVBS2ReceiverSoCExample/soc_prj/vivado_prj.runs/synth_1/.Xil/Vivado-20700-TS-98023/realtime/design_1_DAC_Muxer_6_0_stub.vhdl:6' bound to instance 'DAC_Muxer_6' of component 'design_1_DAC_Muxer_6_0' [c:/demo/DVBS2ReceiverSoCExample/soc_prj/vivado_prj.gen/sources_1/bd/design_1/synth/design_1.vhd:4298]
INFO: [Synth 8-638] synthesizing module 'design_1_DAC_Muxer_6_0' [C:/demo/DVBS2ReceiverSoCExample/soc_prj/vivado_prj.runs/synth_1/.Xil/Vivado-20700-TS-98023/realtime/design_1_DAC_Muxer_6_0_stub.vhdl:17]
INFO: [Synth 8-3491] module 'design_1_DAC_Muxer_7_0' declared at 'C:/demo/DVBS2ReceiverSoCExample/soc_prj/vivado_prj.runs/synth_1/.Xil/Vivado-20700-TS-98023/realtime/design_1_DAC_Muxer_7_0_stub.vhdl:6' bound to instance 'DAC_Muxer_7' of component 'design_1_DAC_Muxer_7_0' [c:/demo/DVBS2ReceiverSoCExample/soc_prj/vivado_prj.gen/sources_1/bd/design_1/synth/design_1.vhd:4306]
INFO: [Synth 8-638] synthesizing module 'design_1_DAC_Muxer_7_0' [C:/demo/DVBS2ReceiverSoCExample/soc_prj/vivado_prj.runs/synth_1/.Xil/Vivado-20700-TS-98023/realtime/design_1_DAC_Muxer_7_0_stub.vhdl:17]
INFO: [Synth 8-3491] module 'design_1_RFDataConverter_0' declared at 'C:/demo/DVBS2ReceiverSoCExample/soc_prj/vivado_prj.runs/synth_1/.Xil/Vivado-20700-TS-98023/realtime/design_1_RFDataConverter_0_stub.vhdl:6' bound to instance 'RFDataConverter' of component 'design_1_RFDataConverter_0' [c:/demo/DVBS2ReceiverSoCExample/soc_prj/vivado_prj.gen/sources_1/bd/design_1/synth/design_1.vhd:4314]
INFO: [Synth 8-638] synthesizing module 'design_1_RFDataConverter_0' [C:/demo/DVBS2ReceiverSoCExample/soc_prj/vivado_prj.runs/synth_1/.Xil/Vivado-20700-TS-98023/realtime/design_1_RFDataConverter_0_stub.vhdl:168]
INFO: [Synth 8-3491] module 'design_1_axi4_stream_to_software_dma_s2mm_0' declared at 'C:/demo/DVBS2ReceiverSoCExample/soc_prj/vivado_prj.runs/synth_1/.Xil/Vivado-20700-TS-98023/realtime/design_1_axi4_stream_to_software_dma_s2mm_0_stub.vhdl:6' bound to instance 'axi4_stream_to_software_dma_s2mm' of component 'design_1_axi4_stream_to_software_dma_s2mm_0' [c:/demo/DVBS2ReceiverSoCExample/soc_prj/vivado_prj.gen/sources_1/bd/design_1/synth/design_1.vhd:4473]
INFO: [Synth 8-638] synthesizing module 'design_1_axi4_stream_to_software_dma_s2mm_0' [C:/demo/DVBS2ReceiverSoCExample/soc_prj/vivado_prj.runs/synth_1/.Xil/Vivado-20700-TS-98023/realtime/design_1_axi4_stream_to_software_dma_s2mm_0_stub.vhdl:60]
INFO: [Synth 8-638] synthesizing module 'design_1_axi_intc_hp0_0' [c:/demo/DVBS2ReceiverSoCExample/soc_prj/vivado_prj.gen/sources_1/bd/design_1/synth/design_1.vhd:1922]
INFO: [Synth 8-638] synthesizing module 's00_couplers_imp_18Z43L4' [c:/demo/DVBS2ReceiverSoCExample/soc_prj/vivado_prj.gen/sources_1/bd/design_1/synth/design_1.vhd:495]
INFO: [Synth 8-3491] module 'design_1_auto_rs_1' declared at 'C:/demo/DVBS2ReceiverSoCExample/soc_prj/vivado_prj.runs/synth_1/.Xil/Vivado-20700-TS-98023/realtime/design_1_auto_rs_1_stub.vhdl:6' bound to instance 'auto_rs' of component 'design_1_auto_rs_1' [c:/demo/DVBS2ReceiverSoCExample/soc_prj/vivado_prj.gen/sources_1/bd/design_1/synth/design_1.vhd:740]
INFO: [Synth 8-638] synthesizing module 'design_1_auto_rs_1' [C:/demo/DVBS2ReceiverSoCExample/soc_prj/vivado_prj.runs/synth_1/.Xil/Vivado-20700-TS-98023/realtime/design_1_auto_rs_1_stub.vhdl:52]
INFO: [Synth 8-3491] module 'design_1_auto_rs_w_0' declared at 'C:/demo/DVBS2ReceiverSoCExample/soc_prj/vivado_prj.runs/synth_1/.Xil/Vivado-20700-TS-98023/realtime/design_1_auto_rs_w_0_stub.vhdl:6' bound to instance 'auto_rs_w' of component 'design_1_auto_rs_w_0' [c:/demo/DVBS2ReceiverSoCExample/soc_prj/vivado_prj.gen/sources_1/bd/design_1/synth/design_1.vhd:784]
INFO: [Synth 8-638] synthesizing module 'design_1_auto_rs_w_0' [C:/demo/DVBS2ReceiverSoCExample/soc_prj/vivado_prj.runs/synth_1/.Xil/Vivado-20700-TS-98023/realtime/design_1_auto_rs_w_0_stub.vhdl:52]
INFO: [Synth 8-3491] module 'design_1_auto_us_0' declared at 'C:/demo/DVBS2ReceiverSoCExample/soc_prj/vivado_prj.runs/synth_1/.Xil/Vivado-20700-TS-98023/realtime/design_1_auto_us_0_stub.vhdl:6' bound to instance 'auto_us' of component 'design_1_auto_us_0' [c:/demo/DVBS2ReceiverSoCExample/soc_prj/vivado_prj.gen/sources_1/bd/design_1/synth/design_1.vhd:827]
INFO: [Synth 8-638] synthesizing module 'design_1_auto_us_0' [C:/demo/DVBS2ReceiverSoCExample/soc_prj/vivado_prj.runs/synth_1/.Xil/Vivado-20700-TS-98023/realtime/design_1_auto_us_0_stub.vhdl:52]
INFO: [Synth 8-256] done synthesizing module 's00_couplers_imp_18Z43L4' (0#1) [c:/demo/DVBS2ReceiverSoCExample/soc_prj/vivado_prj.gen/sources_1/bd/design_1/synth/design_1.vhd:495]
INFO: [Synth 8-256] done synthesizing module 'design_1_axi_intc_hp0_0' (0#1) [c:/demo/DVBS2ReceiverSoCExample/soc_prj/vivado_prj.gen/sources_1/bd/design_1/synth/design_1.vhd:1922]
INFO: [Synth 8-638] synthesizing module 'design_1_axi_intc_reg_0' [c:/demo/DVBS2ReceiverSoCExample/soc_prj/vivado_prj.gen/sources_1/bd/design_1/synth/design_1.vhd:2190]
INFO: [Synth 8-638] synthesizing module 'm00_couplers_imp_1DQQXPN' [c:/demo/DVBS2ReceiverSoCExample/soc_prj/vivado_prj.gen/sources_1/bd/design_1/synth/design_1.vhd:62]
INFO: [Synth 8-256] done synthesizing module 'm00_couplers_imp_1DQQXPN' (0#1) [c:/demo/DVBS2ReceiverSoCExample/soc_prj/vivado_prj.gen/sources_1/bd/design_1/synth/design_1.vhd:62]
INFO: [Synth 8-638] synthesizing module 'm01_couplers_imp_PJR93E' [c:/demo/DVBS2ReceiverSoCExample/soc_prj/vivado_prj.gen/sources_1/bd/design_1/synth/design_1.vhd:171]
INFO: [Synth 8-3491] module 'design_1_auto_cc_0' declared at 'C:/demo/DVBS2ReceiverSoCExample/soc_prj/vivado_prj.runs/synth_1/.Xil/Vivado-20700-TS-98023/realtime/design_1_auto_cc_0_stub.vhdl:6' bound to instance 'auto_cc' of component 'design_1_auto_cc_0' [c:/demo/DVBS2ReceiverSoCExample/soc_prj/vivado_prj.gen/sources_1/bd/design_1/synth/design_1.vhd:301]
INFO: [Synth 8-638] synthesizing module 'design_1_auto_cc_0' [C:/demo/DVBS2ReceiverSoCExample/soc_prj/vivado_prj.runs/synth_1/.Xil/Vivado-20700-TS-98023/realtime/design_1_auto_cc_0_stub.vhdl:54]
INFO: [Synth 8-256] done synthesizing module 'm01_couplers_imp_PJR93E' (0#1) [c:/demo/DVBS2ReceiverSoCExample/soc_prj/vivado_prj.gen/sources_1/bd/design_1/synth/design_1.vhd:171]
INFO: [Synth 8-638] synthesizing module 'm02_couplers_imp_1ENNVZC' [c:/demo/DVBS2ReceiverSoCExample/soc_prj/vivado_prj.gen/sources_1/bd/design_1/synth/design_1.vhd:394]
INFO: [Synth 8-256] done synthesizing module 'm02_couplers_imp_1ENNVZC' (0#1) [c:/demo/DVBS2ReceiverSoCExample/soc_prj/vivado_prj.gen/sources_1/bd/design_1/synth/design_1.vhd:394]
INFO: [Synth 8-638] synthesizing module 's00_couplers_imp_KNUKQ1' [c:/demo/DVBS2ReceiverSoCExample/soc_prj/vivado_prj.gen/sources_1/bd/design_1/synth/design_1.vhd:940]
INFO: [Synth 8-3491] module 'design_1_auto_ds_0' declared at 'C:/demo/DVBS2ReceiverSoCExample/soc_prj/vivado_prj.runs/synth_1/.Xil/Vivado-20700-TS-98023/realtime/design_1_auto_ds_0_stub.vhdl:6' bound to instance 'auto_ds' of component 'design_1_auto_ds_0' [c:/demo/DVBS2ReceiverSoCExample/soc_prj/vivado_prj.gen/sources_1/bd/design_1/synth/design_1.vhd:1344]
INFO: [Synth 8-638] synthesizing module 'design_1_auto_ds_0' [C:/demo/DVBS2ReceiverSoCExample/soc_prj/vivado_prj.runs/synth_1/.Xil/Vivado-20700-TS-98023/realtime/design_1_auto_ds_0_stub.vhdl:88]
INFO: [Synth 8-3491] module 'design_1_auto_pc_0' declared at 'C:/demo/DVBS2ReceiverSoCExample/soc_prj/vivado_prj.runs/synth_1/.Xil/Vivado-20700-TS-98023/realtime/design_1_auto_pc_0_stub.vhdl:6' bound to instance 'auto_pc' of component 'design_1_auto_pc_0' [c:/demo/DVBS2ReceiverSoCExample/soc_prj/vivado_prj.gen/sources_1/bd/design_1/synth/design_1.vhd:1423]
INFO: [Synth 8-638] synthesizing module 'design_1_auto_pc_0' [C:/demo/DVBS2ReceiverSoCExample/soc_prj/vivado_prj.runs/synth_1/.Xil/Vivado-20700-TS-98023/realtime/design_1_auto_pc_0_stub.vhdl:68]
INFO: [Synth 8-3491] module 'design_1_auto_rs_0' declared at 'C:/demo/DVBS2ReceiverSoCExample/soc_prj/vivado_prj.runs/synth_1/.Xil/Vivado-20700-TS-98023/realtime/design_1_auto_rs_0_stub.vhdl:6' bound to instance 'auto_rs' of component 'design_1_auto_rs_0' [c:/demo/DVBS2ReceiverSoCExample/soc_prj/vivado_prj.gen/sources_1/bd/design_1/synth/design_1.vhd:1482]
INFO: [Synth 8-638] synthesizing module 'design_1_auto_rs_0' [C:/demo/DVBS2ReceiverSoCExample/soc_prj/vivado_prj.runs/synth_1/.Xil/Vivado-20700-TS-98023/realtime/design_1_auto_rs_0_stub.vhdl:84]
INFO: [Synth 8-256] done synthesizing module 's00_couplers_imp_KNUKQ1' (0#1) [c:/demo/DVBS2ReceiverSoCExample/soc_prj/vivado_prj.gen/sources_1/bd/design_1/synth/design_1.vhd:940]
INFO: [Synth 8-638] synthesizing module 's01_couplers_imp_19TT1FS' [c:/demo/DVBS2ReceiverSoCExample/soc_prj/vivado_prj.gen/sources_1/bd/design_1/synth/design_1.vhd:1627]
INFO: [Synth 8-3491] module 'design_1_auto_pc_1' declared at 'C:/demo/DVBS2ReceiverSoCExample/soc_prj/vivado_prj.runs/synth_1/.Xil/Vivado-20700-TS-98023/realtime/design_1_auto_pc_1_stub.vhdl:6' bound to instance 'auto_pc' of component 'design_1_auto_pc_1' [c:/demo/DVBS2ReceiverSoCExample/soc_prj/vivado_prj.gen/sources_1/bd/design_1/synth/design_1.vhd:1809]
INFO: [Synth 8-638] synthesizing module 'design_1_auto_pc_1' [C:/demo/DVBS2ReceiverSoCExample/soc_prj/vivado_prj.runs/synth_1/.Xil/Vivado-20700-TS-98023/realtime/design_1_auto_pc_1_stub.vhdl:72]
INFO: [Synth 8-256] done synthesizing module 's01_couplers_imp_19TT1FS' (0#1) [c:/demo/DVBS2ReceiverSoCExample/soc_prj/vivado_prj.gen/sources_1/bd/design_1/synth/design_1.vhd:1627]
INFO: [Synth 8-3491] module 'design_1_xbar_0' declared at 'C:/demo/DVBS2ReceiverSoCExample/soc_prj/vivado_prj.runs/synth_1/.Xil/Vivado-20700-TS-98023/realtime/design_1_xbar_0_stub.vhdl:6' bound to instance 'xbar' of component 'design_1_xbar_0' [c:/demo/DVBS2ReceiverSoCExample/soc_prj/vivado_prj.gen/sources_1/bd/design_1/synth/design_1.vhd:2864]
INFO: [Synth 8-638] synthesizing module 'design_1_xbar_0' [C:/demo/DVBS2ReceiverSoCExample/soc_prj/vivado_prj.runs/synth_1/.Xil/Vivado-20700-TS-98023/realtime/design_1_xbar_0_stub.vhdl:52]
INFO: [Synth 8-256] done synthesizing module 'design_1_axi_intc_reg_0' (0#1) [c:/demo/DVBS2ReceiverSoCExample/soc_prj/vivado_prj.gen/sources_1/bd/design_1/synth/design_1.vhd:2190]
INFO: [Synth 8-3491] module 'design_1_clkgen_0' declared at 'C:/demo/DVBS2ReceiverSoCExample/soc_prj/vivado_prj.runs/synth_1/.Xil/Vivado-20700-TS-98023/realtime/design_1_clkgen_0_stub.vhdl:6' bound to instance 'clkgen' of component 'design_1_clkgen_0' [c:/demo/DVBS2ReceiverSoCExample/soc_prj/vivado_prj.gen/sources_1/bd/design_1/synth/design_1.vhd:4709]
INFO: [Synth 8-638] synthesizing module 'design_1_clkgen_0' [C:/demo/DVBS2ReceiverSoCExample/soc_prj/vivado_prj.runs/synth_1/.Xil/Vivado-20700-TS-98023/realtime/design_1_clkgen_0_stub.vhdl:15]
INFO: [Synth 8-3491] module 'design_1_dvbs2_ip_0' declared at 'C:/demo/DVBS2ReceiverSoCExample/soc_prj/vivado_prj.runs/synth_1/.Xil/Vivado-20700-TS-98023/realtime/design_1_dvbs2_ip_0_stub.vhdl:6' bound to instance 'dvbs2_ip' of component 'design_1_dvbs2_ip_0' [c:/demo/DVBS2ReceiverSoCExample/soc_prj/vivado_prj.gen/sources_1/bd/design_1/synth/design_1.vhd:4715]
INFO: [Synth 8-638] synthesizing module 'design_1_dvbs2_ip_0' [C:/demo/DVBS2ReceiverSoCExample/soc_prj/vivado_prj.runs/synth_1/.Xil/Vivado-20700-TS-98023/realtime/design_1_dvbs2_ip_0_stub.vhdl:43]
INFO: [Synth 8-3491] module 'design_1_interrupt_concat_0' declared at 'c:/demo/DVBS2ReceiverSoCExample/soc_prj/vivado_prj.gen/sources_1/bd/design_1/ip/design_1_interrupt_concat_0/synth/design_1_interrupt_concat_0.v:53' bound to instance 'interrupt_concat' of component 'design_1_interrupt_concat_0' [c:/demo/DVBS2ReceiverSoCExample/soc_prj/vivado_prj.gen/sources_1/bd/design_1/synth/design_1.vhd:4749]
INFO: [Synth 8-6157] synthesizing module 'design_1_interrupt_concat_0' [c:/demo/DVBS2ReceiverSoCExample/soc_prj/vivado_prj.gen/sources_1/bd/design_1/ip/design_1_interrupt_concat_0/synth/design_1_interrupt_concat_0.v:53]
INFO: [Synth 8-6157] synthesizing module 'xlconcat_v2_1_6_xlconcat' [c:/demo/DVBS2ReceiverSoCExample/soc_prj/vivado_prj.gen/sources_1/bd/design_1/ipshared/6120/hdl/xlconcat_v2_1_vl_rfs.v:59]
INFO: [Synth 8-6155] done synthesizing module 'xlconcat_v2_1_6_xlconcat' (0#1) [c:/demo/DVBS2ReceiverSoCExample/soc_prj/vivado_prj.gen/sources_1/bd/design_1/ipshared/6120/hdl/xlconcat_v2_1_vl_rfs.v:59]
INFO: [Synth 8-6155] done synthesizing module 'design_1_interrupt_concat_0' (0#1) [c:/demo/DVBS2ReceiverSoCExample/soc_prj/vivado_prj.gen/sources_1/bd/design_1/ip/design_1_interrupt_concat_0/synth/design_1_interrupt_concat_0.v:53]
INFO: [Synth 8-3491] module 'design_1_ipcore_rstgen_0' declared at 'C:/demo/DVBS2ReceiverSoCExample/soc_prj/vivado_prj.runs/synth_1/.Xil/Vivado-20700-TS-98023/realtime/design_1_ipcore_rstgen_0_stub.vhdl:6' bound to instance 'ipcore_rstgen' of component 'design_1_ipcore_rstgen_0' [c:/demo/DVBS2ReceiverSoCExample/soc_prj/vivado_prj.gen/sources_1/bd/design_1/synth/design_1.vhd:4754]
INFO: [Synth 8-638] synthesizing module 'design_1_ipcore_rstgen_0' [C:/demo/DVBS2ReceiverSoCExample/soc_prj/vivado_prj.runs/synth_1/.Xil/Vivado-20700-TS-98023/realtime/design_1_ipcore_rstgen_0_stub.vhdl:22]
INFO: [Synth 8-3491] module 'design_1_jtag_axi_0' declared at 'C:/demo/DVBS2ReceiverSoCExample/soc_prj/vivado_prj.runs/synth_1/.Xil/Vivado-20700-TS-98023/realtime/design_1_jtag_axi_0_stub.vhdl:6' bound to instance 'jtag_axi' of component 'design_1_jtag_axi_0' [c:/demo/DVBS2ReceiverSoCExample/soc_prj/vivado_prj.gen/sources_1/bd/design_1/synth/design_1.vhd:4767]
INFO: [Synth 8-638] synthesizing module 'design_1_jtag_axi_0' [C:/demo/DVBS2ReceiverSoCExample/soc_prj/vivado_prj.runs/synth_1/.Xil/Vivado-20700-TS-98023/realtime/design_1_jtag_axi_0_stub.vhdl:51]
INFO: [Synth 8-3491] module 'design_1_mem_rstgen_0' declared at 'C:/demo/DVBS2ReceiverSoCExample/soc_prj/vivado_prj.runs/synth_1/.Xil/Vivado-20700-TS-98023/realtime/design_1_mem_rstgen_0_stub.vhdl:6' bound to instance 'mem_rstgen' of component 'design_1_mem_rstgen_0' [c:/demo/DVBS2ReceiverSoCExample/soc_prj/vivado_prj.gen/sources_1/bd/design_1/synth/design_1.vhd:4809]
INFO: [Synth 8-638] synthesizing module 'design_1_mem_rstgen_0' [C:/demo/DVBS2ReceiverSoCExample/soc_prj/vivado_prj.runs/synth_1/.Xil/Vivado-20700-TS-98023/realtime/design_1_mem_rstgen_0_stub.vhdl:22]
INFO: [Synth 8-3491] module 'design_1_rfDCStreamClkGen_0' declared at 'C:/demo/DVBS2ReceiverSoCExample/soc_prj/vivado_prj.runs/synth_1/.Xil/Vivado-20700-TS-98023/realtime/design_1_rfDCStreamClkGen_0_stub.vhdl:6' bound to instance 'rfDCStreamClkGen' of component 'design_1_rfDCStreamClkGen_0' [c:/demo/DVBS2ReceiverSoCExample/soc_prj/vivado_prj.gen/sources_1/bd/design_1/synth/design_1.vhd:4822]
INFO: [Synth 8-638] synthesizing module 'design_1_rfDCStreamClkGen_0' [C:/demo/DVBS2ReceiverSoCExample/soc_prj/vivado_prj.runs/synth_1/.Xil/Vivado-20700-TS-98023/realtime/design_1_rfDCStreamClkGen_0_stub.vhdl:14]
INFO: [Synth 8-3491] module 'design_1_sys_rstgen_0' declared at 'C:/demo/DVBS2ReceiverSoCExample/soc_prj/vivado_prj.runs/synth_1/.Xil/Vivado-20700-TS-98023/realtime/design_1_sys_rstgen_0_stub.vhdl:6' bound to instance 'sys_rstgen' of component 'design_1_sys_rstgen_0' [c:/demo/DVBS2ReceiverSoCExample/soc_prj/vivado_prj.gen/sources_1/bd/design_1/synth/design_1.vhd:4827]
INFO: [Synth 8-638] synthesizing module 'design_1_sys_rstgen_0' [C:/demo/DVBS2ReceiverSoCExample/soc_prj/vivado_prj.runs/synth_1/.Xil/Vivado-20700-TS-98023/realtime/design_1_sys_rstgen_0_stub.vhdl:22]
INFO: [Synth 8-3491] module 'design_1_zynq_ultra_ps_0' declared at 'C:/demo/DVBS2ReceiverSoCExample/soc_prj/vivado_prj.runs/synth_1/.Xil/Vivado-20700-TS-98023/realtime/design_1_zynq_ultra_ps_0_stub.vhdl:6' bound to instance 'zynq_ultra_ps' of component 'design_1_zynq_ultra_ps_0' [c:/demo/DVBS2ReceiverSoCExample/soc_prj/vivado_prj.gen/sources_1/bd/design_1/synth/design_1.vhd:4840]
INFO: [Synth 8-638] synthesizing module 'design_1_zynq_ultra_ps_0' [C:/demo/DVBS2ReceiverSoCExample/soc_prj/vivado_prj.runs/synth_1/.Xil/Vivado-20700-TS-98023/realtime/design_1_zynq_ultra_ps_0_stub.vhdl:176]
INFO: [Synth 8-256] done synthesizing module 'design_1' (0#1) [c:/demo/DVBS2ReceiverSoCExample/soc_prj/vivado_prj.gen/sources_1/bd/design_1/synth/design_1.vhd:3022]
INFO: [Synth 8-256] done synthesizing module 'design_1_wrapper' (0#1) [C:/demo/DVBS2ReceiverSoCExample/soc_prj/vivado_prj.gen/sources_1/bd/design_1/hdl/design_1_wrapper.vhd:64]
WARNING: [Synth 8-7129] Port In1[0] in module xlconcat_v2_1_6_xlconcat is either unconnected or has no load
WARNING: [Synth 8-7129] Port In2[0] in module xlconcat_v2_1_6_xlconcat is either unconnected or has no load
WARNING: [Synth 8-7129] Port In3[0] in module xlconcat_v2_1_6_xlconcat is either unconnected or has no load
WARNING: [Synth 8-7129] Port In4[0] in module xlconcat_v2_1_6_xlconcat is either unconnected or has no load
WARNING: [Synth 8-7129] Port In5[0] in module xlconcat_v2_1_6_xlconcat is either unconnected or has no load
WARNING: [Synth 8-7129] Port In6[0] in module xlconcat_v2_1_6_xlconcat is either unconnected or has no load
WARNING: [Synth 8-7129] Port In7[0] in module xlconcat_v2_1_6_xlconcat is either unconnected or has no load
WARNING: [Synth 8-7129] Port In8[0] in module xlconcat_v2_1_6_xlconcat is either unconnected or has no load
WARNING: [Synth 8-7129] Port In9[0] in module xlconcat_v2_1_6_xlconcat is either unconnected or has no load
WARNING: [Synth 8-7129] Port In10[0] in module xlconcat_v2_1_6_xlconcat is either unconnected or has no load
WARNING: [Synth 8-7129] Port In11[0] in module xlconcat_v2_1_6_xlconcat is either unconnected or has no load
WARNING: [Synth 8-7129] Port In12[0] in module xlconcat_v2_1_6_xlconcat is either unconnected or has no load
WARNING: [Synth 8-7129] Port In13[0] in module xlconcat_v2_1_6_xlconcat is either unconnected or has no load
WARNING: [Synth 8-7129] Port In14[0] in module xlconcat_v2_1_6_xlconcat is either unconnected or has no load
WARNING: [Synth 8-7129] Port In15[0] in module xlconcat_v2_1_6_xlconcat is either unconnected or has no load
WARNING: [Synth 8-7129] Port In16[0] in module xlconcat_v2_1_6_xlconcat is either unconnected or has no load
WARNING: [Synth 8-7129] Port In17[0] in module xlconcat_v2_1_6_xlconcat is either unconnected or has no load
WARNING: [Synth 8-7129] Port In18[0] in module xlconcat_v2_1_6_xlconcat is either unconnected or has no load
WARNING: [Synth 8-7129] Port In19[0] in module xlconcat_v2_1_6_xlconcat is either unconnected or has no load
WARNING: [Synth 8-7129] Port In20[0] in module xlconcat_v2_1_6_xlconcat is either unconnected or has no load
WARNING: [Synth 8-7129] Port In21[0] in module xlconcat_v2_1_6_xlconcat is either unconnected or has no load
WARNING: [Synth 8-7129] Port In22[0] in module xlconcat_v2_1_6_xlconcat is either unconnected or has no load
WARNING: [Synth 8-7129] Port In23[0] in module xlconcat_v2_1_6_xlconcat is either unconnected or has no load
WARNING: [Synth 8-7129] Port In24[0] in module xlconcat_v2_1_6_xlconcat is either unconnected or has no load
WARNING: [Synth 8-7129] Port In25[0] in module xlconcat_v2_1_6_xlconcat is either unconnected or has no load
WARNING: [Synth 8-7129] Port In26[0] in module xlconcat_v2_1_6_xlconcat is either unconnected or has no load
WARNING: [Synth 8-7129] Port In27[0] in module xlconcat_v2_1_6_xlconcat is either unconnected or has no load
WARNING: [Synth 8-7129] Port In28[0] in module xlconcat_v2_1_6_xlconcat is either unconnected or has no load
WARNING: [Synth 8-7129] Port In29[0] in module xlconcat_v2_1_6_xlconcat is either unconnected or has no load
WARNING: [Synth 8-7129] Port In30[0] in module xlconcat_v2_1_6_xlconcat is either unconnected or has no load
WARNING: [Synth 8-7129] Port In31[0] in module xlconcat_v2_1_6_xlconcat is either unconnected or has no load
WARNING: [Synth 8-7129] Port In32[0] in module xlconcat_v2_1_6_xlconcat is either unconnected or has no load
WARNING: [Synth 8-7129] Port In33[0] in module xlconcat_v2_1_6_xlconcat is either unconnected or has no load
WARNING: [Synth 8-7129] Port In34[0] in module xlconcat_v2_1_6_xlconcat is either unconnected or has no load
WARNING: [Synth 8-7129] Port In35[0] in module xlconcat_v2_1_6_xlconcat is either unconnected or has no load
WARNING: [Synth 8-7129] Port In36[0] in module xlconcat_v2_1_6_xlconcat is either unconnected or has no load
WARNING: [Synth 8-7129] Port In37[0] in module xlconcat_v2_1_6_xlconcat is either unconnected or has no load
WARNING: [Synth 8-7129] Port In38[0] in module xlconcat_v2_1_6_xlconcat is either unconnected or has no load
WARNING: [Synth 8-7129] Port In39[0] in module xlconcat_v2_1_6_xlconcat is either unconnected or has no load
WARNING: [Synth 8-7129] Port In40[0] in module xlconcat_v2_1_6_xlconcat is either unconnected or has no load
WARNING: [Synth 8-7129] Port In41[0] in module xlconcat_v2_1_6_xlconcat is either unconnected or has no load
WARNING: [Synth 8-7129] Port In42[0] in module xlconcat_v2_1_6_xlconcat is either unconnected or has no load
WARNING: [Synth 8-7129] Port In43[0] in module xlconcat_v2_1_6_xlconcat is either unconnected or has no load
WARNING: [Synth 8-7129] Port In44[0] in module xlconcat_v2_1_6_xlconcat is either unconnected or has no load
WARNING: [Synth 8-7129] Port In45[0] in module xlconcat_v2_1_6_xlconcat is either unconnected or has no load
WARNING: [Synth 8-7129] Port In46[0] in module xlconcat_v2_1_6_xlconcat is either unconnected or has no load
WARNING: [Synth 8-7129] Port In47[0] in module xlconcat_v2_1_6_xlconcat is either unconnected or has no load
WARNING: [Synth 8-7129] Port In48[0] in module xlconcat_v2_1_6_xlconcat is either unconnected or has no load
WARNING: [Synth 8-7129] Port In49[0] in module xlconcat_v2_1_6_xlconcat is either unconnected or has no load
WARNING: [Synth 8-7129] Port In50[0] in module xlconcat_v2_1_6_xlconcat is either unconnected or has no load
WARNING: [Synth 8-7129] Port In51[0] in module xlconcat_v2_1_6_xlconcat is either unconnected or has no load
WARNING: [Synth 8-7129] Port In52[0] in module xlconcat_v2_1_6_xlconcat is either unconnected or has no load
WARNING: [Synth 8-7129] Port In53[0] in module xlconcat_v2_1_6_xlconcat is either unconnected or has no load
WARNING: [Synth 8-7129] Port In54[0] in module xlconcat_v2_1_6_xlconcat is either unconnected or has no load
WARNING: [Synth 8-7129] Port In55[0] in module xlconcat_v2_1_6_xlconcat is either unconnected or has no load
WARNING: [Synth 8-7129] Port In56[0] in module xlconcat_v2_1_6_xlconcat is either unconnected or has no load
WARNING: [Synth 8-7129] Port In57[0] in module xlconcat_v2_1_6_xlconcat is either unconnected or has no load
WARNING: [Synth 8-7129] Port In58[0] in module xlconcat_v2_1_6_xlconcat is either unconnected or has no load
WARNING: [Synth 8-7129] Port In59[0] in module xlconcat_v2_1_6_xlconcat is either unconnected or has no load
WARNING: [Synth 8-7129] Port In60[0] in module xlconcat_v2_1_6_xlconcat is either unconnected or has no load
WARNING: [Synth 8-7129] Port In61[0] in module xlconcat_v2_1_6_xlconcat is either unconnected or has no load
WARNING: [Synth 8-7129] Port In62[0] in module xlconcat_v2_1_6_xlconcat is either unconnected or has no load
WARNING: [Synth 8-7129] Port In63[0] in module xlconcat_v2_1_6_xlconcat is either unconnected or has no load
WARNING: [Synth 8-7129] Port In64[0] in module xlconcat_v2_1_6_xlconcat is either unconnected or has no load
WARNING: [Synth 8-7129] Port In65[0] in module xlconcat_v2_1_6_xlconcat is either unconnected or has no load
WARNING: [Synth 8-7129] Port In66[0] in module xlconcat_v2_1_6_xlconcat is either unconnected or has no load
WARNING: [Synth 8-7129] Port In67[0] in module xlconcat_v2_1_6_xlconcat is either unconnected or has no load
WARNING: [Synth 8-7129] Port In68[0] in module xlconcat_v2_1_6_xlconcat is either unconnected or has no load
WARNING: [Synth 8-7129] Port In69[0] in module xlconcat_v2_1_6_xlconcat is either unconnected or has no load
WARNING: [Synth 8-7129] Port In70[0] in module xlconcat_v2_1_6_xlconcat is either unconnected or has no load
WARNING: [Synth 8-7129] Port In71[0] in module xlconcat_v2_1_6_xlconcat is either unconnected or has no load
WARNING: [Synth 8-7129] Port In72[0] in module xlconcat_v2_1_6_xlconcat is either unconnected or has no load
WARNING: [Synth 8-7129] Port In73[0] in module xlconcat_v2_1_6_xlconcat is either unconnected or has no load
WARNING: [Synth 8-7129] Port In74[0] in module xlconcat_v2_1_6_xlconcat is either unconnected or has no load
WARNING: [Synth 8-7129] Port In75[0] in module xlconcat_v2_1_6_xlconcat is either unconnected or has no load
WARNING: [Synth 8-7129] Port In76[0] in module xlconcat_v2_1_6_xlconcat is either unconnected or has no load
WARNING: [Synth 8-7129] Port In77[0] in module xlconcat_v2_1_6_xlconcat is either unconnected or has no load
WARNING: [Synth 8-7129] Port In78[0] in module xlconcat_v2_1_6_xlconcat is either unconnected or has no load
WARNING: [Synth 8-7129] Port In79[0] in module xlconcat_v2_1_6_xlconcat is either unconnected or has no load
WARNING: [Synth 8-7129] Port In80[0] in module xlconcat_v2_1_6_xlconcat is either unconnected or has no load
WARNING: [Synth 8-7129] Port In81[0] in module xlconcat_v2_1_6_xlconcat is either unconnected or has no load
WARNING: [Synth 8-7129] Port In82[0] in module xlconcat_v2_1_6_xlconcat is either unconnected or has no load
WARNING: [Synth 8-7129] Port In83[0] in module xlconcat_v2_1_6_xlconcat is either unconnected or has no load
WARNING: [Synth 8-7129] Port In84[0] in module xlconcat_v2_1_6_xlconcat is either unconnected or has no load
WARNING: [Synth 8-7129] Port In85[0] in module xlconcat_v2_1_6_xlconcat is either unconnected or has no load
WARNING: [Synth 8-7129] Port In86[0] in module xlconcat_v2_1_6_xlconcat is either unconnected or has no load
WARNING: [Synth 8-7129] Port In87[0] in module xlconcat_v2_1_6_xlconcat is either unconnected or has no load
WARNING: [Synth 8-7129] Port In88[0] in module xlconcat_v2_1_6_xlconcat is either unconnected or has no load
WARNING: [Synth 8-7129] Port In89[0] in module xlconcat_v2_1_6_xlconcat is either unconnected or has no load
WARNING: [Synth 8-7129] Port In90[0] in module xlconcat_v2_1_6_xlconcat is either unconnected or has no load
WARNING: [Synth 8-7129] Port In91[0] in module xlconcat_v2_1_6_xlconcat is either unconnected or has no load
WARNING: [Synth 8-7129] Port In92[0] in module xlconcat_v2_1_6_xlconcat is either unconnected or has no load
WARNING: [Synth 8-7129] Port In93[0] in module xlconcat_v2_1_6_xlconcat is either unconnected or has no load
WARNING: [Synth 8-7129] Port In94[0] in module xlconcat_v2_1_6_xlconcat is either unconnected or has no load
WARNING: [Synth 8-7129] Port In95[0] in module xlconcat_v2_1_6_xlconcat is either unconnected or has no load
WARNING: [Synth 8-7129] Port In96[0] in module xlconcat_v2_1_6_xlconcat is either unconnected or has no load
WARNING: [Synth 8-7129] Port In97[0] in module xlconcat_v2_1_6_xlconcat is either unconnected or has no load
WARNING: [Synth 8-7129] Port In98[0] in module xlconcat_v2_1_6_xlconcat is either unconnected or has no load
WARNING: [Synth 8-7129] Port In99[0] in module xlconcat_v2_1_6_xlconcat is either unconnected or has no load
WARNING: [Synth 8-7129] Port In100[0] in module xlconcat_v2_1_6_xlconcat is either unconnected or has no load
INFO: [Common 17-14] Message 'Synth 8-7129' appears 100 times and further instances of the messages will be disabled. Use the Tcl command set_msg_config to change the current settings.
---------------------------------------------------------------------------------
Finished RTL Elaboration : Time (s): cpu = 00:00:04 ; elapsed = 00:00:11 . Memory (MB): peak = 2286.168 ; gain = 495.305
---------------------------------------------------------------------------------
---------------------------------------------------------------------------------
Start Handling Custom Attributes
---------------------------------------------------------------------------------
---------------------------------------------------------------------------------
Finished Handling Custom Attributes : Time (s): cpu = 00:00:04 ; elapsed = 00:00:11 . Memory (MB): peak = 2304.094 ; gain = 513.230
---------------------------------------------------------------------------------
---------------------------------------------------------------------------------
Finished RTL Optimization Phase 1 : Time (s): cpu = 00:00:04 ; elapsed = 00:00:11 . Memory (MB): peak = 2304.094 ; gain = 513.230
---------------------------------------------------------------------------------
Netlist sorting complete. Time (s): cpu = 00:00:00 ; elapsed = 00:00:00.121 . Memory (MB): peak = 2304.094 ; gain = 0.000
INFO: [Project 1-570] Preparing netlist for logic optimization

Processing XDC Constraints
Initializing timing engine
Parsing XDC File [c:/demo/DVBS2ReceiverSoCExample/soc_prj/vivado_prj.gen/sources_1/bd/design_1/ip/design_1_zynq_ultra_ps_0/design_1_zynq_ultra_ps_0/design_1_zynq_ultra_ps_0_in_context.xdc] for cell 'design_1_i/zynq_ultra_ps'
create_clock: Time (s): cpu = 00:00:06 ; elapsed = 00:00:14 . Memory (MB): peak = 2345.914 ; gain = 0.039
Finished Parsing XDC File [c:/demo/DVBS2ReceiverSoCExample/soc_prj/vivado_prj.gen/sources_1/bd/design_1/ip/design_1_zynq_ultra_ps_0/design_1_zynq_ultra_ps_0/design_1_zynq_ultra_ps_0_in_context.xdc] for cell 'design_1_i/zynq_ultra_ps'
Parsing XDC File [c:/demo/DVBS2ReceiverSoCExample/soc_prj/vivado_prj.gen/sources_1/bd/design_1/ip/design_1_RFDataConverter_0/design_1_RFDataConverter_0/design_1_RFDataConverter_0_in_context.xdc] for cell 'design_1_i/RFDataConverter'
Finished Parsing XDC File [c:/demo/DVBS2ReceiverSoCExample/soc_prj/vivado_prj.gen/sources_1/bd/design_1/ip/design_1_RFDataConverter_0/design_1_RFDataConverter_0/design_1_RFDataConverter_0_in_context.xdc] for cell 'design_1_i/RFDataConverter'
Parsing XDC File [c:/demo/DVBS2ReceiverSoCExample/soc_prj/vivado_prj.gen/sources_1/bd/design_1/ip/design_1_rfDCStreamClkGen_0/design_1_rfDCStreamClkGen_0/design_1_rfDCStreamClkGen_0_in_context.xdc] for cell 'design_1_i/rfDCStreamClkGen'
Finished Parsing XDC File [c:/demo/DVBS2ReceiverSoCExample/soc_prj/vivado_prj.gen/sources_1/bd/design_1/ip/design_1_rfDCStreamClkGen_0/design_1_rfDCStreamClkGen_0/design_1_rfDCStreamClkGen_0_in_context.xdc] for cell 'design_1_i/rfDCStreamClkGen'
Parsing XDC File [c:/demo/DVBS2ReceiverSoCExample/soc_prj/vivado_prj.gen/sources_1/bd/design_1/ip/design_1_DAC_Muxer_0_0/design_1_DAC_Muxer_0_0/design_1_DAC_Muxer_4_0_in_context.xdc] for cell 'design_1_i/DAC_Muxer_0'
Finished Parsing XDC File [c:/demo/DVBS2ReceiverSoCExample/soc_prj/vivado_prj.gen/sources_1/bd/design_1/ip/design_1_DAC_Muxer_0_0/design_1_DAC_Muxer_0_0/design_1_DAC_Muxer_4_0_in_context.xdc] for cell 'design_1_i/DAC_Muxer_0'
Parsing XDC File [c:/demo/DVBS2ReceiverSoCExample/soc_prj/vivado_prj.gen/sources_1/bd/design_1/ip/design_1_DAC_Muxer_1_0/design_1_DAC_Muxer_1_0/design_1_DAC_Muxer_4_0_in_context.xdc] for cell 'design_1_i/DAC_Muxer_1'
Finished Parsing XDC File [c:/demo/DVBS2ReceiverSoCExample/soc_prj/vivado_prj.gen/sources_1/bd/design_1/ip/design_1_DAC_Muxer_1_0/design_1_DAC_Muxer_1_0/design_1_DAC_Muxer_4_0_in_context.xdc] for cell 'design_1_i/DAC_Muxer_1'
Parsing XDC File [c:/demo/DVBS2ReceiverSoCExample/soc_prj/vivado_prj.gen/sources_1/bd/design_1/ip/design_1_DAC_Muxer_2_0/design_1_DAC_Muxer_2_0/design_1_DAC_Muxer_4_0_in_context.xdc] for cell 'design_1_i/DAC_Muxer_2'
Finished Parsing XDC File [c:/demo/DVBS2ReceiverSoCExample/soc_prj/vivado_prj.gen/sources_1/bd/design_1/ip/design_1_DAC_Muxer_2_0/design_1_DAC_Muxer_2_0/design_1_DAC_Muxer_4_0_in_context.xdc] for cell 'design_1_i/DAC_Muxer_2'
Parsing XDC File [c:/demo/DVBS2ReceiverSoCExample/soc_prj/vivado_prj.gen/sources_1/bd/design_1/ip/design_1_DAC_Muxer_3_0/design_1_DAC_Muxer_3_0/design_1_DAC_Muxer_4_0_in_context.xdc] for cell 'design_1_i/DAC_Muxer_3'
Finished Parsing XDC File [c:/demo/DVBS2ReceiverSoCExample/soc_prj/vivado_prj.gen/sources_1/bd/design_1/ip/design_1_DAC_Muxer_3_0/design_1_DAC_Muxer_3_0/design_1_DAC_Muxer_4_0_in_context.xdc] for cell 'design_1_i/DAC_Muxer_3'
Parsing XDC File [c:/demo/DVBS2ReceiverSoCExample/soc_prj/vivado_prj.gen/sources_1/bd/design_1/ip/design_1_DAC_Muxer_4_0/design_1_DAC_Muxer_4_0/design_1_DAC_Muxer_4_0_in_context.xdc] for cell 'design_1_i/DAC_Muxer_4'
Finished Parsing XDC File [c:/demo/DVBS2ReceiverSoCExample/soc_prj/vivado_prj.gen/sources_1/bd/design_1/ip/design_1_DAC_Muxer_4_0/design_1_DAC_Muxer_4_0/design_1_DAC_Muxer_4_0_in_context.xdc] for cell 'design_1_i/DAC_Muxer_4'
Parsing XDC File [c:/demo/DVBS2ReceiverSoCExample/soc_prj/vivado_prj.gen/sources_1/bd/design_1/ip/design_1_DAC_Muxer_5_0/design_1_DAC_Muxer_5_0/design_1_DAC_Muxer_4_0_in_context.xdc] for cell 'design_1_i/DAC_Muxer_5'
Finished Parsing XDC File [c:/demo/DVBS2ReceiverSoCExample/soc_prj/vivado_prj.gen/sources_1/bd/design_1/ip/design_1_DAC_Muxer_5_0/design_1_DAC_Muxer_5_0/design_1_DAC_Muxer_4_0_in_context.xdc] for cell 'design_1_i/DAC_Muxer_5'
Parsing XDC File [c:/demo/DVBS2ReceiverSoCExample/soc_prj/vivado_prj.gen/sources_1/bd/design_1/ip/design_1_DAC_Muxer_6_0/design_1_DAC_Muxer_6_0/design_1_DAC_Muxer_4_0_in_context.xdc] for cell 'design_1_i/DAC_Muxer_6'
Finished Parsing XDC File [c:/demo/DVBS2ReceiverSoCExample/soc_prj/vivado_prj.gen/sources_1/bd/design_1/ip/design_1_DAC_Muxer_6_0/design_1_DAC_Muxer_6_0/design_1_DAC_Muxer_4_0_in_context.xdc] for cell 'design_1_i/DAC_Muxer_6'
Parsing XDC File [c:/demo/DVBS2ReceiverSoCExample/soc_prj/vivado_prj.gen/sources_1/bd/design_1/ip/design_1_DAC_Muxer_7_0/design_1_DAC_Muxer_7_0/design_1_DAC_Muxer_4_0_in_context.xdc] for cell 'design_1_i/DAC_Muxer_7'
Finished Parsing XDC File [c:/demo/DVBS2ReceiverSoCExample/soc_prj/vivado_prj.gen/sources_1/bd/design_1/ip/design_1_DAC_Muxer_7_0/design_1_DAC_Muxer_7_0/design_1_DAC_Muxer_4_0_in_context.xdc] for cell 'design_1_i/DAC_Muxer_7'
Parsing XDC File [c:/demo/DVBS2ReceiverSoCExample/soc_prj/vivado_prj.gen/sources_1/bd/design_1/ip/design_1_ADC_Demuxer_0_0/design_1_ADC_Demuxer_0_0/design_1_ADC_Demuxer_7_0_in_context.xdc] for cell 'design_1_i/ADC_Demuxer_0'
Finished Parsing XDC File [c:/demo/DVBS2ReceiverSoCExample/soc_prj/vivado_prj.gen/sources_1/bd/design_1/ip/design_1_ADC_Demuxer_0_0/design_1_ADC_Demuxer_0_0/design_1_ADC_Demuxer_7_0_in_context.xdc] for cell 'design_1_i/ADC_Demuxer_0'
Parsing XDC File [c:/demo/DVBS2ReceiverSoCExample/soc_prj/vivado_prj.gen/sources_1/bd/design_1/ip/design_1_ADC_Demuxer_1_0/design_1_ADC_Demuxer_1_0/design_1_ADC_Demuxer_7_0_in_context.xdc] for cell 'design_1_i/ADC_Demuxer_1'
Finished Parsing XDC File [c:/demo/DVBS2ReceiverSoCExample/soc_prj/vivado_prj.gen/sources_1/bd/design_1/ip/design_1_ADC_Demuxer_1_0/design_1_ADC_Demuxer_1_0/design_1_ADC_Demuxer_7_0_in_context.xdc] for cell 'design_1_i/ADC_Demuxer_1'
Parsing XDC File [c:/demo/DVBS2ReceiverSoCExample/soc_prj/vivado_prj.gen/sources_1/bd/design_1/ip/design_1_ADC_Demuxer_2_0/design_1_ADC_Demuxer_2_0/design_1_ADC_Demuxer_7_0_in_context.xdc] for cell 'design_1_i/ADC_Demuxer_2'
Finished Parsing XDC File [c:/demo/DVBS2ReceiverSoCExample/soc_prj/vivado_prj.gen/sources_1/bd/design_1/ip/design_1_ADC_Demuxer_2_0/design_1_ADC_Demuxer_2_0/design_1_ADC_Demuxer_7_0_in_context.xdc] for cell 'design_1_i/ADC_Demuxer_2'
Parsing XDC File [c:/demo/DVBS2ReceiverSoCExample/soc_prj/vivado_prj.gen/sources_1/bd/design_1/ip/design_1_ADC_Demuxer_3_0/design_1_ADC_Demuxer_3_0/design_1_ADC_Demuxer_7_0_in_context.xdc] for cell 'design_1_i/ADC_Demuxer_3'
Finished Parsing XDC File [c:/demo/DVBS2ReceiverSoCExample/soc_prj/vivado_prj.gen/sources_1/bd/design_1/ip/design_1_ADC_Demuxer_3_0/design_1_ADC_Demuxer_3_0/design_1_ADC_Demuxer_7_0_in_context.xdc] for cell 'design_1_i/ADC_Demuxer_3'
Parsing XDC File [c:/demo/DVBS2ReceiverSoCExample/soc_prj/vivado_prj.gen/sources_1/bd/design_1/ip/design_1_ADC_Demuxer_4_0/design_1_ADC_Demuxer_4_0/design_1_ADC_Demuxer_7_0_in_context.xdc] for cell 'design_1_i/ADC_Demuxer_4'
Finished Parsing XDC File [c:/demo/DVBS2ReceiverSoCExample/soc_prj/vivado_prj.gen/sources_1/bd/design_1/ip/design_1_ADC_Demuxer_4_0/design_1_ADC_Demuxer_4_0/design_1_ADC_Demuxer_7_0_in_context.xdc] for cell 'design_1_i/ADC_Demuxer_4'
Parsing XDC File [c:/demo/DVBS2ReceiverSoCExample/soc_prj/vivado_prj.gen/sources_1/bd/design_1/ip/design_1_ADC_Demuxer_5_0/design_1_ADC_Demuxer_5_0/design_1_ADC_Demuxer_7_0_in_context.xdc] for cell 'design_1_i/ADC_Demuxer_5'
Finished Parsing XDC File [c:/demo/DVBS2ReceiverSoCExample/soc_prj/vivado_prj.gen/sources_1/bd/design_1/ip/design_1_ADC_Demuxer_5_0/design_1_ADC_Demuxer_5_0/design_1_ADC_Demuxer_7_0_in_context.xdc] for cell 'design_1_i/ADC_Demuxer_5'
Parsing XDC File [c:/demo/DVBS2ReceiverSoCExample/soc_prj/vivado_prj.gen/sources_1/bd/design_1/ip/design_1_ADC_Demuxer_6_0/design_1_ADC_Demuxer_6_0/design_1_ADC_Demuxer_7_0_in_context.xdc] for cell 'design_1_i/ADC_Demuxer_6'
Finished Parsing XDC File [c:/demo/DVBS2ReceiverSoCExample/soc_prj/vivado_prj.gen/sources_1/bd/design_1/ip/design_1_ADC_Demuxer_6_0/design_1_ADC_Demuxer_6_0/design_1_ADC_Demuxer_7_0_in_context.xdc] for cell 'design_1_i/ADC_Demuxer_6'
Parsing XDC File [c:/demo/DVBS2ReceiverSoCExample/soc_prj/vivado_prj.gen/sources_1/bd/design_1/ip/design_1_ADC_Demuxer_7_0/design_1_ADC_Demuxer_7_0/design_1_ADC_Demuxer_7_0_in_context.xdc] for cell 'design_1_i/ADC_Demuxer_7'
Finished Parsing XDC File [c:/demo/DVBS2ReceiverSoCExample/soc_prj/vivado_prj.gen/sources_1/bd/design_1/ip/design_1_ADC_Demuxer_7_0/design_1_ADC_Demuxer_7_0/design_1_ADC_Demuxer_7_0_in_context.xdc] for cell 'design_1_i/ADC_Demuxer_7'
Parsing XDC File [c:/demo/DVBS2ReceiverSoCExample/soc_prj/vivado_prj.gen/sources_1/bd/design_1/ip/design_1_clkgen_0/design_1_clkgen_0/design_1_clkgen_0_in_context.xdc] for cell 'design_1_i/clkgen'
Finished Parsing XDC File [c:/demo/DVBS2ReceiverSoCExample/soc_prj/vivado_prj.gen/sources_1/bd/design_1/ip/design_1_clkgen_0/design_1_clkgen_0/design_1_clkgen_0_in_context.xdc] for cell 'design_1_i/clkgen'
Parsing XDC File [c:/demo/DVBS2ReceiverSoCExample/soc_prj/vivado_prj.gen/sources_1/bd/design_1/ip/design_1_sys_rstgen_0/design_1_sys_rstgen_0/design_1_sys_rstgen_0_in_context.xdc] for cell 'design_1_i/sys_rstgen'
Finished Parsing XDC File [c:/demo/DVBS2ReceiverSoCExample/soc_prj/vivado_prj.gen/sources_1/bd/design_1/ip/design_1_sys_rstgen_0/design_1_sys_rstgen_0/design_1_sys_rstgen_0_in_context.xdc] for cell 'design_1_i/sys_rstgen'
Parsing XDC File [c:/demo/DVBS2ReceiverSoCExample/soc_prj/vivado_prj.gen/sources_1/bd/design_1/ip/design_1_ipcore_rstgen_0/design_1_ipcore_rstgen_0/design_1_ipcore_rstgen_0_in_context.xdc] for cell 'design_1_i/ipcore_rstgen'
Finished Parsing XDC File [c:/demo/DVBS2ReceiverSoCExample/soc_prj/vivado_prj.gen/sources_1/bd/design_1/ip/design_1_ipcore_rstgen_0/design_1_ipcore_rstgen_0/design_1_ipcore_rstgen_0_in_context.xdc] for cell 'design_1_i/ipcore_rstgen'
Parsing XDC File [c:/demo/DVBS2ReceiverSoCExample/soc_prj/vivado_prj.gen/sources_1/bd/design_1/ip/design_1_mem_rstgen_0/design_1_mem_rstgen_0/design_1_mem_rstgen_0_in_context.xdc] for cell 'design_1_i/mem_rstgen'
Finished Parsing XDC File [c:/demo/DVBS2ReceiverSoCExample/soc_prj/vivado_prj.gen/sources_1/bd/design_1/ip/design_1_mem_rstgen_0/design_1_mem_rstgen_0/design_1_mem_rstgen_0_in_context.xdc] for cell 'design_1_i/mem_rstgen'
Parsing XDC File [c:/demo/DVBS2ReceiverSoCExample/soc_prj/vivado_prj.gen/sources_1/bd/design_1/ip/design_1_axi4_stream_to_software_dma_s2mm_0/design_1_axi4_stream_to_software_dma_s2mm_0/design_1_axi4_stream_to_software_dma_s2mm_0_in_context.xdc] for cell 'design_1_i/axi4_stream_to_software_dma_s2mm'
Finished Parsing XDC File [c:/demo/DVBS2ReceiverSoCExample/soc_prj/vivado_prj.gen/sources_1/bd/design_1/ip/design_1_axi4_stream_to_software_dma_s2mm_0/design_1_axi4_stream_to_software_dma_s2mm_0/design_1_axi4_stream_to_software_dma_s2mm_0_in_context.xdc] for cell 'design_1_i/axi4_stream_to_software_dma_s2mm'
Parsing XDC File [c:/demo/DVBS2ReceiverSoCExample/soc_prj/vivado_prj.gen/sources_1/bd/design_1/ip/design_1_dvbs2_ip_0/design_1_dvbs2_ip_0/design_1_dvbs2_ip_0_in_context.xdc] for cell 'design_1_i/dvbs2_ip'
Finished Parsing XDC File [c:/demo/DVBS2ReceiverSoCExample/soc_prj/vivado_prj.gen/sources_1/bd/design_1/ip/design_1_dvbs2_ip_0/design_1_dvbs2_ip_0/design_1_dvbs2_ip_0_in_context.xdc] for cell 'design_1_i/dvbs2_ip'
Parsing XDC File [c:/demo/DVBS2ReceiverSoCExample/soc_prj/vivado_prj.gen/sources_1/bd/design_1/ip/design_1_jtag_axi_0/design_1_jtag_axi_0/design_1_jtag_axi_0_in_context.xdc] for cell 'design_1_i/jtag_axi'
Finished Parsing XDC File [c:/demo/DVBS2ReceiverSoCExample/soc_prj/vivado_prj.gen/sources_1/bd/design_1/ip/design_1_jtag_axi_0/design_1_jtag_axi_0/design_1_jtag_axi_0_in_context.xdc] for cell 'design_1_i/jtag_axi'
Parsing XDC File [c:/demo/DVBS2ReceiverSoCExample/soc_prj/vivado_prj.gen/sources_1/bd/design_1/ip/design_1_xbar_0/design_1_xbar_0/design_1_xbar_0_in_context.xdc] for cell 'design_1_i/axi_intc_reg/xbar'
Finished Parsing XDC File [c:/demo/DVBS2ReceiverSoCExample/soc_prj/vivado_prj.gen/sources_1/bd/design_1/ip/design_1_xbar_0/design_1_xbar_0/design_1_xbar_0_in_context.xdc] for cell 'design_1_i/axi_intc_reg/xbar'
Parsing XDC File [c:/demo/DVBS2ReceiverSoCExample/soc_prj/vivado_prj.gen/sources_1/bd/design_1/ip/design_1_auto_ds_0/design_1_auto_ds_0/design_1_auto_ds_0_in_context.xdc] for cell 'design_1_i/axi_intc_reg/s00_couplers/auto_ds'
Finished Parsing XDC File [c:/demo/DVBS2ReceiverSoCExample/soc_prj/vivado_prj.gen/sources_1/bd/design_1/ip/design_1_auto_ds_0/design_1_auto_ds_0/design_1_auto_ds_0_in_context.xdc] for cell 'design_1_i/axi_intc_reg/s00_couplers/auto_ds'
Parsing XDC File [c:/demo/DVBS2ReceiverSoCExample/soc_prj/vivado_prj.gen/sources_1/bd/design_1/ip/design_1_auto_pc_0/design_1_auto_pc_0/design_1_auto_pc_0_in_context.xdc] for cell 'design_1_i/axi_intc_reg/s00_couplers/auto_pc'
Finished Parsing XDC File [c:/demo/DVBS2ReceiverSoCExample/soc_prj/vivado_prj.gen/sources_1/bd/design_1/ip/design_1_auto_pc_0/design_1_auto_pc_0/design_1_auto_pc_0_in_context.xdc] for cell 'design_1_i/axi_intc_reg/s00_couplers/auto_pc'
Parsing XDC File [c:/demo/DVBS2ReceiverSoCExample/soc_prj/vivado_prj.gen/sources_1/bd/design_1/ip/design_1_auto_rs_0/design_1_auto_rs_0/design_1_auto_rs_0_in_context.xdc] for cell 'design_1_i/axi_intc_reg/s00_couplers/auto_rs'
Finished Parsing XDC File [c:/demo/DVBS2ReceiverSoCExample/soc_prj/vivado_prj.gen/sources_1/bd/design_1/ip/design_1_auto_rs_0/design_1_auto_rs_0/design_1_auto_rs_0_in_context.xdc] for cell 'design_1_i/axi_intc_reg/s00_couplers/auto_rs'
Parsing XDC File [c:/demo/DVBS2ReceiverSoCExample/soc_prj/vivado_prj.gen/sources_1/bd/design_1/ip/design_1_auto_pc_1/design_1_auto_pc_1/design_1_auto_pc_1_in_context.xdc] for cell 'design_1_i/axi_intc_reg/s01_couplers/auto_pc'
Finished Parsing XDC File [c:/demo/DVBS2ReceiverSoCExample/soc_prj/vivado_prj.gen/sources_1/bd/design_1/ip/design_1_auto_pc_1/design_1_auto_pc_1/design_1_auto_pc_1_in_context.xdc] for cell 'design_1_i/axi_intc_reg/s01_couplers/auto_pc'
Parsing XDC File [c:/demo/DVBS2ReceiverSoCExample/soc_prj/vivado_prj.gen/sources_1/bd/design_1/ip/design_1_auto_cc_0/design_1_auto_cc_0/design_1_auto_cc_0_in_context.xdc] for cell 'design_1_i/axi_intc_reg/m01_couplers/auto_cc'
Finished Parsing XDC File [c:/demo/DVBS2ReceiverSoCExample/soc_prj/vivado_prj.gen/sources_1/bd/design_1/ip/design_1_auto_cc_0/design_1_auto_cc_0/design_1_auto_cc_0_in_context.xdc] for cell 'design_1_i/axi_intc_reg/m01_couplers/auto_cc'
Parsing XDC File [c:/demo/DVBS2ReceiverSoCExample/soc_prj/vivado_prj.gen/sources_1/bd/design_1/ip/design_1_auto_us_0/design_1_auto_us_0/design_1_auto_us_0_in_context.xdc] for cell 'design_1_i/axi_intc_hp0/s00_couplers/auto_us'
Finished Parsing XDC File [c:/demo/DVBS2ReceiverSoCExample/soc_prj/vivado_prj.gen/sources_1/bd/design_1/ip/design_1_auto_us_0/design_1_auto_us_0/design_1_auto_us_0_in_context.xdc] for cell 'design_1_i/axi_intc_hp0/s00_couplers/auto_us'
Parsing XDC File [c:/demo/DVBS2ReceiverSoCExample/soc_prj/vivado_prj.gen/sources_1/bd/design_1/ip/design_1_auto_rs_1/design_1_auto_rs_1/design_1_auto_rs_1_in_context.xdc] for cell 'design_1_i/axi_intc_hp0/s00_couplers/auto_rs'
Finished Parsing XDC File [c:/demo/DVBS2ReceiverSoCExample/soc_prj/vivado_prj.gen/sources_1/bd/design_1/ip/design_1_auto_rs_1/design_1_auto_rs_1/design_1_auto_rs_1_in_context.xdc] for cell 'design_1_i/axi_intc_hp0/s00_couplers/auto_rs'
Parsing XDC File [c:/demo/DVBS2ReceiverSoCExample/soc_prj/vivado_prj.gen/sources_1/bd/design_1/ip/design_1_auto_rs_w_0/design_1_auto_rs_w_0/design_1_auto_rs_w_0_in_context.xdc] for cell 'design_1_i/axi_intc_hp0/s00_couplers/auto_rs_w'
Finished Parsing XDC File [c:/demo/DVBS2ReceiverSoCExample/soc_prj/vivado_prj.gen/sources_1/bd/design_1/ip/design_1_auto_rs_w_0/design_1_auto_rs_w_0/design_1_auto_rs_w_0_in_context.xdc] for cell 'design_1_i/axi_intc_hp0/s00_couplers/auto_rs_w'
Parsing XDC File [C:/demo/DVBS2ReceiverSoCExample/soc_prj/constr.xdc]
WARNING: [Vivado 12-508] No pins matched 'design_1_i/clkgen/inst/clk_in1*'. [C:/demo/DVBS2ReceiverSoCExample/soc_prj/constr.xdc:1]
Finished Parsing XDC File [C:/demo/DVBS2ReceiverSoCExample/soc_prj/constr.xdc]
WARNING: [Project 1-498] One or more constraints failed evaluation while reading constraint file [C:/demo/DVBS2ReceiverSoCExample/soc_prj/constr.xdc] and the design contains unresolved black boxes. These constraints will be read post-synthesis (as long as their source constraint file is marked as used_in_implementation) and should be applied correctly then. You should review the constraints listed in the file [.Xil/design_1_wrapper_propImpl.xdc] and check the run log file to verify that these constraints were correctly applied.
Parsing XDC File [C:/demo/DVBS2ReceiverSoCExample/soc_prj/vivado_prj.runs/synth_1/dont_touch.xdc]
Finished Parsing XDC File [C:/demo/DVBS2ReceiverSoCExample/soc_prj/vivado_prj.runs/synth_1/dont_touch.xdc]
Completed Processing XDC Constraints

Netlist sorting complete. Time (s): cpu = 00:00:00 ; elapsed = 00:00:00 . Memory (MB): peak = 2345.914 ; gain = 0.000
INFO: [Project 1-111] Unisim Transformation Summary:
No Unisim elements were transformed.

Constraint Validation Runtime : Time (s): cpu = 00:00:00 ; elapsed = 00:00:00.012 . Memory (MB): peak = 2345.914 ; gain = 0.000
WARNING: [Timing 38-316] Clock period '20.000' specified during out-of-context synthesis of instance 'design_1_i/RFDataConverter' at clock pin 's_axi_aclk' is different from the actual clock period '19.988', this can lead to different synthesis results.
---------------------------------------------------------------------------------
Finished Constraint Validation : Time (s): cpu = 00:00:14 ; elapsed = 00:00:37 . Memory (MB): peak = 2345.914 ; gain = 555.051
---------------------------------------------------------------------------------
---------------------------------------------------------------------------------
Start Loading Part and Timing Information
---------------------------------------------------------------------------------
Loading part: xczu28dr-ffvg1517-2-e
INFO: [Synth 8-6742] Reading net delay rules and data
---------------------------------------------------------------------------------
Finished Loading Part and Timing Information : Time (s): cpu = 00:00:14 ; elapsed = 00:00:37 . Memory (MB): peak = 2345.914 ; gain = 555.051
---------------------------------------------------------------------------------
---------------------------------------------------------------------------------
Start Applying 'set_property' XDC Constraints
---------------------------------------------------------------------------------
Applied set_property IO_BUFFER_TYPE = NONE for adc0_clk_clk_n. (constraint file  c:/demo/DVBS2ReceiverSoCExample/soc_prj/vivado_prj.gen/sources_1/bd/design_1/ip/design_1_RFDataConverter_0/design_1_RFDataConverter_0/design_1_RFDataConverter_0_in_context.xdc, line 7).
Applied set_property CLOCK_BUFFER_TYPE = NONE for adc0_clk_clk_n. (constraint file  c:/demo/DVBS2ReceiverSoCExample/soc_prj/vivado_prj.gen/sources_1/bd/design_1/ip/design_1_RFDataConverter_0/design_1_RFDataConverter_0/design_1_RFDataConverter_0_in_context.xdc, line 8).
Applied set_property IO_BUFFER_TYPE = NONE for adc0_clk_clk_p. (constraint file  c:/demo/DVBS2ReceiverSoCExample/soc_prj/vivado_prj.gen/sources_1/bd/design_1/ip/design_1_RFDataConverter_0/design_1_RFDataConverter_0/design_1_RFDataConverter_0_in_context.xdc, line 9).
Applied set_property CLOCK_BUFFER_TYPE = NONE for adc0_clk_clk_p. (constraint file  c:/demo/DVBS2ReceiverSoCExample/soc_prj/vivado_prj.gen/sources_1/bd/design_1/ip/design_1_RFDataConverter_0/design_1_RFDataConverter_0/design_1_RFDataConverter_0_in_context.xdc, line 10).
Applied set_property IO_BUFFER_TYPE = NONE for adc1_clk_clk_n. (constraint file  c:/demo/DVBS2ReceiverSoCExample/soc_prj/vivado_prj.gen/sources_1/bd/design_1/ip/design_1_RFDataConverter_0/design_1_RFDataConverter_0/design_1_RFDataConverter_0_in_context.xdc, line 11).
Applied set_property CLOCK_BUFFER_TYPE = NONE for adc1_clk_clk_n. (constraint file  c:/demo/DVBS2ReceiverSoCExample/soc_prj/vivado_prj.gen/sources_1/bd/design_1/ip/design_1_RFDataConverter_0/design_1_RFDataConverter_0/design_1_RFDataConverter_0_in_context.xdc, line 12).
Applied set_property IO_BUFFER_TYPE = NONE for adc1_clk_clk_p. (constraint file  c:/demo/DVBS2ReceiverSoCExample/soc_prj/vivado_prj.gen/sources_1/bd/design_1/ip/design_1_RFDataConverter_0/design_1_RFDataConverter_0/design_1_RFDataConverter_0_in_context.xdc, line 13).
Applied set_property CLOCK_BUFFER_TYPE = NONE for adc1_clk_clk_p. (constraint file  c:/demo/DVBS2ReceiverSoCExample/soc_prj/vivado_prj.gen/sources_1/bd/design_1/ip/design_1_RFDataConverter_0/design_1_RFDataConverter_0/design_1_RFDataConverter_0_in_context.xdc, line 14).
Applied set_property IO_BUFFER_TYPE = NONE for adc2_clk_clk_n. (constraint file  c:/demo/DVBS2ReceiverSoCExample/soc_prj/vivado_prj.gen/sources_1/bd/design_1/ip/design_1_RFDataConverter_0/design_1_RFDataConverter_0/design_1_RFDataConverter_0_in_context.xdc, line 15).
Applied set_property CLOCK_BUFFER_TYPE = NONE for adc2_clk_clk_n. (constraint file  c:/demo/DVBS2ReceiverSoCExample/soc_prj/vivado_prj.gen/sources_1/bd/design_1/ip/design_1_RFDataConverter_0/design_1_RFDataConverter_0/design_1_RFDataConverter_0_in_context.xdc, line 16).
Applied set_property IO_BUFFER_TYPE = NONE for adc2_clk_clk_p. (constraint file  c:/demo/DVBS2ReceiverSoCExample/soc_prj/vivado_prj.gen/sources_1/bd/design_1/ip/design_1_RFDataConverter_0/design_1_RFDataConverter_0/design_1_RFDataConverter_0_in_context.xdc, line 17).
Applied set_property CLOCK_BUFFER_TYPE = NONE for adc2_clk_clk_p. (constraint file  c:/demo/DVBS2ReceiverSoCExample/soc_prj/vivado_prj.gen/sources_1/bd/design_1/ip/design_1_RFDataConverter_0/design_1_RFDataConverter_0/design_1_RFDataConverter_0_in_context.xdc, line 18).
Applied set_property IO_BUFFER_TYPE = NONE for adc3_clk_clk_n. (constraint file  c:/demo/DVBS2ReceiverSoCExample/soc_prj/vivado_prj.gen/sources_1/bd/design_1/ip/design_1_RFDataConverter_0/design_1_RFDataConverter_0/design_1_RFDataConverter_0_in_context.xdc, line 19).
Applied set_property CLOCK_BUFFER_TYPE = NONE for adc3_clk_clk_n. (constraint file  c:/demo/DVBS2ReceiverSoCExample/soc_prj/vivado_prj.gen/sources_1/bd/design_1/ip/design_1_RFDataConverter_0/design_1_RFDataConverter_0/design_1_RFDataConverter_0_in_context.xdc, line 20).
Applied set_property IO_BUFFER_TYPE = NONE for adc3_clk_clk_p. (constraint file  c:/demo/DVBS2ReceiverSoCExample/soc_prj/vivado_prj.gen/sources_1/bd/design_1/ip/design_1_RFDataConverter_0/design_1_RFDataConverter_0/design_1_RFDataConverter_0_in_context.xdc, line 21).
Applied set_property CLOCK_BUFFER_TYPE = NONE for adc3_clk_clk_p. (constraint file  c:/demo/DVBS2ReceiverSoCExample/soc_prj/vivado_prj.gen/sources_1/bd/design_1/ip/design_1_RFDataConverter_0/design_1_RFDataConverter_0/design_1_RFDataConverter_0_in_context.xdc, line 22).
Applied set_property IO_BUFFER_TYPE = NONE for dac0_clk_clk_n. (constraint file  c:/demo/DVBS2ReceiverSoCExample/soc_prj/vivado_prj.gen/sources_1/bd/design_1/ip/design_1_RFDataConverter_0/design_1_RFDataConverter_0/design_1_RFDataConverter_0_in_context.xdc, line 23).
Applied set_property CLOCK_BUFFER_TYPE = NONE for dac0_clk_clk_n. (constraint file  c:/demo/DVBS2ReceiverSoCExample/soc_prj/vivado_prj.gen/sources_1/bd/design_1/ip/design_1_RFDataConverter_0/design_1_RFDataConverter_0/design_1_RFDataConverter_0_in_context.xdc, line 24).
Applied set_property IO_BUFFER_TYPE = NONE for dac0_clk_clk_p. (constraint file  c:/demo/DVBS2ReceiverSoCExample/soc_prj/vivado_prj.gen/sources_1/bd/design_1/ip/design_1_RFDataConverter_0/design_1_RFDataConverter_0/design_1_RFDataConverter_0_in_context.xdc, line 25).
Applied set_property CLOCK_BUFFER_TYPE = NONE for dac0_clk_clk_p. (constraint file  c:/demo/DVBS2ReceiverSoCExample/soc_prj/vivado_prj.gen/sources_1/bd/design_1/ip/design_1_RFDataConverter_0/design_1_RFDataConverter_0/design_1_RFDataConverter_0_in_context.xdc, line 26).
Applied set_property IO_BUFFER_TYPE = NONE for dac1_clk_clk_n. (constraint file  c:/demo/DVBS2ReceiverSoCExample/soc_prj/vivado_prj.gen/sources_1/bd/design_1/ip/design_1_RFDataConverter_0/design_1_RFDataConverter_0/design_1_RFDataConverter_0_in_context.xdc, line 27).
Applied set_property CLOCK_BUFFER_TYPE = NONE for dac1_clk_clk_n. (constraint file  c:/demo/DVBS2ReceiverSoCExample/soc_prj/vivado_prj.gen/sources_1/bd/design_1/ip/design_1_RFDataConverter_0/design_1_RFDataConverter_0/design_1_RFDataConverter_0_in_context.xdc, line 28).
Applied set_property IO_BUFFER_TYPE = NONE for dac1_clk_clk_p. (constraint file  c:/demo/DVBS2ReceiverSoCExample/soc_prj/vivado_prj.gen/sources_1/bd/design_1/ip/design_1_RFDataConverter_0/design_1_RFDataConverter_0/design_1_RFDataConverter_0_in_context.xdc, line 29).
Applied set_property CLOCK_BUFFER_TYPE = NONE for dac1_clk_clk_p. (constraint file  c:/demo/DVBS2ReceiverSoCExample/soc_prj/vivado_prj.gen/sources_1/bd/design_1/ip/design_1_RFDataConverter_0/design_1_RFDataConverter_0/design_1_RFDataConverter_0_in_context.xdc, line 30).
Applied set_property IO_BUFFER_TYPE = NONE for vin0_01_v_n. (constraint file  c:/demo/DVBS2ReceiverSoCExample/soc_prj/vivado_prj.gen/sources_1/bd/design_1/ip/design_1_RFDataConverter_0/design_1_RFDataConverter_0/design_1_RFDataConverter_0_in_context.xdc, line 35).
Applied set_property CLOCK_BUFFER_TYPE = NONE for vin0_01_v_n. (constraint file  c:/demo/DVBS2ReceiverSoCExample/soc_prj/vivado_prj.gen/sources_1/bd/design_1/ip/design_1_RFDataConverter_0/design_1_RFDataConverter_0/design_1_RFDataConverter_0_in_context.xdc, line 36).
Applied set_property IO_BUFFER_TYPE = NONE for vin0_01_v_p. (constraint file  c:/demo/DVBS2ReceiverSoCExample/soc_prj/vivado_prj.gen/sources_1/bd/design_1/ip/design_1_RFDataConverter_0/design_1_RFDataConverter_0/design_1_RFDataConverter_0_in_context.xdc, line 37).
Applied set_property CLOCK_BUFFER_TYPE = NONE for vin0_01_v_p. (constraint file  c:/demo/DVBS2ReceiverSoCExample/soc_prj/vivado_prj.gen/sources_1/bd/design_1/ip/design_1_RFDataConverter_0/design_1_RFDataConverter_0/design_1_RFDataConverter_0_in_context.xdc, line 38).
Applied set_property IO_BUFFER_TYPE = NONE for vin0_23_v_n. (constraint file  c:/demo/DVBS2ReceiverSoCExample/soc_prj/vivado_prj.gen/sources_1/bd/design_1/ip/design_1_RFDataConverter_0/design_1_RFDataConverter_0/design_1_RFDataConverter_0_in_context.xdc, line 39).
Applied set_property CLOCK_BUFFER_TYPE = NONE for vin0_23_v_n. (constraint file  c:/demo/DVBS2ReceiverSoCExample/soc_prj/vivado_prj.gen/sources_1/bd/design_1/ip/design_1_RFDataConverter_0/design_1_RFDataConverter_0/design_1_RFDataConverter_0_in_context.xdc, line 40).
Applied set_property IO_BUFFER_TYPE = NONE for vin0_23_v_p. (constraint file  c:/demo/DVBS2ReceiverSoCExample/soc_prj/vivado_prj.gen/sources_1/bd/design_1/ip/design_1_RFDataConverter_0/design_1_RFDataConverter_0/design_1_RFDataConverter_0_in_context.xdc, line 41).
Applied set_property CLOCK_BUFFER_TYPE = NONE for vin0_23_v_p. (constraint file  c:/demo/DVBS2ReceiverSoCExample/soc_prj/vivado_prj.gen/sources_1/bd/design_1/ip/design_1_RFDataConverter_0/design_1_RFDataConverter_0/design_1_RFDataConverter_0_in_context.xdc, line 42).
Applied set_property IO_BUFFER_TYPE = NONE for vin1_01_v_n. (constraint file  c:/demo/DVBS2ReceiverSoCExample/soc_prj/vivado_prj.gen/sources_1/bd/design_1/ip/design_1_RFDataConverter_0/design_1_RFDataConverter_0/design_1_RFDataConverter_0_in_context.xdc, line 43).
Applied set_property CLOCK_BUFFER_TYPE = NONE for vin1_01_v_n. (constraint file  c:/demo/DVBS2ReceiverSoCExample/soc_prj/vivado_prj.gen/sources_1/bd/design_1/ip/design_1_RFDataConverter_0/design_1_RFDataConverter_0/design_1_RFDataConverter_0_in_context.xdc, line 44).
Applied set_property IO_BUFFER_TYPE = NONE for vin1_01_v_p. (constraint file  c:/demo/DVBS2ReceiverSoCExample/soc_prj/vivado_prj.gen/sources_1/bd/design_1/ip/design_1_RFDataConverter_0/design_1_RFDataConverter_0/design_1_RFDataConverter_0_in_context.xdc, line 45).
Applied set_property CLOCK_BUFFER_TYPE = NONE for vin1_01_v_p. (constraint file  c:/demo/DVBS2ReceiverSoCExample/soc_prj/vivado_prj.gen/sources_1/bd/design_1/ip/design_1_RFDataConverter_0/design_1_RFDataConverter_0/design_1_RFDataConverter_0_in_context.xdc, line 46).
Applied set_property IO_BUFFER_TYPE = NONE for vin1_23_v_n. (constraint file  c:/demo/DVBS2ReceiverSoCExample/soc_prj/vivado_prj.gen/sources_1/bd/design_1/ip/design_1_RFDataConverter_0/design_1_RFDataConverter_0/design_1_RFDataConverter_0_in_context.xdc, line 47).
Applied set_property CLOCK_BUFFER_TYPE = NONE for vin1_23_v_n. (constraint file  c:/demo/DVBS2ReceiverSoCExample/soc_prj/vivado_prj.gen/sources_1/bd/design_1/ip/design_1_RFDataConverter_0/design_1_RFDataConverter_0/design_1_RFDataConverter_0_in_context.xdc, line 48).
Applied set_property IO_BUFFER_TYPE = NONE for vin1_23_v_p. (constraint file  c:/demo/DVBS2ReceiverSoCExample/soc_prj/vivado_prj.gen/sources_1/bd/design_1/ip/design_1_RFDataConverter_0/design_1_RFDataConverter_0/design_1_RFDataConverter_0_in_context.xdc, line 49).
Applied set_property CLOCK_BUFFER_TYPE = NONE for vin1_23_v_p. (constraint file  c:/demo/DVBS2ReceiverSoCExample/soc_prj/vivado_prj.gen/sources_1/bd/design_1/ip/design_1_RFDataConverter_0/design_1_RFDataConverter_0/design_1_RFDataConverter_0_in_context.xdc, line 50).
Applied set_property IO_BUFFER_TYPE = NONE for vin2_01_v_n. (constraint file  c:/demo/DVBS2ReceiverSoCExample/soc_prj/vivado_prj.gen/sources_1/bd/design_1/ip/design_1_RFDataConverter_0/design_1_RFDataConverter_0/design_1_RFDataConverter_0_in_context.xdc, line 51).
Applied set_property CLOCK_BUFFER_TYPE = NONE for vin2_01_v_n. (constraint file  c:/demo/DVBS2ReceiverSoCExample/soc_prj/vivado_prj.gen/sources_1/bd/design_1/ip/design_1_RFDataConverter_0/design_1_RFDataConverter_0/design_1_RFDataConverter_0_in_context.xdc, line 52).
Applied set_property IO_BUFFER_TYPE = NONE for vin2_01_v_p. (constraint file  c:/demo/DVBS2ReceiverSoCExample/soc_prj/vivado_prj.gen/sources_1/bd/design_1/ip/design_1_RFDataConverter_0/design_1_RFDataConverter_0/design_1_RFDataConverter_0_in_context.xdc, line 53).
Applied set_property CLOCK_BUFFER_TYPE = NONE for vin2_01_v_p. (constraint file  c:/demo/DVBS2ReceiverSoCExample/soc_prj/vivado_prj.gen/sources_1/bd/design_1/ip/design_1_RFDataConverter_0/design_1_RFDataConverter_0/design_1_RFDataConverter_0_in_context.xdc, line 54).
Applied set_property IO_BUFFER_TYPE = NONE for vin2_23_v_n. (constraint file  c:/demo/DVBS2ReceiverSoCExample/soc_prj/vivado_prj.gen/sources_1/bd/design_1/ip/design_1_RFDataConverter_0/design_1_RFDataConverter_0/design_1_RFDataConverter_0_in_context.xdc, line 55).
Applied set_property CLOCK_BUFFER_TYPE = NONE for vin2_23_v_n. (constraint file  c:/demo/DVBS2ReceiverSoCExample/soc_prj/vivado_prj.gen/sources_1/bd/design_1/ip/design_1_RFDataConverter_0/design_1_RFDataConverter_0/design_1_RFDataConverter_0_in_context.xdc, line 56).
Applied set_property IO_BUFFER_TYPE = NONE for vin2_23_v_p. (constraint file  c:/demo/DVBS2ReceiverSoCExample/soc_prj/vivado_prj.gen/sources_1/bd/design_1/ip/design_1_RFDataConverter_0/design_1_RFDataConverter_0/design_1_RFDataConverter_0_in_context.xdc, line 57).
Applied set_property CLOCK_BUFFER_TYPE = NONE for vin2_23_v_p. (constraint file  c:/demo/DVBS2ReceiverSoCExample/soc_prj/vivado_prj.gen/sources_1/bd/design_1/ip/design_1_RFDataConverter_0/design_1_RFDataConverter_0/design_1_RFDataConverter_0_in_context.xdc, line 58).
Applied set_property IO_BUFFER_TYPE = NONE for vin3_01_v_n. (constraint file  c:/demo/DVBS2ReceiverSoCExample/soc_prj/vivado_prj.gen/sources_1/bd/design_1/ip/design_1_RFDataConverter_0/design_1_RFDataConverter_0/design_1_RFDataConverter_0_in_context.xdc, line 59).
Applied set_property CLOCK_BUFFER_TYPE = NONE for vin3_01_v_n. (constraint file  c:/demo/DVBS2ReceiverSoCExample/soc_prj/vivado_prj.gen/sources_1/bd/design_1/ip/design_1_RFDataConverter_0/design_1_RFDataConverter_0/design_1_RFDataConverter_0_in_context.xdc, line 60).
Applied set_property IO_BUFFER_TYPE = NONE for vin3_01_v_p. (constraint file  c:/demo/DVBS2ReceiverSoCExample/soc_prj/vivado_prj.gen/sources_1/bd/design_1/ip/design_1_RFDataConverter_0/design_1_RFDataConverter_0/design_1_RFDataConverter_0_in_context.xdc, line 61).
Applied set_property CLOCK_BUFFER_TYPE = NONE for vin3_01_v_p. (constraint file  c:/demo/DVBS2ReceiverSoCExample/soc_prj/vivado_prj.gen/sources_1/bd/design_1/ip/design_1_RFDataConverter_0/design_1_RFDataConverter_0/design_1_RFDataConverter_0_in_context.xdc, line 62).
Applied set_property IO_BUFFER_TYPE = NONE for vin3_23_v_n. (constraint file  c:/demo/DVBS2ReceiverSoCExample/soc_prj/vivado_prj.gen/sources_1/bd/design_1/ip/design_1_RFDataConverter_0/design_1_RFDataConverter_0/design_1_RFDataConverter_0_in_context.xdc, line 63).
Applied set_property CLOCK_BUFFER_TYPE = NONE for vin3_23_v_n. (constraint file  c:/demo/DVBS2ReceiverSoCExample/soc_prj/vivado_prj.gen/sources_1/bd/design_1/ip/design_1_RFDataConverter_0/design_1_RFDataConverter_0/design_1_RFDataConverter_0_in_context.xdc, line 64).
Applied set_property IO_BUFFER_TYPE = NONE for vin3_23_v_p. (constraint file  c:/demo/DVBS2ReceiverSoCExample/soc_prj/vivado_prj.gen/sources_1/bd/design_1/ip/design_1_RFDataConverter_0/design_1_RFDataConverter_0/design_1_RFDataConverter_0_in_context.xdc, line 65).
Applied set_property CLOCK_BUFFER_TYPE = NONE for vin3_23_v_p. (constraint file  c:/demo/DVBS2ReceiverSoCExample/soc_prj/vivado_prj.gen/sources_1/bd/design_1/ip/design_1_RFDataConverter_0/design_1_RFDataConverter_0/design_1_RFDataConverter_0_in_context.xdc, line 66).
Applied set_property IO_BUFFER_TYPE = NONE for vout00_v_n. (constraint file  c:/demo/DVBS2ReceiverSoCExample/soc_prj/vivado_prj.gen/sources_1/bd/design_1/ip/design_1_RFDataConverter_0/design_1_RFDataConverter_0/design_1_RFDataConverter_0_in_context.xdc, line 67).
Applied set_property CLOCK_BUFFER_TYPE = NONE for vout00_v_n. (constraint file  c:/demo/DVBS2ReceiverSoCExample/soc_prj/vivado_prj.gen/sources_1/bd/design_1/ip/design_1_RFDataConverter_0/design_1_RFDataConverter_0/design_1_RFDataConverter_0_in_context.xdc, line 68).
Applied set_property IO_BUFFER_TYPE = NONE for vout00_v_p. (constraint file  c:/demo/DVBS2ReceiverSoCExample/soc_prj/vivado_prj.gen/sources_1/bd/design_1/ip/design_1_RFDataConverter_0/design_1_RFDataConverter_0/design_1_RFDataConverter_0_in_context.xdc, line 69).
Applied set_property CLOCK_BUFFER_TYPE = NONE for vout00_v_p. (constraint file  c:/demo/DVBS2ReceiverSoCExample/soc_prj/vivado_prj.gen/sources_1/bd/design_1/ip/design_1_RFDataConverter_0/design_1_RFDataConverter_0/design_1_RFDataConverter_0_in_context.xdc, line 70).
Applied set_property IO_BUFFER_TYPE = NONE for vout01_v_n. (constraint file  c:/demo/DVBS2ReceiverSoCExample/soc_prj/vivado_prj.gen/sources_1/bd/design_1/ip/design_1_RFDataConverter_0/design_1_RFDataConverter_0/design_1_RFDataConverter_0_in_context.xdc, line 71).
Applied set_property CLOCK_BUFFER_TYPE = NONE for vout01_v_n. (constraint file  c:/demo/DVBS2ReceiverSoCExample/soc_prj/vivado_prj.gen/sources_1/bd/design_1/ip/design_1_RFDataConverter_0/design_1_RFDataConverter_0/design_1_RFDataConverter_0_in_context.xdc, line 72).
Applied set_property IO_BUFFER_TYPE = NONE for vout01_v_p. (constraint file  c:/demo/DVBS2ReceiverSoCExample/soc_prj/vivado_prj.gen/sources_1/bd/design_1/ip/design_1_RFDataConverter_0/design_1_RFDataConverter_0/design_1_RFDataConverter_0_in_context.xdc, line 73).
Applied set_property CLOCK_BUFFER_TYPE = NONE for vout01_v_p. (constraint file  c:/demo/DVBS2ReceiverSoCExample/soc_prj/vivado_prj.gen/sources_1/bd/design_1/ip/design_1_RFDataConverter_0/design_1_RFDataConverter_0/design_1_RFDataConverter_0_in_context.xdc, line 74).
Applied set_property IO_BUFFER_TYPE = NONE for vout02_v_n. (constraint file  c:/demo/DVBS2ReceiverSoCExample/soc_prj/vivado_prj.gen/sources_1/bd/design_1/ip/design_1_RFDataConverter_0/design_1_RFDataConverter_0/design_1_RFDataConverter_0_in_context.xdc, line 75).
Applied set_property CLOCK_BUFFER_TYPE = NONE for vout02_v_n. (constraint file  c:/demo/DVBS2ReceiverSoCExample/soc_prj/vivado_prj.gen/sources_1/bd/design_1/ip/design_1_RFDataConverter_0/design_1_RFDataConverter_0/design_1_RFDataConverter_0_in_context.xdc, line 76).
Applied set_property IO_BUFFER_TYPE = NONE for vout02_v_p. (constraint file  c:/demo/DVBS2ReceiverSoCExample/soc_prj/vivado_prj.gen/sources_1/bd/design_1/ip/design_1_RFDataConverter_0/design_1_RFDataConverter_0/design_1_RFDataConverter_0_in_context.xdc, line 77).
Applied set_property CLOCK_BUFFER_TYPE = NONE for vout02_v_p. (constraint file  c:/demo/DVBS2ReceiverSoCExample/soc_prj/vivado_prj.gen/sources_1/bd/design_1/ip/design_1_RFDataConverter_0/design_1_RFDataConverter_0/design_1_RFDataConverter_0_in_context.xdc, line 78).
Applied set_property IO_BUFFER_TYPE = NONE for vout03_v_n. (constraint file  c:/demo/DVBS2ReceiverSoCExample/soc_prj/vivado_prj.gen/sources_1/bd/design_1/ip/design_1_RFDataConverter_0/design_1_RFDataConverter_0/design_1_RFDataConverter_0_in_context.xdc, line 79).
Applied set_property CLOCK_BUFFER_TYPE = NONE for vout03_v_n. (constraint file  c:/demo/DVBS2ReceiverSoCExample/soc_prj/vivado_prj.gen/sources_1/bd/design_1/ip/design_1_RFDataConverter_0/design_1_RFDataConverter_0/design_1_RFDataConverter_0_in_context.xdc, line 80).
Applied set_property IO_BUFFER_TYPE = NONE for vout03_v_p. (constraint file  c:/demo/DVBS2ReceiverSoCExample/soc_prj/vivado_prj.gen/sources_1/bd/design_1/ip/design_1_RFDataConverter_0/design_1_RFDataConverter_0/design_1_RFDataConverter_0_in_context.xdc, line 81).
Applied set_property CLOCK_BUFFER_TYPE = NONE for vout03_v_p. (constraint file  c:/demo/DVBS2ReceiverSoCExample/soc_prj/vivado_prj.gen/sources_1/bd/design_1/ip/design_1_RFDataConverter_0/design_1_RFDataConverter_0/design_1_RFDataConverter_0_in_context.xdc, line 82).
Applied set_property IO_BUFFER_TYPE = NONE for vout10_v_n. (constraint file  c:/demo/DVBS2ReceiverSoCExample/soc_prj/vivado_prj.gen/sources_1/bd/design_1/ip/design_1_RFDataConverter_0/design_1_RFDataConverter_0/design_1_RFDataConverter_0_in_context.xdc, line 83).
Applied set_property CLOCK_BUFFER_TYPE = NONE for vout10_v_n. (constraint file  c:/demo/DVBS2ReceiverSoCExample/soc_prj/vivado_prj.gen/sources_1/bd/design_1/ip/design_1_RFDataConverter_0/design_1_RFDataConverter_0/design_1_RFDataConverter_0_in_context.xdc, line 84).
Applied set_property IO_BUFFER_TYPE = NONE for vout10_v_p. (constraint file  c:/demo/DVBS2ReceiverSoCExample/soc_prj/vivado_prj.gen/sources_1/bd/design_1/ip/design_1_RFDataConverter_0/design_1_RFDataConverter_0/design_1_RFDataConverter_0_in_context.xdc, line 85).
Applied set_property CLOCK_BUFFER_TYPE = NONE for vout10_v_p. (constraint file  c:/demo/DVBS2ReceiverSoCExample/soc_prj/vivado_prj.gen/sources_1/bd/design_1/ip/design_1_RFDataConverter_0/design_1_RFDataConverter_0/design_1_RFDataConverter_0_in_context.xdc, line 86).
Applied set_property IO_BUFFER_TYPE = NONE for vout11_v_n. (constraint file  c:/demo/DVBS2ReceiverSoCExample/soc_prj/vivado_prj.gen/sources_1/bd/design_1/ip/design_1_RFDataConverter_0/design_1_RFDataConverter_0/design_1_RFDataConverter_0_in_context.xdc, line 87).
Applied set_property CLOCK_BUFFER_TYPE = NONE for vout11_v_n. (constraint file  c:/demo/DVBS2ReceiverSoCExample/soc_prj/vivado_prj.gen/sources_1/bd/design_1/ip/design_1_RFDataConverter_0/design_1_RFDataConverter_0/design_1_RFDataConverter_0_in_context.xdc, line 88).
Applied set_property IO_BUFFER_TYPE = NONE for vout11_v_p. (constraint file  c:/demo/DVBS2ReceiverSoCExample/soc_prj/vivado_prj.gen/sources_1/bd/design_1/ip/design_1_RFDataConverter_0/design_1_RFDataConverter_0/design_1_RFDataConverter_0_in_context.xdc, line 89).
Applied set_property CLOCK_BUFFER_TYPE = NONE for vout11_v_p. (constraint file  c:/demo/DVBS2ReceiverSoCExample/soc_prj/vivado_prj.gen/sources_1/bd/design_1/ip/design_1_RFDataConverter_0/design_1_RFDataConverter_0/design_1_RFDataConverter_0_in_context.xdc, line 90).
Applied set_property IO_BUFFER_TYPE = NONE for vout12_v_n. (constraint file  c:/demo/DVBS2ReceiverSoCExample/soc_prj/vivado_prj.gen/sources_1/bd/design_1/ip/design_1_RFDataConverter_0/design_1_RFDataConverter_0/design_1_RFDataConverter_0_in_context.xdc, line 91).
Applied set_property CLOCK_BUFFER_TYPE = NONE for vout12_v_n. (constraint file  c:/demo/DVBS2ReceiverSoCExample/soc_prj/vivado_prj.gen/sources_1/bd/design_1/ip/design_1_RFDataConverter_0/design_1_RFDataConverter_0/design_1_RFDataConverter_0_in_context.xdc, line 92).
Applied set_property IO_BUFFER_TYPE = NONE for vout12_v_p. (constraint file  c:/demo/DVBS2ReceiverSoCExample/soc_prj/vivado_prj.gen/sources_1/bd/design_1/ip/design_1_RFDataConverter_0/design_1_RFDataConverter_0/design_1_RFDataConverter_0_in_context.xdc, line 93).
Applied set_property CLOCK_BUFFER_TYPE = NONE for vout12_v_p. (constraint file  c:/demo/DVBS2ReceiverSoCExample/soc_prj/vivado_prj.gen/sources_1/bd/design_1/ip/design_1_RFDataConverter_0/design_1_RFDataConverter_0/design_1_RFDataConverter_0_in_context.xdc, line 94).
Applied set_property IO_BUFFER_TYPE = NONE for vout13_v_n. (constraint file  c:/demo/DVBS2ReceiverSoCExample/soc_prj/vivado_prj.gen/sources_1/bd/design_1/ip/design_1_RFDataConverter_0/design_1_RFDataConverter_0/design_1_RFDataConverter_0_in_context.xdc, line 95).
Applied set_property CLOCK_BUFFER_TYPE = NONE for vout13_v_n. (constraint file  c:/demo/DVBS2ReceiverSoCExample/soc_prj/vivado_prj.gen/sources_1/bd/design_1/ip/design_1_RFDataConverter_0/design_1_RFDataConverter_0/design_1_RFDataConverter_0_in_context.xdc, line 96).
Applied set_property IO_BUFFER_TYPE = NONE for vout13_v_p. (constraint file  c:/demo/DVBS2ReceiverSoCExample/soc_prj/vivado_prj.gen/sources_1/bd/design_1/ip/design_1_RFDataConverter_0/design_1_RFDataConverter_0/design_1_RFDataConverter_0_in_context.xdc, line 97).
Applied set_property CLOCK_BUFFER_TYPE = NONE for vout13_v_p. (constraint file  c:/demo/DVBS2ReceiverSoCExample/soc_prj/vivado_prj.gen/sources_1/bd/design_1/ip/design_1_RFDataConverter_0/design_1_RFDataConverter_0/design_1_RFDataConverter_0_in_context.xdc, line 98).
Applied set_property KEEP_HIERARCHY = SOFT for design_1_i. (constraint file  auto generated constraint).
Applied set_property KEEP_HIERARCHY = SOFT for design_1_i/zynq_ultra_ps. (constraint file  auto generated constraint).
Applied set_property KEEP_HIERARCHY = SOFT for design_1_i/RFDataConverter. (constraint file  auto generated constraint).
Applied set_property KEEP_HIERARCHY = SOFT for design_1_i/rfDCStreamClkGen. (constraint file  auto generated constraint).
Applied set_property KEEP_HIERARCHY = SOFT for design_1_i/DAC_Muxer_0. (constraint file  auto generated constraint).
Applied set_property KEEP_HIERARCHY = SOFT for design_1_i/DAC_Muxer_1. (constraint file  auto generated constraint).
Applied set_property KEEP_HIERARCHY = SOFT for design_1_i/DAC_Muxer_2. (constraint file  auto generated constraint).
Applied set_property KEEP_HIERARCHY = SOFT for design_1_i/DAC_Muxer_3. (constraint file  auto generated constraint).
Applied set_property KEEP_HIERARCHY = SOFT for design_1_i/DAC_Muxer_4. (constraint file  auto generated constraint).
Applied set_property KEEP_HIERARCHY = SOFT for design_1_i/DAC_Muxer_5. (constraint file  auto generated constraint).
Applied set_property KEEP_HIERARCHY = SOFT for design_1_i/DAC_Muxer_6. (constraint file  auto generated constraint).
Applied set_property KEEP_HIERARCHY = SOFT for design_1_i/DAC_Muxer_7. (constraint file  auto generated constraint).
Applied set_property KEEP_HIERARCHY = SOFT for design_1_i/ADC_Demuxer_0. (constraint file  auto generated constraint).
Applied set_property KEEP_HIERARCHY = SOFT for design_1_i/ADC_Demuxer_1. (constraint file  auto generated constraint).
Applied set_property KEEP_HIERARCHY = SOFT for design_1_i/ADC_Demuxer_2. (constraint file  auto generated constraint).
Applied set_property KEEP_HIERARCHY = SOFT for design_1_i/ADC_Demuxer_3. (constraint file  auto generated constraint).
Applied set_property KEEP_HIERARCHY = SOFT for design_1_i/ADC_Demuxer_4. (constraint file  auto generated constraint).
Applied set_property KEEP_HIERARCHY = SOFT for design_1_i/ADC_Demuxer_5. (constraint file  auto generated constraint).
Applied set_property KEEP_HIERARCHY = SOFT for design_1_i/ADC_Demuxer_6. (constraint file  auto generated constraint).
Applied set_property KEEP_HIERARCHY = SOFT for design_1_i/ADC_Demuxer_7. (constraint file  auto generated constraint).
Applied set_property KEEP_HIERARCHY = SOFT for design_1_i/clkgen. (constraint file  auto generated constraint).
Applied set_property KEEP_HIERARCHY = SOFT for design_1_i/sys_rstgen. (constraint file  auto generated constraint).
Applied set_property KEEP_HIERARCHY = SOFT for design_1_i/ipcore_rstgen. (constraint file  auto generated constraint).
Applied set_property KEEP_HIERARCHY = SOFT for design_1_i/mem_rstgen. (constraint file  auto generated constraint).
Applied set_property KEEP_HIERARCHY = SOFT for design_1_i/axi4_stream_to_software_dma_s2mm. (constraint file  auto generated constraint).
Applied set_property KEEP_HIERARCHY = SOFT for design_1_i/dvbs2_ip. (constraint file  auto generated constraint).
Applied set_property KEEP_HIERARCHY = SOFT for design_1_i/jtag_axi. (constraint file  auto generated constraint).
Applied set_property KEEP_HIERARCHY = SOFT for design_1_i/axi_intc_reg/xbar. (constraint file  auto generated constraint).
Applied set_property KEEP_HIERARCHY = SOFT for design_1_i/axi_intc_reg/s00_couplers/auto_ds. (constraint file  auto generated constraint).
Applied set_property KEEP_HIERARCHY = SOFT for design_1_i/axi_intc_reg/s00_couplers/auto_pc. (constraint file  auto generated constraint).
Applied set_property KEEP_HIERARCHY = SOFT for design_1_i/axi_intc_reg/s00_couplers/auto_rs. (constraint file  auto generated constraint).
Applied set_property KEEP_HIERARCHY = SOFT for design_1_i/axi_intc_reg/s01_couplers/auto_pc. (constraint file  auto generated constraint).
Applied set_property KEEP_HIERARCHY = SOFT for design_1_i/axi_intc_reg/m01_couplers/auto_cc. (constraint file  auto generated constraint).
Applied set_property KEEP_HIERARCHY = SOFT for design_1_i/axi_intc_reg. (constraint file  auto generated constraint).
Applied set_property KEEP_HIERARCHY = SOFT for design_1_i/axi_intc_hp0/s00_couplers/auto_us. (constraint file  auto generated constraint).
Applied set_property KEEP_HIERARCHY = SOFT for design_1_i/axi_intc_hp0/s00_couplers/auto_rs. (constraint file  auto generated constraint).
Applied set_property KEEP_HIERARCHY = SOFT for design_1_i/axi_intc_hp0/s00_couplers/auto_rs_w. (constraint file  auto generated constraint).
Applied set_property KEEP_HIERARCHY = SOFT for design_1_i/axi_intc_hp0. (constraint file  auto generated constraint).
Applied set_property KEEP_HIERARCHY = SOFT for design_1_i/interrupt_concat. (constraint file  auto generated constraint).
---------------------------------------------------------------------------------
Finished applying 'set_property' XDC Constraints : Time (s): cpu = 00:00:15 ; elapsed = 00:00:37 . Memory (MB): peak = 2345.914 ; gain = 555.051
---------------------------------------------------------------------------------
---------------------------------------------------------------------------------
Finished RTL Optimization Phase 2 : Time (s): cpu = 00:00:15 ; elapsed = 00:00:38 . Memory (MB): peak = 2345.914 ; gain = 555.051
---------------------------------------------------------------------------------
---------------------------------------------------------------------------------
Start RTL Component Statistics 
---------------------------------------------------------------------------------
Detailed RTL Component Info : 
---------------------------------------------------------------------------------
Finished RTL Component Statistics 
---------------------------------------------------------------------------------
---------------------------------------------------------------------------------
Start Part Resource Summary
---------------------------------------------------------------------------------
Part Resources:
DSPs: 4272 (col length:192)
BRAMs: 2160 (col length: RAMB18 192 RAMB36 96)
---------------------------------------------------------------------------------
Finished Part Resource Summary
---------------------------------------------------------------------------------
---------------------------------------------------------------------------------
Start Cross Boundary and Area Optimization
---------------------------------------------------------------------------------
WARNING: [Synth 8-7080] Parallel synthesis criteria is not met
---------------------------------------------------------------------------------
Finished Cross Boundary and Area Optimization : Time (s): cpu = 00:00:16 ; elapsed = 00:00:41 . Memory (MB): peak = 2345.914 ; gain = 555.051
---------------------------------------------------------------------------------
---------------------------------------------------------------------------------
Start Applying XDC Timing Constraints
---------------------------------------------------------------------------------
---------------------------------------------------------------------------------
Finished Applying XDC Timing Constraints : Time (s): cpu = 00:00:21 ; elapsed = 00:00:54 . Memory (MB): peak = 2685.168 ; gain = 894.305
---------------------------------------------------------------------------------
---------------------------------------------------------------------------------
Start Timing Optimization
---------------------------------------------------------------------------------
---------------------------------------------------------------------------------
Finished Timing Optimization : Time (s): cpu = 00:00:21 ; elapsed = 00:00:54 . Memory (MB): peak = 2686.090 ; gain = 895.227
---------------------------------------------------------------------------------
---------------------------------------------------------------------------------
Start Technology Mapping
---------------------------------------------------------------------------------
---------------------------------------------------------------------------------
Finished Technology Mapping : Time (s): cpu = 00:00:21 ; elapsed = 00:00:55 . Memory (MB): peak = 2697.723 ; gain = 906.859
---------------------------------------------------------------------------------
---------------------------------------------------------------------------------
Start IO Insertion
---------------------------------------------------------------------------------
---------------------------------------------------------------------------------
Start Flattening Before IO Insertion
---------------------------------------------------------------------------------
---------------------------------------------------------------------------------
Finished Flattening Before IO Insertion
---------------------------------------------------------------------------------
---------------------------------------------------------------------------------
Start Final Netlist Cleanup
---------------------------------------------------------------------------------
---------------------------------------------------------------------------------
Finished Final Netlist Cleanup
---------------------------------------------------------------------------------
---------------------------------------------------------------------------------
Finished IO Insertion : Time (s): cpu = 00:00:24 ; elapsed = 00:01:00 . Memory (MB): peak = 2710.508 ; gain = 919.645
---------------------------------------------------------------------------------
---------------------------------------------------------------------------------
Start Renaming Generated Instances
---------------------------------------------------------------------------------
---------------------------------------------------------------------------------
Finished Renaming Generated Instances : Time (s): cpu = 00:00:24 ; elapsed = 00:01:00 . Memory (MB): peak = 2710.508 ; gain = 919.645
---------------------------------------------------------------------------------
---------------------------------------------------------------------------------
Start Rebuilding User Hierarchy
---------------------------------------------------------------------------------
---------------------------------------------------------------------------------
Finished Rebuilding User Hierarchy : Time (s): cpu = 00:00:24 ; elapsed = 00:01:01 . Memory (MB): peak = 2710.508 ; gain = 919.645
---------------------------------------------------------------------------------
---------------------------------------------------------------------------------
Start Renaming Generated Ports
---------------------------------------------------------------------------------
---------------------------------------------------------------------------------
Finished Renaming Generated Ports : Time (s): cpu = 00:00:24 ; elapsed = 00:01:01 . Memory (MB): peak = 2710.508 ; gain = 919.645
---------------------------------------------------------------------------------
---------------------------------------------------------------------------------
Start Handling Custom Attributes
---------------------------------------------------------------------------------
---------------------------------------------------------------------------------
Finished Handling Custom Attributes : Time (s): cpu = 00:00:24 ; elapsed = 00:01:01 . Memory (MB): peak = 2710.508 ; gain = 919.645
---------------------------------------------------------------------------------
---------------------------------------------------------------------------------
Start Renaming Generated Nets
---------------------------------------------------------------------------------
---------------------------------------------------------------------------------
Finished Renaming Generated Nets : Time (s): cpu = 00:00:24 ; elapsed = 00:01:01 . Memory (MB): peak = 2710.508 ; gain = 919.645
---------------------------------------------------------------------------------
---------------------------------------------------------------------------------
Start Writing Synthesis Report
---------------------------------------------------------------------------------

Report BlackBoxes: 
+------+--------------------------------------------+----------+
|      |BlackBox name                               |Instances |
+------+--------------------------------------------+----------+
|1     |design_1_auto_rs_1                          |         1|
|2     |design_1_auto_rs_w_0                        |         1|
|3     |design_1_auto_us_0                          |         1|
|4     |design_1_xbar_0                             |         1|
|5     |design_1_auto_cc_0                          |         1|
|6     |design_1_auto_ds_0                          |         1|
|7     |design_1_auto_pc_0                          |         1|
|8     |design_1_auto_rs_0                          |         1|
|9     |design_1_auto_pc_1                          |         1|
|10    |design_1_ADC_Demuxer_0_0                    |         1|
|11    |design_1_ADC_Demuxer_1_0                    |         1|
|12    |design_1_ADC_Demuxer_2_0                    |         1|
|13    |design_1_ADC_Demuxer_3_0                    |         1|
|14    |design_1_ADC_Demuxer_4_0                    |         1|
|15    |design_1_ADC_Demuxer_5_0                    |         1|
|16    |design_1_ADC_Demuxer_6_0                    |         1|
|17    |design_1_ADC_Demuxer_7_0                    |         1|
|18    |design_1_DAC_Muxer_0_0                      |         1|
|19    |design_1_DAC_Muxer_1_0                      |         1|
|20    |design_1_DAC_Muxer_2_0                      |         1|
|21    |design_1_DAC_Muxer_3_0                      |         1|
|22    |design_1_DAC_Muxer_4_0                      |         1|
|23    |design_1_DAC_Muxer_5_0                      |         1|
|24    |design_1_DAC_Muxer_6_0                      |         1|
|25    |design_1_DAC_Muxer_7_0                      |         1|
|26    |design_1_RFDataConverter_0                  |         1|
|27    |design_1_axi4_stream_to_software_dma_s2mm_0 |         1|
|28    |design_1_clkgen_0                           |         1|
|29    |design_1_dvbs2_ip_0                         |         1|
|30    |design_1_ipcore_rstgen_0                    |         1|
|31    |design_1_jtag_axi_0                         |         1|
|32    |design_1_mem_rstgen_0                       |         1|
|33    |design_1_rfDCStreamClkGen_0                 |         1|
|34    |design_1_sys_rstgen_0                       |         1|
|35    |design_1_zynq_ultra_ps_0                    |         1|
+------+--------------------------------------------+----------+

Report Cell Usage: 
+------+-------------------------------------------------+------+
|      |Cell                                             |Count |
+------+-------------------------------------------------+------+
|1     |design_1_ADC_Demuxer_0_0_bbox                    |     1|
|2     |design_1_ADC_Demuxer_1_0_bbox                    |     1|
|3     |design_1_ADC_Demuxer_2_0_bbox                    |     1|
|4     |design_1_ADC_Demuxer_3_0_bbox                    |     1|
|5     |design_1_ADC_Demuxer_4_0_bbox                    |     1|
|6     |design_1_ADC_Demuxer_5_0_bbox                    |     1|
|7     |design_1_ADC_Demuxer_6_0_bbox                    |     1|
|8     |design_1_ADC_Demuxer_7_0_bbox                    |     1|
|9     |design_1_DAC_Muxer_0_0_bbox                      |     1|
|10    |design_1_DAC_Muxer_1_0_bbox                      |     1|
|11    |design_1_DAC_Muxer_2_0_bbox                      |     1|
|12    |design_1_DAC_Muxer_3_0_bbox                      |     1|
|13    |design_1_DAC_Muxer_4_0_bbox                      |     1|
|14    |design_1_DAC_Muxer_5_0_bbox                      |     1|
|15    |design_1_DAC_Muxer_6_0_bbox                      |     1|
|16    |design_1_DAC_Muxer_7_0_bbox                      |     1|
|17    |design_1_RFDataConverter_0_bbox                  |     1|
|18    |design_1_auto_cc_0_bbox                          |     1|
|19    |design_1_auto_ds_0_bbox                          |     1|
|20    |design_1_auto_pc_0_bbox                          |     1|
|21    |design_1_auto_pc_1_bbox                          |     1|
|22    |design_1_auto_rs_0_bbox                          |     1|
|23    |design_1_auto_rs_1_bbox                          |     1|
|24    |design_1_auto_rs_w_0_bbox                        |     1|
|25    |design_1_auto_us_0_bbox                          |     1|
|26    |design_1_axi4_stream_to_software_dma_s2mm_0_bbox |     1|
|27    |design_1_clkgen_0_bbox                           |     1|
|28    |design_1_dvbs2_ip_0_bbox                         |     1|
|29    |design_1_ipcore_rstgen_0_bbox                    |     1|
|30    |design_1_jtag_axi_0_bbox                         |     1|
|31    |design_1_mem_rstgen_0_bbox                       |     1|
|32    |design_1_rfDCStreamClkGen_0_bbox                 |     1|
|33    |design_1_sys_rstgen_0_bbox                       |     1|
|34    |design_1_xbar_0_bbox                             |     1|
|35    |design_1_zynq_ultra_ps_0_bbox                    |     1|
+------+-------------------------------------------------+------+
---------------------------------------------------------------------------------
Finished Writing Synthesis Report : Time (s): cpu = 00:00:24 ; elapsed = 00:01:01 . Memory (MB): peak = 2710.508 ; gain = 919.645
---------------------------------------------------------------------------------
Synthesis finished with 0 errors, 0 critical warnings and 9 warnings.
Synthesis Optimization Runtime : Time (s): cpu = 00:00:13 ; elapsed = 00:00:43 . Memory (MB): peak = 2710.508 ; gain = 877.824
Synthesis Optimization Complete : Time (s): cpu = 00:00:24 ; elapsed = 00:01:01 . Memory (MB): peak = 2710.508 ; gain = 919.645
INFO: [Project 1-571] Translating synthesized netlist
Netlist sorting complete. Time (s): cpu = 00:00:00 ; elapsed = 00:00:00.118 . Memory (MB): peak = 2710.508 ; gain = 0.000
INFO: [Project 1-570] Preparing netlist for logic optimization
INFO: [Opt 31-138] Pushed 0 inverter(s) to 0 load pin(s).
Netlist sorting complete. Time (s): cpu = 00:00:00 ; elapsed = 00:00:00 . Memory (MB): peak = 2710.508 ; gain = 0.000
INFO: [Project 1-111] Unisim Transformation Summary:
No Unisim elements were transformed.

Synth Design complete | Checksum: 42793dcd
INFO: [Common 17-83] Releasing license: Synthesis
114 Infos, 104 Warnings, 0 Critical Warnings and 0 Errors encountered.
synth_design completed successfully
synth_design: Time (s): cpu = 00:00:30 ; elapsed = 00:01:16 . Memory (MB): peak = 2710.508 ; gain = 2033.250
INFO: [Common 17-1381] The checkpoint 'C:/demo/DVBS2ReceiverSoCExample/soc_prj/vivado_prj.runs/synth_1/design_1_wrapper.dcp' has been generated.
INFO: [Vivado 12-24828] Executing command : report_utilization -file design_1_wrapper_utilization_synth.rpt -pb design_1_wrapper_utilization_synth.pb
INFO: [Common 17-206] Exiting Vivado at Mon Oct 27 19:09:07 2025...
[Mon Oct 27 19:09:11 2025] synth_1 finished
wait_on_runs: Time (s): cpu = 00:00:41 ; elapsed = 00:47:55 . Memory (MB): peak = 730.836 ; gain = 0.000
# if {[string compare [get_property STATUS [get_runs synth_1]] "synth_design Complete!"] == 0} {
#         puts "synthesis was successful"
# } else {
#         puts "synthesis was failed"
# }
synthesis was successful
# launch_runs -jobs $num_jobs impl_1
[Mon Oct 27 19:09:16 2025] Launched impl_1...
Run output will be captured here: C:/demo/DVBS2ReceiverSoCExample/soc_prj/vivado_prj.runs/impl_1/runme.log
# wait_on_run impl_1
[Mon Oct 27 19:09:16 2025] Waiting for impl_1 to finish...

*** Running vivado
    with args -log design_1_wrapper.vdi -applog -m64 -product Vivado -messageDb vivado.pb -mode batch -source design_1_wrapper.tcl -notrace



****** Vivado v2024.1 (64-bit)
  **** SW Build 5076996 on Wed May 22 18:37:14 MDT 2024
  **** IP Build 5075265 on Wed May 22 21:45:21 MDT 2024
  **** SharedData Build 5076995 on Wed May 22 18:29:18 MDT 2024
  **** Start of session at: Mon Oct 27 19:09:24 2025
    ** Copyright 1986-2022 Xilinx, Inc. All Rights Reserved.
    ** Copyright 2022-2024 Advanced Micro Devices, Inc. All Rights Reserved.

source design_1_wrapper.tcl -notrace
create_project: Time (s): cpu = 00:00:04 ; elapsed = 00:00:10 . Memory (MB): peak = 613.305 ; gain = 200.285
INFO: [IP_Flow 19-234] Refreshing IP repositories
INFO: [IP_Flow 19-1700] Loaded user IP repository 'c:/demo/DVBS2ReceiverSoCExample/soc_prj/ipcore'.
INFO: [IP_Flow 19-2313] Loaded Vivado IP repository 'C:/Xilinx/Vivado/2024.1/data/ip'.
add_files: Time (s): cpu = 00:00:03 ; elapsed = 00:00:07 . Memory (MB): peak = 679.980 ; gain = 48.656
Command: link_design -top design_1_wrapper -part xczu28dr-ffvg1517-2-e
Design is defaulting to srcset: sources_1
Design is defaulting to constrset: constrs_1
INFO: [Device 21-403] Loading part xczu28dr-ffvg1517-2-e
INFO: [Project 1-454] Reading design checkpoint 'c:/demo/DVBS2ReceiverSoCExample/soc_prj/vivado_prj.gen/sources_1/bd/design_1/ip/design_1_ADC_Demuxer_0_0/design_1_ADC_Demuxer_0_0.dcp' for cell 'design_1_i/ADC_Demuxer_0'
INFO: [Project 1-454] Reading design checkpoint 'c:/demo/DVBS2ReceiverSoCExample/soc_prj/vivado_prj.gen/sources_1/bd/design_1/ip/design_1_ADC_Demuxer_1_0/design_1_ADC_Demuxer_1_0.dcp' for cell 'design_1_i/ADC_Demuxer_1'
INFO: [Project 1-454] Reading design checkpoint 'c:/demo/DVBS2ReceiverSoCExample/soc_prj/vivado_prj.gen/sources_1/bd/design_1/ip/design_1_ADC_Demuxer_2_0/design_1_ADC_Demuxer_2_0.dcp' for cell 'design_1_i/ADC_Demuxer_2'
INFO: [Project 1-454] Reading design checkpoint 'c:/demo/DVBS2ReceiverSoCExample/soc_prj/vivado_prj.gen/sources_1/bd/design_1/ip/design_1_ADC_Demuxer_3_0/design_1_ADC_Demuxer_3_0.dcp' for cell 'design_1_i/ADC_Demuxer_3'
INFO: [Project 1-454] Reading design checkpoint 'c:/demo/DVBS2ReceiverSoCExample/soc_prj/vivado_prj.gen/sources_1/bd/design_1/ip/design_1_ADC_Demuxer_4_0/design_1_ADC_Demuxer_4_0.dcp' for cell 'design_1_i/ADC_Demuxer_4'
INFO: [Project 1-454] Reading design checkpoint 'c:/demo/DVBS2ReceiverSoCExample/soc_prj/vivado_prj.gen/sources_1/bd/design_1/ip/design_1_ADC_Demuxer_5_0/design_1_ADC_Demuxer_5_0.dcp' for cell 'design_1_i/ADC_Demuxer_5'
INFO: [Project 1-454] Reading design checkpoint 'c:/demo/DVBS2ReceiverSoCExample/soc_prj/vivado_prj.gen/sources_1/bd/design_1/ip/design_1_ADC_Demuxer_6_0/design_1_ADC_Demuxer_6_0.dcp' for cell 'design_1_i/ADC_Demuxer_6'
INFO: [Project 1-454] Reading design checkpoint 'c:/demo/DVBS2ReceiverSoCExample/soc_prj/vivado_prj.gen/sources_1/bd/design_1/ip/design_1_ADC_Demuxer_7_0/design_1_ADC_Demuxer_7_0.dcp' for cell 'design_1_i/ADC_Demuxer_7'
INFO: [Project 1-454] Reading design checkpoint 'c:/demo/DVBS2ReceiverSoCExample/soc_prj/vivado_prj.gen/sources_1/bd/design_1/ip/design_1_DAC_Muxer_0_0/design_1_DAC_Muxer_0_0.dcp' for cell 'design_1_i/DAC_Muxer_0'
INFO: [Project 1-454] Reading design checkpoint 'c:/demo/DVBS2ReceiverSoCExample/soc_prj/vivado_prj.gen/sources_1/bd/design_1/ip/design_1_DAC_Muxer_1_0/design_1_DAC_Muxer_1_0.dcp' for cell 'design_1_i/DAC_Muxer_1'
INFO: [Project 1-454] Reading design checkpoint 'c:/demo/DVBS2ReceiverSoCExample/soc_prj/vivado_prj.gen/sources_1/bd/design_1/ip/design_1_DAC_Muxer_2_0/design_1_DAC_Muxer_2_0.dcp' for cell 'design_1_i/DAC_Muxer_2'
INFO: [Project 1-454] Reading design checkpoint 'c:/demo/DVBS2ReceiverSoCExample/soc_prj/vivado_prj.gen/sources_1/bd/design_1/ip/design_1_DAC_Muxer_3_0/design_1_DAC_Muxer_3_0.dcp' for cell 'design_1_i/DAC_Muxer_3'
INFO: [Project 1-454] Reading design checkpoint 'c:/demo/DVBS2ReceiverSoCExample/soc_prj/vivado_prj.gen/sources_1/bd/design_1/ip/design_1_DAC_Muxer_4_0/design_1_DAC_Muxer_4_0.dcp' for cell 'design_1_i/DAC_Muxer_4'
INFO: [Project 1-454] Reading design checkpoint 'c:/demo/DVBS2ReceiverSoCExample/soc_prj/vivado_prj.gen/sources_1/bd/design_1/ip/design_1_DAC_Muxer_5_0/design_1_DAC_Muxer_5_0.dcp' for cell 'design_1_i/DAC_Muxer_5'
INFO: [Project 1-454] Reading design checkpoint 'c:/demo/DVBS2ReceiverSoCExample/soc_prj/vivado_prj.gen/sources_1/bd/design_1/ip/design_1_DAC_Muxer_6_0/design_1_DAC_Muxer_6_0.dcp' for cell 'design_1_i/DAC_Muxer_6'
INFO: [Project 1-454] Reading design checkpoint 'c:/demo/DVBS2ReceiverSoCExample/soc_prj/vivado_prj.gen/sources_1/bd/design_1/ip/design_1_DAC_Muxer_7_0/design_1_DAC_Muxer_7_0.dcp' for cell 'design_1_i/DAC_Muxer_7'
INFO: [Project 1-454] Reading design checkpoint 'c:/demo/DVBS2ReceiverSoCExample/soc_prj/vivado_prj.gen/sources_1/bd/design_1/ip/design_1_RFDataConverter_0/design_1_RFDataConverter_0.dcp' for cell 'design_1_i/RFDataConverter'
INFO: [Project 1-454] Reading design checkpoint 'c:/demo/DVBS2ReceiverSoCExample/soc_prj/vivado_prj.gen/sources_1/bd/design_1/ip/design_1_axi4_stream_to_software_dma_s2mm_0/design_1_axi4_stream_to_software_dma_s2mm_0.dcp' for cell 'design_1_i/axi4_stream_to_software_dma_s2mm'
INFO: [Project 1-454] Reading design checkpoint 'c:/demo/DVBS2ReceiverSoCExample/soc_prj/vivado_prj.gen/sources_1/bd/design_1/ip/design_1_clkgen_0/design_1_clkgen_0.dcp' for cell 'design_1_i/clkgen'
INFO: [Project 1-454] Reading design checkpoint 'c:/demo/DVBS2ReceiverSoCExample/soc_prj/vivado_prj.gen/sources_1/bd/design_1/ip/design_1_dvbs2_ip_0/design_1_dvbs2_ip_0.dcp' for cell 'design_1_i/dvbs2_ip'
INFO: [Project 1-454] Reading design checkpoint 'c:/demo/DVBS2ReceiverSoCExample/soc_prj/vivado_prj.gen/sources_1/bd/design_1/ip/design_1_ipcore_rstgen_0/design_1_ipcore_rstgen_0.dcp' for cell 'design_1_i/ipcore_rstgen'
INFO: [Project 1-454] Reading design checkpoint 'c:/demo/DVBS2ReceiverSoCExample/soc_prj/vivado_prj.gen/sources_1/bd/design_1/ip/design_1_jtag_axi_0/design_1_jtag_axi_0.dcp' for cell 'design_1_i/jtag_axi'
INFO: [Project 1-454] Reading design checkpoint 'c:/demo/DVBS2ReceiverSoCExample/soc_prj/vivado_prj.gen/sources_1/bd/design_1/ip/design_1_mem_rstgen_0/design_1_mem_rstgen_0.dcp' for cell 'design_1_i/mem_rstgen'
INFO: [Project 1-454] Reading design checkpoint 'c:/demo/DVBS2ReceiverSoCExample/soc_prj/vivado_prj.gen/sources_1/bd/design_1/ip/design_1_rfDCStreamClkGen_0/design_1_rfDCStreamClkGen_0.dcp' for cell 'design_1_i/rfDCStreamClkGen'
INFO: [Project 1-454] Reading design checkpoint 'c:/demo/DVBS2ReceiverSoCExample/soc_prj/vivado_prj.gen/sources_1/bd/design_1/ip/design_1_sys_rstgen_0/design_1_sys_rstgen_0.dcp' for cell 'design_1_i/sys_rstgen'
INFO: [Project 1-454] Reading design checkpoint 'c:/demo/DVBS2ReceiverSoCExample/soc_prj/vivado_prj.gen/sources_1/bd/design_1/ip/design_1_zynq_ultra_ps_0/design_1_zynq_ultra_ps_0.dcp' for cell 'design_1_i/zynq_ultra_ps'
INFO: [Project 1-454] Reading design checkpoint 'c:/demo/DVBS2ReceiverSoCExample/soc_prj/vivado_prj.gen/sources_1/bd/design_1/ip/design_1_auto_rs_1/design_1_auto_rs_1.dcp' for cell 'design_1_i/axi_intc_hp0/s00_couplers/auto_rs'
INFO: [Project 1-454] Reading design checkpoint 'c:/demo/DVBS2ReceiverSoCExample/soc_prj/vivado_prj.gen/sources_1/bd/design_1/ip/design_1_auto_rs_w_0/design_1_auto_rs_w_0.dcp' for cell 'design_1_i/axi_intc_hp0/s00_couplers/auto_rs_w'
INFO: [Project 1-454] Reading design checkpoint 'c:/demo/DVBS2ReceiverSoCExample/soc_prj/vivado_prj.gen/sources_1/bd/design_1/ip/design_1_auto_us_0/design_1_auto_us_0.dcp' for cell 'design_1_i/axi_intc_hp0/s00_couplers/auto_us'
INFO: [Project 1-454] Reading design checkpoint 'c:/demo/DVBS2ReceiverSoCExample/soc_prj/vivado_prj.gen/sources_1/bd/design_1/ip/design_1_xbar_0/design_1_xbar_0.dcp' for cell 'design_1_i/axi_intc_reg/xbar'
INFO: [Project 1-454] Reading design checkpoint 'c:/demo/DVBS2ReceiverSoCExample/soc_prj/vivado_prj.gen/sources_1/bd/design_1/ip/design_1_auto_cc_0/design_1_auto_cc_0.dcp' for cell 'design_1_i/axi_intc_reg/m01_couplers/auto_cc'
INFO: [Project 1-454] Reading design checkpoint 'c:/demo/DVBS2ReceiverSoCExample/soc_prj/vivado_prj.gen/sources_1/bd/design_1/ip/design_1_auto_ds_0/design_1_auto_ds_0.dcp' for cell 'design_1_i/axi_intc_reg/s00_couplers/auto_ds'
INFO: [Project 1-454] Reading design checkpoint 'c:/demo/DVBS2ReceiverSoCExample/soc_prj/vivado_prj.gen/sources_1/bd/design_1/ip/design_1_auto_pc_0/design_1_auto_pc_0.dcp' for cell 'design_1_i/axi_intc_reg/s00_couplers/auto_pc'
INFO: [Project 1-454] Reading design checkpoint 'c:/demo/DVBS2ReceiverSoCExample/soc_prj/vivado_prj.gen/sources_1/bd/design_1/ip/design_1_auto_rs_0/design_1_auto_rs_0.dcp' for cell 'design_1_i/axi_intc_reg/s00_couplers/auto_rs'
INFO: [Project 1-454] Reading design checkpoint 'c:/demo/DVBS2ReceiverSoCExample/soc_prj/vivado_prj.gen/sources_1/bd/design_1/ip/design_1_auto_pc_1/design_1_auto_pc_1.dcp' for cell 'design_1_i/axi_intc_reg/s01_couplers/auto_pc'
Netlist sorting complete. Time (s): cpu = 00:00:03 ; elapsed = 00:00:07 . Memory (MB): peak = 2352.027 ; gain = 13.348
INFO: [Netlist 29-17] Analyzing 9817 Unisim elements for replacement
INFO: [Netlist 29-28] Unisim Transformation completed in 6 CPU seconds
INFO: [Project 1-479] Netlist was created with Vivado 2024.1
INFO: [Project 1-570] Preparing netlist for logic optimization
WARNING: [Opt 31-32] Removing redundant IBUF since it is not being driven by a top-level port. design_1_i/clkgen/inst/clkin1_ibuf 
Resolution: The tool has removed redundant IBUF. To resolve this warning, check for redundant IBUF in the input design.
WARNING: [Opt 31-32] Removing redundant IBUF since it is not being driven by a top-level port. design_1_i/rfDCStreamClkGen/inst/clkin1_ibuf 
Resolution: The tool has removed redundant IBUF. To resolve this warning, check for redundant IBUF in the input design.
WARNING: [Constraints 18-550] Could not create 'IBUF_LOW_PWR' constraint because net 'design_1_i/clkgen/clk_in1' is not directly connected to top level port. 'IBUF_LOW_PWR' is ignored for synthesis but preserved for implementation.
WARNING: [Constraints 18-550] Could not create 'IBUF_LOW_PWR' constraint because net 'design_1_i/rfDCStreamClkGen/clk_in1' is not directly connected to top level port. 'IBUF_LOW_PWR' is ignored for synthesis but preserved for implementation.
Parsing XDC File [c:/demo/DVBS2ReceiverSoCExample/soc_prj/vivado_prj.gen/sources_1/bd/design_1/ip/design_1_zynq_ultra_ps_0/design_1_zynq_ultra_ps_0.xdc] for cell 'design_1_i/zynq_ultra_ps/U0'
create_clock: Time (s): cpu = 00:00:05 ; elapsed = 00:00:14 . Memory (MB): peak = 3216.609 ; gain = 31.480
Finished Parsing XDC File [c:/demo/DVBS2ReceiverSoCExample/soc_prj/vivado_prj.gen/sources_1/bd/design_1/ip/design_1_zynq_ultra_ps_0/design_1_zynq_ultra_ps_0.xdc] for cell 'design_1_i/zynq_ultra_ps/U0'
Parsing XDC File [c:/demo/DVBS2ReceiverSoCExample/soc_prj/vivado_prj.gen/sources_1/bd/design_1/ip/design_1_RFDataConverter_0/synth/design_1_RFDataConverter_0_clocks.xdc] for cell 'design_1_i/RFDataConverter/inst'
INFO: [Timing 38-35] Done setting XDC timing constraints. [c:/demo/DVBS2ReceiverSoCExample/soc_prj/vivado_prj.gen/sources_1/bd/design_1/ip/design_1_RFDataConverter_0/synth/design_1_RFDataConverter_0_clocks.xdc:66]
INFO: [Timing 38-2] Deriving generated clocks [c:/demo/DVBS2ReceiverSoCExample/soc_prj/vivado_prj.gen/sources_1/bd/design_1/ip/design_1_RFDataConverter_0/synth/design_1_RFDataConverter_0_clocks.xdc:66]
get_clocks: Time (s): cpu = 00:01:39 ; elapsed = 00:01:53 . Memory (MB): peak = 4449.344 ; gain = 1232.734
INFO: [Timing 38-2] Deriving generated clocks [c:/demo/DVBS2ReceiverSoCExample/soc_prj/vivado_prj.gen/sources_1/bd/design_1/ip/design_1_RFDataConverter_0/synth/design_1_RFDataConverter_0_clocks.xdc:68]
get_clocks: Time (s): cpu = 00:00:03 ; elapsed = 00:00:05 . Memory (MB): peak = 4525.906 ; gain = 76.562
Finished Parsing XDC File [c:/demo/DVBS2ReceiverSoCExample/soc_prj/vivado_prj.gen/sources_1/bd/design_1/ip/design_1_RFDataConverter_0/synth/design_1_RFDataConverter_0_clocks.xdc] for cell 'design_1_i/RFDataConverter/inst'
Parsing XDC File [c:/demo/DVBS2ReceiverSoCExample/soc_prj/vivado_prj.gen/sources_1/bd/design_1/ip/design_1_rfDCStreamClkGen_0/design_1_rfDCStreamClkGen_0_board.xdc] for cell 'design_1_i/rfDCStreamClkGen/inst'
Finished Parsing XDC File [c:/demo/DVBS2ReceiverSoCExample/soc_prj/vivado_prj.gen/sources_1/bd/design_1/ip/design_1_rfDCStreamClkGen_0/design_1_rfDCStreamClkGen_0_board.xdc] for cell 'design_1_i/rfDCStreamClkGen/inst'
Parsing XDC File [c:/demo/DVBS2ReceiverSoCExample/soc_prj/vivado_prj.gen/sources_1/bd/design_1/ip/design_1_rfDCStreamClkGen_0/design_1_rfDCStreamClkGen_0.xdc] for cell 'design_1_i/rfDCStreamClkGen/inst'
INFO: [Timing 38-2] Deriving generated clocks [c:/demo/DVBS2ReceiverSoCExample/soc_prj/vivado_prj.gen/sources_1/bd/design_1/ip/design_1_rfDCStreamClkGen_0/design_1_rfDCStreamClkGen_0.xdc:54]
get_clocks: Time (s): cpu = 00:00:03 ; elapsed = 00:00:05 . Memory (MB): peak = 4526.664 ; gain = 0.000
Finished Parsing XDC File [c:/demo/DVBS2ReceiverSoCExample/soc_prj/vivado_prj.gen/sources_1/bd/design_1/ip/design_1_rfDCStreamClkGen_0/design_1_rfDCStreamClkGen_0.xdc] for cell 'design_1_i/rfDCStreamClkGen/inst'
Parsing XDC File [c:/demo/DVBS2ReceiverSoCExample/soc_prj/vivado_prj.gen/sources_1/bd/design_1/ip/design_1_clkgen_0/design_1_clkgen_0_board.xdc] for cell 'design_1_i/clkgen/inst'
Finished Parsing XDC File [c:/demo/DVBS2ReceiverSoCExample/soc_prj/vivado_prj.gen/sources_1/bd/design_1/ip/design_1_clkgen_0/design_1_clkgen_0_board.xdc] for cell 'design_1_i/clkgen/inst'
Parsing XDC File [c:/demo/DVBS2ReceiverSoCExample/soc_prj/vivado_prj.gen/sources_1/bd/design_1/ip/design_1_clkgen_0/design_1_clkgen_0.xdc] for cell 'design_1_i/clkgen/inst'
INFO: [Timing 38-2] Deriving generated clocks [c:/demo/DVBS2ReceiverSoCExample/soc_prj/vivado_prj.gen/sources_1/bd/design_1/ip/design_1_clkgen_0/design_1_clkgen_0.xdc:54]
get_clocks: Time (s): cpu = 00:00:03 ; elapsed = 00:00:05 . Memory (MB): peak = 4526.664 ; gain = 0.000
Finished Parsing XDC File [c:/demo/DVBS2ReceiverSoCExample/soc_prj/vivado_prj.gen/sources_1/bd/design_1/ip/design_1_clkgen_0/design_1_clkgen_0.xdc] for cell 'design_1_i/clkgen/inst'
Parsing XDC File [c:/demo/DVBS2ReceiverSoCExample/soc_prj/vivado_prj.gen/sources_1/bd/design_1/ip/design_1_sys_rstgen_0/design_1_sys_rstgen_0_board.xdc] for cell 'design_1_i/sys_rstgen/U0'
Finished Parsing XDC File [c:/demo/DVBS2ReceiverSoCExample/soc_prj/vivado_prj.gen/sources_1/bd/design_1/ip/design_1_sys_rstgen_0/design_1_sys_rstgen_0_board.xdc] for cell 'design_1_i/sys_rstgen/U0'
Parsing XDC File [c:/demo/DVBS2ReceiverSoCExample/soc_prj/vivado_prj.gen/sources_1/bd/design_1/ip/design_1_sys_rstgen_0/design_1_sys_rstgen_0.xdc] for cell 'design_1_i/sys_rstgen/U0'
Finished Parsing XDC File [c:/demo/DVBS2ReceiverSoCExample/soc_prj/vivado_prj.gen/sources_1/bd/design_1/ip/design_1_sys_rstgen_0/design_1_sys_rstgen_0.xdc] for cell 'design_1_i/sys_rstgen/U0'
Parsing XDC File [c:/demo/DVBS2ReceiverSoCExample/soc_prj/vivado_prj.gen/sources_1/bd/design_1/ip/design_1_ipcore_rstgen_0/design_1_ipcore_rstgen_0_board.xdc] for cell 'design_1_i/ipcore_rstgen/U0'
Finished Parsing XDC File [c:/demo/DVBS2ReceiverSoCExample/soc_prj/vivado_prj.gen/sources_1/bd/design_1/ip/design_1_ipcore_rstgen_0/design_1_ipcore_rstgen_0_board.xdc] for cell 'design_1_i/ipcore_rstgen/U0'
Parsing XDC File [c:/demo/DVBS2ReceiverSoCExample/soc_prj/vivado_prj.gen/sources_1/bd/design_1/ip/design_1_ipcore_rstgen_0/design_1_ipcore_rstgen_0.xdc] for cell 'design_1_i/ipcore_rstgen/U0'
Finished Parsing XDC File [c:/demo/DVBS2ReceiverSoCExample/soc_prj/vivado_prj.gen/sources_1/bd/design_1/ip/design_1_ipcore_rstgen_0/design_1_ipcore_rstgen_0.xdc] for cell 'design_1_i/ipcore_rstgen/U0'
Parsing XDC File [c:/demo/DVBS2ReceiverSoCExample/soc_prj/vivado_prj.gen/sources_1/bd/design_1/ip/design_1_mem_rstgen_0/design_1_mem_rstgen_0_board.xdc] for cell 'design_1_i/mem_rstgen/U0'
Finished Parsing XDC File [c:/demo/DVBS2ReceiverSoCExample/soc_prj/vivado_prj.gen/sources_1/bd/design_1/ip/design_1_mem_rstgen_0/design_1_mem_rstgen_0_board.xdc] for cell 'design_1_i/mem_rstgen/U0'
Parsing XDC File [c:/demo/DVBS2ReceiverSoCExample/soc_prj/vivado_prj.gen/sources_1/bd/design_1/ip/design_1_mem_rstgen_0/design_1_mem_rstgen_0.xdc] for cell 'design_1_i/mem_rstgen/U0'
Finished Parsing XDC File [c:/demo/DVBS2ReceiverSoCExample/soc_prj/vivado_prj.gen/sources_1/bd/design_1/ip/design_1_mem_rstgen_0/design_1_mem_rstgen_0.xdc] for cell 'design_1_i/mem_rstgen/U0'
Parsing XDC File [c:/demo/DVBS2ReceiverSoCExample/soc_prj/vivado_prj.gen/sources_1/bd/design_1/ip/design_1_jtag_axi_0/synth/hdlverifier_axi_manager_clocks.xdc] for cell 'design_1_i/jtag_axi/inst'
get_clocks: Time (s): cpu = 00:00:03 ; elapsed = 00:00:06 . Memory (MB): peak = 4526.664 ; gain = 0.000
Finished Parsing XDC File [c:/demo/DVBS2ReceiverSoCExample/soc_prj/vivado_prj.gen/sources_1/bd/design_1/ip/design_1_jtag_axi_0/synth/hdlverifier_axi_manager_clocks.xdc] for cell 'design_1_i/jtag_axi/inst'
Parsing XDC File [C:/demo/DVBS2ReceiverSoCExample/soc_prj/constr.xdc]
Finished Parsing XDC File [C:/demo/DVBS2ReceiverSoCExample/soc_prj/constr.xdc]
Parsing XDC File [c:/demo/DVBS2ReceiverSoCExample/soc_prj/vivado_prj.gen/sources_1/bd/design_1/ip/design_1_RFDataConverter_0/synth/design_1_RFDataConverter_0.xdc] for cell 'design_1_i/RFDataConverter/inst'
Finished Parsing XDC File [c:/demo/DVBS2ReceiverSoCExample/soc_prj/vivado_prj.gen/sources_1/bd/design_1/ip/design_1_RFDataConverter_0/synth/design_1_RFDataConverter_0.xdc] for cell 'design_1_i/RFDataConverter/inst'
Parsing XDC File [c:/demo/DVBS2ReceiverSoCExample/soc_prj/vivado_prj.gen/sources_1/bd/design_1/ip/design_1_axi4_stream_to_software_dma_s2mm_0/design_1_axi4_stream_to_software_dma_s2mm_0_constr.xdc] for cell 'design_1_i/axi4_stream_to_software_dma_s2mm/inst'
Finished Parsing XDC File [c:/demo/DVBS2ReceiverSoCExample/soc_prj/vivado_prj.gen/sources_1/bd/design_1/ip/design_1_axi4_stream_to_software_dma_s2mm_0/design_1_axi4_stream_to_software_dma_s2mm_0_constr.xdc] for cell 'design_1_i/axi4_stream_to_software_dma_s2mm/inst'
Parsing XDC File [c:/demo/DVBS2ReceiverSoCExample/soc_prj/vivado_prj.gen/sources_1/bd/design_1/ip/design_1_auto_ds_0/design_1_auto_ds_0_clocks.xdc] for cell 'design_1_i/axi_intc_reg/s00_couplers/auto_ds/inst'
WARNING: [Vivado_Tcl 4-921] Waiver ID 'CDC-1' -to list should not be empty. [c:/demo/DVBS2ReceiverSoCExample/soc_prj/vivado_prj.gen/sources_1/bd/design_1/ip/design_1_auto_ds_0/design_1_auto_ds_0_clocks.xdc:9]
WARNING: [Vivado_Tcl 4-921] Waiver ID 'CDC-1' -to list should not be empty. [c:/demo/DVBS2ReceiverSoCExample/soc_prj/vivado_prj.gen/sources_1/bd/design_1/ip/design_1_auto_ds_0/design_1_auto_ds_0_clocks.xdc:12]
WARNING: [Vivado_Tcl 4-921] Waiver ID 'CDC-1' -to list should not be empty. [c:/demo/DVBS2ReceiverSoCExample/soc_prj/vivado_prj.gen/sources_1/bd/design_1/ip/design_1_auto_ds_0/design_1_auto_ds_0_clocks.xdc:15]
WARNING: [Vivado_Tcl 4-921] Waiver ID 'CDC-1' -to list should not be empty. [c:/demo/DVBS2ReceiverSoCExample/soc_prj/vivado_prj.gen/sources_1/bd/design_1/ip/design_1_auto_ds_0/design_1_auto_ds_0_clocks.xdc:18]
WARNING: [Vivado_Tcl 4-921] Waiver ID 'CDC-1' -to list should not be empty. [c:/demo/DVBS2ReceiverSoCExample/soc_prj/vivado_prj.gen/sources_1/bd/design_1/ip/design_1_auto_ds_0/design_1_auto_ds_0_clocks.xdc:21]
WARNING: [Vivado_Tcl 4-921] Waiver ID 'CDC-1' -to list should not be empty. [c:/demo/DVBS2ReceiverSoCExample/soc_prj/vivado_prj.gen/sources_1/bd/design_1/ip/design_1_auto_ds_0/design_1_auto_ds_0_clocks.xdc:24]
WARNING: [Vivado_Tcl 4-921] Waiver ID 'CDC-1' -to list should not be empty. [c:/demo/DVBS2ReceiverSoCExample/soc_prj/vivado_prj.gen/sources_1/bd/design_1/ip/design_1_auto_ds_0/design_1_auto_ds_0_clocks.xdc:27]
WARNING: [Vivado_Tcl 4-921] Waiver ID 'CDC-1' -to list should not be empty. [c:/demo/DVBS2ReceiverSoCExample/soc_prj/vivado_prj.gen/sources_1/bd/design_1/ip/design_1_auto_ds_0/design_1_auto_ds_0_clocks.xdc:30]
WARNING: [Vivado_Tcl 4-921] Waiver ID 'CDC-1' -to list should not be empty. [c:/demo/DVBS2ReceiverSoCExample/soc_prj/vivado_prj.gen/sources_1/bd/design_1/ip/design_1_auto_ds_0/design_1_auto_ds_0_clocks.xdc:33]
WARNING: [Vivado_Tcl 4-921] Waiver ID 'CDC-1' -to list should not be empty. [c:/demo/DVBS2ReceiverSoCExample/soc_prj/vivado_prj.gen/sources_1/bd/design_1/ip/design_1_auto_ds_0/design_1_auto_ds_0_clocks.xdc:36]
WARNING: [Vivado_Tcl 4-921] Waiver ID 'CDC-10' -to list should not be empty. [c:/demo/DVBS2ReceiverSoCExample/soc_prj/vivado_prj.gen/sources_1/bd/design_1/ip/design_1_auto_ds_0/design_1_auto_ds_0_clocks.xdc:39]
WARNING: [Vivado_Tcl 4-921] Waiver ID 'CDC-10' -to list should not be empty. [c:/demo/DVBS2ReceiverSoCExample/soc_prj/vivado_prj.gen/sources_1/bd/design_1/ip/design_1_auto_ds_0/design_1_auto_ds_0_clocks.xdc:42]
WARNING: [Vivado_Tcl 4-921] Waiver ID 'CDC-10' -to list should not be empty. [c:/demo/DVBS2ReceiverSoCExample/soc_prj/vivado_prj.gen/sources_1/bd/design_1/ip/design_1_auto_ds_0/design_1_auto_ds_0_clocks.xdc:45]
WARNING: [Vivado_Tcl 4-921] Waiver ID 'CDC-2' -to list should not be empty. [c:/demo/DVBS2ReceiverSoCExample/soc_prj/vivado_prj.gen/sources_1/bd/design_1/ip/design_1_auto_ds_0/design_1_auto_ds_0_clocks.xdc:48]
WARNING: [Vivado_Tcl 4-921] Waiver ID 'CDC-11' -to list should not be empty. [c:/demo/DVBS2ReceiverSoCExample/soc_prj/vivado_prj.gen/sources_1/bd/design_1/ip/design_1_auto_ds_0/design_1_auto_ds_0_clocks.xdc:51]
WARNING: [Vivado_Tcl 4-921] Waiver ID 'CDC-11' -to list should not be empty. [c:/demo/DVBS2ReceiverSoCExample/soc_prj/vivado_prj.gen/sources_1/bd/design_1/ip/design_1_auto_ds_0/design_1_auto_ds_0_clocks.xdc:54]
Finished Parsing XDC File [c:/demo/DVBS2ReceiverSoCExample/soc_prj/vivado_prj.gen/sources_1/bd/design_1/ip/design_1_auto_ds_0/design_1_auto_ds_0_clocks.xdc] for cell 'design_1_i/axi_intc_reg/s00_couplers/auto_ds/inst'
Parsing XDC File [c:/demo/DVBS2ReceiverSoCExample/soc_prj/vivado_prj.gen/sources_1/bd/design_1/ip/design_1_auto_rs_0/design_1_auto_rs_0_clocks.xdc] for cell 'design_1_i/axi_intc_reg/s00_couplers/auto_rs/inst'
WARNING: [Vivado_Tcl 4-921] Waiver ID 'CDC-7' -to list should not be empty. [c:/demo/DVBS2ReceiverSoCExample/soc_prj/vivado_prj.gen/sources_1/bd/design_1/ip/design_1_auto_rs_0/design_1_auto_rs_0_clocks.xdc:10]
WARNING: [Vivado_Tcl 4-921] Waiver ID 'CDC-1' -to list should not be empty. [c:/demo/DVBS2ReceiverSoCExample/soc_prj/vivado_prj.gen/sources_1/bd/design_1/ip/design_1_auto_rs_0/design_1_auto_rs_0_clocks.xdc:13]
WARNING: [Vivado_Tcl 4-921] Waiver ID 'CDC-1' -to list should not be empty. [c:/demo/DVBS2ReceiverSoCExample/soc_prj/vivado_prj.gen/sources_1/bd/design_1/ip/design_1_auto_rs_0/design_1_auto_rs_0_clocks.xdc:16]
WARNING: [Vivado_Tcl 4-921] Waiver ID 'CDC-1' -to list should not be empty. [c:/demo/DVBS2ReceiverSoCExample/soc_prj/vivado_prj.gen/sources_1/bd/design_1/ip/design_1_auto_rs_0/design_1_auto_rs_0_clocks.xdc:19]
WARNING: [Vivado_Tcl 4-921] Waiver ID 'CDC-1' -to list should not be empty. [c:/demo/DVBS2ReceiverSoCExample/soc_prj/vivado_prj.gen/sources_1/bd/design_1/ip/design_1_auto_rs_0/design_1_auto_rs_0_clocks.xdc:22]
WARNING: [Vivado_Tcl 4-921] Waiver ID 'CDC-1' -to list should not be empty. [c:/demo/DVBS2ReceiverSoCExample/soc_prj/vivado_prj.gen/sources_1/bd/design_1/ip/design_1_auto_rs_0/design_1_auto_rs_0_clocks.xdc:25]
WARNING: [Vivado_Tcl 4-921] Waiver ID 'CDC-1' -to list should not be empty. [c:/demo/DVBS2ReceiverSoCExample/soc_prj/vivado_prj.gen/sources_1/bd/design_1/ip/design_1_auto_rs_0/design_1_auto_rs_0_clocks.xdc:28]
WARNING: [Vivado_Tcl 4-921] Waiver ID 'CDC-1' -to list should not be empty. [c:/demo/DVBS2ReceiverSoCExample/soc_prj/vivado_prj.gen/sources_1/bd/design_1/ip/design_1_auto_rs_0/design_1_auto_rs_0_clocks.xdc:31]
WARNING: [Vivado_Tcl 4-921] Waiver ID 'CDC-1' -to list should not be empty. [c:/demo/DVBS2ReceiverSoCExample/soc_prj/vivado_prj.gen/sources_1/bd/design_1/ip/design_1_auto_rs_0/design_1_auto_rs_0_clocks.xdc:34]
WARNING: [Vivado_Tcl 4-921] Waiver ID 'CDC-1' -to list should not be empty. [c:/demo/DVBS2ReceiverSoCExample/soc_prj/vivado_prj.gen/sources_1/bd/design_1/ip/design_1_auto_rs_0/design_1_auto_rs_0_clocks.xdc:38]
WARNING: [Vivado_Tcl 4-921] Waiver ID 'CDC-1' -to list should not be empty. [c:/demo/DVBS2ReceiverSoCExample/soc_prj/vivado_prj.gen/sources_1/bd/design_1/ip/design_1_auto_rs_0/design_1_auto_rs_0_clocks.xdc:41]
Finished Parsing XDC File [c:/demo/DVBS2ReceiverSoCExample/soc_prj/vivado_prj.gen/sources_1/bd/design_1/ip/design_1_auto_rs_0/design_1_auto_rs_0_clocks.xdc] for cell 'design_1_i/axi_intc_reg/s00_couplers/auto_rs/inst'
Parsing XDC File [c:/demo/DVBS2ReceiverSoCExample/soc_prj/vivado_prj.gen/sources_1/bd/design_1/ip/design_1_auto_cc_0/design_1_auto_cc_0_clocks.xdc] for cell 'design_1_i/axi_intc_reg/m01_couplers/auto_cc/inst'
WARNING: [Vivado_Tcl 4-921] Waiver ID 'CDC-10' -to list should not be empty. [c:/demo/DVBS2ReceiverSoCExample/soc_prj/vivado_prj.gen/sources_1/bd/design_1/ip/design_1_auto_cc_0/design_1_auto_cc_0_clocks.xdc:7]
WARNING: [Vivado_Tcl 4-921] Waiver ID 'CDC-11' -to list should not be empty. [c:/demo/DVBS2ReceiverSoCExample/soc_prj/vivado_prj.gen/sources_1/bd/design_1/ip/design_1_auto_cc_0/design_1_auto_cc_0_clocks.xdc:10]
WARNING: [Vivado_Tcl 4-921] Waiver ID 'CDC-15' -to list should not be empty. [c:/demo/DVBS2ReceiverSoCExample/soc_prj/vivado_prj.gen/sources_1/bd/design_1/ip/design_1_auto_cc_0/design_1_auto_cc_0_clocks.xdc:13]
WARNING: [Vivado_Tcl 4-939] Waiver ID 'LUTAR-1' object list should not be empty (perhaps an invalid wildcard was used or only unsupported objects). [c:/demo/DVBS2ReceiverSoCExample/soc_prj/vivado_prj.gen/sources_1/bd/design_1/ip/design_1_auto_cc_0/design_1_auto_cc_0_clocks.xdc:17]
WARNING: [Vivado_Tcl 4-921] Waiver ID 'CDC-1' -to list should not be empty. [c:/demo/DVBS2ReceiverSoCExample/soc_prj/vivado_prj.gen/sources_1/bd/design_1/ip/design_1_auto_cc_0/design_1_auto_cc_0_clocks.xdc:22]
WARNING: [Vivado_Tcl 4-921] Waiver ID 'CDC-1' -to list should not be empty. [c:/demo/DVBS2ReceiverSoCExample/soc_prj/vivado_prj.gen/sources_1/bd/design_1/ip/design_1_auto_cc_0/design_1_auto_cc_0_clocks.xdc:26]
WARNING: [Vivado_Tcl 4-921] Waiver ID 'CDC-1' -to list should not be empty. [c:/demo/DVBS2ReceiverSoCExample/soc_prj/vivado_prj.gen/sources_1/bd/design_1/ip/design_1_auto_cc_0/design_1_auto_cc_0_clocks.xdc:29]
WARNING: [Vivado_Tcl 4-921] Waiver ID 'CDC-1' -to list should not be empty. [c:/demo/DVBS2ReceiverSoCExample/soc_prj/vivado_prj.gen/sources_1/bd/design_1/ip/design_1_auto_cc_0/design_1_auto_cc_0_clocks.xdc:32]
WARNING: [Vivado_Tcl 4-921] Waiver ID 'CDC-10' -to list should not be empty. [c:/demo/DVBS2ReceiverSoCExample/soc_prj/vivado_prj.gen/sources_1/bd/design_1/ip/design_1_auto_cc_0/design_1_auto_cc_0_clocks.xdc:36]
WARNING: [Vivado_Tcl 4-921] Waiver ID 'CDC-1' -to list should not be empty. [c:/demo/DVBS2ReceiverSoCExample/soc_prj/vivado_prj.gen/sources_1/bd/design_1/ip/design_1_auto_cc_0/design_1_auto_cc_0_clocks.xdc:39]
WARNING: [Vivado_Tcl 4-921] Waiver ID 'CDC-1' -to list should not be empty. [c:/demo/DVBS2ReceiverSoCExample/soc_prj/vivado_prj.gen/sources_1/bd/design_1/ip/design_1_auto_cc_0/design_1_auto_cc_0_clocks.xdc:43]
WARNING: [Vivado_Tcl 4-921] Waiver ID 'CDC-1' -to list should not be empty. [c:/demo/DVBS2ReceiverSoCExample/soc_prj/vivado_prj.gen/sources_1/bd/design_1/ip/design_1_auto_cc_0/design_1_auto_cc_0_clocks.xdc:47]
WARNING: [Vivado_Tcl 4-921] Waiver ID 'CDC-1' -to list should not be empty. [c:/demo/DVBS2ReceiverSoCExample/soc_prj/vivado_prj.gen/sources_1/bd/design_1/ip/design_1_auto_cc_0/design_1_auto_cc_0_clocks.xdc:50]
WARNING: [Vivado_Tcl 4-921] Waiver ID 'CDC-1' -to list should not be empty. [c:/demo/DVBS2ReceiverSoCExample/soc_prj/vivado_prj.gen/sources_1/bd/design_1/ip/design_1_auto_cc_0/design_1_auto_cc_0_clocks.xdc:53]
WARNING: [Vivado_Tcl 4-921] Waiver ID 'CDC-2' -to list should not be empty. [c:/demo/DVBS2ReceiverSoCExample/soc_prj/vivado_prj.gen/sources_1/bd/design_1/ip/design_1_auto_cc_0/design_1_auto_cc_0_clocks.xdc:57]
Finished Parsing XDC File [c:/demo/DVBS2ReceiverSoCExample/soc_prj/vivado_prj.gen/sources_1/bd/design_1/ip/design_1_auto_cc_0/design_1_auto_cc_0_clocks.xdc] for cell 'design_1_i/axi_intc_reg/m01_couplers/auto_cc/inst'
Parsing XDC File [c:/demo/DVBS2ReceiverSoCExample/soc_prj/vivado_prj.gen/sources_1/bd/design_1/ip/design_1_auto_us_0/design_1_auto_us_0_clocks.xdc] for cell 'design_1_i/axi_intc_hp0/s00_couplers/auto_us/inst'
WARNING: [Vivado_Tcl 4-921] Waiver ID 'CDC-1' -to list should not be empty. [c:/demo/DVBS2ReceiverSoCExample/soc_prj/vivado_prj.gen/sources_1/bd/design_1/ip/design_1_auto_us_0/design_1_auto_us_0_clocks.xdc:9]
WARNING: [Vivado_Tcl 4-921] Waiver ID 'CDC-1' -to list should not be empty. [c:/demo/DVBS2ReceiverSoCExample/soc_prj/vivado_prj.gen/sources_1/bd/design_1/ip/design_1_auto_us_0/design_1_auto_us_0_clocks.xdc:12]
WARNING: [Vivado_Tcl 4-921] Waiver ID 'CDC-1' -to list should not be empty. [c:/demo/DVBS2ReceiverSoCExample/soc_prj/vivado_prj.gen/sources_1/bd/design_1/ip/design_1_auto_us_0/design_1_auto_us_0_clocks.xdc:15]
WARNING: [Vivado_Tcl 4-921] Waiver ID 'CDC-1' -to list should not be empty. [c:/demo/DVBS2ReceiverSoCExample/soc_prj/vivado_prj.gen/sources_1/bd/design_1/ip/design_1_auto_us_0/design_1_auto_us_0_clocks.xdc:18]
WARNING: [Vivado_Tcl 4-921] Waiver ID 'CDC-1' -to list should not be empty. [c:/demo/DVBS2ReceiverSoCExample/soc_prj/vivado_prj.gen/sources_1/bd/design_1/ip/design_1_auto_us_0/design_1_auto_us_0_clocks.xdc:21]
WARNING: [Vivado_Tcl 4-921] Waiver ID 'CDC-1' -to list should not be empty. [c:/demo/DVBS2ReceiverSoCExample/soc_prj/vivado_prj.gen/sources_1/bd/design_1/ip/design_1_auto_us_0/design_1_auto_us_0_clocks.xdc:24]
WARNING: [Vivado_Tcl 4-921] Waiver ID 'CDC-1' -to list should not be empty. [c:/demo/DVBS2ReceiverSoCExample/soc_prj/vivado_prj.gen/sources_1/bd/design_1/ip/design_1_auto_us_0/design_1_auto_us_0_clocks.xdc:27]
WARNING: [Vivado_Tcl 4-921] Waiver ID 'CDC-1' -to list should not be empty. [c:/demo/DVBS2ReceiverSoCExample/soc_prj/vivado_prj.gen/sources_1/bd/design_1/ip/design_1_auto_us_0/design_1_auto_us_0_clocks.xdc:33]
WARNING: [Vivado_Tcl 4-921] Waiver ID 'CDC-1' -to list should not be empty. [c:/demo/DVBS2ReceiverSoCExample/soc_prj/vivado_prj.gen/sources_1/bd/design_1/ip/design_1_auto_us_0/design_1_auto_us_0_clocks.xdc:36]
WARNING: [Vivado_Tcl 4-921] Waiver ID 'CDC-10' -to list should not be empty. [c:/demo/DVBS2ReceiverSoCExample/soc_prj/vivado_prj.gen/sources_1/bd/design_1/ip/design_1_auto_us_0/design_1_auto_us_0_clocks.xdc:39]
WARNING: [Vivado_Tcl 4-921] Waiver ID 'CDC-10' -to list should not be empty. [c:/demo/DVBS2ReceiverSoCExample/soc_prj/vivado_prj.gen/sources_1/bd/design_1/ip/design_1_auto_us_0/design_1_auto_us_0_clocks.xdc:42]
WARNING: [Vivado_Tcl 4-921] Waiver ID 'CDC-10' -to list should not be empty. [c:/demo/DVBS2ReceiverSoCExample/soc_prj/vivado_prj.gen/sources_1/bd/design_1/ip/design_1_auto_us_0/design_1_auto_us_0_clocks.xdc:45]
WARNING: [Vivado_Tcl 4-921] Waiver ID 'CDC-2' -to list should not be empty. [c:/demo/DVBS2ReceiverSoCExample/soc_prj/vivado_prj.gen/sources_1/bd/design_1/ip/design_1_auto_us_0/design_1_auto_us_0_clocks.xdc:48]
WARNING: [Vivado_Tcl 4-921] Waiver ID 'CDC-11' -to list should not be empty. [c:/demo/DVBS2ReceiverSoCExample/soc_prj/vivado_prj.gen/sources_1/bd/design_1/ip/design_1_auto_us_0/design_1_auto_us_0_clocks.xdc:51]
WARNING: [Vivado_Tcl 4-921] Waiver ID 'CDC-11' -to list should not be empty. [c:/demo/DVBS2ReceiverSoCExample/soc_prj/vivado_prj.gen/sources_1/bd/design_1/ip/design_1_auto_us_0/design_1_auto_us_0_clocks.xdc:54]
Finished Parsing XDC File [c:/demo/DVBS2ReceiverSoCExample/soc_prj/vivado_prj.gen/sources_1/bd/design_1/ip/design_1_auto_us_0/design_1_auto_us_0_clocks.xdc] for cell 'design_1_i/axi_intc_hp0/s00_couplers/auto_us/inst'
Parsing XDC File [c:/demo/DVBS2ReceiverSoCExample/soc_prj/vivado_prj.gen/sources_1/bd/design_1/ip/design_1_auto_rs_1/design_1_auto_rs_1_clocks.xdc] for cell 'design_1_i/axi_intc_hp0/s00_couplers/auto_rs/inst'
WARNING: [Vivado_Tcl 4-921] Waiver ID 'CDC-7' -to list should not be empty. [c:/demo/DVBS2ReceiverSoCExample/soc_prj/vivado_prj.gen/sources_1/bd/design_1/ip/design_1_auto_rs_1/design_1_auto_rs_1_clocks.xdc:10]
WARNING: [Vivado_Tcl 4-921] Waiver ID 'CDC-1' -to list should not be empty. [c:/demo/DVBS2ReceiverSoCExample/soc_prj/vivado_prj.gen/sources_1/bd/design_1/ip/design_1_auto_rs_1/design_1_auto_rs_1_clocks.xdc:13]
WARNING: [Vivado_Tcl 4-921] Waiver ID 'CDC-1' -to list should not be empty. [c:/demo/DVBS2ReceiverSoCExample/soc_prj/vivado_prj.gen/sources_1/bd/design_1/ip/design_1_auto_rs_1/design_1_auto_rs_1_clocks.xdc:16]
WARNING: [Vivado_Tcl 4-921] Waiver ID 'CDC-1' -to list should not be empty. [c:/demo/DVBS2ReceiverSoCExample/soc_prj/vivado_prj.gen/sources_1/bd/design_1/ip/design_1_auto_rs_1/design_1_auto_rs_1_clocks.xdc:19]
WARNING: [Vivado_Tcl 4-921] Waiver ID 'CDC-1' -to list should not be empty. [c:/demo/DVBS2ReceiverSoCExample/soc_prj/vivado_prj.gen/sources_1/bd/design_1/ip/design_1_auto_rs_1/design_1_auto_rs_1_clocks.xdc:22]
WARNING: [Vivado_Tcl 4-921] Waiver ID 'CDC-1' -to list should not be empty. [c:/demo/DVBS2ReceiverSoCExample/soc_prj/vivado_prj.gen/sources_1/bd/design_1/ip/design_1_auto_rs_1/design_1_auto_rs_1_clocks.xdc:25]
WARNING: [Vivado_Tcl 4-921] Waiver ID 'CDC-1' -to list should not be empty. [c:/demo/DVBS2ReceiverSoCExample/soc_prj/vivado_prj.gen/sources_1/bd/design_1/ip/design_1_auto_rs_1/design_1_auto_rs_1_clocks.xdc:28]
WARNING: [Vivado_Tcl 4-921] Waiver ID 'CDC-1' -to list should not be empty. [c:/demo/DVBS2ReceiverSoCExample/soc_prj/vivado_prj.gen/sources_1/bd/design_1/ip/design_1_auto_rs_1/design_1_auto_rs_1_clocks.xdc:31]
WARNING: [Vivado_Tcl 4-921] Waiver ID 'CDC-1' -to list should not be empty. [c:/demo/DVBS2ReceiverSoCExample/soc_prj/vivado_prj.gen/sources_1/bd/design_1/ip/design_1_auto_rs_1/design_1_auto_rs_1_clocks.xdc:34]
WARNING: [Vivado_Tcl 4-921] Waiver ID 'CDC-1' -to list should not be empty. [c:/demo/DVBS2ReceiverSoCExample/soc_prj/vivado_prj.gen/sources_1/bd/design_1/ip/design_1_auto_rs_1/design_1_auto_rs_1_clocks.xdc:38]
WARNING: [Vivado_Tcl 4-921] Waiver ID 'CDC-1' -to list should not be empty. [c:/demo/DVBS2ReceiverSoCExample/soc_prj/vivado_prj.gen/sources_1/bd/design_1/ip/design_1_auto_rs_1/design_1_auto_rs_1_clocks.xdc:41]
Finished Parsing XDC File [c:/demo/DVBS2ReceiverSoCExample/soc_prj/vivado_prj.gen/sources_1/bd/design_1/ip/design_1_auto_rs_1/design_1_auto_rs_1_clocks.xdc] for cell 'design_1_i/axi_intc_hp0/s00_couplers/auto_rs/inst'
Parsing XDC File [c:/demo/DVBS2ReceiverSoCExample/soc_prj/vivado_prj.gen/sources_1/bd/design_1/ip/design_1_auto_rs_w_0/design_1_auto_rs_w_0_clocks.xdc] for cell 'design_1_i/axi_intc_hp0/s00_couplers/auto_rs_w/inst'
WARNING: [Vivado_Tcl 4-921] Waiver ID 'CDC-7' -to list should not be empty. [c:/demo/DVBS2ReceiverSoCExample/soc_prj/vivado_prj.gen/sources_1/bd/design_1/ip/design_1_auto_rs_w_0/design_1_auto_rs_w_0_clocks.xdc:10]
WARNING: [Vivado_Tcl 4-921] Waiver ID 'CDC-1' -to list should not be empty. [c:/demo/DVBS2ReceiverSoCExample/soc_prj/vivado_prj.gen/sources_1/bd/design_1/ip/design_1_auto_rs_w_0/design_1_auto_rs_w_0_clocks.xdc:13]
WARNING: [Vivado_Tcl 4-921] Waiver ID 'CDC-1' -to list should not be empty. [c:/demo/DVBS2ReceiverSoCExample/soc_prj/vivado_prj.gen/sources_1/bd/design_1/ip/design_1_auto_rs_w_0/design_1_auto_rs_w_0_clocks.xdc:16]
WARNING: [Vivado_Tcl 4-921] Waiver ID 'CDC-1' -to list should not be empty. [c:/demo/DVBS2ReceiverSoCExample/soc_prj/vivado_prj.gen/sources_1/bd/design_1/ip/design_1_auto_rs_w_0/design_1_auto_rs_w_0_clocks.xdc:19]
WARNING: [Vivado_Tcl 4-921] Waiver ID 'CDC-1' -to list should not be empty. [c:/demo/DVBS2ReceiverSoCExample/soc_prj/vivado_prj.gen/sources_1/bd/design_1/ip/design_1_auto_rs_w_0/design_1_auto_rs_w_0_clocks.xdc:22]
WARNING: [Vivado_Tcl 4-921] Waiver ID 'CDC-1' -to list should not be empty. [c:/demo/DVBS2ReceiverSoCExample/soc_prj/vivado_prj.gen/sources_1/bd/design_1/ip/design_1_auto_rs_w_0/design_1_auto_rs_w_0_clocks.xdc:25]
WARNING: [Vivado_Tcl 4-921] Waiver ID 'CDC-1' -to list should not be empty. [c:/demo/DVBS2ReceiverSoCExample/soc_prj/vivado_prj.gen/sources_1/bd/design_1/ip/design_1_auto_rs_w_0/design_1_auto_rs_w_0_clocks.xdc:28]
WARNING: [Vivado_Tcl 4-921] Waiver ID 'CDC-1' -to list should not be empty. [c:/demo/DVBS2ReceiverSoCExample/soc_prj/vivado_prj.gen/sources_1/bd/design_1/ip/design_1_auto_rs_w_0/design_1_auto_rs_w_0_clocks.xdc:31]
WARNING: [Vivado_Tcl 4-921] Waiver ID 'CDC-1' -to list should not be empty. [c:/demo/DVBS2ReceiverSoCExample/soc_prj/vivado_prj.gen/sources_1/bd/design_1/ip/design_1_auto_rs_w_0/design_1_auto_rs_w_0_clocks.xdc:34]
WARNING: [Vivado_Tcl 4-921] Waiver ID 'CDC-1' -to list should not be empty. [c:/demo/DVBS2ReceiverSoCExample/soc_prj/vivado_prj.gen/sources_1/bd/design_1/ip/design_1_auto_rs_w_0/design_1_auto_rs_w_0_clocks.xdc:38]
WARNING: [Vivado_Tcl 4-921] Waiver ID 'CDC-1' -to list should not be empty. [c:/demo/DVBS2ReceiverSoCExample/soc_prj/vivado_prj.gen/sources_1/bd/design_1/ip/design_1_auto_rs_w_0/design_1_auto_rs_w_0_clocks.xdc:41]
Finished Parsing XDC File [c:/demo/DVBS2ReceiverSoCExample/soc_prj/vivado_prj.gen/sources_1/bd/design_1/ip/design_1_auto_rs_w_0/design_1_auto_rs_w_0_clocks.xdc] for cell 'design_1_i/axi_intc_hp0/s00_couplers/auto_rs_w/inst'
INFO: [Project 1-1714] 158 XPM XDC files have been applied to the design.
INFO: [Opt 31-138] Pushed 0 inverter(s) to 0 load pin(s).
INFO: [Opt 31-318] Inserted a BUFG for CLOCK_BUFFER_TYPE property on net: design_1_i/jtag_axi/inst/tck
INFO: [Project 1-1687] 94 scoped IP constraints or related sub-commands were skipped due to synthesis logic optimizations usually triggered by constant connectivity or unconnected output pins. To review the skipped constraints and messages, run the command 'set_param netlist.IPMsgFiltering false' before opening the design.
Netlist sorting complete. Time (s): cpu = 00:00:00 ; elapsed = 00:00:00.100 . Memory (MB): peak = 4526.664 ; gain = 0.000
INFO: [Project 1-111] Unisim Transformation Summary:
  A total of 978 instances were transformed.
  DSP48E2 => DSP48E2 (DSP_ALU, DSP_A_B_DATA, DSP_C_DATA, DSP_MULTIPLIER, DSP_M_DATA, DSP_OUTPUT, DSP_PREADD, DSP_PREADD_DATA): 794 instances
  RAM16X1D => RAM32X1D (RAMD32(x2)): 5 instances
  RAM32M => RAM32M (RAMD32(x6), RAMS32(x2)): 27 instances
  RAM32M16 => RAM32M16 (RAMD32(x14), RAMS32(x2)): 149 instances
  RAM32X1D => RAM32X1D (RAMD32(x2)): 3 instances

53 Infos, 83 Warnings, 0 Critical Warnings and 0 Errors encountered.
link_design completed successfully
link_design: Time (s): cpu = 00:03:10 ; elapsed = 00:05:28 . Memory (MB): peak = 4526.664 ; gain = 3846.684
Command: opt_design
Attempting to get a license for feature 'Implementation' and/or device 'xczu28dr'
INFO: [Common 17-349] Got license for feature 'Implementation' and/or device 'xczu28dr'
INFO: [Common 17-1686] The version limit for your license is '2025.10' and will not allow you to run AMD software released after that date (year & month). A version limit expiration means that while you will be able to continue to use the current version of tools or IP with this license, you will not be able to use any updates or new releases.
Running DRC as a precondition to command opt_design

Starting DRC Task
INFO: [DRC 23-27] Running DRC with 2 threads
INFO: [Project 1-461] DRC finished with 0 Errors
INFO: [Project 1-462] Please refer to the DRC report (report_drc) for more information.

Time (s): cpu = 00:00:05 ; elapsed = 00:00:06 . Memory (MB): peak = 4526.664 ; gain = 0.000

Starting Cache Timing Information Task
INFO: [Timing 38-35] Done setting XDC timing constraints.
Ending Cache Timing Information Task | Checksum: 17a523caf

Time (s): cpu = 00:01:33 ; elapsed = 00:01:43 . Memory (MB): peak = 4526.664 ; gain = 0.000

Starting Logic Optimization Task

Phase 1 Initialization

Phase 1.1 Core Generation And Design Setup
Phase 1.1 Core Generation And Design Setup | Checksum: 17a523caf

Time (s): cpu = 00:00:00 ; elapsed = 00:00:00.077 . Memory (MB): peak = 4726.738 ; gain = 0.000

Phase 1.2 Setup Constraints And Sort Netlist
Phase 1.2 Setup Constraints And Sort Netlist | Checksum: 17a523caf

Time (s): cpu = 00:00:00 ; elapsed = 00:00:00.294 . Memory (MB): peak = 4726.738 ; gain = 0.000
Phase 1 Initialization | Checksum: 17a523caf

Time (s): cpu = 00:00:00 ; elapsed = 00:00:00.337 . Memory (MB): peak = 4726.738 ; gain = 0.000

Phase 2 Timer Update And Timing Data Collection

Phase 2.1 Timer Update
Phase 2.1 Timer Update | Checksum: 17a523caf

Time (s): cpu = 00:00:33 ; elapsed = 00:00:39 . Memory (MB): peak = 5710.906 ; gain = 984.168

Phase 2.2 Timing Data Collection
Phase 2.2 Timing Data Collection | Checksum: 17a523caf

Time (s): cpu = 00:00:34 ; elapsed = 00:00:41 . Memory (MB): peak = 5710.906 ; gain = 984.168
Phase 2 Timer Update And Timing Data Collection | Checksum: 17a523caf

Time (s): cpu = 00:00:34 ; elapsed = 00:00:41 . Memory (MB): peak = 5710.906 ; gain = 984.168

Phase 3 Retarget
INFO: [Opt 31-1834] Total Chains To Be Transformed Were: 0 AND Number of Transformed insts Created are: 0
INFO: [Opt 31-1566] Pulled 105 inverters resulting in an inversion of 2069 pins
INFO: [Opt 31-138] Pushed 27 inverter(s) to 1917 load pin(s).
INFO: [Opt 31-49] Retargeted 0 cell(s).
Phase 3 Retarget | Checksum: d0f05e3f

Time (s): cpu = 00:00:37 ; elapsed = 00:00:46 . Memory (MB): peak = 5710.906 ; gain = 984.168
Retarget | Checksum: d0f05e3f
INFO: [Opt 31-389] Phase Retarget created 740 cells and removed 1153 cells
INFO: [Opt 31-1021] In phase Retarget, 27 netlist objects are constrained preventing optimization. Please run opt_design with -debug_log to get more detail. 

Phase 4 Constant propagation
INFO: [Opt 31-138] Pushed 2 inverter(s) to 3 load pin(s).
Phase 4 Constant propagation | Checksum: 1b94a29b4

Time (s): cpu = 00:00:37 ; elapsed = 00:00:48 . Memory (MB): peak = 5710.906 ; gain = 984.168
Constant propagation | Checksum: 1b94a29b4
INFO: [Opt 31-389] Phase Constant propagation created 409 cells and removed 770 cells
INFO: [Opt 31-1021] In phase Constant propagation, 31 netlist objects are constrained preventing optimization. Please run opt_design with -debug_log to get more detail. 

Phase 5 Sweep
Phase 5 Sweep | Checksum: 10407240e

Time (s): cpu = 00:00:41 ; elapsed = 00:00:56 . Memory (MB): peak = 5710.906 ; gain = 984.168
Sweep | Checksum: 10407240e
INFO: [Opt 31-389] Phase Sweep created 0 cells and removed 247 cells
INFO: [Opt 31-1021] In phase Sweep, 97 netlist objects are constrained preventing optimization. Please run opt_design with -debug_log to get more detail. 

Phase 6 BUFG optimization
INFO: [Opt 31-194] Inserted BUFG design_1_i/jtag_axi/inst/u_jtag/u_jtag/CLK_BUFG_inst to drive 119 load(s) on clock net design_1_i/jtag_axi/inst/u_jtag/u_jtag/CLK_BUFGCE
INFO: [Opt 31-193] Inserted 1 BUFG(s) on clock nets
INFO: [Opt 31-1077] Phase BUFG optimization inserted 0 global clock buffer(s) for CLOCK_LOW_FANOUT.
INFO: [Opt 31-129] Inserted BUFG to drive high-fanout reset|set|enable net. BUFG cell: design_1_i/dvbs2_ip/U0/u_dvbs2_ip_reset_sync_inst/reset_BUFG_inst, Net: design_1_i/dvbs2_ip/U0/u_dvbs2_ip_reset_sync_inst/reset
INFO: [Opt 31-129] Inserted BUFG to drive high-fanout reset|set|enable net. BUFG cell: design_1_i/dvbs2_ip/U0/u_dvbs2_ip_dut_inst/u_dvbs2_ip_src_DVBS2/u_DVBS2_tc/phase_0_1_reg_0_BUFG_inst, Net: design_1_i/dvbs2_ip/U0/u_dvbs2_ip_dut_inst/u_dvbs2_ip_src_DVBS2/u_DVBS2_tc/phase_0_1_reg_0
INFO: [Opt 31-129] Inserted BUFG to drive high-fanout reset|set|enable net. BUFG cell: design_1_i/dvbs2_ip/U0/u_dvbs2_ip_axi_lite_inst/u_dvbs2_ip_addr_decoder_inst/dut_enable_BUFG_inst, Net: design_1_i/dvbs2_ip/U0/u_dvbs2_ip_axi_lite_inst/u_dvbs2_ip_addr_decoder_inst/dut_enable
Phase 6 BUFG optimization | Checksum: 113976c3b

Time (s): cpu = 00:01:01 ; elapsed = 00:01:08 . Memory (MB): peak = 5710.906 ; gain = 984.168
BUFG optimization | Checksum: 113976c3b
INFO: [Opt 31-662] Phase BUFG optimization created 6 cells of which 4 are BUFGs and removed 1 cells.

Phase 7 Shift Register Optimization
INFO: [Opt 31-1064] SRL Remap converted 0 SRLs to 0 registers and converted 0 registers of register chains to 0 SRLs
Phase 7 Shift Register Optimization | Checksum: e2b43a7e

Time (s): cpu = 00:01:02 ; elapsed = 00:01:09 . Memory (MB): peak = 5710.906 ; gain = 984.168
Shift Register Optimization | Checksum: e2b43a7e
INFO: [Opt 31-389] Phase Shift Register Optimization created 14 cells and removed 12 cells

Phase 8 Post Processing Netlist
Phase 8 Post Processing Netlist | Checksum: 15dc794fc

Time (s): cpu = 00:01:03 ; elapsed = 00:01:11 . Memory (MB): peak = 5710.906 ; gain = 984.168
Post Processing Netlist | Checksum: 15dc794fc
INFO: [Opt 31-389] Phase Post Processing Netlist created 0 cells and removed 0 cells
INFO: [Opt 31-1021] In phase Post Processing Netlist, 33 netlist objects are constrained preventing optimization. Please run opt_design with -debug_log to get more detail. 

Phase 9 Finalization

Phase 9.1 Finalizing Design Cores and Updating Shapes
Phase 9.1 Finalizing Design Cores and Updating Shapes | Checksum: 15a8a1752

Time (s): cpu = 00:01:16 ; elapsed = 00:01:36 . Memory (MB): peak = 5710.906 ; gain = 984.168

Phase 9.2 Verifying Netlist Connectivity

Starting Connectivity Check Task

Time (s): cpu = 00:00:00 ; elapsed = 00:00:00.409 . Memory (MB): peak = 5710.906 ; gain = 0.000
Phase 9.2 Verifying Netlist Connectivity | Checksum: 15a8a1752

Time (s): cpu = 00:01:16 ; elapsed = 00:01:36 . Memory (MB): peak = 5710.906 ; gain = 984.168
Phase 9 Finalization | Checksum: 15a8a1752

Time (s): cpu = 00:01:16 ; elapsed = 00:01:36 . Memory (MB): peak = 5710.906 ; gain = 984.168
Opt_design Change Summary
=========================


-------------------------------------------------------------------------------------------------------------------------
|  Phase                        |  #Cells created  |  #Cells Removed  |  #Constrained objects preventing optimizations  |
-------------------------------------------------------------------------------------------------------------------------
|  Retarget                     |             740  |            1153  |                                             27  |
|  Constant propagation         |             409  |             770  |                                             31  |
|  Sweep                        |               0  |             247  |                                             97  |
|  BUFG optimization            |               6  |               1  |                                              0  |
|  Shift Register Optimization  |              14  |              12  |                                              0  |
|  Post Processing Netlist      |               0  |               0  |                                             33  |
-------------------------------------------------------------------------------------------------------------------------


Ending Logic Optimization Task | Checksum: 15a8a1752

Time (s): cpu = 00:01:17 ; elapsed = 00:01:36 . Memory (MB): peak = 5710.906 ; gain = 984.168

Starting Power Optimization Task
INFO: [Pwropt 34-132] Skipping clock gating for clocks with a period < 2.00 ns.
INFO: [Pwropt 34-9] Applying IDT optimizations ...
INFO: [Pwropt 34-10] Applying ODC optimizations ...
INFO: [Timing 38-35] Done setting XDC timing constraints.
Running Vector-less Activity Propagation...

Finished Running Vector-less Activity Propagation


Starting PowerOpt Patch Enables Task
INFO: [Pwropt 34-162] WRITE_MODE attribute of 2 BRAM(s) out of a total of 371 has been updated to save power. Run report_power_opt to get a complete listing of the BRAMs updated.
INFO: [Pwropt 34-201] Structural ODC has moved 2 WE to EN ports
Number of BRAM Ports augmented: 170 newly gated: 4 Total Ports: 742
Ending PowerOpt Patch Enables Task | Checksum: 1afe8792d

Time (s): cpu = 00:00:05 ; elapsed = 00:00:08 . Memory (MB): peak = 7843.773 ; gain = 0.000
Ending Power Optimization Task | Checksum: 1afe8792d

Time (s): cpu = 00:03:36 ; elapsed = 00:03:14 . Memory (MB): peak = 7843.773 ; gain = 2132.867

Starting Final Cleanup Task

Starting Logic Optimization Task
INFO: [Timing 38-35] Done setting XDC timing constraints.
Ending Logic Optimization Task | Checksum: cbb24c7a

Time (s): cpu = 00:02:33 ; elapsed = 00:02:25 . Memory (MB): peak = 7843.773 ; gain = 0.000
Ending Final Cleanup Task | Checksum: cbb24c7a

Time (s): cpu = 00:02:36 ; elapsed = 00:02:30 . Memory (MB): peak = 7843.773 ; gain = 0.000

Starting Netlist Obfuscation Task
Netlist sorting complete. Time (s): cpu = 00:00:00 ; elapsed = 00:00:00.100 . Memory (MB): peak = 7843.773 ; gain = 0.000
Ending Netlist Obfuscation Task | Checksum: cbb24c7a

Time (s): cpu = 00:00:00 ; elapsed = 00:00:00.148 . Memory (MB): peak = 7843.773 ; gain = 0.000
INFO: [Common 17-83] Releasing license: Implementation
89 Infos, 83 Warnings, 0 Critical Warnings and 0 Errors encountered.
opt_design completed successfully
opt_design: Time (s): cpu = 00:09:09 ; elapsed = 00:09:16 . Memory (MB): peak = 7843.773 ; gain = 3317.109
INFO: [Vivado 12-24828] Executing command : report_drc -file design_1_wrapper_drc_opted.rpt -pb design_1_wrapper_drc_opted.pb -rpx design_1_wrapper_drc_opted.rpx
Command: report_drc -file design_1_wrapper_drc_opted.rpt -pb design_1_wrapper_drc_opted.pb -rpx design_1_wrapper_drc_opted.rpx
INFO: [IP_Flow 19-1839] IP Catalog is up to date.
INFO: [DRC 23-27] Running DRC with 2 threads
INFO: [Vivado_Tcl 2-168] The results of DRC are in file C:/demo/DVBS2ReceiverSoCExample/soc_prj/vivado_prj.runs/impl_1/design_1_wrapper_drc_opted.rpt.
report_drc completed successfully
report_drc: Time (s): cpu = 00:00:21 ; elapsed = 00:00:24 . Memory (MB): peak = 7843.773 ; gain = 0.000
generate_parallel_reports: Time (s): cpu = 00:00:21 ; elapsed = 00:00:24 . Memory (MB): peak = 7843.773 ; gain = 0.000
INFO: [Timing 38-35] Done setting XDC timing constraints.
INFO: [Timing 38-480] Writing timing data to binary archive.
Wrote PlaceDB: Time (s): cpu = 00:00:00 ; elapsed = 00:00:00.057 . Memory (MB): peak = 7843.773 ; gain = 0.000
Wrote PulsedLatchDB: Time (s): cpu = 00:00:00 ; elapsed = 00:00:00.001 . Memory (MB): peak = 7843.773 ; gain = 0.000
Writing XDEF routing.
Writing XDEF routing logical nets.
Write ShapeDB Complete: Time (s): cpu = 00:00:07 ; elapsed = 00:00:02 . Memory (MB): peak = 7843.773 ; gain = 0.000
Writing XDEF routing special nets.
Wrote RouteStorage: Time (s): cpu = 00:00:09 ; elapsed = 00:00:03 . Memory (MB): peak = 7843.773 ; gain = 0.000
Wrote Netlist Cache: Time (s): cpu = 00:00:00 ; elapsed = 00:00:00.001 . Memory (MB): peak = 7843.773 ; gain = 0.000
Wrote Device Cache: Time (s): cpu = 00:00:00 ; elapsed = 00:00:00.057 . Memory (MB): peak = 7843.773 ; gain = 0.000
Write Physdb Complete: Time (s): cpu = 00:00:09 ; elapsed = 00:00:03 . Memory (MB): peak = 7843.773 ; gain = 0.000
INFO: [Common 17-1381] The checkpoint 'C:/demo/DVBS2ReceiverSoCExample/soc_prj/vivado_prj.runs/impl_1/design_1_wrapper_opt.dcp' has been generated.
write_checkpoint: Time (s): cpu = 00:02:21 ; elapsed = 00:02:26 . Memory (MB): peak = 7843.773 ; gain = 0.000
Command: place_design
Attempting to get a license for feature 'Implementation' and/or device 'xczu28dr'
INFO: [Common 17-349] Got license for feature 'Implementation' and/or device 'xczu28dr'
INFO: [Common 17-1686] The version limit for your license is '2025.10' and will not allow you to run AMD software released after that date (year & month). A version limit expiration means that while you will be able to continue to use the current version of tools or IP with this license, you will not be able to use any updates or new releases.
INFO: [Common 17-83] Releasing license: Implementation
INFO: [DRC 23-27] Running DRC with 2 threads
INFO: [Vivado_Tcl 4-198] DRC finished with 0 Errors
INFO: [Vivado_Tcl 4-199] Please refer to the DRC report (report_drc) for more information.
Running DRC as a precondition to command place_design
INFO: [DRC 23-27] Running DRC with 2 threads
INFO: [Vivado_Tcl 4-198] DRC finished with 0 Errors
INFO: [Vivado_Tcl 4-199] Please refer to the DRC report (report_drc) for more information.
INFO: [Place 30-611] Multithreading enabled for place_design using a maximum of 2 CPUs

Starting Placer Task

Phase 1 Placer Initialization

Phase 1.1 Placer Initialization Netlist Sorting
Netlist sorting complete. Time (s): cpu = 00:00:00 ; elapsed = 00:00:00.107 . Memory (MB): peak = 7843.773 ; gain = 0.000
Phase 1.1 Placer Initialization Netlist Sorting | Checksum: 99a142e3

Time (s): cpu = 00:00:00 ; elapsed = 00:00:00.212 . Memory (MB): peak = 7843.773 ; gain = 0.000
Netlist sorting complete. Time (s): cpu = 00:00:00 ; elapsed = 00:00:00.099 . Memory (MB): peak = 7843.773 ; gain = 0.000

Phase 1.2 IO Placement/ Clock Placement/ Build Placer Device
Phase 1.2 IO Placement/ Clock Placement/ Build Placer Device | Checksum: e6fae965

Time (s): cpu = 00:00:30 ; elapsed = 00:00:56 . Memory (MB): peak = 7843.773 ; gain = 0.000

Phase 1.3 Build Placer Netlist Model
Phase 1.3 Build Placer Netlist Model | Checksum: 168dbec15

Time (s): cpu = 00:03:20 ; elapsed = 00:04:10 . Memory (MB): peak = 9224.395 ; gain = 1380.621

Phase 1.4 Constrain Clocks/Macros
Phase 1.4 Constrain Clocks/Macros | Checksum: 168dbec15

Time (s): cpu = 00:03:20 ; elapsed = 00:04:10 . Memory (MB): peak = 9224.395 ; gain = 1380.621
Phase 1 Placer Initialization | Checksum: 168dbec15

Time (s): cpu = 00:03:21 ; elapsed = 00:04:11 . Memory (MB): peak = 9224.395 ; gain = 1380.621

Phase 2 Global Placement

Phase 2.1 Floorplanning

Phase 2.1.1 Partition Driven Placement

Phase 2.1.1.1 PBP: Partition Driven Placement
Phase 2.1.1.1 PBP: Partition Driven Placement | Checksum: 1a9ea27bb

Time (s): cpu = 00:04:31 ; elapsed = 00:05:49 . Memory (MB): peak = 9224.395 ; gain = 1380.621

Phase 2.1.1.2 PBP: Clock Region Placement
INFO: [Place 30-3162] Check ILP status : ILP-based clock placer completed successfully.
Phase 2.1.1.2 PBP: Clock Region Placement | Checksum: 24cbd8639

Time (s): cpu = 00:04:41 ; elapsed = 00:06:12 . Memory (MB): peak = 9224.395 ; gain = 1380.621

Phase 2.1.1.3 PBP: Discrete Incremental
Phase 2.1.1.3 PBP: Discrete Incremental | Checksum: 2535ff625

Time (s): cpu = 00:04:42 ; elapsed = 00:06:13 . Memory (MB): peak = 9224.395 ; gain = 1380.621

Phase 2.1.1.4 PBP: Compute Congestion
Phase 2.1.1.4 PBP: Compute Congestion | Checksum: 2535ff625

Time (s): cpu = 00:05:05 ; elapsed = 00:06:37 . Memory (MB): peak = 9224.395 ; gain = 1380.621

Phase 2.1.1.5 PBP: Macro Placement
Phase 2.1.1.5 PBP: Macro Placement | Checksum: 210640be3

Time (s): cpu = 00:05:11 ; elapsed = 00:06:49 . Memory (MB): peak = 9224.395 ; gain = 1380.621

Phase 2.1.1.6 PBP: UpdateTiming
Phase 2.1.1.6 PBP: UpdateTiming | Checksum: 2548fde2d

Time (s): cpu = 00:05:26 ; elapsed = 00:07:13 . Memory (MB): peak = 9224.395 ; gain = 1380.621

Phase 2.1.1.7 PBP: Add part constraints
Phase 2.1.1.7 PBP: Add part constraints | Checksum: 2548fde2d

Time (s): cpu = 00:05:27 ; elapsed = 00:07:16 . Memory (MB): peak = 9224.395 ; gain = 1380.621
Phase 2.1.1 Partition Driven Placement | Checksum: 2548fde2d

Time (s): cpu = 00:05:28 ; elapsed = 00:07:17 . Memory (MB): peak = 9224.395 ; gain = 1380.621
Phase 2.1 Floorplanning | Checksum: 2548fde2d

Time (s): cpu = 00:05:28 ; elapsed = 00:07:18 . Memory (MB): peak = 9224.395 ; gain = 1380.621

Phase 2.2 Update Timing before SLR Path Opt
Phase 2.2 Update Timing before SLR Path Opt | Checksum: 2548fde2d

Time (s): cpu = 00:05:29 ; elapsed = 00:07:19 . Memory (MB): peak = 9224.395 ; gain = 1380.621

Phase 2.3 Post-Processing in Floorplanning
Phase 2.3 Post-Processing in Floorplanning | Checksum: 2548fde2d

Time (s): cpu = 00:05:29 ; elapsed = 00:07:21 . Memory (MB): peak = 9224.395 ; gain = 1380.621

Phase 2.4 Global Placement Core

Phase 2.4.1 UpdateTiming Before Physical Synthesis
Phase 2.4.1 UpdateTiming Before Physical Synthesis | Checksum: 1b427e5fb

Time (s): cpu = 00:08:48 ; elapsed = 00:11:33 . Memory (MB): peak = 9224.395 ; gain = 1380.621

Phase 2.4.2 Physical Synthesis In Placer
INFO: [Physopt 32-1035] Found 0 LUTNM shape to break, 3684 LUT instances to create LUTNM shape
INFO: [Physopt 32-1044] Break lutnm for timing: one critical 0, two critical 0, total 0, new lutff created 0
INFO: [Physopt 32-1138] End 1 Pass. Optimized 1624 nets or LUTs. Breaked 0 LUT, combined 1624 existing LUTs and moved 0 existing LUT
Netlist sorting complete. Time (s): cpu = 00:00:00 ; elapsed = 00:00:00.102 . Memory (MB): peak = 9224.395 ; gain = 0.000
INFO: [Physopt 32-1030] Pass 1. Identified 111 candidate driver sets for equivalent driver rewiring.
INFO: [Physopt 32-661] Optimized 53 nets.  Re-placed 393 instances.
INFO: [Physopt 32-775] End 1 Pass. Optimized 53 nets or cells. Created 46 new cells, deleted 89 existing cells and moved 393 existing cells
Netlist sorting complete. Time (s): cpu = 00:00:01 ; elapsed = 00:00:03 . Memory (MB): peak = 9224.395 ; gain = 0.000
INFO: [Physopt 32-65] No nets found for high-fanout optimization.
INFO: [Physopt 32-232] Optimized 0 net. Created 0 new instance.
INFO: [Physopt 32-775] End 1 Pass. Optimized 0 net or cell. Created 0 new cell, deleted 0 existing cell and moved 0 existing cell
INFO: [Physopt 32-670] No setup violation found.  DSP Register Optimization was not performed.
INFO: [Physopt 32-670] No setup violation found.  Shift Register to Pipeline Optimization was not performed.
INFO: [Physopt 32-670] No setup violation found.  Shift Register Optimization was not performed.
INFO: [Physopt 32-670] No setup violation found.  BRAM Register Optimization was not performed.
INFO: [Physopt 32-670] No setup violation found.  URAM Register Optimization was not performed.
INFO: [Physopt 32-949] No candidate nets found for dynamic/static region interface net replication
INFO: [Physopt 32-775] End 1 Pass. Optimized 0 net or cell. Created 0 new cell, deleted 0 existing cell and moved 0 existing cell
Netlist sorting complete. Time (s): cpu = 00:00:00 ; elapsed = 00:00:00.122 . Memory (MB): peak = 9224.395 ; gain = 0.000

Summary of Physical Synthesis Optimizations
============================================


-----------------------------------------------------------------------------------------------------------------------------------------------------------
|  Optimization                                     |  Added Cells  |  Removed Cells  |  Optimized Cells/Nets  |  Dont Touch  |  Iterations  |  Elapsed   |
-----------------------------------------------------------------------------------------------------------------------------------------------------------
|  LUT Combining                                    |            0  |           1624  |                  1624  |           0  |           1  |  00:00:04  |
|  Retime                                           |            0  |              0  |                     0  |           0  |           1  |  00:00:00  |
|  Equivalent Driver Rewiring                       |           46  |             89  |                    53  |           0  |           1  |  00:00:11  |
|  Very High Fanout                                 |            0  |              0  |                     0  |           0  |           1  |  00:00:02  |
|  DSP Register                                     |            0  |              0  |                     0  |           0  |           0  |  00:00:00  |
|  Shift Register to Pipeline                       |            0  |              0  |                     0  |           0  |           0  |  00:00:00  |
|  Shift Register                                   |            0  |              0  |                     0  |           0  |           0  |  00:00:00  |
|  BRAM Register                                    |            0  |              0  |                     0  |           0  |           0  |  00:00:00  |
|  URAM Register                                    |            0  |              0  |                     0  |           0  |           0  |  00:00:00  |
|  Dynamic/Static Region Interface Net Replication  |            0  |              0  |                     0  |           0  |           1  |  00:00:00  |
|  Total                                            |           46  |           1713  |                  1677  |           0  |           5  |  00:00:17  |
-----------------------------------------------------------------------------------------------------------------------------------------------------------


Phase 2.4.2 Physical Synthesis In Placer | Checksum: 154acbc41

Time (s): cpu = 00:09:10 ; elapsed = 00:12:18 . Memory (MB): peak = 9224.395 ; gain = 1380.621
Phase 2.4 Global Placement Core | Checksum: 1bf967613

Time (s): cpu = 00:09:40 ; elapsed = 00:12:57 . Memory (MB): peak = 9224.395 ; gain = 1380.621
Phase 2 Global Placement | Checksum: 1bf967613

Time (s): cpu = 00:09:40 ; elapsed = 00:12:58 . Memory (MB): peak = 9224.395 ; gain = 1380.621

Phase 3 Detail Placement

Phase 3.1 Commit Multi Column Macros
Phase 3.1 Commit Multi Column Macros | Checksum: 17ad3df38

Time (s): cpu = 00:10:10 ; elapsed = 00:13:36 . Memory (MB): peak = 9224.395 ; gain = 1380.621

Phase 3.2 Commit Most Macros & LUTRAMs
Phase 3.2 Commit Most Macros & LUTRAMs | Checksum: 2187f9efb

Time (s): cpu = 00:10:27 ; elapsed = 00:14:05 . Memory (MB): peak = 9224.395 ; gain = 1380.621

Phase 3.3 Small Shape DP

Phase 3.3.1 Small Shape Clustering
Phase 3.3.1 Small Shape Clustering | Checksum: 1fad42764

Time (s): cpu = 00:11:12 ; elapsed = 00:15:00 . Memory (MB): peak = 9224.395 ; gain = 1380.621

Phase 3.3.2 Slice Area Swap

Phase 3.3.2.1 Slice Area Swap Initial
Phase 3.3.2.1 Slice Area Swap Initial | Checksum: 1bca7c3c2

Time (s): cpu = 00:11:37 ; elapsed = 00:15:55 . Memory (MB): peak = 9224.395 ; gain = 1380.621
Phase 3.3.2 Slice Area Swap | Checksum: 1bca7c3c2

Time (s): cpu = 00:11:38 ; elapsed = 00:15:57 . Memory (MB): peak = 9224.395 ; gain = 1380.621
Phase 3.3 Small Shape DP | Checksum: e4ee2249

Time (s): cpu = 00:12:43 ; elapsed = 00:17:11 . Memory (MB): peak = 9224.395 ; gain = 1380.621

Phase 3.4 Re-assign LUT pins
Phase 3.4 Re-assign LUT pins | Checksum: 103611cee

Time (s): cpu = 00:12:49 ; elapsed = 00:17:26 . Memory (MB): peak = 9224.395 ; gain = 1380.621

Phase 3.5 Pipeline Register Optimization
Phase 3.5 Pipeline Register Optimization | Checksum: cf19bd78

Time (s): cpu = 00:12:53 ; elapsed = 00:17:35 . Memory (MB): peak = 9224.395 ; gain = 1380.621
Phase 3 Detail Placement | Checksum: cf19bd78

Time (s): cpu = 00:12:54 ; elapsed = 00:17:37 . Memory (MB): peak = 9224.395 ; gain = 1380.621

Phase 4 Post Placement Optimization and Clean-Up

Phase 4.1 Post Commit Optimization
INFO: [Timing 38-35] Done setting XDC timing constraints.

Phase 4.1.1 Post Placement Optimization
Post Placement Optimization Initialization | Checksum: 1169b3f83

Phase 4.1.1.1 BUFG Insertion

Starting Physical Synthesis Task

Phase 1 Physical Synthesis Initialization
INFO: [Physopt 32-721] Multithreading enabled for phys_opt_design using a maximum of 2 CPUs
INFO: [Physopt 32-619] Estimated Timing Summary | WNS=0.761 | TNS=0.000 |
Phase 1 Physical Synthesis Initialization | Checksum: 15dc0d85a

Time (s): cpu = 00:00:29 ; elapsed = 00:00:37 . Memory (MB): peak = 9356.234 ; gain = 131.840
INFO: [Place 46-35] Processed net design_1_i/dvbs2_ip/U0/u_dvbs2_ip_dut_inst/u_dvbs2_ip_src_DVBS2/u_DVBS2_tc/enb_1_8_0, inserted BUFG to drive 13249 loads.
INFO: [Place 46-35] Processed net design_1_i/dvbs2_ip/U0/u_dvbs2_ip_reset_sync_inst/SS[0], inserted BUFG to drive 2070 loads.
INFO: [Place 46-34] Processed net design_1_i/dvbs2_ip/U0/u_dvbs2_ip_dut_inst/u_dvbs2_ip_src_DVBS2/u_DVBS2_tc/Delay_bypass_delay_re0, BUFG insertion was skipped due to possible timing degradation.
INFO: [Place 46-34] Processed net design_1_i/dvbs2_ip/U0/u_dvbs2_ip_dut_inst/u_dvbs2_ip_src_DVBS2/u_DVBS2_tc/Unit_Delay_Enabled_Resettable_Synchronous_out1__0, BUFG insertion was skipped due to possible timing degradation.
INFO: [Place 46-35] Processed net design_1_i/sys_rstgen/U0/peripheral_aresetn[0], inserted BUFG to drive 1473 loads.
INFO: [Place 46-45] Replicated bufg driver design_1_i/sys_rstgen/U0/ACTIVE_LOW_PR_OUT_DFF[0].FDRE_PER_N_replica
INFO: [Place 46-35] Processed net design_1_i/dvbs2_ip/U0/u_dvbs2_ip_dut_inst/u_dvbs2_ip_src_DVBS2/u_Vector_Interpolation/u_FIR_Interpolator/u_filterInstantiation/u_FilterBank/u_subFilter_1_re/dinReg2Vld_reg, inserted BUFG to drive 1327 loads.
INFO: [Place 46-35] Processed net design_1_i/dvbs2_ip/U0/u_dvbs2_ip_dut_inst/u_dvbs2_ip_src_DVBS2/u_Vector_Decimation/u_Vector_Decimation/u_FIR_Decimation_HDL_Optimized/u_FilterBank/u_subFilter_3_re/u_FilterTap_1/CEA1, inserted BUFG to drive 1168 loads.
INFO: [Place 46-56] BUFG insertion identified 7 candidate nets. Inserted BUFG: 5, Replicated BUFG Driver: 1, Skipped due to Placement/Routing Conflicts: 0, Skipped due to Timing Degradation: 2, Skipped due to netlist editing failed: 0.
Ending Physical Synthesis Task | Checksum: 178b8ed79

Time (s): cpu = 00:00:56 ; elapsed = 00:01:13 . Memory (MB): peak = 9391.344 ; gain = 166.949
Phase 4.1.1.1 BUFG Insertion | Checksum: 23e2be4bc

Time (s): cpu = 00:17:56 ; elapsed = 00:25:16 . Memory (MB): peak = 9391.344 ; gain = 1547.570

Phase 4.1.1.2 Post Placement Timing Optimization
INFO: [Place 30-746] Post Placement Timing Summary WNS=1.120. For the most accurate timing information please run report_timing.
Phase 4.1.1.2 Post Placement Timing Optimization | Checksum: 14c0be61f

Time (s): cpu = 00:18:06 ; elapsed = 00:25:38 . Memory (MB): peak = 9485.953 ; gain = 1642.180

Time (s): cpu = 00:18:06 ; elapsed = 00:25:38 . Memory (MB): peak = 9485.953 ; gain = 1642.180
Phase 4.1 Post Commit Optimization | Checksum: 14c0be61f

Time (s): cpu = 00:18:07 ; elapsed = 00:25:40 . Memory (MB): peak = 9485.953 ; gain = 1642.180
Netlist sorting complete. Time (s): cpu = 00:00:01 ; elapsed = 00:00:02 . Memory (MB): peak = 9549.824 ; gain = 0.000

Phase 4.2 Post Placement Cleanup
Phase 4.2 Post Placement Cleanup | Checksum: 1b9e31c22

Time (s): cpu = 00:18:37 ; elapsed = 00:26:25 . Memory (MB): peak = 9549.824 ; gain = 1706.051

Phase 4.3 Placer Reporting

Phase 4.3.1 Print Estimated Congestion
INFO: [Place 30-612] Post-Placement Estimated Congestion 
 ________________________________________________________________________
|           | Global Congestion | Long Congestion   | Short Congestion  |
| Direction | Region Size       | Region Size       | Region Size       |
|___________|___________________|___________________|___________________|
|      North|                1x1|                1x1|                4x4|
|___________|___________________|___________________|___________________|
|      South|                1x1|                1x1|                4x4|
|___________|___________________|___________________|___________________|
|       East|                2x2|                1x1|                8x8|
|___________|___________________|___________________|___________________|
|       West|                1x1|                1x1|                8x8|
|___________|___________________|___________________|___________________|

Phase 4.3.1 Print Estimated Congestion | Checksum: 1b9e31c22

Time (s): cpu = 00:18:38 ; elapsed = 00:26:28 . Memory (MB): peak = 9549.824 ; gain = 1706.051
Phase 4.3 Placer Reporting | Checksum: 1b9e31c22

Time (s): cpu = 00:18:39 ; elapsed = 00:26:30 . Memory (MB): peak = 9549.824 ; gain = 1706.051

Phase 4.4 Final Placement Cleanup
Netlist sorting complete. Time (s): cpu = 00:00:00 ; elapsed = 00:00:00.103 . Memory (MB): peak = 9549.824 ; gain = 0.000

Time (s): cpu = 00:18:39 ; elapsed = 00:26:30 . Memory (MB): peak = 9549.824 ; gain = 1706.051
Phase 4 Post Placement Optimization and Clean-Up | Checksum: 13fb82ac2

Time (s): cpu = 00:18:40 ; elapsed = 00:26:32 . Memory (MB): peak = 9549.824 ; gain = 1706.051
Ending Placer Task | Checksum: 8b54726b

Time (s): cpu = 00:18:41 ; elapsed = 00:26:34 . Memory (MB): peak = 9549.824 ; gain = 1706.051
137 Infos, 83 Warnings, 0 Critical Warnings and 0 Errors encountered.
place_design completed successfully
place_design: Time (s): cpu = 00:18:59 ; elapsed = 00:26:53 . Memory (MB): peak = 9549.824 ; gain = 1706.051
INFO: [Vivado 12-24838] Running report commands "report_control_sets, report_io, report_utilization" in parallel.
Running report generation with 2 threads.
INFO: [Vivado 12-24828] Executing command : report_io -file design_1_wrapper_io_placed.rpt
report_io: Time (s): cpu = 00:00:01 ; elapsed = 00:00:00.375 . Memory (MB): peak = 9549.824 ; gain = 0.000
INFO: [Vivado 12-24828] Executing command : report_control_sets -verbose -file design_1_wrapper_control_sets_placed.rpt
report_control_sets: Time (s): cpu = 00:00:01 ; elapsed = 00:00:00.856 . Memory (MB): peak = 9549.824 ; gain = 0.000
INFO: [Vivado 12-24828] Executing command : report_utilization -file design_1_wrapper_utilization_placed.rpt -pb design_1_wrapper_utilization_placed.pb
INFO: [Timing 38-480] Writing timing data to binary archive.
Write ShapeDB Complete: Time (s): cpu = 00:00:08 ; elapsed = 00:00:03 . Memory (MB): peak = 9549.824 ; gain = 0.000
Wrote PlaceDB: Time (s): cpu = 00:00:57 ; elapsed = 00:00:49 . Memory (MB): peak = 9549.824 ; gain = 0.000
Wrote PulsedLatchDB: Time (s): cpu = 00:00:00 ; elapsed = 00:00:00 . Memory (MB): peak = 9549.824 ; gain = 0.000
Writing XDEF routing.
Writing XDEF routing logical nets.
Writing XDEF routing special nets.
Wrote RouteStorage: Time (s): cpu = 00:00:01 ; elapsed = 00:00:02 . Memory (MB): peak = 9549.824 ; gain = 0.000
Wrote Netlist Cache: Time (s): cpu = 00:00:00 ; elapsed = 00:00:00.863 . Memory (MB): peak = 9549.824 ; gain = 0.000
Wrote Device Cache: Time (s): cpu = 00:00:00 ; elapsed = 00:00:00.048 . Memory (MB): peak = 9549.824 ; gain = 0.000
Write Physdb Complete: Time (s): cpu = 00:00:58 ; elapsed = 00:00:52 . Memory (MB): peak = 9549.824 ; gain = 0.000
report_design_analysis: Time (s): cpu = 00:00:16 ; elapsed = 00:00:34 . Memory (MB): peak = 9549.824 ; gain = 0.000
INFO: [Common 17-1381] The checkpoint 'C:/demo/DVBS2ReceiverSoCExample/soc_prj/vivado_prj.runs/impl_1/design_1_wrapper_placed.dcp' has been generated.
write_checkpoint: Time (s): cpu = 00:01:20 ; elapsed = 00:01:37 . Memory (MB): peak = 9549.824 ; gain = 0.000
Command: phys_opt_design
Attempting to get a license for feature 'Implementation' and/or device 'xczu28dr'
INFO: [Common 17-349] Got license for feature 'Implementation' and/or device 'xczu28dr'
INFO: [Common 17-1686] The version limit for your license is '2025.10' and will not allow you to run AMD software released after that date (year & month). A version limit expiration means that while you will be able to continue to use the current version of tools or IP with this license, you will not be able to use any updates or new releases.

Starting Initial Update Timing Task

Time (s): cpu = 00:02:28 ; elapsed = 00:03:08 . Memory (MB): peak = 10570.918 ; gain = 1021.094
INFO: [Vivado_Tcl 4-2279] Estimated Timing Summary | WNS= 1.120 | TNS= 0.000 | 
INFO: [Vivado_Tcl 4-383] Design worst setup slack (WNS) is greater than or equal to 0.000 ns. All physical synthesis setup optimizations will be skipped.
INFO: [Vivado_Tcl 4-232] No setup violation found. The netlist was not modified.
INFO: [Common 17-83] Releasing license: Implementation
149 Infos, 83 Warnings, 0 Critical Warnings and 0 Errors encountered.
phys_opt_design completed successfully
phys_opt_design: Time (s): cpu = 00:02:31 ; elapsed = 00:03:14 . Memory (MB): peak = 10570.918 ; gain = 1021.094
INFO: [Timing 38-480] Writing timing data to binary archive.
Write ShapeDB Complete: Time (s): cpu = 00:00:08 ; elapsed = 00:00:03 . Memory (MB): peak = 10756.980 ; gain = 171.387
Wrote PlaceDB: Time (s): cpu = 00:00:59 ; elapsed = 00:00:49 . Memory (MB): peak = 10757.035 ; gain = 171.441
Wrote PulsedLatchDB: Time (s): cpu = 00:00:00 ; elapsed = 00:00:00.001 . Memory (MB): peak = 10757.035 ; gain = 0.000
Writing XDEF routing.
Writing XDEF routing logical nets.
Writing XDEF routing special nets.
Wrote RouteStorage: Time (s): cpu = 00:00:01 ; elapsed = 00:00:02 . Memory (MB): peak = 10757.035 ; gain = 0.000
Wrote Netlist Cache: Time (s): cpu = 00:00:00 ; elapsed = 00:00:00.949 . Memory (MB): peak = 10757.035 ; gain = 0.000
Wrote Device Cache: Time (s): cpu = 00:00:00 ; elapsed = 00:00:00.049 . Memory (MB): peak = 10757.035 ; gain = 0.000
Write Physdb Complete: Time (s): cpu = 00:01:00 ; elapsed = 00:00:52 . Memory (MB): peak = 10757.035 ; gain = 171.441
INFO: [Common 17-1381] The checkpoint 'C:/demo/DVBS2ReceiverSoCExample/soc_prj/vivado_prj.runs/impl_1/design_1_wrapper_physopt.dcp' has been generated.
write_checkpoint: Time (s): cpu = 00:01:06 ; elapsed = 00:01:04 . Memory (MB): peak = 10757.035 ; gain = 186.117
Command: route_design
Attempting to get a license for feature 'Implementation' and/or device 'xczu28dr'
INFO: [Common 17-349] Got license for feature 'Implementation' and/or device 'xczu28dr'
INFO: [Common 17-1686] The version limit for your license is '2025.10' and will not allow you to run AMD software released after that date (year & month). A version limit expiration means that while you will be able to continue to use the current version of tools or IP with this license, you will not be able to use any updates or new releases.
Running DRC as a precondition to command route_design
INFO: [DRC 23-27] Running DRC with 2 threads
INFO: [Vivado_Tcl 4-198] DRC finished with 0 Errors
INFO: [Vivado_Tcl 4-199] Please refer to the DRC report (report_drc) for more information.


Starting Routing Task
INFO: [Route 35-254] Multithreading enabled for route_design using a maximum of 8 CPUs

Phase 1 Build RT Design
Checksum: PlaceDB: 12f083c ConstDB: 0 ShapeSum: 13b9110e RouteDB: 766c5921
Nodegraph reading from file.  Time (s): cpu = 00:00:01 ; elapsed = 00:00:03 . Memory (MB): peak = 10939.102 ; gain = 0.000
Post Restoration Checksum: NetGraph: 737a5695 | NumContArr: aaec8857 | Constraints: 7713f34e | Timing: c2a8fa9d
Phase 1 Build RT Design | Checksum: 25823ccd7

Time (s): cpu = 00:02:33 ; elapsed = 00:02:32 . Memory (MB): peak = 11013.812 ; gain = 74.711

Phase 2 Router Initialization

Phase 2.1 Fix Topology Constraints
Phase 2.1 Fix Topology Constraints | Checksum: 25823ccd7

Time (s): cpu = 00:02:36 ; elapsed = 00:02:33 . Memory (MB): peak = 11013.812 ; gain = 74.711

Phase 2.2 Pre Route Cleanup
Phase 2.2 Pre Route Cleanup | Checksum: 25823ccd7

Time (s): cpu = 00:02:39 ; elapsed = 00:02:33 . Memory (MB): peak = 11013.812 ; gain = 74.711

Phase 2.3 Global Clock Net Routing
 Number of Nodes with overlaps = 0
Phase 2.3 Global Clock Net Routing | Checksum: 26ae6b8a2

Time (s): cpu = 00:03:04 ; elapsed = 00:02:57 . Memory (MB): peak = 11013.812 ; gain = 74.711

Phase 2.4 Update Timing
Phase 2.4 Update Timing | Checksum: 1267f9545

Time (s): cpu = 00:04:11 ; elapsed = 00:04:14 . Memory (MB): peak = 11013.812 ; gain = 74.711
INFO: [Route 35-416] Intermediate Timing Summary | WNS=1.292  | TNS=0.000  | WHS=-0.082 | THS=-14.767|


Phase 2.5 Update Timing for Bus Skew

Phase 2.5.1 Update Timing
Phase 2.5.1 Update Timing | Checksum: 1c58ef69c

Time (s): cpu = 00:07:28 ; elapsed = 00:07:54 . Memory (MB): peak = 11013.812 ; gain = 74.711
INFO: [Route 35-416] Intermediate Timing Summary | WNS=1.292  | TNS=0.000  | WHS=-0.135 | THS=-32.601|

Phase 2.5 Update Timing for Bus Skew | Checksum: 193977300

Time (s): cpu = 00:07:29 ; elapsed = 00:07:55 . Memory (MB): peak = 11013.812 ; gain = 74.711

Router Utilization Summary
  Global Vertical Routing Utilization    = 0.00167314 %
  Global Horizontal Routing Utilization  = 0.000937962 %
  Routable Net Status*
  *Does not include unroutable nets such as driverless and loadless.
  Run report_route_status for detailed report.
  Number of Failed Nets               = 218178
    (Failed Nets is the sum of unrouted and partially routed nets)
  Number of Unrouted Nets             = 194846
  Number of Partially Routed Nets     = 23332
  Number of Node Overlaps             = 6

Phase 2 Router Initialization | Checksum: 18d5f7b2f

Time (s): cpu = 00:07:47 ; elapsed = 00:08:02 . Memory (MB): peak = 11013.812 ; gain = 74.711

Phase 3 Global Routing
Phase 3 Global Routing | Checksum: 18d5f7b2f

Time (s): cpu = 00:07:48 ; elapsed = 00:08:03 . Memory (MB): peak = 11013.812 ; gain = 74.711

Phase 4 Initial Routing

Phase 4.1 Initial Net Routing Pass
Phase 4.1 Initial Net Routing Pass | Checksum: 31798c6b6

Time (s): cpu = 00:08:58 ; elapsed = 00:08:44 . Memory (MB): peak = 11013.812 ; gain = 74.711
Phase 4 Initial Routing | Checksum: 2fd326634

Time (s): cpu = 00:09:06 ; elapsed = 00:08:45 . Memory (MB): peak = 11013.812 ; gain = 74.711

Phase 5 Rip-up And Reroute

Phase 5.1 Global Iteration 0
 Number of Nodes with overlaps = 31626
 Number of Nodes with overlaps = 2332
INFO: [Route 35-443] CLB routing congestion detected. Several CLBs have high routing utilization, which can impact timing closure. Congested CLBs and Nets are dumped in: iter_10_CongestedCLBsAndNets.txt
 Number of Nodes with overlaps = 306
 Number of Nodes with overlaps = 64
 Number of Nodes with overlaps = 39
 Number of Nodes with overlaps = 20
INFO: [Route 35-443] CLB routing congestion detected. Several CLBs have high routing utilization, which can impact timing closure. Congested CLBs and Nets are dumped in: iter_30_CongestedCLBsAndNets.txt
 Number of Nodes with overlaps = 8
 Number of Nodes with overlaps = 8
 Number of Nodes with overlaps = 4
 Number of Nodes with overlaps = 3
 Number of Nodes with overlaps = 4
 Number of Nodes with overlaps = 2
 Number of Nodes with overlaps = 1
 Number of Nodes with overlaps = 1
INFO: [Route 35-443] CLB routing congestion detected. Several CLBs have high routing utilization, which can impact timing closure. Congested CLBs and Nets are dumped in: iter_70_CongestedCLBsAndNets.txt
 Number of Nodes with overlaps = 1
 Number of Nodes with overlaps = 1
 Number of Nodes with overlaps = 1
 Number of Nodes with overlaps = 1
 Number of Nodes with overlaps = 1
 Number of Nodes with overlaps = 1
 Number of Nodes with overlaps = 1
 Number of Nodes with overlaps = 1
 Number of Nodes with overlaps = 1
 Number of Nodes with overlaps = 1
 Number of Nodes with overlaps = 1
 Number of Nodes with overlaps = 0
INFO: [Route 35-416] Intermediate Timing Summary | WNS=0.606  | TNS=0.000  | WHS=-0.017 | THS=-0.072 |

Phase 5.1 Global Iteration 0 | Checksum: 1ecd9f09a

Time (s): cpu = 00:17:29 ; elapsed = 00:19:11 . Memory (MB): peak = 11013.812 ; gain = 74.711

Phase 5.2 Additional Iteration for Hold
Phase 5.2 Additional Iteration for Hold | Checksum: 1cafa3e8d

Time (s): cpu = 00:17:31 ; elapsed = 00:19:12 . Memory (MB): peak = 11013.812 ; gain = 74.711
Phase 5 Rip-up And Reroute | Checksum: 1cafa3e8d

Time (s): cpu = 00:17:33 ; elapsed = 00:19:12 . Memory (MB): peak = 11013.812 ; gain = 74.711

Phase 6 Delay and Skew Optimization

Phase 6.1 Delay CleanUp
INFO: [Route 35-416] Intermediate Timing Summary | WNS=0.606  | TNS=0.000  | WHS=0.010  | THS=0.000  |

INFO: [Route 35-416] Intermediate Timing Summary | WNS=0.606  | TNS=0.000  | WHS=0.010  | THS=0.000  |

Phase 6.1 Delay CleanUp | Checksum: 24bbb51a4

Time (s): cpu = 00:18:36 ; elapsed = 00:21:03 . Memory (MB): peak = 11013.812 ; gain = 74.711

Phase 6.2 Clock Skew Optimization
Phase 6.2 Clock Skew Optimization | Checksum: 24bbb51a4

Time (s): cpu = 00:18:37 ; elapsed = 00:21:04 . Memory (MB): peak = 11013.812 ; gain = 74.711
Phase 6 Delay and Skew Optimization | Checksum: 24bbb51a4

Time (s): cpu = 00:18:39 ; elapsed = 00:21:04 . Memory (MB): peak = 11013.812 ; gain = 74.711

Phase 7 Post Hold Fix

Phase 7.1 Hold Fix Iter
INFO: [Route 35-416] Intermediate Timing Summary | WNS=0.606  | TNS=0.000  | WHS=0.010  | THS=0.000  |

Phase 7.1 Hold Fix Iter | Checksum: 28322937d

Time (s): cpu = 00:19:36 ; elapsed = 00:22:11 . Memory (MB): peak = 11013.812 ; gain = 74.711
Phase 7 Post Hold Fix | Checksum: 28322937d

Time (s): cpu = 00:19:37 ; elapsed = 00:22:11 . Memory (MB): peak = 11013.812 ; gain = 74.711

Phase 8 Route finalize

Router Utilization Summary
  Global Vertical Routing Utilization    = 5.84431 %
  Global Horizontal Routing Utilization  = 6.20921 %
  Routable Net Status*
  *Does not include unroutable nets such as driverless and loadless.
  Run report_route_status for detailed report.
  Number of Failed Nets               = 0
    (Failed Nets is the sum of unrouted and partially routed nets)
  Number of Unrouted Nets             = 0
  Number of Partially Routed Nets     = 0
  Number of Node Overlaps             = 0

Phase 8 Route finalize | Checksum: 28322937d

Time (s): cpu = 00:19:42 ; elapsed = 00:22:12 . Memory (MB): peak = 11013.812 ; gain = 74.711

Phase 9 Verifying routed nets

 Verification completed successfully
Phase 9 Verifying routed nets | Checksum: 28322937d

Time (s): cpu = 00:19:44 ; elapsed = 00:22:13 . Memory (MB): peak = 11013.812 ; gain = 74.711

Phase 10 Depositing Routes
Phase 10 Depositing Routes | Checksum: 28322937d

Time (s): cpu = 00:20:01 ; elapsed = 00:22:30 . Memory (MB): peak = 11013.812 ; gain = 74.711

Phase 11 Resolve XTalk
Phase 11 Resolve XTalk | Checksum: 28322937d

Time (s): cpu = 00:20:03 ; elapsed = 00:22:31 . Memory (MB): peak = 11013.812 ; gain = 74.711

Phase 12 Post Process Routing
Phase 12 Post Process Routing | Checksum: 28322937d

Time (s): cpu = 00:20:07 ; elapsed = 00:22:33 . Memory (MB): peak = 11013.812 ; gain = 74.711

Phase 13 Post Router Timing
INFO: [Route 35-57] Estimated Timing Summary | WNS=0.606  | TNS=0.000  | WHS=0.010  | THS=0.000  |

INFO: [Route 35-327] The final timing numbers are based on the router estimated timing analysis. For a complete and accurate timing signoff, please run report_timing_summary.
Phase 13 Post Router Timing | Checksum: 28322937d

Time (s): cpu = 00:20:12 ; elapsed = 00:22:42 . Memory (MB): peak = 11013.812 ; gain = 74.711
Total Elapsed time in route_design: 1361.57 secs

Phase 14 Post-Route Event Processing
Phase 14 Post-Route Event Processing | Checksum: 17627ad1d

Time (s): cpu = 00:20:14 ; elapsed = 00:22:44 . Memory (MB): peak = 11013.812 ; gain = 74.711
INFO: [Route 35-16] Router Completed Successfully
Ending Routing Task | Checksum: 17627ad1d

Time (s): cpu = 00:20:16 ; elapsed = 00:22:48 . Memory (MB): peak = 11013.812 ; gain = 74.711

Routing Is Done.
INFO: [Common 17-83] Releasing license: Implementation
170 Infos, 83 Warnings, 0 Critical Warnings and 0 Errors encountered.
route_design completed successfully
route_design: Time (s): cpu = 00:20:36 ; elapsed = 00:23:11 . Memory (MB): peak = 11013.812 ; gain = 256.777
INFO: [Vivado 12-24828] Executing command : report_drc -file design_1_wrapper_drc_routed.rpt -pb design_1_wrapper_drc_routed.pb -rpx design_1_wrapper_drc_routed.rpx
Command: report_drc -file design_1_wrapper_drc_routed.rpt -pb design_1_wrapper_drc_routed.pb -rpx design_1_wrapper_drc_routed.rpx
INFO: [IP_Flow 19-1839] IP Catalog is up to date.
INFO: [DRC 23-27] Running DRC with 2 threads
INFO: [Vivado_Tcl 2-168] The results of DRC are in file C:/demo/DVBS2ReceiverSoCExample/soc_prj/vivado_prj.runs/impl_1/design_1_wrapper_drc_routed.rpt.
report_drc completed successfully
report_drc: Time (s): cpu = 00:00:44 ; elapsed = 00:00:47 . Memory (MB): peak = 11013.812 ; gain = 0.000
INFO: [Vivado 12-24828] Executing command : report_methodology -file design_1_wrapper_methodology_drc_routed.rpt -pb design_1_wrapper_methodology_drc_routed.pb -rpx design_1_wrapper_methodology_drc_routed.rpx
Command: report_methodology -file design_1_wrapper_methodology_drc_routed.rpt -pb design_1_wrapper_methodology_drc_routed.pb -rpx design_1_wrapper_methodology_drc_routed.rpx
INFO: [Timing 38-35] Done setting XDC timing constraints.
INFO: [DRC 23-133] Running Methodology with 2 threads
INFO: [Vivado_Tcl 2-1520] The results of Report Methodology are in file C:/demo/DVBS2ReceiverSoCExample/soc_prj/vivado_prj.runs/impl_1/design_1_wrapper_methodology_drc_routed.rpt.
report_methodology completed successfully
report_methodology: Time (s): cpu = 00:04:23 ; elapsed = 00:04:49 . Memory (MB): peak = 11873.754 ; gain = 859.941
INFO: [Vivado 12-24828] Executing command : report_timing_summary -max_paths 10 -report_unconstrained -file design_1_wrapper_timing_summary_routed.rpt -pb design_1_wrapper_timing_summary_routed.pb -rpx design_1_wrapper_timing_summary_routed.rpx -warn_on_violation 
INFO: [Timing 38-35] Done setting XDC timing constraints.
INFO: [Timing 38-91] UpdateTimingParams: Speed grade: -2, Temperature grade: E, Delay Type: min_max.
INFO: [Timing 38-191] Multithreading enabled for timing update using a maximum of 2 CPUs
WARNING: [Timing 38-436] There are set_bus_skew constraint(s) in this design. Please run report_bus_skew to ensure that bus skew requirements are met.
report_timing_summary: Time (s): cpu = 00:02:09 ; elapsed = 00:02:42 . Memory (MB): peak = 11979.918 ; gain = 106.164
INFO: [Vivado 12-24838] Running report commands "report_incremental_reuse, report_route_status" in parallel.
Running report generation with 2 threads.
INFO: [Vivado 12-24828] Executing command : report_incremental_reuse -file design_1_wrapper_incremental_reuse_routed.rpt
INFO: [Vivado_Tcl 4-1062] Incremental flow is disabled. No incremental reuse Info to report.
INFO: [Vivado 12-24828] Executing command : report_route_status -file design_1_wrapper_route_status.rpt -pb design_1_wrapper_route_status.pb
INFO: [Vivado 12-24828] Executing command : report_power -file design_1_wrapper_power_routed.rpt -pb design_1_wrapper_power_summary_routed.pb -rpx design_1_wrapper_power_routed.rpx
Command: report_power -file design_1_wrapper_power_routed.rpt -pb design_1_wrapper_power_summary_routed.pb -rpx design_1_wrapper_power_routed.rpx
Running Vector-less Activity Propagation...

Finished Running Vector-less Activity Propagation
WARNING: [Power 33-332] Found switching activity that implies high-fanout reset nets being asserted for excessive periods of time which may result in inaccurate power analysis.
Resolution: To review and fix problems, please run Power Constraints Advisor in the GUI from Tools > Power Constraints Advisor or run report_power with the -advisory option to generate a text report.
187 Infos, 85 Warnings, 0 Critical Warnings and 0 Errors encountered.
report_power completed successfully
report_power: Time (s): cpu = 00:01:10 ; elapsed = 00:01:24 . Memory (MB): peak = 12086.938 ; gain = 67.465
INFO: [Vivado 12-24828] Executing command : report_clock_utilization -file design_1_wrapper_clock_utilization_routed.rpt
WARNING: [Device 21-9320] Failed to find the Oracle tile group with name 'HSR_BOUNDARY_TOP'. This is required for Clock regions and Virtual grid.
WARNING: [Device 21-2174] Failed to initialize Virtual grid.
report_clock_utilization: Time (s): cpu = 00:00:12 ; elapsed = 00:00:27 . Memory (MB): peak = 12088.645 ; gain = 1.707
INFO: [Vivado 12-24828] Executing command : report_bus_skew -warn_on_violation -file design_1_wrapper_bus_skew_routed.rpt -pb design_1_wrapper_bus_skew_routed.pb -rpx design_1_wrapper_bus_skew_routed.rpx
INFO: [Timing 38-91] UpdateTimingParams: Speed grade: -2, Temperature grade: E, Delay Type: min_max.
INFO: [Timing 38-191] Multithreading enabled for timing update using a maximum of 2 CPUs
generate_parallel_reports: Time (s): cpu = 00:08:42 ; elapsed = 00:10:14 . Memory (MB): peak = 12088.645 ; gain = 1074.832
INFO: [Timing 38-480] Writing timing data to binary archive.
Write ShapeDB Complete: Time (s): cpu = 00:00:25 ; elapsed = 00:00:09 . Memory (MB): peak = 12182.227 ; gain = 84.086
Wrote PlaceDB: Time (s): cpu = 00:01:09 ; elapsed = 00:00:52 . Memory (MB): peak = 12182.227 ; gain = 84.086
Wrote PulsedLatchDB: Time (s): cpu = 00:00:00 ; elapsed = 00:00:00 . Memory (MB): peak = 12182.227 ; gain = 0.000
Writing XDEF routing.
Writing XDEF routing logical nets.
Writing XDEF routing special nets.
Wrote RouteStorage: Time (s): cpu = 00:00:02 ; elapsed = 00:00:06 . Memory (MB): peak = 12190.551 ; gain = 8.324
Wrote Netlist Cache: Time (s): cpu = 00:00:00 ; elapsed = 00:00:00.804 . Memory (MB): peak = 12190.551 ; gain = 0.000
Wrote Device Cache: Time (s): cpu = 00:00:00 ; elapsed = 00:00:00.047 . Memory (MB): peak = 12190.551 ; gain = 0.000
Write Physdb Complete: Time (s): cpu = 00:01:11 ; elapsed = 00:00:59 . Memory (MB): peak = 12190.551 ; gain = 92.410
INFO: [Common 17-1381] The checkpoint 'C:/demo/DVBS2ReceiverSoCExample/soc_prj/vivado_prj.runs/impl_1/design_1_wrapper_routed.dcp' has been generated.
write_checkpoint: Time (s): cpu = 00:01:17 ; elapsed = 00:01:14 . Memory (MB): peak = 12190.551 ; gain = 101.906
INFO: [Common 17-206] Exiting Vivado at Mon Oct 27 20:34:54 2025...
[Mon Oct 27 20:35:08 2025] impl_1 finished
wait_on_runs: Time (s): cpu = 00:00:46 ; elapsed = 01:25:50 . Memory (MB): peak = 730.836 ; gain = 0.000
# if {[string first "route_design Complete" [get_property STATUS [get_runs impl_1]]] == 0} {
#         puts "implementation was successful"
# } else {
#         puts "implementation was failed"
# }
implementation was successful
# open_run impl_1
INFO: [Device 21-403] Loading part xczu28dr-ffvg1517-2-e
Netlist sorting complete. Time (s): cpu = 00:00:03 ; elapsed = 00:00:07 . Memory (MB): peak = 2416.027 ; gain = 27.348
INFO: [Netlist 29-17] Analyzing 9812 Unisim elements for replacement
INFO: [Netlist 29-28] Unisim Transformation completed in 6 CPU seconds
INFO: [Project 1-479] Netlist was created with Vivado 2024.1
INFO: [Project 1-570] Preparing netlist for logic optimization
WARNING: [Constraints 18-550] Could not create 'IBUF_LOW_PWR' constraint because net 'design_1_i/clkgen/clk_in1' is not directly connected to top level port. 'IBUF_LOW_PWR' is ignored for synthesis but preserved for implementation.
WARNING: [Constraints 18-550] Could not create 'IBUF_LOW_PWR' constraint because net 'design_1_i/rfDCStreamClkGen/clk_in1' is not directly connected to top level port. 'IBUF_LOW_PWR' is ignored for synthesis but preserved for implementation.
Read ShapeDB Complete: Time (s): cpu = 00:00:01 ; elapsed = 00:00:03 . Memory (MB): peak = 3036.016 ; gain = 89.930
INFO: [Timing 38-478] Restoring timing data from binary archive.
INFO: [Timing 38-479] Binary timing data restore complete.
INFO: [Project 1-856] Restoring constraints from binary archive.
INFO: [Project 1-853] Binary constraint restore complete.
INFO: [Designutils 20-5722] Start Reading Physical Databases.
Reading placement.
Read Netlist Cache: Time (s): cpu = 00:00:00 ; elapsed = 00:00:00.655 . Memory (MB): peak = 4296.773 ; gain = 0.000
Reading placer database...
Read Device Cache: Time (s): cpu = 00:00:00 ; elapsed = 00:00:00.090 . Memory (MB): peak = 4296.773 ; gain = 0.000
Read PlaceDB: Time (s): cpu = 00:00:09 ; elapsed = 00:00:22 . Memory (MB): peak = 4487.691 ; gain = 190.918
Read PulsedLatchDB: Time (s): cpu = 00:00:00 ; elapsed = 00:00:00 . Memory (MB): peak = 4487.691 ; gain = 0.000
Reading routing.
Read RouteStorage: Time (s): cpu = 00:00:07 ; elapsed = 00:00:13 . Memory (MB): peak = 4978.500 ; gain = 490.809
Read Physdb Files: Time (s): cpu = 00:00:16 ; elapsed = 00:00:36 . Memory (MB): peak = 4978.500 ; gain = 681.727
Restored from archive | CPU: 16.000000 secs | Memory: 0.000000 MB |
Finished XDEF File Restore: Time (s): cpu = 00:00:16 ; elapsed = 00:00:36 . Memory (MB): peak = 4978.500 ; gain = 681.727
Netlist sorting complete. Time (s): cpu = 00:00:00 ; elapsed = 00:00:00.095 . Memory (MB): peak = 4978.500 ; gain = 0.000
INFO: [Project 1-111] Unisim Transformation Summary:
  A total of 1663 instances were transformed.
  BUFG => BUFGCE: 3 instances
  DSP48E2 => DSP48E2 (DSP_ALU, DSP_A_B_DATA, DSP_C_DATA, DSP_MULTIPLIER, DSP_M_DATA, DSP_OUTPUT, DSP_PREADD, DSP_PREADD_DATA): 794 instances
  RAM16X1D => RAM32X1D (RAMD32(x2)): 5 instances
  RAM32M => RAM32M (RAMD32(x6), RAMS32(x2)): 27 instances
  RAM32M16 => RAM32M16 (RAMD32(x14), RAMS32(x2)): 149 instances
  RAM32X1D => RAM32X1D (RAMD32(x2)): 3 instances
  SRLC32E => SRL16E: 682 instances

open_run: Time (s): cpu = 00:01:15 ; elapsed = 00:02:46 . Memory (MB): peak = 4978.500 ; gain = 4247.664
get_timing_paths: Time (s): cpu = 00:02:26 ; elapsed = 00:02:40 . Memory (MB): peak = 8967.465 ; gain = 3988.965
# set slackvalue [get_property SLACK [get_timing_paths]]
get_timing_paths: Time (s): cpu = 00:00:06 ; elapsed = 00:00:05 . Memory (MB): peak = 8967.465 ; gain = 0.000
# if [expr [get_property SLACK [get_timing_paths]] < 0] { 
#    puts " The worst slack is: $slackvalue ns "
#    puts " Timing failed! " 
# } else {
#     puts " No timing failures "
# }
 No timing failures 
# if {[catch {write_bitstream -force ${proj_name}}]} {
# 	puts "bitstream generation failed.\n"
# } else {
#    # write_hw_platform -fixed -force  -include_bit -file ${proj_name}.xsa
#     puts "------------------------------------"
#     puts "Bitstream generation completed!"
#     puts "------------------------------------"
# }
Command: write_bitstream -force soc_dvbs2_top-XilinxZynqUltraScale_RFSoCZCU111EvaluationKit
Attempting to get a license for feature 'Implementation' and/or device 'xczu28dr'
INFO: [Common 17-349] Got license for feature 'Implementation' and/or device 'xczu28dr'
INFO: [Common 17-1686] The version limit for your license is '2025.10' and will not allow you to run AMD software released after that date (year & month). A version limit expiration means that while you will be able to continue to use the current version of tools or IP with this license, you will not be able to use any updates or new releases.
Running DRC as a precondition to command write_bitstream
INFO: [IP_Flow 19-1839] IP Catalog is up to date.
INFO: [DRC 23-27] Running DRC with 2 threads
WARNING: [DRC DPIP-2] Input pipelining: DSP design_1_i/dvbs2_ip/U0/u_dvbs2_ip_dut_inst/u_dvbs2_ip_src_DVBS2/u_DVBS2_TxRx/u_DVB_S2_HDL_Receiver/u_Demod_Deinterleave_and_FECDecode/u_Symbol_Demodulaor/u_DVBS2_Symbol_Demodulator/u_symbapsk16ScDemodNet_inst/PipelineRegister10_reg_reg[0] input design_1_i/dvbs2_ip/U0/u_dvbs2_ip_dut_inst/u_dvbs2_ip_src_DVBS2/u_DVBS2_TxRx/u_DVB_S2_HDL_Receiver/u_Demod_Deinterleave_and_FECDecode/u_Symbol_Demodulaor/u_DVBS2_Symbol_Demodulator/u_symbapsk16ScDemodNet_inst/PipelineRegister10_reg_reg[0]/A[29:0] is not pipelined. Pipelining DSP48 input will improve performance.
WARNING: [DRC DPIP-2] Input pipelining: DSP design_1_i/dvbs2_ip/U0/u_dvbs2_ip_dut_inst/u_dvbs2_ip_src_DVBS2/u_DVBS2_TxRx/u_DVB_S2_HDL_Receiver/u_Demod_Deinterleave_and_FECDecode/u_Symbol_Demodulaor/u_DVBS2_Symbol_Demodulator/u_symbapsk16ScDemodNet_inst/PipelineRegister10_reg_reg[1] input design_1_i/dvbs2_ip/U0/u_dvbs2_ip_dut_inst/u_dvbs2_ip_src_DVBS2/u_DVBS2_TxRx/u_DVB_S2_HDL_Receiver/u_Demod_Deinterleave_and_FECDecode/u_Symbol_Demodulaor/u_DVBS2_Symbol_Demodulator/u_symbapsk16ScDemodNet_inst/PipelineRegister10_reg_reg[1]/A[29:0] is not pipelined. Pipelining DSP48 input will improve performance.
WARNING: [DRC DPIP-2] Input pipelining: DSP design_1_i/dvbs2_ip/U0/u_dvbs2_ip_dut_inst/u_dvbs2_ip_src_DVBS2/u_DVBS2_TxRx/u_DVB_S2_HDL_Receiver/u_Demod_Deinterleave_and_FECDecode/u_Symbol_Demodulaor/u_DVBS2_Symbol_Demodulator/u_symbapsk16ScDemodNet_inst/PipelineRegister11_reg_reg[0] input design_1_i/dvbs2_ip/U0/u_dvbs2_ip_dut_inst/u_dvbs2_ip_src_DVBS2/u_DVBS2_TxRx/u_DVB_S2_HDL_Receiver/u_Demod_Deinterleave_and_FECDecode/u_Symbol_Demodulaor/u_DVBS2_Symbol_Demodulator/u_symbapsk16ScDemodNet_inst/PipelineRegister11_reg_reg[0]/A[29:0] is not pipelined. Pipelining DSP48 input will improve performance.
WARNING: [DRC DPIP-2] Input pipelining: DSP design_1_i/dvbs2_ip/U0/u_dvbs2_ip_dut_inst/u_dvbs2_ip_src_DVBS2/u_DVBS2_TxRx/u_DVB_S2_HDL_Receiver/u_Demod_Deinterleave_and_FECDecode/u_Symbol_Demodulaor/u_DVBS2_Symbol_Demodulator/u_symbapsk16ScDemodNet_inst/PipelineRegister11_reg_reg[1] input design_1_i/dvbs2_ip/U0/u_dvbs2_ip_dut_inst/u_dvbs2_ip_src_DVBS2/u_DVBS2_TxRx/u_DVB_S2_HDL_Receiver/u_Demod_Deinterleave_and_FECDecode/u_Symbol_Demodulaor/u_DVBS2_Symbol_Demodulator/u_symbapsk16ScDemodNet_inst/PipelineRegister11_reg_reg[1]/A[29:0] is not pipelined. Pipelining DSP48 input will improve performance.
WARNING: [DRC DPIP-2] Input pipelining: DSP design_1_i/dvbs2_ip/U0/u_dvbs2_ip_dut_inst/u_dvbs2_ip_src_DVBS2/u_DVBS2_TxRx/u_DVB_S2_HDL_Receiver/u_Demod_Deinterleave_and_FECDecode/u_Symbol_Demodulaor/u_DVBS2_Symbol_Demodulator/u_symbapsk16ScDemodNet_inst/PipelineRegister4_reg_reg[0] input design_1_i/dvbs2_ip/U0/u_dvbs2_ip_dut_inst/u_dvbs2_ip_src_DVBS2/u_DVBS2_TxRx/u_DVB_S2_HDL_Receiver/u_Demod_Deinterleave_and_FECDecode/u_Symbol_Demodulaor/u_DVBS2_Symbol_Demodulator/u_symbapsk16ScDemodNet_inst/PipelineRegister4_reg_reg[0]/A[29:0] is not pipelined. Pipelining DSP48 input will improve performance.
WARNING: [DRC DPIP-2] Input pipelining: DSP design_1_i/dvbs2_ip/U0/u_dvbs2_ip_dut_inst/u_dvbs2_ip_src_DVBS2/u_DVBS2_TxRx/u_DVB_S2_HDL_Receiver/u_Demod_Deinterleave_and_FECDecode/u_Symbol_Demodulaor/u_DVBS2_Symbol_Demodulator/u_symbapsk16ScDemodNet_inst/PipelineRegister4_reg_reg[1] input design_1_i/dvbs2_ip/U0/u_dvbs2_ip_dut_inst/u_dvbs2_ip_src_DVBS2/u_DVBS2_TxRx/u_DVB_S2_HDL_Receiver/u_Demod_Deinterleave_and_FECDecode/u_Symbol_Demodulaor/u_DVBS2_Symbol_Demodulator/u_symbapsk16ScDemodNet_inst/PipelineRegister4_reg_reg[1]/A[29:0] is not pipelined. Pipelining DSP48 input will improve performance.
WARNING: [DRC DPIP-2] Input pipelining: DSP design_1_i/dvbs2_ip/U0/u_dvbs2_ip_dut_inst/u_dvbs2_ip_src_DVBS2/u_DVBS2_TxRx/u_DVB_S2_HDL_Receiver/u_Demod_Deinterleave_and_FECDecode/u_Symbol_Demodulaor/u_DVBS2_Symbol_Demodulator/u_symbapsk16ScDemodNet_inst/PipelineRegister5_reg_reg[0] input design_1_i/dvbs2_ip/U0/u_dvbs2_ip_dut_inst/u_dvbs2_ip_src_DVBS2/u_DVBS2_TxRx/u_DVB_S2_HDL_Receiver/u_Demod_Deinterleave_and_FECDecode/u_Symbol_Demodulaor/u_DVBS2_Symbol_Demodulator/u_symbapsk16ScDemodNet_inst/PipelineRegister5_reg_reg[0]/A[29:0] is not pipelined. Pipelining DSP48 input will improve performance.
WARNING: [DRC DPIP-2] Input pipelining: DSP design_1_i/dvbs2_ip/U0/u_dvbs2_ip_dut_inst/u_dvbs2_ip_src_DVBS2/u_DVBS2_TxRx/u_DVB_S2_HDL_Receiver/u_Demod_Deinterleave_and_FECDecode/u_Symbol_Demodulaor/u_DVBS2_Symbol_Demodulator/u_symbapsk16ScDemodNet_inst/PipelineRegister5_reg_reg[1] input design_1_i/dvbs2_ip/U0/u_dvbs2_ip_dut_inst/u_dvbs2_ip_src_DVBS2/u_DVBS2_TxRx/u_DVB_S2_HDL_Receiver/u_Demod_Deinterleave_and_FECDecode/u_Symbol_Demodulaor/u_DVBS2_Symbol_Demodulator/u_symbapsk16ScDemodNet_inst/PipelineRegister5_reg_reg[1]/A[29:0] is not pipelined. Pipelining DSP48 input will improve performance.
WARNING: [DRC DPIP-2] Input pipelining: DSP design_1_i/dvbs2_ip/U0/u_dvbs2_ip_dut_inst/u_dvbs2_ip_src_DVBS2/u_DVBS2_TxRx/u_DVB_S2_HDL_Receiver/u_Demod_Deinterleave_and_FECDecode/u_Symbol_Demodulaor/u_DVBS2_Symbol_Demodulator/u_symbapsk16ScDemodNet_inst/PipelineRegister6_reg_reg[0] input design_1_i/dvbs2_ip/U0/u_dvbs2_ip_dut_inst/u_dvbs2_ip_src_DVBS2/u_DVBS2_TxRx/u_DVB_S2_HDL_Receiver/u_Demod_Deinterleave_and_FECDecode/u_Symbol_Demodulaor/u_DVBS2_Symbol_Demodulator/u_symbapsk16ScDemodNet_inst/PipelineRegister6_reg_reg[0]/A[29:0] is not pipelined. Pipelining DSP48 input will improve performance.
WARNING: [DRC DPIP-2] Input pipelining: DSP design_1_i/dvbs2_ip/U0/u_dvbs2_ip_dut_inst/u_dvbs2_ip_src_DVBS2/u_DVBS2_TxRx/u_DVB_S2_HDL_Receiver/u_Demod_Deinterleave_and_FECDecode/u_Symbol_Demodulaor/u_DVBS2_Symbol_Demodulator/u_symbapsk16ScDemodNet_inst/PipelineRegister6_reg_reg[1] input design_1_i/dvbs2_ip/U0/u_dvbs2_ip_dut_inst/u_dvbs2_ip_src_DVBS2/u_DVBS2_TxRx/u_DVB_S2_HDL_Receiver/u_Demod_Deinterleave_and_FECDecode/u_Symbol_Demodulaor/u_DVBS2_Symbol_Demodulator/u_symbapsk16ScDemodNet_inst/PipelineRegister6_reg_reg[1]/B[17:0] is not pipelined. Pipelining DSP48 input will improve performance.
WARNING: [DRC DPIP-2] Input pipelining: DSP design_1_i/dvbs2_ip/U0/u_dvbs2_ip_dut_inst/u_dvbs2_ip_src_DVBS2/u_DVBS2_TxRx/u_DVB_S2_HDL_Receiver/u_Demod_Deinterleave_and_FECDecode/u_Symbol_Demodulaor/u_DVBS2_Symbol_Demodulator/u_symbapsk16ScDemodNet_inst/PipelineRegister7_reg_reg[0] input design_1_i/dvbs2_ip/U0/u_dvbs2_ip_dut_inst/u_dvbs2_ip_src_DVBS2/u_DVBS2_TxRx/u_DVB_S2_HDL_Receiver/u_Demod_Deinterleave_and_FECDecode/u_Symbol_Demodulaor/u_DVBS2_Symbol_Demodulator/u_symbapsk16ScDemodNet_inst/PipelineRegister7_reg_reg[0]/A[29:0] is not pipelined. Pipelining DSP48 input will improve performance.
WARNING: [DRC DPIP-2] Input pipelining: DSP design_1_i/dvbs2_ip/U0/u_dvbs2_ip_dut_inst/u_dvbs2_ip_src_DVBS2/u_DVBS2_TxRx/u_DVB_S2_HDL_Receiver/u_Demod_Deinterleave_and_FECDecode/u_Symbol_Demodulaor/u_DVBS2_Symbol_Demodulator/u_symbapsk16ScDemodNet_inst/PipelineRegister7_reg_reg[1] input design_1_i/dvbs2_ip/U0/u_dvbs2_ip_dut_inst/u_dvbs2_ip_src_DVBS2/u_DVBS2_TxRx/u_DVB_S2_HDL_Receiver/u_Demod_Deinterleave_and_FECDecode/u_Symbol_Demodulaor/u_DVBS2_Symbol_Demodulator/u_symbapsk16ScDemodNet_inst/PipelineRegister7_reg_reg[1]/A[29:0] is not pipelined. Pipelining DSP48 input will improve performance.
WARNING: [DRC DPIP-2] Input pipelining: DSP design_1_i/dvbs2_ip/U0/u_dvbs2_ip_dut_inst/u_dvbs2_ip_src_DVBS2/u_DVBS2_TxRx/u_DVB_S2_HDL_Receiver/u_Demod_Deinterleave_and_FECDecode/u_Symbol_Demodulaor/u_DVBS2_Symbol_Demodulator/u_symbapsk16ScDemodNet_inst/PipelineRegister8_reg_reg[0] input design_1_i/dvbs2_ip/U0/u_dvbs2_ip_dut_inst/u_dvbs2_ip_src_DVBS2/u_DVBS2_TxRx/u_DVB_S2_HDL_Receiver/u_Demod_Deinterleave_and_FECDecode/u_Symbol_Demodulaor/u_DVBS2_Symbol_Demodulator/u_symbapsk16ScDemodNet_inst/PipelineRegister8_reg_reg[0]/A[29:0] is not pipelined. Pipelining DSP48 input will improve performance.
WARNING: [DRC DPIP-2] Input pipelining: DSP design_1_i/dvbs2_ip/U0/u_dvbs2_ip_dut_inst/u_dvbs2_ip_src_DVBS2/u_DVBS2_TxRx/u_DVB_S2_HDL_Receiver/u_Demod_Deinterleave_and_FECDecode/u_Symbol_Demodulaor/u_DVBS2_Symbol_Demodulator/u_symbapsk16ScDemodNet_inst/PipelineRegister8_reg_reg[1] input design_1_i/dvbs2_ip/U0/u_dvbs2_ip_dut_inst/u_dvbs2_ip_src_DVBS2/u_DVBS2_TxRx/u_DVB_S2_HDL_Receiver/u_Demod_Deinterleave_and_FECDecode/u_Symbol_Demodulaor/u_DVBS2_Symbol_Demodulator/u_symbapsk16ScDemodNet_inst/PipelineRegister8_reg_reg[1]/A[29:0] is not pipelined. Pipelining DSP48 input will improve performance.
WARNING: [DRC DPIP-2] Input pipelining: DSP design_1_i/dvbs2_ip/U0/u_dvbs2_ip_dut_inst/u_dvbs2_ip_src_DVBS2/u_DVBS2_TxRx/u_DVB_S2_HDL_Receiver/u_Demod_Deinterleave_and_FECDecode/u_Symbol_Demodulaor/u_DVBS2_Symbol_Demodulator/u_symbapsk16ScDemodNet_inst/PipelineRegister9_reg_reg[0] input design_1_i/dvbs2_ip/U0/u_dvbs2_ip_dut_inst/u_dvbs2_ip_src_DVBS2/u_DVBS2_TxRx/u_DVB_S2_HDL_Receiver/u_Demod_Deinterleave_and_FECDecode/u_Symbol_Demodulaor/u_DVBS2_Symbol_Demodulator/u_symbapsk16ScDemodNet_inst/PipelineRegister9_reg_reg[0]/A[29:0] is not pipelined. Pipelining DSP48 input will improve performance.
WARNING: [DRC DPIP-2] Input pipelining: DSP design_1_i/dvbs2_ip/U0/u_dvbs2_ip_dut_inst/u_dvbs2_ip_src_DVBS2/u_DVBS2_TxRx/u_DVB_S2_HDL_Receiver/u_Demod_Deinterleave_and_FECDecode/u_Symbol_Demodulaor/u_DVBS2_Symbol_Demodulator/u_symbapsk16ScDemodNet_inst/PipelineRegister9_reg_reg[1] input design_1_i/dvbs2_ip/U0/u_dvbs2_ip_dut_inst/u_dvbs2_ip_src_DVBS2/u_DVBS2_TxRx/u_DVB_S2_HDL_Receiver/u_Demod_Deinterleave_and_FECDecode/u_Symbol_Demodulaor/u_DVBS2_Symbol_Demodulator/u_symbapsk16ScDemodNet_inst/PipelineRegister9_reg_reg[1]/A[29:0] is not pipelined. Pipelining DSP48 input will improve performance.
WARNING: [DRC DPOP-3] PREG Output pipelining: DSP design_1_i/dvbs2_ip/U0/u_dvbs2_ip_dut_inst/u_dvbs2_ip_src_DVBS2/u_DVBS2_TxRx/u_Channel/Product_mul_temp output design_1_i/dvbs2_ip/U0/u_dvbs2_ip_dut_inst/u_dvbs2_ip_src_DVBS2/u_DVBS2_TxRx/u_Channel/Product_mul_temp/P[47:0] is not pipelined (PREG=0). Pipelining the DSP48 output will improve performance and often saves power so it is suggested whenever possible to fully pipeline this function.  If this DSP48 function was inferred, it is suggested to describe an additional register stage after this function.  If the DSP48 was instantiated in the design, it is suggested to set the PREG attribute to 1.
WARNING: [DRC DPOP-3] PREG Output pipelining: DSP design_1_i/dvbs2_ip/U0/u_dvbs2_ip_dut_inst/u_dvbs2_ip_src_DVBS2/u_DVBS2_TxRx/u_Channel/Product_mul_temp_1 output design_1_i/dvbs2_ip/U0/u_dvbs2_ip_dut_inst/u_dvbs2_ip_src_DVBS2/u_DVBS2_TxRx/u_Channel/Product_mul_temp_1/P[47:0] is not pipelined (PREG=0). Pipelining the DSP48 output will improve performance and often saves power so it is suggested whenever possible to fully pipeline this function.  If this DSP48 function was inferred, it is suggested to describe an additional register stage after this function.  If the DSP48 was instantiated in the design, it is suggested to set the PREG attribute to 1.
WARNING: [DRC DPOP-3] PREG Output pipelining: DSP design_1_i/dvbs2_ip/U0/u_dvbs2_ip_dut_inst/u_dvbs2_ip_src_DVBS2/u_DVBS2_TxRx/u_Channel/Product_mul_temp_2 output design_1_i/dvbs2_ip/U0/u_dvbs2_ip_dut_inst/u_dvbs2_ip_src_DVBS2/u_DVBS2_TxRx/u_Channel/Product_mul_temp_2/P[47:0] is not pipelined (PREG=0). Pipelining the DSP48 output will improve performance and often saves power so it is suggested whenever possible to fully pipeline this function.  If this DSP48 function was inferred, it is suggested to describe an additional register stage after this function.  If the DSP48 was instantiated in the design, it is suggested to set the PREG attribute to 1.
WARNING: [DRC DPOP-3] PREG Output pipelining: DSP design_1_i/dvbs2_ip/U0/u_dvbs2_ip_dut_inst/u_dvbs2_ip_src_DVBS2/u_DVBS2_TxRx/u_Channel/Product_mul_temp_3 output design_1_i/dvbs2_ip/U0/u_dvbs2_ip_dut_inst/u_dvbs2_ip_src_DVBS2/u_DVBS2_TxRx/u_Channel/Product_mul_temp_3/P[47:0] is not pipelined (PREG=0). Pipelining the DSP48 output will improve performance and often saves power so it is suggested whenever possible to fully pipeline this function.  If this DSP48 function was inferred, it is suggested to describe an additional register stage after this function.  If the DSP48 was instantiated in the design, it is suggested to set the PREG attribute to 1.
WARNING: [DRC DPOP-3] PREG Output pipelining: DSP design_1_i/dvbs2_ip/U0/u_dvbs2_ip_dut_inst/u_dvbs2_ip_src_DVBS2/u_DVBS2_TxRx/u_DVB_S2_HDL_Receiver/u_Synchronizer_and_PL_Header_Decoder/u_PL_Header_Recovery/u_PL_Header_Decoder/u_pi_2_BPSK_Soft_Bit_Generator/Gain1_mul_temp output design_1_i/dvbs2_ip/U0/u_dvbs2_ip_dut_inst/u_dvbs2_ip_src_DVBS2/u_DVBS2_TxRx/u_DVB_S2_HDL_Receiver/u_Synchronizer_and_PL_Header_Decoder/u_PL_Header_Recovery/u_PL_Header_Decoder/u_pi_2_BPSK_Soft_Bit_Generator/Gain1_mul_temp/P[47:0] is not pipelined (PREG=0). Pipelining the DSP48 output will improve performance and often saves power so it is suggested whenever possible to fully pipeline this function.  If this DSP48 function was inferred, it is suggested to describe an additional register stage after this function.  If the DSP48 was instantiated in the design, it is suggested to set the PREG attribute to 1.
WARNING: [DRC DPOP-3] PREG Output pipelining: DSP design_1_i/dvbs2_ip/U0/u_dvbs2_ip_dut_inst/u_dvbs2_ip_src_DVBS2/u_DVBS2_TxRx/u_DVB_S2_HDL_Receiver/u_Synchronizer_and_PL_Header_Decoder/u_PL_Header_Recovery/u_PL_Header_Decoder/u_pi_2_BPSK_Soft_Bit_Generator/Gain_mul_temp output design_1_i/dvbs2_ip/U0/u_dvbs2_ip_dut_inst/u_dvbs2_ip_src_DVBS2/u_DVBS2_TxRx/u_DVB_S2_HDL_Receiver/u_Synchronizer_and_PL_Header_Decoder/u_PL_Header_Recovery/u_PL_Header_Decoder/u_pi_2_BPSK_Soft_Bit_Generator/Gain_mul_temp/P[47:0] is not pipelined (PREG=0). Pipelining the DSP48 output will improve performance and often saves power so it is suggested whenever possible to fully pipeline this function.  If this DSP48 function was inferred, it is suggested to describe an additional register stage after this function.  If the DSP48 was instantiated in the design, it is suggested to set the PREG attribute to 1.
WARNING: [DRC DPOP-3] PREG Output pipelining: DSP design_1_i/dvbs2_ip/U0/u_dvbs2_ip_dut_inst/u_dvbs2_ip_src_DVBS2/u_DVBS2_TxRx/u_DVB_S2_HDL_Receiver/u_Synchronizer_and_PL_Header_Decoder/u_PL_Header_Recovery/u_PL_Header_Decoder/u_pi_2_BPSK_Soft_Bit_Generator/Gain_mul_temp_1 output design_1_i/dvbs2_ip/U0/u_dvbs2_ip_dut_inst/u_dvbs2_ip_src_DVBS2/u_DVBS2_TxRx/u_DVB_S2_HDL_Receiver/u_Synchronizer_and_PL_Header_Decoder/u_PL_Header_Recovery/u_PL_Header_Decoder/u_pi_2_BPSK_Soft_Bit_Generator/Gain_mul_temp_1/P[47:0] is not pipelined (PREG=0). Pipelining the DSP48 output will improve performance and often saves power so it is suggested whenever possible to fully pipeline this function.  If this DSP48 function was inferred, it is suggested to describe an additional register stage after this function.  If the DSP48 was instantiated in the design, it is suggested to set the PREG attribute to 1.
WARNING: [DRC DPOP-3] PREG Output pipelining: DSP design_1_i/dvbs2_ip/U0/u_dvbs2_ip_dut_inst/u_dvbs2_ip_src_DVBS2/u_DVBS2_TxRx/u_DVB_S2_HDL_Receiver/u_Synchronizer_and_PL_Header_Decoder/u_Time_Frequency_and_Coarse_Phase_Synchronizer/u_Coarse_Phase_Synchronizer/u_Coarse_Phase_Corrector/Product2_mul_temp output design_1_i/dvbs2_ip/U0/u_dvbs2_ip_dut_inst/u_dvbs2_ip_src_DVBS2/u_DVBS2_TxRx/u_DVB_S2_HDL_Receiver/u_Synchronizer_and_PL_Header_Decoder/u_Time_Frequency_and_Coarse_Phase_Synchronizer/u_Coarse_Phase_Synchronizer/u_Coarse_Phase_Corrector/Product2_mul_temp/P[47:0] is not pipelined (PREG=0). Pipelining the DSP48 output will improve performance and often saves power so it is suggested whenever possible to fully pipeline this function.  If this DSP48 function was inferred, it is suggested to describe an additional register stage after this function.  If the DSP48 was instantiated in the design, it is suggested to set the PREG attribute to 1.
WARNING: [DRC DPOP-3] PREG Output pipelining: DSP design_1_i/dvbs2_ip/U0/u_dvbs2_ip_dut_inst/u_dvbs2_ip_src_DVBS2/u_DVBS2_TxRx/u_DVB_S2_HDL_Receiver/u_Synchronizer_and_PL_Header_Decoder/u_Time_Frequency_and_Coarse_Phase_Synchronizer/u_Coarse_Phase_Synchronizer/u_Coarse_Phase_Corrector/Product2_mul_temp_1 output design_1_i/dvbs2_ip/U0/u_dvbs2_ip_dut_inst/u_dvbs2_ip_src_DVBS2/u_DVBS2_TxRx/u_DVB_S2_HDL_Receiver/u_Synchronizer_and_PL_Header_Decoder/u_Time_Frequency_and_Coarse_Phase_Synchronizer/u_Coarse_Phase_Synchronizer/u_Coarse_Phase_Corrector/Product2_mul_temp_1/P[47:0] is not pipelined (PREG=0). Pipelining the DSP48 output will improve performance and often saves power so it is suggested whenever possible to fully pipeline this function.  If this DSP48 function was inferred, it is suggested to describe an additional register stage after this function.  If the DSP48 was instantiated in the design, it is suggested to set the PREG attribute to 1.
WARNING: [DRC DPOP-3] PREG Output pipelining: DSP design_1_i/dvbs2_ip/U0/u_dvbs2_ip_dut_inst/u_dvbs2_ip_src_DVBS2/u_DVBS2_TxRx/u_DVB_S2_HDL_Receiver/u_Synchronizer_and_PL_Header_Decoder/u_Time_Frequency_and_Coarse_Phase_Synchronizer/u_Coarse_Phase_Synchronizer/u_Coarse_Phase_Corrector/Product2_mul_temp_2 output design_1_i/dvbs2_ip/U0/u_dvbs2_ip_dut_inst/u_dvbs2_ip_src_DVBS2/u_DVBS2_TxRx/u_DVB_S2_HDL_Receiver/u_Synchronizer_and_PL_Header_Decoder/u_Time_Frequency_and_Coarse_Phase_Synchronizer/u_Coarse_Phase_Synchronizer/u_Coarse_Phase_Corrector/Product2_mul_temp_2/P[47:0] is not pipelined (PREG=0). Pipelining the DSP48 output will improve performance and often saves power so it is suggested whenever possible to fully pipeline this function.  If this DSP48 function was inferred, it is suggested to describe an additional register stage after this function.  If the DSP48 was instantiated in the design, it is suggested to set the PREG attribute to 1.
WARNING: [DRC DPOP-3] PREG Output pipelining: DSP design_1_i/dvbs2_ip/U0/u_dvbs2_ip_dut_inst/u_dvbs2_ip_src_DVBS2/u_DVBS2_TxRx/u_DVB_S2_HDL_Receiver/u_Synchronizer_and_PL_Header_Decoder/u_Time_Frequency_and_Coarse_Phase_Synchronizer/u_Coarse_Phase_Synchronizer/u_Coarse_Phase_Corrector/Product2_mul_temp_3 output design_1_i/dvbs2_ip/U0/u_dvbs2_ip_dut_inst/u_dvbs2_ip_src_DVBS2/u_DVBS2_TxRx/u_DVB_S2_HDL_Receiver/u_Synchronizer_and_PL_Header_Decoder/u_Time_Frequency_and_Coarse_Phase_Synchronizer/u_Coarse_Phase_Synchronizer/u_Coarse_Phase_Corrector/Product2_mul_temp_3/P[47:0] is not pipelined (PREG=0). Pipelining the DSP48 output will improve performance and often saves power so it is suggested whenever possible to fully pipeline this function.  If this DSP48 function was inferred, it is suggested to describe an additional register stage after this function.  If the DSP48 was instantiated in the design, it is suggested to set the PREG attribute to 1.
WARNING: [DRC DPOP-3] PREG Output pipelining: DSP design_1_i/dvbs2_ip/U0/u_dvbs2_ip_dut_inst/u_dvbs2_ip_src_DVBS2/u_DVBS2_TxRx/u_DVB_S2_HDL_Receiver/u_Synchronizer_and_PL_Header_Decoder/u_Time_Frequency_and_Coarse_Phase_Synchronizer/u_Coarse_Phase_Synchronizer/u_Coarse_Phase_Estimator/Gain_mul_temp output design_1_i/dvbs2_ip/U0/u_dvbs2_ip_dut_inst/u_dvbs2_ip_src_DVBS2/u_DVBS2_TxRx/u_DVB_S2_HDL_Receiver/u_Synchronizer_and_PL_Header_Decoder/u_Time_Frequency_and_Coarse_Phase_Synchronizer/u_Coarse_Phase_Synchronizer/u_Coarse_Phase_Estimator/Gain_mul_temp/P[47:0] is not pipelined (PREG=0). Pipelining the DSP48 output will improve performance and often saves power so it is suggested whenever possible to fully pipeline this function.  If this DSP48 function was inferred, it is suggested to describe an additional register stage after this function.  If the DSP48 was instantiated in the design, it is suggested to set the PREG attribute to 1.
WARNING: [DRC DPOP-3] PREG Output pipelining: DSP design_1_i/dvbs2_ip/U0/u_dvbs2_ip_dut_inst/u_dvbs2_ip_src_DVBS2/u_DVBS2_TxRx/u_DVB_S2_HDL_Receiver/u_Synchronizer_and_PL_Header_Decoder/u_Time_Frequency_and_Coarse_Phase_Synchronizer/u_Coarse_Phase_Synchronizer/u_Coarse_Phase_Estimator/Gain_mul_temp_1 output design_1_i/dvbs2_ip/U0/u_dvbs2_ip_dut_inst/u_dvbs2_ip_src_DVBS2/u_DVBS2_TxRx/u_DVB_S2_HDL_Receiver/u_Synchronizer_and_PL_Header_Decoder/u_Time_Frequency_and_Coarse_Phase_Synchronizer/u_Coarse_Phase_Synchronizer/u_Coarse_Phase_Estimator/Gain_mul_temp_1/P[47:0] is not pipelined (PREG=0). Pipelining the DSP48 output will improve performance and often saves power so it is suggested whenever possible to fully pipeline this function.  If this DSP48 function was inferred, it is suggested to describe an additional register stage after this function.  If the DSP48 was instantiated in the design, it is suggested to set the PREG attribute to 1.
WARNING: [DRC DPOP-3] PREG Output pipelining: DSP design_1_i/dvbs2_ip/U0/u_dvbs2_ip_dut_inst/u_dvbs2_ip_src_DVBS2/u_DVBS2_TxRx/u_DVB_S2_HDL_Receiver/u_Synchronizer_and_PL_Header_Decoder/u_Time_Frequency_and_Coarse_Phase_Synchronizer/u_Coarse_Phase_Synchronizer/u_Coarse_Phase_Estimator/Gain_mul_temp_2 output design_1_i/dvbs2_ip/U0/u_dvbs2_ip_dut_inst/u_dvbs2_ip_src_DVBS2/u_DVBS2_TxRx/u_DVB_S2_HDL_Receiver/u_Synchronizer_and_PL_Header_Decoder/u_Time_Frequency_and_Coarse_Phase_Synchronizer/u_Coarse_Phase_Synchronizer/u_Coarse_Phase_Estimator/Gain_mul_temp_2/P[47:0] is not pipelined (PREG=0). Pipelining the DSP48 output will improve performance and often saves power so it is suggested whenever possible to fully pipeline this function.  If this DSP48 function was inferred, it is suggested to describe an additional register stage after this function.  If the DSP48 was instantiated in the design, it is suggested to set the PREG attribute to 1.
WARNING: [DRC DPOP-3] PREG Output pipelining: DSP design_1_i/dvbs2_ip/U0/u_dvbs2_ip_dut_inst/u_dvbs2_ip_src_DVBS2/u_DVBS2_TxRx/u_DVB_S2_HDL_Receiver/u_Synchronizer_and_PL_Header_Decoder/u_Time_Frequency_and_Coarse_Phase_Synchronizer/u_Coarse_Phase_Synchronizer/u_Coarse_Phase_Estimator/Gain_mul_temp_3 output design_1_i/dvbs2_ip/U0/u_dvbs2_ip_dut_inst/u_dvbs2_ip_src_DVBS2/u_DVBS2_TxRx/u_DVB_S2_HDL_Receiver/u_Synchronizer_and_PL_Header_Decoder/u_Time_Frequency_and_Coarse_Phase_Synchronizer/u_Coarse_Phase_Synchronizer/u_Coarse_Phase_Estimator/Gain_mul_temp_3/P[47:0] is not pipelined (PREG=0). Pipelining the DSP48 output will improve performance and often saves power so it is suggested whenever possible to fully pipeline this function.  If this DSP48 function was inferred, it is suggested to describe an additional register stage after this function.  If the DSP48 was instantiated in the design, it is suggested to set the PREG attribute to 1.
WARNING: [DRC DPOP-3] PREG Output pipelining: DSP design_1_i/dvbs2_ip/U0/u_dvbs2_ip_dut_inst/u_dvbs2_ip_src_DVBS2/u_DVBS2_TxRx/u_DVB_S2_HDL_Receiver/u_Synchronizer_and_PL_Header_Decoder/u_Time_Frequency_and_Coarse_Phase_Synchronizer/u_Fine_Frequency_Synchronizer/Gain_mul_temp output design_1_i/dvbs2_ip/U0/u_dvbs2_ip_dut_inst/u_dvbs2_ip_src_DVBS2/u_DVBS2_TxRx/u_DVB_S2_HDL_Receiver/u_Synchronizer_and_PL_Header_Decoder/u_Time_Frequency_and_Coarse_Phase_Synchronizer/u_Fine_Frequency_Synchronizer/Gain_mul_temp/P[47:0] is not pipelined (PREG=0). Pipelining the DSP48 output will improve performance and often saves power so it is suggested whenever possible to fully pipeline this function.  If this DSP48 function was inferred, it is suggested to describe an additional register stage after this function.  If the DSP48 was instantiated in the design, it is suggested to set the PREG attribute to 1.
WARNING: [DRC DPOP-3] PREG Output pipelining: DSP design_1_i/dvbs2_ip/U0/u_dvbs2_ip_dut_inst/u_dvbs2_ip_src_DVBS2/u_DVBS2_TxRx/u_DVB_S2_HDL_Receiver/u_Synchronizer_and_PL_Header_Decoder/u_Time_Frequency_and_Coarse_Phase_Synchronizer/u_Fine_Frequency_Synchronizer/Gain_mul_temp_1 output design_1_i/dvbs2_ip/U0/u_dvbs2_ip_dut_inst/u_dvbs2_ip_src_DVBS2/u_DVBS2_TxRx/u_DVB_S2_HDL_Receiver/u_Synchronizer_and_PL_Header_Decoder/u_Time_Frequency_and_Coarse_Phase_Synchronizer/u_Fine_Frequency_Synchronizer/Gain_mul_temp_1/P[47:0] is not pipelined (PREG=0). Pipelining the DSP48 output will improve performance and often saves power so it is suggested whenever possible to fully pipeline this function.  If this DSP48 function was inferred, it is suggested to describe an additional register stage after this function.  If the DSP48 was instantiated in the design, it is suggested to set the PREG attribute to 1.
WARNING: [DRC DPOP-3] PREG Output pipelining: DSP design_1_i/dvbs2_ip/U0/u_dvbs2_ip_dut_inst/u_dvbs2_ip_src_DVBS2/u_DVBS2_TxRx/u_DVB_S2_HDL_Receiver/u_Synchronizer_and_PL_Header_Decoder/u_Time_Frequency_and_Coarse_Phase_Synchronizer/u_Fine_Frequency_Synchronizer/Gain_mul_temp_2 output design_1_i/dvbs2_ip/U0/u_dvbs2_ip_dut_inst/u_dvbs2_ip_src_DVBS2/u_DVBS2_TxRx/u_DVB_S2_HDL_Receiver/u_Synchronizer_and_PL_Header_Decoder/u_Time_Frequency_and_Coarse_Phase_Synchronizer/u_Fine_Frequency_Synchronizer/Gain_mul_temp_2/P[47:0] is not pipelined (PREG=0). Pipelining the DSP48 output will improve performance and often saves power so it is suggested whenever possible to fully pipeline this function.  If this DSP48 function was inferred, it is suggested to describe an additional register stage after this function.  If the DSP48 was instantiated in the design, it is suggested to set the PREG attribute to 1.
WARNING: [DRC DPOP-3] PREG Output pipelining: DSP design_1_i/dvbs2_ip/U0/u_dvbs2_ip_dut_inst/u_dvbs2_ip_src_DVBS2/u_DVBS2_TxRx/u_DVB_S2_HDL_Receiver/u_Synchronizer_and_PL_Header_Decoder/u_Time_Frequency_and_Coarse_Phase_Synchronizer/u_Fine_Frequency_Synchronizer/Gain_mul_temp_3 output design_1_i/dvbs2_ip/U0/u_dvbs2_ip_dut_inst/u_dvbs2_ip_src_DVBS2/u_DVBS2_TxRx/u_DVB_S2_HDL_Receiver/u_Synchronizer_and_PL_Header_Decoder/u_Time_Frequency_and_Coarse_Phase_Synchronizer/u_Fine_Frequency_Synchronizer/Gain_mul_temp_3/P[47:0] is not pipelined (PREG=0). Pipelining the DSP48 output will improve performance and often saves power so it is suggested whenever possible to fully pipeline this function.  If this DSP48 function was inferred, it is suggested to describe an additional register stage after this function.  If the DSP48 was instantiated in the design, it is suggested to set the PREG attribute to 1.
WARNING: [DRC DPOP-3] PREG Output pipelining: DSP design_1_i/dvbs2_ip/U0/u_dvbs2_ip_dut_inst/u_dvbs2_ip_src_DVBS2/u_DVBS2_TxRx/u_DVB_S2_HDL_Receiver/u_Synchronizer_and_PL_Header_Decoder/u_Time_Frequency_and_Coarse_Phase_Synchronizer/u_Fine_Frequency_Synchronizer/Product_mul_temp output design_1_i/dvbs2_ip/U0/u_dvbs2_ip_dut_inst/u_dvbs2_ip_src_DVBS2/u_DVBS2_TxRx/u_DVB_S2_HDL_Receiver/u_Synchronizer_and_PL_Header_Decoder/u_Time_Frequency_and_Coarse_Phase_Synchronizer/u_Fine_Frequency_Synchronizer/Product_mul_temp/P[47:0] is not pipelined (PREG=0). Pipelining the DSP48 output will improve performance and often saves power so it is suggested whenever possible to fully pipeline this function.  If this DSP48 function was inferred, it is suggested to describe an additional register stage after this function.  If the DSP48 was instantiated in the design, it is suggested to set the PREG attribute to 1.
WARNING: [DRC DPOP-3] PREG Output pipelining: DSP design_1_i/dvbs2_ip/U0/u_dvbs2_ip_dut_inst/u_dvbs2_ip_src_DVBS2/u_DVBS2_TxRx/u_DVB_S2_HDL_Receiver/u_Synchronizer_and_PL_Header_Decoder/u_Time_Frequency_and_Coarse_Phase_Synchronizer/u_Fine_Frequency_Synchronizer/Product_mul_temp_1 output design_1_i/dvbs2_ip/U0/u_dvbs2_ip_dut_inst/u_dvbs2_ip_src_DVBS2/u_DVBS2_TxRx/u_DVB_S2_HDL_Receiver/u_Synchronizer_and_PL_Header_Decoder/u_Time_Frequency_and_Coarse_Phase_Synchronizer/u_Fine_Frequency_Synchronizer/Product_mul_temp_1/P[47:0] is not pipelined (PREG=0). Pipelining the DSP48 output will improve performance and often saves power so it is suggested whenever possible to fully pipeline this function.  If this DSP48 function was inferred, it is suggested to describe an additional register stage after this function.  If the DSP48 was instantiated in the design, it is suggested to set the PREG attribute to 1.
WARNING: [DRC DPOP-3] PREG Output pipelining: DSP design_1_i/dvbs2_ip/U0/u_dvbs2_ip_dut_inst/u_dvbs2_ip_src_DVBS2/u_DVBS2_TxRx/u_DVB_S2_HDL_Receiver/u_Synchronizer_and_PL_Header_Decoder/u_Time_Frequency_and_Coarse_Phase_Synchronizer/u_Fine_Frequency_Synchronizer/Product_mul_temp_2 output design_1_i/dvbs2_ip/U0/u_dvbs2_ip_dut_inst/u_dvbs2_ip_src_DVBS2/u_DVBS2_TxRx/u_DVB_S2_HDL_Receiver/u_Synchronizer_and_PL_Header_Decoder/u_Time_Frequency_and_Coarse_Phase_Synchronizer/u_Fine_Frequency_Synchronizer/Product_mul_temp_2/P[47:0] is not pipelined (PREG=0). Pipelining the DSP48 output will improve performance and often saves power so it is suggested whenever possible to fully pipeline this function.  If this DSP48 function was inferred, it is suggested to describe an additional register stage after this function.  If the DSP48 was instantiated in the design, it is suggested to set the PREG attribute to 1.
WARNING: [DRC DPOP-3] PREG Output pipelining: DSP design_1_i/dvbs2_ip/U0/u_dvbs2_ip_dut_inst/u_dvbs2_ip_src_DVBS2/u_DVBS2_TxRx/u_DVB_S2_HDL_Receiver/u_Synchronizer_and_PL_Header_Decoder/u_Time_Frequency_and_Coarse_Phase_Synchronizer/u_Fine_Frequency_Synchronizer/Product_mul_temp_3 output design_1_i/dvbs2_ip/U0/u_dvbs2_ip_dut_inst/u_dvbs2_ip_src_DVBS2/u_DVBS2_TxRx/u_DVB_S2_HDL_Receiver/u_Synchronizer_and_PL_Header_Decoder/u_Time_Frequency_and_Coarse_Phase_Synchronizer/u_Fine_Frequency_Synchronizer/Product_mul_temp_3/P[47:0] is not pipelined (PREG=0). Pipelining the DSP48 output will improve performance and often saves power so it is suggested whenever possible to fully pipeline this function.  If this DSP48 function was inferred, it is suggested to describe an additional register stage after this function.  If the DSP48 was instantiated in the design, it is suggested to set the PREG attribute to 1.
WARNING: [DRC DPOP-3] PREG Output pipelining: DSP design_1_i/dvbs2_ip/U0/u_dvbs2_ip_dut_inst/u_dvbs2_ip_src_DVBS2/u_DVBS2_TxRx/u_DVB_S2_HDL_Receiver/u_Synchronizer_and_PL_Header_Decoder/u_Time_Frequency_and_Coarse_Phase_Synchronizer/u_Fine_Gain_Control/Gain2_mul_temp output design_1_i/dvbs2_ip/U0/u_dvbs2_ip_dut_inst/u_dvbs2_ip_src_DVBS2/u_DVBS2_TxRx/u_DVB_S2_HDL_Receiver/u_Synchronizer_and_PL_Header_Decoder/u_Time_Frequency_and_Coarse_Phase_Synchronizer/u_Fine_Gain_Control/Gain2_mul_temp/P[47:0] is not pipelined (PREG=0). Pipelining the DSP48 output will improve performance and often saves power so it is suggested whenever possible to fully pipeline this function.  If this DSP48 function was inferred, it is suggested to describe an additional register stage after this function.  If the DSP48 was instantiated in the design, it is suggested to set the PREG attribute to 1.
WARNING: [DRC DPOP-3] PREG Output pipelining: DSP design_1_i/dvbs2_ip/U0/u_dvbs2_ip_dut_inst/u_dvbs2_ip_src_DVBS2/u_DVBS2_TxRx/u_DVB_S2_HDL_Receiver/u_Synchronizer_and_PL_Header_Decoder/u_Time_Frequency_and_Coarse_Phase_Synchronizer/u_Fine_Gain_Control/Gain2_mul_temp_1 output design_1_i/dvbs2_ip/U0/u_dvbs2_ip_dut_inst/u_dvbs2_ip_src_DVBS2/u_DVBS2_TxRx/u_DVB_S2_HDL_Receiver/u_Synchronizer_and_PL_Header_Decoder/u_Time_Frequency_and_Coarse_Phase_Synchronizer/u_Fine_Gain_Control/Gain2_mul_temp_1/P[47:0] is not pipelined (PREG=0). Pipelining the DSP48 output will improve performance and often saves power so it is suggested whenever possible to fully pipeline this function.  If this DSP48 function was inferred, it is suggested to describe an additional register stage after this function.  If the DSP48 was instantiated in the design, it is suggested to set the PREG attribute to 1.
WARNING: [DRC DPOP-3] PREG Output pipelining: DSP design_1_i/dvbs2_ip/U0/u_dvbs2_ip_dut_inst/u_dvbs2_ip_src_DVBS2/u_DVBS2_TxRx/u_DVB_S2_HDL_Receiver/u_Synchronizer_and_PL_Header_Decoder/u_Time_Frequency_and_Coarse_Phase_Synchronizer/u_Time_and_Coarse_Frequency_Synchronizer/Product_mul_temp output design_1_i/dvbs2_ip/U0/u_dvbs2_ip_dut_inst/u_dvbs2_ip_src_DVBS2/u_DVBS2_TxRx/u_DVB_S2_HDL_Receiver/u_Synchronizer_and_PL_Header_Decoder/u_Time_Frequency_and_Coarse_Phase_Synchronizer/u_Time_and_Coarse_Frequency_Synchronizer/Product_mul_temp/P[47:0] is not pipelined (PREG=0). Pipelining the DSP48 output will improve performance and often saves power so it is suggested whenever possible to fully pipeline this function.  If this DSP48 function was inferred, it is suggested to describe an additional register stage after this function.  If the DSP48 was instantiated in the design, it is suggested to set the PREG attribute to 1.
WARNING: [DRC DPOP-3] PREG Output pipelining: DSP design_1_i/dvbs2_ip/U0/u_dvbs2_ip_dut_inst/u_dvbs2_ip_src_DVBS2/u_DVBS2_TxRx/u_DVB_S2_HDL_Receiver/u_Synchronizer_and_PL_Header_Decoder/u_Time_Frequency_and_Coarse_Phase_Synchronizer/u_Time_and_Coarse_Frequency_Synchronizer/Product_mul_temp_1 output design_1_i/dvbs2_ip/U0/u_dvbs2_ip_dut_inst/u_dvbs2_ip_src_DVBS2/u_DVBS2_TxRx/u_DVB_S2_HDL_Receiver/u_Synchronizer_and_PL_Header_Decoder/u_Time_Frequency_and_Coarse_Phase_Synchronizer/u_Time_and_Coarse_Frequency_Synchronizer/Product_mul_temp_1/P[47:0] is not pipelined (PREG=0). Pipelining the DSP48 output will improve performance and often saves power so it is suggested whenever possible to fully pipeline this function.  If this DSP48 function was inferred, it is suggested to describe an additional register stage after this function.  If the DSP48 was instantiated in the design, it is suggested to set the PREG attribute to 1.
WARNING: [DRC DPOP-3] PREG Output pipelining: DSP design_1_i/dvbs2_ip/U0/u_dvbs2_ip_dut_inst/u_dvbs2_ip_src_DVBS2/u_DVBS2_TxRx/u_DVB_S2_HDL_Receiver/u_Synchronizer_and_PL_Header_Decoder/u_Time_Frequency_and_Coarse_Phase_Synchronizer/u_Time_and_Coarse_Frequency_Synchronizer/Product_mul_temp_2 output design_1_i/dvbs2_ip/U0/u_dvbs2_ip_dut_inst/u_dvbs2_ip_src_DVBS2/u_DVBS2_TxRx/u_DVB_S2_HDL_Receiver/u_Synchronizer_and_PL_Header_Decoder/u_Time_Frequency_and_Coarse_Phase_Synchronizer/u_Time_and_Coarse_Frequency_Synchronizer/Product_mul_temp_2/P[47:0] is not pipelined (PREG=0). Pipelining the DSP48 output will improve performance and often saves power so it is suggested whenever possible to fully pipeline this function.  If this DSP48 function was inferred, it is suggested to describe an additional register stage after this function.  If the DSP48 was instantiated in the design, it is suggested to set the PREG attribute to 1.
WARNING: [DRC DPOP-3] PREG Output pipelining: DSP design_1_i/dvbs2_ip/U0/u_dvbs2_ip_dut_inst/u_dvbs2_ip_src_DVBS2/u_DVBS2_TxRx/u_DVB_S2_HDL_Receiver/u_Synchronizer_and_PL_Header_Decoder/u_Time_Frequency_and_Coarse_Phase_Synchronizer/u_Time_and_Coarse_Frequency_Synchronizer/Product_mul_temp_3 output design_1_i/dvbs2_ip/U0/u_dvbs2_ip_dut_inst/u_dvbs2_ip_src_DVBS2/u_DVBS2_TxRx/u_DVB_S2_HDL_Receiver/u_Synchronizer_and_PL_Header_Decoder/u_Time_Frequency_and_Coarse_Phase_Synchronizer/u_Time_and_Coarse_Frequency_Synchronizer/Product_mul_temp_3/P[47:0] is not pipelined (PREG=0). Pipelining the DSP48 output will improve performance and often saves power so it is suggested whenever possible to fully pipeline this function.  If this DSP48 function was inferred, it is suggested to describe an additional register stage after this function.  If the DSP48 was instantiated in the design, it is suggested to set the PREG attribute to 1.
WARNING: [DRC DPOP-3] PREG Output pipelining: DSP design_1_i/dvbs2_ip/U0/u_dvbs2_ip_dut_inst/u_dvbs2_ip_src_DVBS2/u_DVBS2_TxRx/u_DVB_S2_HDL_Receiver/u_Synchronizer_and_PL_Header_Decoder/u_Time_Frequency_and_Coarse_Phase_Synchronizer/u_Time_and_Coarse_Frequency_Synchronizer/u_Frame_Synchronizer/u_Correlator/Product1_mul_temp output design_1_i/dvbs2_ip/U0/u_dvbs2_ip_dut_inst/u_dvbs2_ip_src_DVBS2/u_DVBS2_TxRx/u_DVB_S2_HDL_Receiver/u_Synchronizer_and_PL_Header_Decoder/u_Time_Frequency_and_Coarse_Phase_Synchronizer/u_Time_and_Coarse_Frequency_Synchronizer/u_Frame_Synchronizer/u_Correlator/Product1_mul_temp/P[47:0] is not pipelined (PREG=0). Pipelining the DSP48 output will improve performance and often saves power so it is suggested whenever possible to fully pipeline this function.  If this DSP48 function was inferred, it is suggested to describe an additional register stage after this function.  If the DSP48 was instantiated in the design, it is suggested to set the PREG attribute to 1.
WARNING: [DRC DPOP-3] PREG Output pipelining: DSP design_1_i/dvbs2_ip/U0/u_dvbs2_ip_dut_inst/u_dvbs2_ip_src_DVBS2/u_DVBS2_TxRx/u_DVB_S2_HDL_Receiver/u_Synchronizer_and_PL_Header_Decoder/u_Time_Frequency_and_Coarse_Phase_Synchronizer/u_Time_and_Coarse_Frequency_Synchronizer/u_Frame_Synchronizer/u_Correlator/Product1_mul_temp_1 output design_1_i/dvbs2_ip/U0/u_dvbs2_ip_dut_inst/u_dvbs2_ip_src_DVBS2/u_DVBS2_TxRx/u_DVB_S2_HDL_Receiver/u_Synchronizer_and_PL_Header_Decoder/u_Time_Frequency_and_Coarse_Phase_Synchronizer/u_Time_and_Coarse_Frequency_Synchronizer/u_Frame_Synchronizer/u_Correlator/Product1_mul_temp_1/P[47:0] is not pipelined (PREG=0). Pipelining the DSP48 output will improve performance and often saves power so it is suggested whenever possible to fully pipeline this function.  If this DSP48 function was inferred, it is suggested to describe an additional register stage after this function.  If the DSP48 was instantiated in the design, it is suggested to set the PREG attribute to 1.
WARNING: [DRC DPOP-3] PREG Output pipelining: DSP design_1_i/dvbs2_ip/U0/u_dvbs2_ip_dut_inst/u_dvbs2_ip_src_DVBS2/u_DVBS2_TxRx/u_DVB_S2_HDL_Receiver/u_Synchronizer_and_PL_Header_Decoder/u_Time_Frequency_and_Coarse_Phase_Synchronizer/u_Time_and_Coarse_Frequency_Synchronizer/u_Frame_Synchronizer/u_Correlator/Product_mul_temp output design_1_i/dvbs2_ip/U0/u_dvbs2_ip_dut_inst/u_dvbs2_ip_src_DVBS2/u_DVBS2_TxRx/u_DVB_S2_HDL_Receiver/u_Synchronizer_and_PL_Header_Decoder/u_Time_Frequency_and_Coarse_Phase_Synchronizer/u_Time_and_Coarse_Frequency_Synchronizer/u_Frame_Synchronizer/u_Correlator/Product_mul_temp/P[47:0] is not pipelined (PREG=0). Pipelining the DSP48 output will improve performance and often saves power so it is suggested whenever possible to fully pipeline this function.  If this DSP48 function was inferred, it is suggested to describe an additional register stage after this function.  If the DSP48 was instantiated in the design, it is suggested to set the PREG attribute to 1.
WARNING: [DRC DPOP-3] PREG Output pipelining: DSP design_1_i/dvbs2_ip/U0/u_dvbs2_ip_dut_inst/u_dvbs2_ip_src_DVBS2/u_DVBS2_TxRx/u_DVB_S2_HDL_Receiver/u_Synchronizer_and_PL_Header_Decoder/u_Time_Frequency_and_Coarse_Phase_Synchronizer/u_Time_and_Coarse_Frequency_Synchronizer/u_Frame_Synchronizer/u_Correlator/Product_mul_temp_1 output design_1_i/dvbs2_ip/U0/u_dvbs2_ip_dut_inst/u_dvbs2_ip_src_DVBS2/u_DVBS2_TxRx/u_DVB_S2_HDL_Receiver/u_Synchronizer_and_PL_Header_Decoder/u_Time_Frequency_and_Coarse_Phase_Synchronizer/u_Time_and_Coarse_Frequency_Synchronizer/u_Frame_Synchronizer/u_Correlator/Product_mul_temp_1/P[47:0] is not pipelined (PREG=0). Pipelining the DSP48 output will improve performance and often saves power so it is suggested whenever possible to fully pipeline this function.  If this DSP48 function was inferred, it is suggested to describe an additional register stage after this function.  If the DSP48 was instantiated in the design, it is suggested to set the PREG attribute to 1.
WARNING: [DRC DPOP-3] PREG Output pipelining: DSP design_1_i/dvbs2_ip/U0/u_dvbs2_ip_dut_inst/u_dvbs2_ip_src_DVBS2/u_DVBS2_TxRx/u_DVB_S2_HDL_Receiver/u_Synchronizer_and_PL_Header_Decoder/u_Time_Frequency_and_Coarse_Phase_Synchronizer/u_Time_and_Coarse_Frequency_Synchronizer/u_Frame_Synchronizer/u_Correlator/Product_mul_temp_2 output design_1_i/dvbs2_ip/U0/u_dvbs2_ip_dut_inst/u_dvbs2_ip_src_DVBS2/u_DVBS2_TxRx/u_DVB_S2_HDL_Receiver/u_Synchronizer_and_PL_Header_Decoder/u_Time_Frequency_and_Coarse_Phase_Synchronizer/u_Time_and_Coarse_Frequency_Synchronizer/u_Frame_Synchronizer/u_Correlator/Product_mul_temp_2/P[47:0] is not pipelined (PREG=0). Pipelining the DSP48 output will improve performance and often saves power so it is suggested whenever possible to fully pipeline this function.  If this DSP48 function was inferred, it is suggested to describe an additional register stage after this function.  If the DSP48 was instantiated in the design, it is suggested to set the PREG attribute to 1.
WARNING: [DRC DPOP-3] PREG Output pipelining: DSP design_1_i/dvbs2_ip/U0/u_dvbs2_ip_dut_inst/u_dvbs2_ip_src_DVBS2/u_DVBS2_TxRx/u_DVB_S2_HDL_Receiver/u_Synchronizer_and_PL_Header_Decoder/u_Time_Frequency_and_Coarse_Phase_Synchronizer/u_Time_and_Coarse_Frequency_Synchronizer/u_Frame_Synchronizer/u_Correlator/Product_mul_temp_3 output design_1_i/dvbs2_ip/U0/u_dvbs2_ip_dut_inst/u_dvbs2_ip_src_DVBS2/u_DVBS2_TxRx/u_DVB_S2_HDL_Receiver/u_Synchronizer_and_PL_Header_Decoder/u_Time_Frequency_and_Coarse_Phase_Synchronizer/u_Time_and_Coarse_Frequency_Synchronizer/u_Frame_Synchronizer/u_Correlator/Product_mul_temp_3/P[47:0] is not pipelined (PREG=0). Pipelining the DSP48 output will improve performance and often saves power so it is suggested whenever possible to fully pipeline this function.  If this DSP48 function was inferred, it is suggested to describe an additional register stage after this function.  If the DSP48 was instantiated in the design, it is suggested to set the PREG attribute to 1.
WARNING: [DRC DPOP-3] PREG Output pipelining: DSP design_1_i/dvbs2_ip/U0/u_dvbs2_ip_dut_inst/u_dvbs2_ip_src_DVBS2/u_DVBS2_TxRx/u_DVB_S2_HDL_Receiver/u_Synchronizer_and_PL_Header_Decoder/u_Time_Frequency_and_Coarse_Phase_Synchronizer/u_Time_and_Coarse_Frequency_Synchronizer/u_Frame_Synchronizer/u_Pilot_and_Sync_Pulse_Indicator/Product1_mul_temp output design_1_i/dvbs2_ip/U0/u_dvbs2_ip_dut_inst/u_dvbs2_ip_src_DVBS2/u_DVBS2_TxRx/u_DVB_S2_HDL_Receiver/u_Synchronizer_and_PL_Header_Decoder/u_Time_Frequency_and_Coarse_Phase_Synchronizer/u_Time_and_Coarse_Frequency_Synchronizer/u_Frame_Synchronizer/u_Pilot_and_Sync_Pulse_Indicator/Product1_mul_temp/P[47:0] is not pipelined (PREG=0). Pipelining the DSP48 output will improve performance and often saves power so it is suggested whenever possible to fully pipeline this function.  If this DSP48 function was inferred, it is suggested to describe an additional register stage after this function.  If the DSP48 was instantiated in the design, it is suggested to set the PREG attribute to 1.
WARNING: [DRC DPOP-3] PREG Output pipelining: DSP design_1_i/dvbs2_ip/U0/u_dvbs2_ip_dut_inst/u_dvbs2_ip_src_DVBS2/u_DVBS2_TxRx/u_DVB_S2_HDL_Receiver/u_Synchronizer_and_PL_Header_Decoder/u_Time_Frequency_and_Coarse_Phase_Synchronizer/u_Time_and_Coarse_Frequency_Synchronizer/u_Frame_Synchronizer/u_Pilot_and_Sync_Pulse_Indicator/Product1_mul_temp_1 output design_1_i/dvbs2_ip/U0/u_dvbs2_ip_dut_inst/u_dvbs2_ip_src_DVBS2/u_DVBS2_TxRx/u_DVB_S2_HDL_Receiver/u_Synchronizer_and_PL_Header_Decoder/u_Time_Frequency_and_Coarse_Phase_Synchronizer/u_Time_and_Coarse_Frequency_Synchronizer/u_Frame_Synchronizer/u_Pilot_and_Sync_Pulse_Indicator/Product1_mul_temp_1/P[47:0] is not pipelined (PREG=0). Pipelining the DSP48 output will improve performance and often saves power so it is suggested whenever possible to fully pipeline this function.  If this DSP48 function was inferred, it is suggested to describe an additional register stage after this function.  If the DSP48 was instantiated in the design, it is suggested to set the PREG attribute to 1.
WARNING: [DRC DPOP-3] PREG Output pipelining: DSP design_1_i/dvbs2_ip/U0/u_dvbs2_ip_dut_inst/u_dvbs2_ip_src_DVBS2/u_DVBS2_TxRx/u_DVB_S2_HDL_Receiver/u_Synchronizer_and_PL_Header_Decoder/u_Time_Frequency_and_Coarse_Phase_Synchronizer/u_Time_and_Coarse_Frequency_Synchronizer/u_Frame_Synchronizer/u_Pilot_and_Sync_Pulse_Indicator/Product_mul_temp output design_1_i/dvbs2_ip/U0/u_dvbs2_ip_dut_inst/u_dvbs2_ip_src_DVBS2/u_DVBS2_TxRx/u_DVB_S2_HDL_Receiver/u_Synchronizer_and_PL_Header_Decoder/u_Time_Frequency_and_Coarse_Phase_Synchronizer/u_Time_and_Coarse_Frequency_Synchronizer/u_Frame_Synchronizer/u_Pilot_and_Sync_Pulse_Indicator/Product_mul_temp/P[47:0] is not pipelined (PREG=0). Pipelining the DSP48 output will improve performance and often saves power so it is suggested whenever possible to fully pipeline this function.  If this DSP48 function was inferred, it is suggested to describe an additional register stage after this function.  If the DSP48 was instantiated in the design, it is suggested to set the PREG attribute to 1.
WARNING: [DRC DPOP-3] PREG Output pipelining: DSP design_1_i/dvbs2_ip/U0/u_dvbs2_ip_dut_inst/u_dvbs2_ip_src_DVBS2/u_DVBS2_TxRx/u_DVB_S2_HDL_Receiver/u_Synchronizer_and_PL_Header_Decoder/u_Time_Frequency_and_Coarse_Phase_Synchronizer/u_Time_and_Coarse_Frequency_Synchronizer/u_Frame_Synchronizer/u_Pilot_and_Sync_Pulse_Indicator/Product_mul_temp_1 output design_1_i/dvbs2_ip/U0/u_dvbs2_ip_dut_inst/u_dvbs2_ip_src_DVBS2/u_DVBS2_TxRx/u_DVB_S2_HDL_Receiver/u_Synchronizer_and_PL_Header_Decoder/u_Time_Frequency_and_Coarse_Phase_Synchronizer/u_Time_and_Coarse_Frequency_Synchronizer/u_Frame_Synchronizer/u_Pilot_and_Sync_Pulse_Indicator/Product_mul_temp_1/P[47:0] is not pipelined (PREG=0). Pipelining the DSP48 output will improve performance and often saves power so it is suggested whenever possible to fully pipeline this function.  If this DSP48 function was inferred, it is suggested to describe an additional register stage after this function.  If the DSP48 was instantiated in the design, it is suggested to set the PREG attribute to 1.
WARNING: [DRC DPOP-3] PREG Output pipelining: DSP design_1_i/dvbs2_ip/U0/u_dvbs2_ip_dut_inst/u_dvbs2_ip_src_DVBS2/u_DVBS2_TxRx/u_DVB_S2_HDL_Receiver/u_Synchronizer_and_PL_Header_Decoder/u_Time_Frequency_and_Coarse_Phase_Synchronizer/u_Time_and_Coarse_Frequency_Synchronizer/u_Symbol_Synchronizer/u_Interpolation_Filter/Product1_mul_temp output design_1_i/dvbs2_ip/U0/u_dvbs2_ip_dut_inst/u_dvbs2_ip_src_DVBS2/u_DVBS2_TxRx/u_DVB_S2_HDL_Receiver/u_Synchronizer_and_PL_Header_Decoder/u_Time_Frequency_and_Coarse_Phase_Synchronizer/u_Time_and_Coarse_Frequency_Synchronizer/u_Symbol_Synchronizer/u_Interpolation_Filter/Product1_mul_temp/P[47:0] is not pipelined (PREG=0). Pipelining the DSP48 output will improve performance and often saves power so it is suggested whenever possible to fully pipeline this function.  If this DSP48 function was inferred, it is suggested to describe an additional register stage after this function.  If the DSP48 was instantiated in the design, it is suggested to set the PREG attribute to 1.
WARNING: [DRC DPOP-3] PREG Output pipelining: DSP design_1_i/dvbs2_ip/U0/u_dvbs2_ip_dut_inst/u_dvbs2_ip_src_DVBS2/u_DVBS2_TxRx/u_DVB_S2_HDL_Receiver/u_Synchronizer_and_PL_Header_Decoder/u_Time_Frequency_and_Coarse_Phase_Synchronizer/u_Time_and_Coarse_Frequency_Synchronizer/u_Symbol_Synchronizer/u_Interpolation_Filter/Product1_mul_temp_1 output design_1_i/dvbs2_ip/U0/u_dvbs2_ip_dut_inst/u_dvbs2_ip_src_DVBS2/u_DVBS2_TxRx/u_DVB_S2_HDL_Receiver/u_Synchronizer_and_PL_Header_Decoder/u_Time_Frequency_and_Coarse_Phase_Synchronizer/u_Time_and_Coarse_Frequency_Synchronizer/u_Symbol_Synchronizer/u_Interpolation_Filter/Product1_mul_temp_1/P[47:0] is not pipelined (PREG=0). Pipelining the DSP48 output will improve performance and often saves power so it is suggested whenever possible to fully pipeline this function.  If this DSP48 function was inferred, it is suggested to describe an additional register stage after this function.  If the DSP48 was instantiated in the design, it is suggested to set the PREG attribute to 1.
WARNING: [DRC DPOP-3] PREG Output pipelining: DSP design_1_i/dvbs2_ip/U0/u_dvbs2_ip_dut_inst/u_dvbs2_ip_src_DVBS2/u_DVBS2_TxRx/u_DVB_S2_HDL_Receiver/u_Synchronizer_and_PL_Header_Decoder/u_Time_Frequency_and_Coarse_Phase_Synchronizer/u_Time_and_Coarse_Frequency_Synchronizer/u_Symbol_Synchronizer/u_Interpolation_Filter/Product2_mul_temp output design_1_i/dvbs2_ip/U0/u_dvbs2_ip_dut_inst/u_dvbs2_ip_src_DVBS2/u_DVBS2_TxRx/u_DVB_S2_HDL_Receiver/u_Synchronizer_and_PL_Header_Decoder/u_Time_Frequency_and_Coarse_Phase_Synchronizer/u_Time_and_Coarse_Frequency_Synchronizer/u_Symbol_Synchronizer/u_Interpolation_Filter/Product2_mul_temp/P[47:0] is not pipelined (PREG=0). Pipelining the DSP48 output will improve performance and often saves power so it is suggested whenever possible to fully pipeline this function.  If this DSP48 function was inferred, it is suggested to describe an additional register stage after this function.  If the DSP48 was instantiated in the design, it is suggested to set the PREG attribute to 1.
WARNING: [DRC DPOP-3] PREG Output pipelining: DSP design_1_i/dvbs2_ip/U0/u_dvbs2_ip_dut_inst/u_dvbs2_ip_src_DVBS2/u_DVBS2_TxRx/u_DVB_S2_HDL_Receiver/u_Synchronizer_and_PL_Header_Decoder/u_Time_Frequency_and_Coarse_Phase_Synchronizer/u_Time_and_Coarse_Frequency_Synchronizer/u_Symbol_Synchronizer/u_Interpolation_Filter/Product2_mul_temp_1 output design_1_i/dvbs2_ip/U0/u_dvbs2_ip_dut_inst/u_dvbs2_ip_src_DVBS2/u_DVBS2_TxRx/u_DVB_S2_HDL_Receiver/u_Synchronizer_and_PL_Header_Decoder/u_Time_Frequency_and_Coarse_Phase_Synchronizer/u_Time_and_Coarse_Frequency_Synchronizer/u_Symbol_Synchronizer/u_Interpolation_Filter/Product2_mul_temp_1/P[47:0] is not pipelined (PREG=0). Pipelining the DSP48 output will improve performance and often saves power so it is suggested whenever possible to fully pipeline this function.  If this DSP48 function was inferred, it is suggested to describe an additional register stage after this function.  If the DSP48 was instantiated in the design, it is suggested to set the PREG attribute to 1.
WARNING: [DRC DPOP-3] PREG Output pipelining: DSP design_1_i/dvbs2_ip/U0/u_dvbs2_ip_dut_inst/u_dvbs2_ip_src_DVBS2/u_DVBS2_TxRx/u_Digital_Automatic_Gain_Control/u_Loop_Filter/Gain1_mul_temp output design_1_i/dvbs2_ip/U0/u_dvbs2_ip_dut_inst/u_dvbs2_ip_src_DVBS2/u_DVBS2_TxRx/u_Digital_Automatic_Gain_Control/u_Loop_Filter/Gain1_mul_temp/P[47:0] is not pipelined (PREG=0). Pipelining the DSP48 output will improve performance and often saves power so it is suggested whenever possible to fully pipeline this function.  If this DSP48 function was inferred, it is suggested to describe an additional register stage after this function.  If the DSP48 was instantiated in the design, it is suggested to set the PREG attribute to 1.
WARNING: [DRC DPOP-3] PREG Output pipelining: DSP design_1_i/dvbs2_ip/U0/u_dvbs2_ip_dut_inst/u_dvbs2_ip_src_DVBS2/u_DVBS2_TxRx/u_Digital_Automatic_Gain_Control/u_Loop_Filter/Gain1_mul_temp__0 output design_1_i/dvbs2_ip/U0/u_dvbs2_ip_dut_inst/u_dvbs2_ip_src_DVBS2/u_DVBS2_TxRx/u_Digital_Automatic_Gain_Control/u_Loop_Filter/Gain1_mul_temp__0/P[47:0] is not pipelined (PREG=0). Pipelining the DSP48 output will improve performance and often saves power so it is suggested whenever possible to fully pipeline this function.  If this DSP48 function was inferred, it is suggested to describe an additional register stage after this function.  If the DSP48 was instantiated in the design, it is suggested to set the PREG attribute to 1.
WARNING: [DRC DPOP-4] MREG Output pipelining: DSP design_1_i/dvbs2_ip/U0/u_dvbs2_ip_dut_inst/u_dvbs2_ip_src_DVBS2/u_DVBS2_TxRx/u_Channel/Product_mul_temp multiplier stage design_1_i/dvbs2_ip/U0/u_dvbs2_ip_dut_inst/u_dvbs2_ip_src_DVBS2/u_DVBS2_TxRx/u_Channel/Product_mul_temp/P[47:0] is not pipelined (MREG=0). Pipelining the multiplier function will improve performance and will save significant power so it is suggested whenever possible to fully pipeline this function.  If this multiplier was inferred, it is suggested to describe an additional register stage after this function.  If there is no registered adder/accumulator following the multiply function, two pipeline stages are suggested to allow both the MREG and PREG registers to be used.  If the DSP48 was instantiated in the design, it is suggested to set both the MREG and PREG attributes to 1 when performing multiply functions.
WARNING: [DRC DPOP-4] MREG Output pipelining: DSP design_1_i/dvbs2_ip/U0/u_dvbs2_ip_dut_inst/u_dvbs2_ip_src_DVBS2/u_DVBS2_TxRx/u_Channel/Product_mul_temp_1 multiplier stage design_1_i/dvbs2_ip/U0/u_dvbs2_ip_dut_inst/u_dvbs2_ip_src_DVBS2/u_DVBS2_TxRx/u_Channel/Product_mul_temp_1/P[47:0] is not pipelined (MREG=0). Pipelining the multiplier function will improve performance and will save significant power so it is suggested whenever possible to fully pipeline this function.  If this multiplier was inferred, it is suggested to describe an additional register stage after this function.  If there is no registered adder/accumulator following the multiply function, two pipeline stages are suggested to allow both the MREG and PREG registers to be used.  If the DSP48 was instantiated in the design, it is suggested to set both the MREG and PREG attributes to 1 when performing multiply functions.
WARNING: [DRC DPOP-4] MREG Output pipelining: DSP design_1_i/dvbs2_ip/U0/u_dvbs2_ip_dut_inst/u_dvbs2_ip_src_DVBS2/u_DVBS2_TxRx/u_Channel/Product_mul_temp_2 multiplier stage design_1_i/dvbs2_ip/U0/u_dvbs2_ip_dut_inst/u_dvbs2_ip_src_DVBS2/u_DVBS2_TxRx/u_Channel/Product_mul_temp_2/P[47:0] is not pipelined (MREG=0). Pipelining the multiplier function will improve performance and will save significant power so it is suggested whenever possible to fully pipeline this function.  If this multiplier was inferred, it is suggested to describe an additional register stage after this function.  If there is no registered adder/accumulator following the multiply function, two pipeline stages are suggested to allow both the MREG and PREG registers to be used.  If the DSP48 was instantiated in the design, it is suggested to set both the MREG and PREG attributes to 1 when performing multiply functions.
WARNING: [DRC DPOP-4] MREG Output pipelining: DSP design_1_i/dvbs2_ip/U0/u_dvbs2_ip_dut_inst/u_dvbs2_ip_src_DVBS2/u_DVBS2_TxRx/u_Channel/Product_mul_temp_3 multiplier stage design_1_i/dvbs2_ip/U0/u_dvbs2_ip_dut_inst/u_dvbs2_ip_src_DVBS2/u_DVBS2_TxRx/u_Channel/Product_mul_temp_3/P[47:0] is not pipelined (MREG=0). Pipelining the multiplier function will improve performance and will save significant power so it is suggested whenever possible to fully pipeline this function.  If this multiplier was inferred, it is suggested to describe an additional register stage after this function.  If there is no registered adder/accumulator following the multiply function, two pipeline stages are suggested to allow both the MREG and PREG registers to be used.  If the DSP48 was instantiated in the design, it is suggested to set both the MREG and PREG attributes to 1 when performing multiply functions.
WARNING: [DRC DPOP-4] MREG Output pipelining: DSP design_1_i/dvbs2_ip/U0/u_dvbs2_ip_dut_inst/u_dvbs2_ip_src_DVBS2/u_DVBS2_TxRx/u_DVB_S2_HDL_Receiver/u_Demod_Deinterleave_and_FECDecode/u_Symbol_Demodulaor/u_DVBS2_Symbol_Demodulator/u_symbQPSKScDemodNet_inst/PipelineRegister_out1_reg multiplier stage design_1_i/dvbs2_ip/U0/u_dvbs2_ip_dut_inst/u_dvbs2_ip_src_DVBS2/u_DVBS2_TxRx/u_DVB_S2_HDL_Receiver/u_Demod_Deinterleave_and_FECDecode/u_Symbol_Demodulaor/u_DVBS2_Symbol_Demodulator/u_symbQPSKScDemodNet_inst/PipelineRegister_out1_reg/P[47:0] is not pipelined (MREG=0). Pipelining the multiplier function will improve performance and will save significant power so it is suggested whenever possible to fully pipeline this function.  If this multiplier was inferred, it is suggested to describe an additional register stage after this function.  If there is no registered adder/accumulator following the multiply function, two pipeline stages are suggested to allow both the MREG and PREG registers to be used.  If the DSP48 was instantiated in the design, it is suggested to set both the MREG and PREG attributes to 1 when performing multiply functions.
WARNING: [DRC DPOP-4] MREG Output pipelining: DSP design_1_i/dvbs2_ip/U0/u_dvbs2_ip_dut_inst/u_dvbs2_ip_src_DVBS2/u_DVBS2_TxRx/u_DVB_S2_HDL_Receiver/u_Demod_Deinterleave_and_FECDecode/u_Symbol_Demodulaor/u_DVBS2_Symbol_Demodulator/u_symbapsk16ScDemodNet_inst/PipelineRegister10_reg_reg[0] multiplier stage design_1_i/dvbs2_ip/U0/u_dvbs2_ip_dut_inst/u_dvbs2_ip_src_DVBS2/u_DVBS2_TxRx/u_DVB_S2_HDL_Receiver/u_Demod_Deinterleave_and_FECDecode/u_Symbol_Demodulaor/u_DVBS2_Symbol_Demodulator/u_symbapsk16ScDemodNet_inst/PipelineRegister10_reg_reg[0]/P[47:0] is not pipelined (MREG=0). Pipelining the multiplier function will improve performance and will save significant power so it is suggested whenever possible to fully pipeline this function.  If this multiplier was inferred, it is suggested to describe an additional register stage after this function.  If there is no registered adder/accumulator following the multiply function, two pipeline stages are suggested to allow both the MREG and PREG registers to be used.  If the DSP48 was instantiated in the design, it is suggested to set both the MREG and PREG attributes to 1 when performing multiply functions.
WARNING: [DRC DPOP-4] MREG Output pipelining: DSP design_1_i/dvbs2_ip/U0/u_dvbs2_ip_dut_inst/u_dvbs2_ip_src_DVBS2/u_DVBS2_TxRx/u_DVB_S2_HDL_Receiver/u_Demod_Deinterleave_and_FECDecode/u_Symbol_Demodulaor/u_DVBS2_Symbol_Demodulator/u_symbapsk16ScDemodNet_inst/PipelineRegister11_reg_reg[0] multiplier stage design_1_i/dvbs2_ip/U0/u_dvbs2_ip_dut_inst/u_dvbs2_ip_src_DVBS2/u_DVBS2_TxRx/u_DVB_S2_HDL_Receiver/u_Demod_Deinterleave_and_FECDecode/u_Symbol_Demodulaor/u_DVBS2_Symbol_Demodulator/u_symbapsk16ScDemodNet_inst/PipelineRegister11_reg_reg[0]/P[47:0] is not pipelined (MREG=0). Pipelining the multiplier function will improve performance and will save significant power so it is suggested whenever possible to fully pipeline this function.  If this multiplier was inferred, it is suggested to describe an additional register stage after this function.  If there is no registered adder/accumulator following the multiply function, two pipeline stages are suggested to allow both the MREG and PREG registers to be used.  If the DSP48 was instantiated in the design, it is suggested to set both the MREG and PREG attributes to 1 when performing multiply functions.
WARNING: [DRC DPOP-4] MREG Output pipelining: DSP design_1_i/dvbs2_ip/U0/u_dvbs2_ip_dut_inst/u_dvbs2_ip_src_DVBS2/u_DVBS2_TxRx/u_DVB_S2_HDL_Receiver/u_Demod_Deinterleave_and_FECDecode/u_Symbol_Demodulaor/u_DVBS2_Symbol_Demodulator/u_symbapsk16ScDemodNet_inst/PipelineRegister4_reg_reg[0] multiplier stage design_1_i/dvbs2_ip/U0/u_dvbs2_ip_dut_inst/u_dvbs2_ip_src_DVBS2/u_DVBS2_TxRx/u_DVB_S2_HDL_Receiver/u_Demod_Deinterleave_and_FECDecode/u_Symbol_Demodulaor/u_DVBS2_Symbol_Demodulator/u_symbapsk16ScDemodNet_inst/PipelineRegister4_reg_reg[0]/P[47:0] is not pipelined (MREG=0). Pipelining the multiplier function will improve performance and will save significant power so it is suggested whenever possible to fully pipeline this function.  If this multiplier was inferred, it is suggested to describe an additional register stage after this function.  If there is no registered adder/accumulator following the multiply function, two pipeline stages are suggested to allow both the MREG and PREG registers to be used.  If the DSP48 was instantiated in the design, it is suggested to set both the MREG and PREG attributes to 1 when performing multiply functions.
WARNING: [DRC DPOP-4] MREG Output pipelining: DSP design_1_i/dvbs2_ip/U0/u_dvbs2_ip_dut_inst/u_dvbs2_ip_src_DVBS2/u_DVBS2_TxRx/u_DVB_S2_HDL_Receiver/u_Demod_Deinterleave_and_FECDecode/u_Symbol_Demodulaor/u_DVBS2_Symbol_Demodulator/u_symbapsk16ScDemodNet_inst/PipelineRegister5_reg_reg[0] multiplier stage design_1_i/dvbs2_ip/U0/u_dvbs2_ip_dut_inst/u_dvbs2_ip_src_DVBS2/u_DVBS2_TxRx/u_DVB_S2_HDL_Receiver/u_Demod_Deinterleave_and_FECDecode/u_Symbol_Demodulaor/u_DVBS2_Symbol_Demodulator/u_symbapsk16ScDemodNet_inst/PipelineRegister5_reg_reg[0]/P[47:0] is not pipelined (MREG=0). Pipelining the multiplier function will improve performance and will save significant power so it is suggested whenever possible to fully pipeline this function.  If this multiplier was inferred, it is suggested to describe an additional register stage after this function.  If there is no registered adder/accumulator following the multiply function, two pipeline stages are suggested to allow both the MREG and PREG registers to be used.  If the DSP48 was instantiated in the design, it is suggested to set both the MREG and PREG attributes to 1 when performing multiply functions.
WARNING: [DRC DPOP-4] MREG Output pipelining: DSP design_1_i/dvbs2_ip/U0/u_dvbs2_ip_dut_inst/u_dvbs2_ip_src_DVBS2/u_DVBS2_TxRx/u_DVB_S2_HDL_Receiver/u_Demod_Deinterleave_and_FECDecode/u_Symbol_Demodulaor/u_DVBS2_Symbol_Demodulator/u_symbapsk16ScDemodNet_inst/PipelineRegister6_reg_reg[0] multiplier stage design_1_i/dvbs2_ip/U0/u_dvbs2_ip_dut_inst/u_dvbs2_ip_src_DVBS2/u_DVBS2_TxRx/u_DVB_S2_HDL_Receiver/u_Demod_Deinterleave_and_FECDecode/u_Symbol_Demodulaor/u_DVBS2_Symbol_Demodulator/u_symbapsk16ScDemodNet_inst/PipelineRegister6_reg_reg[0]/P[47:0] is not pipelined (MREG=0). Pipelining the multiplier function will improve performance and will save significant power so it is suggested whenever possible to fully pipeline this function.  If this multiplier was inferred, it is suggested to describe an additional register stage after this function.  If there is no registered adder/accumulator following the multiply function, two pipeline stages are suggested to allow both the MREG and PREG registers to be used.  If the DSP48 was instantiated in the design, it is suggested to set both the MREG and PREG attributes to 1 when performing multiply functions.
WARNING: [DRC DPOP-4] MREG Output pipelining: DSP design_1_i/dvbs2_ip/U0/u_dvbs2_ip_dut_inst/u_dvbs2_ip_src_DVBS2/u_DVBS2_TxRx/u_DVB_S2_HDL_Receiver/u_Demod_Deinterleave_and_FECDecode/u_Symbol_Demodulaor/u_DVBS2_Symbol_Demodulator/u_symbapsk16ScDemodNet_inst/PipelineRegister7_reg_reg[0] multiplier stage design_1_i/dvbs2_ip/U0/u_dvbs2_ip_dut_inst/u_dvbs2_ip_src_DVBS2/u_DVBS2_TxRx/u_DVB_S2_HDL_Receiver/u_Demod_Deinterleave_and_FECDecode/u_Symbol_Demodulaor/u_DVBS2_Symbol_Demodulator/u_symbapsk16ScDemodNet_inst/PipelineRegister7_reg_reg[0]/P[47:0] is not pipelined (MREG=0). Pipelining the multiplier function will improve performance and will save significant power so it is suggested whenever possible to fully pipeline this function.  If this multiplier was inferred, it is suggested to describe an additional register stage after this function.  If there is no registered adder/accumulator following the multiply function, two pipeline stages are suggested to allow both the MREG and PREG registers to be used.  If the DSP48 was instantiated in the design, it is suggested to set both the MREG and PREG attributes to 1 when performing multiply functions.
WARNING: [DRC DPOP-4] MREG Output pipelining: DSP design_1_i/dvbs2_ip/U0/u_dvbs2_ip_dut_inst/u_dvbs2_ip_src_DVBS2/u_DVBS2_TxRx/u_DVB_S2_HDL_Receiver/u_Demod_Deinterleave_and_FECDecode/u_Symbol_Demodulaor/u_DVBS2_Symbol_Demodulator/u_symbapsk16ScDemodNet_inst/PipelineRegister8_reg_reg[0] multiplier stage design_1_i/dvbs2_ip/U0/u_dvbs2_ip_dut_inst/u_dvbs2_ip_src_DVBS2/u_DVBS2_TxRx/u_DVB_S2_HDL_Receiver/u_Demod_Deinterleave_and_FECDecode/u_Symbol_Demodulaor/u_DVBS2_Symbol_Demodulator/u_symbapsk16ScDemodNet_inst/PipelineRegister8_reg_reg[0]/P[47:0] is not pipelined (MREG=0). Pipelining the multiplier function will improve performance and will save significant power so it is suggested whenever possible to fully pipeline this function.  If this multiplier was inferred, it is suggested to describe an additional register stage after this function.  If there is no registered adder/accumulator following the multiply function, two pipeline stages are suggested to allow both the MREG and PREG registers to be used.  If the DSP48 was instantiated in the design, it is suggested to set both the MREG and PREG attributes to 1 when performing multiply functions.
WARNING: [DRC DPOP-4] MREG Output pipelining: DSP design_1_i/dvbs2_ip/U0/u_dvbs2_ip_dut_inst/u_dvbs2_ip_src_DVBS2/u_DVBS2_TxRx/u_DVB_S2_HDL_Receiver/u_Demod_Deinterleave_and_FECDecode/u_Symbol_Demodulaor/u_DVBS2_Symbol_Demodulator/u_symbapsk16ScDemodNet_inst/PipelineRegister9_reg_reg[0] multiplier stage design_1_i/dvbs2_ip/U0/u_dvbs2_ip_dut_inst/u_dvbs2_ip_src_DVBS2/u_DVBS2_TxRx/u_DVB_S2_HDL_Receiver/u_Demod_Deinterleave_and_FECDecode/u_Symbol_Demodulaor/u_DVBS2_Symbol_Demodulator/u_symbapsk16ScDemodNet_inst/PipelineRegister9_reg_reg[0]/P[47:0] is not pipelined (MREG=0). Pipelining the multiplier function will improve performance and will save significant power so it is suggested whenever possible to fully pipeline this function.  If this multiplier was inferred, it is suggested to describe an additional register stage after this function.  If there is no registered adder/accumulator following the multiply function, two pipeline stages are suggested to allow both the MREG and PREG registers to be used.  If the DSP48 was instantiated in the design, it is suggested to set both the MREG and PREG attributes to 1 when performing multiply functions.
WARNING: [DRC DPOP-4] MREG Output pipelining: DSP design_1_i/dvbs2_ip/U0/u_dvbs2_ip_dut_inst/u_dvbs2_ip_src_DVBS2/u_DVBS2_TxRx/u_DVB_S2_HDL_Receiver/u_Demod_Deinterleave_and_FECDecode/u_Symbol_Demodulaor/u_DVBS2_Symbol_Demodulator/u_symbapsk32ScDemodNet_inst/PipelineRegister10_reg_reg[0] multiplier stage design_1_i/dvbs2_ip/U0/u_dvbs2_ip_dut_inst/u_dvbs2_ip_src_DVBS2/u_DVBS2_TxRx/u_DVB_S2_HDL_Receiver/u_Demod_Deinterleave_and_FECDecode/u_Symbol_Demodulaor/u_DVBS2_Symbol_Demodulator/u_symbapsk32ScDemodNet_inst/PipelineRegister10_reg_reg[0]/P[47:0] is not pipelined (MREG=0). Pipelining the multiplier function will improve performance and will save significant power so it is suggested whenever possible to fully pipeline this function.  If this multiplier was inferred, it is suggested to describe an additional register stage after this function.  If there is no registered adder/accumulator following the multiply function, two pipeline stages are suggested to allow both the MREG and PREG registers to be used.  If the DSP48 was instantiated in the design, it is suggested to set both the MREG and PREG attributes to 1 when performing multiply functions.
WARNING: [DRC DPOP-4] MREG Output pipelining: DSP design_1_i/dvbs2_ip/U0/u_dvbs2_ip_dut_inst/u_dvbs2_ip_src_DVBS2/u_DVBS2_TxRx/u_DVB_S2_HDL_Receiver/u_Demod_Deinterleave_and_FECDecode/u_Symbol_Demodulaor/u_DVBS2_Symbol_Demodulator/u_symbapsk32ScDemodNet_inst/PipelineRegister11_reg_reg[0] multiplier stage design_1_i/dvbs2_ip/U0/u_dvbs2_ip_dut_inst/u_dvbs2_ip_src_DVBS2/u_DVBS2_TxRx/u_DVB_S2_HDL_Receiver/u_Demod_Deinterleave_and_FECDecode/u_Symbol_Demodulaor/u_DVBS2_Symbol_Demodulator/u_symbapsk32ScDemodNet_inst/PipelineRegister11_reg_reg[0]/P[47:0] is not pipelined (MREG=0). Pipelining the multiplier function will improve performance and will save significant power so it is suggested whenever possible to fully pipeline this function.  If this multiplier was inferred, it is suggested to describe an additional register stage after this function.  If there is no registered adder/accumulator following the multiply function, two pipeline stages are suggested to allow both the MREG and PREG registers to be used.  If the DSP48 was instantiated in the design, it is suggested to set both the MREG and PREG attributes to 1 when performing multiply functions.
WARNING: [DRC DPOP-4] MREG Output pipelining: DSP design_1_i/dvbs2_ip/U0/u_dvbs2_ip_dut_inst/u_dvbs2_ip_src_DVBS2/u_DVBS2_TxRx/u_DVB_S2_HDL_Receiver/u_Demod_Deinterleave_and_FECDecode/u_Symbol_Demodulaor/u_DVBS2_Symbol_Demodulator/u_symbapsk32ScDemodNet_inst/PipelineRegister12_reg_reg[0] multiplier stage design_1_i/dvbs2_ip/U0/u_dvbs2_ip_dut_inst/u_dvbs2_ip_src_DVBS2/u_DVBS2_TxRx/u_DVB_S2_HDL_Receiver/u_Demod_Deinterleave_and_FECDecode/u_Symbol_Demodulaor/u_DVBS2_Symbol_Demodulator/u_symbapsk32ScDemodNet_inst/PipelineRegister12_reg_reg[0]/P[47:0] is not pipelined (MREG=0). Pipelining the multiplier function will improve performance and will save significant power so it is suggested whenever possible to fully pipeline this function.  If this multiplier was inferred, it is suggested to describe an additional register stage after this function.  If there is no registered adder/accumulator following the multiply function, two pipeline stages are suggested to allow both the MREG and PREG registers to be used.  If the DSP48 was instantiated in the design, it is suggested to set both the MREG and PREG attributes to 1 when performing multiply functions.
WARNING: [DRC DPOP-4] MREG Output pipelining: DSP design_1_i/dvbs2_ip/U0/u_dvbs2_ip_dut_inst/u_dvbs2_ip_src_DVBS2/u_DVBS2_TxRx/u_DVB_S2_HDL_Receiver/u_Demod_Deinterleave_and_FECDecode/u_Symbol_Demodulaor/u_DVBS2_Symbol_Demodulator/u_symbapsk32ScDemodNet_inst/PipelineRegister13_reg_reg[0] multiplier stage design_1_i/dvbs2_ip/U0/u_dvbs2_ip_dut_inst/u_dvbs2_ip_src_DVBS2/u_DVBS2_TxRx/u_DVB_S2_HDL_Receiver/u_Demod_Deinterleave_and_FECDecode/u_Symbol_Demodulaor/u_DVBS2_Symbol_Demodulator/u_symbapsk32ScDemodNet_inst/PipelineRegister13_reg_reg[0]/P[47:0] is not pipelined (MREG=0). Pipelining the multiplier function will improve performance and will save significant power so it is suggested whenever possible to fully pipeline this function.  If this multiplier was inferred, it is suggested to describe an additional register stage after this function.  If there is no registered adder/accumulator following the multiply function, two pipeline stages are suggested to allow both the MREG and PREG registers to be used.  If the DSP48 was instantiated in the design, it is suggested to set both the MREG and PREG attributes to 1 when performing multiply functions.
WARNING: [DRC DPOP-4] MREG Output pipelining: DSP design_1_i/dvbs2_ip/U0/u_dvbs2_ip_dut_inst/u_dvbs2_ip_src_DVBS2/u_DVBS2_TxRx/u_DVB_S2_HDL_Receiver/u_Demod_Deinterleave_and_FECDecode/u_Symbol_Demodulaor/u_DVBS2_Symbol_Demodulator/u_symbapsk32ScDemodNet_inst/PipelineRegister14_reg_reg[0] multiplier stage design_1_i/dvbs2_ip/U0/u_dvbs2_ip_dut_inst/u_dvbs2_ip_src_DVBS2/u_DVBS2_TxRx/u_DVB_S2_HDL_Receiver/u_Demod_Deinterleave_and_FECDecode/u_Symbol_Demodulaor/u_DVBS2_Symbol_Demodulator/u_symbapsk32ScDemodNet_inst/PipelineRegister14_reg_reg[0]/P[47:0] is not pipelined (MREG=0). Pipelining the multiplier function will improve performance and will save significant power so it is suggested whenever possible to fully pipeline this function.  If this multiplier was inferred, it is suggested to describe an additional register stage after this function.  If there is no registered adder/accumulator following the multiply function, two pipeline stages are suggested to allow both the MREG and PREG registers to be used.  If the DSP48 was instantiated in the design, it is suggested to set both the MREG and PREG attributes to 1 when performing multiply functions.
WARNING: [DRC DPOP-4] MREG Output pipelining: DSP design_1_i/dvbs2_ip/U0/u_dvbs2_ip_dut_inst/u_dvbs2_ip_src_DVBS2/u_DVBS2_TxRx/u_DVB_S2_HDL_Receiver/u_Demod_Deinterleave_and_FECDecode/u_Symbol_Demodulaor/u_DVBS2_Symbol_Demodulator/u_symbapsk32ScDemodNet_inst/PipelineRegister15_reg_reg[0] multiplier stage design_1_i/dvbs2_ip/U0/u_dvbs2_ip_dut_inst/u_dvbs2_ip_src_DVBS2/u_DVBS2_TxRx/u_DVB_S2_HDL_Receiver/u_Demod_Deinterleave_and_FECDecode/u_Symbol_Demodulaor/u_DVBS2_Symbol_Demodulator/u_symbapsk32ScDemodNet_inst/PipelineRegister15_reg_reg[0]/P[47:0] is not pipelined (MREG=0). Pipelining the multiplier function will improve performance and will save significant power so it is suggested whenever possible to fully pipeline this function.  If this multiplier was inferred, it is suggested to describe an additional register stage after this function.  If there is no registered adder/accumulator following the multiply function, two pipeline stages are suggested to allow both the MREG and PREG registers to be used.  If the DSP48 was instantiated in the design, it is suggested to set both the MREG and PREG attributes to 1 when performing multiply functions.
WARNING: [DRC DPOP-4] MREG Output pipelining: DSP design_1_i/dvbs2_ip/U0/u_dvbs2_ip_dut_inst/u_dvbs2_ip_src_DVBS2/u_DVBS2_TxRx/u_DVB_S2_HDL_Receiver/u_Demod_Deinterleave_and_FECDecode/u_Symbol_Demodulaor/u_DVBS2_Symbol_Demodulator/u_symbapsk32ScDemodNet_inst/PipelineRegister16_reg_reg[0] multiplier stage design_1_i/dvbs2_ip/U0/u_dvbs2_ip_dut_inst/u_dvbs2_ip_src_DVBS2/u_DVBS2_TxRx/u_DVB_S2_HDL_Receiver/u_Demod_Deinterleave_and_FECDecode/u_Symbol_Demodulaor/u_DVBS2_Symbol_Demodulator/u_symbapsk32ScDemodNet_inst/PipelineRegister16_reg_reg[0]/P[47:0] is not pipelined (MREG=0). Pipelining the multiplier function will improve performance and will save significant power so it is suggested whenever possible to fully pipeline this function.  If this multiplier was inferred, it is suggested to describe an additional register stage after this function.  If there is no registered adder/accumulator following the multiply function, two pipeline stages are suggested to allow both the MREG and PREG registers to be used.  If the DSP48 was instantiated in the design, it is suggested to set both the MREG and PREG attributes to 1 when performing multiply functions.
WARNING: [DRC DPOP-4] MREG Output pipelining: DSP design_1_i/dvbs2_ip/U0/u_dvbs2_ip_dut_inst/u_dvbs2_ip_src_DVBS2/u_DVBS2_TxRx/u_DVB_S2_HDL_Receiver/u_Demod_Deinterleave_and_FECDecode/u_Symbol_Demodulaor/u_DVBS2_Symbol_Demodulator/u_symbapsk32ScDemodNet_inst/PipelineRegister17_reg_reg[0] multiplier stage design_1_i/dvbs2_ip/U0/u_dvbs2_ip_dut_inst/u_dvbs2_ip_src_DVBS2/u_DVBS2_TxRx/u_DVB_S2_HDL_Receiver/u_Demod_Deinterleave_and_FECDecode/u_Symbol_Demodulaor/u_DVBS2_Symbol_Demodulator/u_symbapsk32ScDemodNet_inst/PipelineRegister17_reg_reg[0]/P[47:0] is not pipelined (MREG=0). Pipelining the multiplier function will improve performance and will save significant power so it is suggested whenever possible to fully pipeline this function.  If this multiplier was inferred, it is suggested to describe an additional register stage after this function.  If there is no registered adder/accumulator following the multiply function, two pipeline stages are suggested to allow both the MREG and PREG registers to be used.  If the DSP48 was instantiated in the design, it is suggested to set both the MREG and PREG attributes to 1 when performing multiply functions.
WARNING: [DRC DPOP-4] MREG Output pipelining: DSP design_1_i/dvbs2_ip/U0/u_dvbs2_ip_dut_inst/u_dvbs2_ip_src_DVBS2/u_DVBS2_TxRx/u_DVB_S2_HDL_Receiver/u_Demod_Deinterleave_and_FECDecode/u_Symbol_Demodulaor/u_DVBS2_Symbol_Demodulator/u_symbapsk32ScDemodNet_inst/PipelineRegister18_reg_reg[0] multiplier stage design_1_i/dvbs2_ip/U0/u_dvbs2_ip_dut_inst/u_dvbs2_ip_src_DVBS2/u_DVBS2_TxRx/u_DVB_S2_HDL_Receiver/u_Demod_Deinterleave_and_FECDecode/u_Symbol_Demodulaor/u_DVBS2_Symbol_Demodulator/u_symbapsk32ScDemodNet_inst/PipelineRegister18_reg_reg[0]/P[47:0] is not pipelined (MREG=0). Pipelining the multiplier function will improve performance and will save significant power so it is suggested whenever possible to fully pipeline this function.  If this multiplier was inferred, it is suggested to describe an additional register stage after this function.  If there is no registered adder/accumulator following the multiply function, two pipeline stages are suggested to allow both the MREG and PREG registers to be used.  If the DSP48 was instantiated in the design, it is suggested to set both the MREG and PREG attributes to 1 when performing multiply functions.
WARNING: [DRC DPOP-4] MREG Output pipelining: DSP design_1_i/dvbs2_ip/U0/u_dvbs2_ip_dut_inst/u_dvbs2_ip_src_DVBS2/u_DVBS2_TxRx/u_DVB_S2_HDL_Receiver/u_Demod_Deinterleave_and_FECDecode/u_Symbol_Demodulaor/u_DVBS2_Symbol_Demodulator/u_symbapsk32ScDemodNet_inst/PipelineRegister5_reg_reg[0] multiplier stage design_1_i/dvbs2_ip/U0/u_dvbs2_ip_dut_inst/u_dvbs2_ip_src_DVBS2/u_DVBS2_TxRx/u_DVB_S2_HDL_Receiver/u_Demod_Deinterleave_and_FECDecode/u_Symbol_Demodulaor/u_DVBS2_Symbol_Demodulator/u_symbapsk32ScDemodNet_inst/PipelineRegister5_reg_reg[0]/P[47:0] is not pipelined (MREG=0). Pipelining the multiplier function will improve performance and will save significant power so it is suggested whenever possible to fully pipeline this function.  If this multiplier was inferred, it is suggested to describe an additional register stage after this function.  If there is no registered adder/accumulator following the multiply function, two pipeline stages are suggested to allow both the MREG and PREG registers to be used.  If the DSP48 was instantiated in the design, it is suggested to set both the MREG and PREG attributes to 1 when performing multiply functions.
WARNING: [DRC DPOP-4] MREG Output pipelining: DSP design_1_i/dvbs2_ip/U0/u_dvbs2_ip_dut_inst/u_dvbs2_ip_src_DVBS2/u_DVBS2_TxRx/u_DVB_S2_HDL_Receiver/u_Demod_Deinterleave_and_FECDecode/u_Symbol_Demodulaor/u_DVBS2_Symbol_Demodulator/u_symbapsk32ScDemodNet_inst/PipelineRegister6_reg_reg[0] multiplier stage design_1_i/dvbs2_ip/U0/u_dvbs2_ip_dut_inst/u_dvbs2_ip_src_DVBS2/u_DVBS2_TxRx/u_DVB_S2_HDL_Receiver/u_Demod_Deinterleave_and_FECDecode/u_Symbol_Demodulaor/u_DVBS2_Symbol_Demodulator/u_symbapsk32ScDemodNet_inst/PipelineRegister6_reg_reg[0]/P[47:0] is not pipelined (MREG=0). Pipelining the multiplier function will improve performance and will save significant power so it is suggested whenever possible to fully pipeline this function.  If this multiplier was inferred, it is suggested to describe an additional register stage after this function.  If there is no registered adder/accumulator following the multiply function, two pipeline stages are suggested to allow both the MREG and PREG registers to be used.  If the DSP48 was instantiated in the design, it is suggested to set both the MREG and PREG attributes to 1 when performing multiply functions.
WARNING: [DRC DPOP-4] MREG Output pipelining: DSP design_1_i/dvbs2_ip/U0/u_dvbs2_ip_dut_inst/u_dvbs2_ip_src_DVBS2/u_DVBS2_TxRx/u_DVB_S2_HDL_Receiver/u_Demod_Deinterleave_and_FECDecode/u_Symbol_Demodulaor/u_DVBS2_Symbol_Demodulator/u_symbapsk32ScDemodNet_inst/PipelineRegister7_reg_reg[0] multiplier stage design_1_i/dvbs2_ip/U0/u_dvbs2_ip_dut_inst/u_dvbs2_ip_src_DVBS2/u_DVBS2_TxRx/u_DVB_S2_HDL_Receiver/u_Demod_Deinterleave_and_FECDecode/u_Symbol_Demodulaor/u_DVBS2_Symbol_Demodulator/u_symbapsk32ScDemodNet_inst/PipelineRegister7_reg_reg[0]/P[47:0] is not pipelined (MREG=0). Pipelining the multiplier function will improve performance and will save significant power so it is suggested whenever possible to fully pipeline this function.  If this multiplier was inferred, it is suggested to describe an additional register stage after this function.  If there is no registered adder/accumulator following the multiply function, two pipeline stages are suggested to allow both the MREG and PREG registers to be used.  If the DSP48 was instantiated in the design, it is suggested to set both the MREG and PREG attributes to 1 when performing multiply functions.
WARNING: [DRC DPOP-4] MREG Output pipelining: DSP design_1_i/dvbs2_ip/U0/u_dvbs2_ip_dut_inst/u_dvbs2_ip_src_DVBS2/u_DVBS2_TxRx/u_DVB_S2_HDL_Receiver/u_Demod_Deinterleave_and_FECDecode/u_Symbol_Demodulaor/u_DVBS2_Symbol_Demodulator/u_symbapsk32ScDemodNet_inst/PipelineRegister8_reg_reg[0] multiplier stage design_1_i/dvbs2_ip/U0/u_dvbs2_ip_dut_inst/u_dvbs2_ip_src_DVBS2/u_DVBS2_TxRx/u_DVB_S2_HDL_Receiver/u_Demod_Deinterleave_and_FECDecode/u_Symbol_Demodulaor/u_DVBS2_Symbol_Demodulator/u_symbapsk32ScDemodNet_inst/PipelineRegister8_reg_reg[0]/P[47:0] is not pipelined (MREG=0). Pipelining the multiplier function will improve performance and will save significant power so it is suggested whenever possible to fully pipeline this function.  If this multiplier was inferred, it is suggested to describe an additional register stage after this function.  If there is no registered adder/accumulator following the multiply function, two pipeline stages are suggested to allow both the MREG and PREG registers to be used.  If the DSP48 was instantiated in the design, it is suggested to set both the MREG and PREG attributes to 1 when performing multiply functions.
WARNING: [DRC DPOP-4] MREG Output pipelining: DSP design_1_i/dvbs2_ip/U0/u_dvbs2_ip_dut_inst/u_dvbs2_ip_src_DVBS2/u_DVBS2_TxRx/u_DVB_S2_HDL_Receiver/u_Demod_Deinterleave_and_FECDecode/u_Symbol_Demodulaor/u_DVBS2_Symbol_Demodulator/u_symbapsk32ScDemodNet_inst/PipelineRegister9_reg_reg[0] multiplier stage design_1_i/dvbs2_ip/U0/u_dvbs2_ip_dut_inst/u_dvbs2_ip_src_DVBS2/u_DVBS2_TxRx/u_DVB_S2_HDL_Receiver/u_Demod_Deinterleave_and_FECDecode/u_Symbol_Demodulaor/u_DVBS2_Symbol_Demodulator/u_symbapsk32ScDemodNet_inst/PipelineRegister9_reg_reg[0]/P[47:0] is not pipelined (MREG=0). Pipelining the multiplier function will improve performance and will save significant power so it is suggested whenever possible to fully pipeline this function.  If this multiplier was inferred, it is suggested to describe an additional register stage after this function.  If there is no registered adder/accumulator following the multiply function, two pipeline stages are suggested to allow both the MREG and PREG registers to be used.  If the DSP48 was instantiated in the design, it is suggested to set both the MREG and PREG attributes to 1 when performing multiply functions.
WARNING: [DRC DPOP-4] MREG Output pipelining: DSP design_1_i/dvbs2_ip/U0/u_dvbs2_ip_dut_inst/u_dvbs2_ip_src_DVBS2/u_DVBS2_TxRx/u_DVB_S2_HDL_Receiver/u_Demod_Deinterleave_and_FECDecode/u_Symbol_Demodulaor/u_DVBS2_Symbol_Demodulator/u_symbpsk8ScDemodNet_inst/PipelineRegister1_out1_reg multiplier stage design_1_i/dvbs2_ip/U0/u_dvbs2_ip_dut_inst/u_dvbs2_ip_src_DVBS2/u_DVBS2_TxRx/u_DVB_S2_HDL_Receiver/u_Demod_Deinterleave_and_FECDecode/u_Symbol_Demodulaor/u_DVBS2_Symbol_Demodulator/u_symbpsk8ScDemodNet_inst/PipelineRegister1_out1_reg/P[47:0] is not pipelined (MREG=0). Pipelining the multiplier function will improve performance and will save significant power so it is suggested whenever possible to fully pipeline this function.  If this multiplier was inferred, it is suggested to describe an additional register stage after this function.  If there is no registered adder/accumulator following the multiply function, two pipeline stages are suggested to allow both the MREG and PREG registers to be used.  If the DSP48 was instantiated in the design, it is suggested to set both the MREG and PREG attributes to 1 when performing multiply functions.
WARNING: [DRC DPOP-4] MREG Output pipelining: DSP design_1_i/dvbs2_ip/U0/u_dvbs2_ip_dut_inst/u_dvbs2_ip_src_DVBS2/u_DVBS2_TxRx/u_DVB_S2_HDL_Receiver/u_Demod_Deinterleave_and_FECDecode/u_Symbol_Demodulaor/u_DVBS2_Symbol_Demodulator/u_symbpsk8ScDemodNet_inst/PipelineRegister_out1_reg multiplier stage design_1_i/dvbs2_ip/U0/u_dvbs2_ip_dut_inst/u_dvbs2_ip_src_DVBS2/u_DVBS2_TxRx/u_DVB_S2_HDL_Receiver/u_Demod_Deinterleave_and_FECDecode/u_Symbol_Demodulaor/u_DVBS2_Symbol_Demodulator/u_symbpsk8ScDemodNet_inst/PipelineRegister_out1_reg/P[47:0] is not pipelined (MREG=0). Pipelining the multiplier function will improve performance and will save significant power so it is suggested whenever possible to fully pipeline this function.  If this multiplier was inferred, it is suggested to describe an additional register stage after this function.  If there is no registered adder/accumulator following the multiply function, two pipeline stages are suggested to allow both the MREG and PREG registers to be used.  If the DSP48 was instantiated in the design, it is suggested to set both the MREG and PREG attributes to 1 when performing multiply functions.
WARNING: [DRC DPOP-4] MREG Output pipelining: DSP design_1_i/dvbs2_ip/U0/u_dvbs2_ip_dut_inst/u_dvbs2_ip_src_DVBS2/u_DVBS2_TxRx/u_DVB_S2_HDL_Receiver/u_Synchronizer_and_PL_Header_Decoder/u_Fine_Phase_Synchronizer/Delay7_reg_im_reg[0] multiplier stage design_1_i/dvbs2_ip/U0/u_dvbs2_ip_dut_inst/u_dvbs2_ip_src_DVBS2/u_DVBS2_TxRx/u_DVB_S2_HDL_Receiver/u_Synchronizer_and_PL_Header_Decoder/u_Fine_Phase_Synchronizer/Delay7_reg_im_reg[0]/P[47:0] is not pipelined (MREG=0). Pipelining the multiplier function will improve performance and will save significant power so it is suggested whenever possible to fully pipeline this function.  If this multiplier was inferred, it is suggested to describe an additional register stage after this function.  If there is no registered adder/accumulator following the multiply function, two pipeline stages are suggested to allow both the MREG and PREG registers to be used.  If the DSP48 was instantiated in the design, it is suggested to set both the MREG and PREG attributes to 1 when performing multiply functions.
WARNING: [DRC DPOP-4] MREG Output pipelining: DSP design_1_i/dvbs2_ip/U0/u_dvbs2_ip_dut_inst/u_dvbs2_ip_src_DVBS2/u_DVBS2_TxRx/u_DVB_S2_HDL_Receiver/u_Synchronizer_and_PL_Header_Decoder/u_Fine_Phase_Synchronizer/Delay7_reg_re_reg[0] multiplier stage design_1_i/dvbs2_ip/U0/u_dvbs2_ip_dut_inst/u_dvbs2_ip_src_DVBS2/u_DVBS2_TxRx/u_DVB_S2_HDL_Receiver/u_Synchronizer_and_PL_Header_Decoder/u_Fine_Phase_Synchronizer/Delay7_reg_re_reg[0]/P[47:0] is not pipelined (MREG=0). Pipelining the multiplier function will improve performance and will save significant power so it is suggested whenever possible to fully pipeline this function.  If this multiplier was inferred, it is suggested to describe an additional register stage after this function.  If there is no registered adder/accumulator following the multiply function, two pipeline stages are suggested to allow both the MREG and PREG registers to be used.  If the DSP48 was instantiated in the design, it is suggested to set both the MREG and PREG attributes to 1 when performing multiply functions.
WARNING: [DRC DPOP-4] MREG Output pipelining: DSP design_1_i/dvbs2_ip/U0/u_dvbs2_ip_dut_inst/u_dvbs2_ip_src_DVBS2/u_DVBS2_TxRx/u_DVB_S2_HDL_Receiver/u_Synchronizer_and_PL_Header_Decoder/u_Fine_Phase_Synchronizer/u_Power_Q_and_Beta_Offset_Rotation/u_Complex_Multiplier/Delay21_reg_reg[0] multiplier stage design_1_i/dvbs2_ip/U0/u_dvbs2_ip_dut_inst/u_dvbs2_ip_src_DVBS2/u_DVBS2_TxRx/u_DVB_S2_HDL_Receiver/u_Synchronizer_and_PL_Header_Decoder/u_Fine_Phase_Synchronizer/u_Power_Q_and_Beta_Offset_Rotation/u_Complex_Multiplier/Delay21_reg_reg[0]/P[47:0] is not pipelined (MREG=0). Pipelining the multiplier function will improve performance and will save significant power so it is suggested whenever possible to fully pipeline this function.  If this multiplier was inferred, it is suggested to describe an additional register stage after this function.  If there is no registered adder/accumulator following the multiply function, two pipeline stages are suggested to allow both the MREG and PREG registers to be used.  If the DSP48 was instantiated in the design, it is suggested to set both the MREG and PREG attributes to 1 when performing multiply functions.
WARNING: [DRC DPOP-4] MREG Output pipelining: DSP design_1_i/dvbs2_ip/U0/u_dvbs2_ip_dut_inst/u_dvbs2_ip_src_DVBS2/u_DVBS2_TxRx/u_DVB_S2_HDL_Receiver/u_Synchronizer_and_PL_Header_Decoder/u_Fine_Phase_Synchronizer/u_Power_Q_and_Beta_Offset_Rotation/u_Complex_Multiplier/Delay6_reg_reg[0] multiplier stage design_1_i/dvbs2_ip/U0/u_dvbs2_ip_dut_inst/u_dvbs2_ip_src_DVBS2/u_DVBS2_TxRx/u_DVB_S2_HDL_Receiver/u_Synchronizer_and_PL_Header_Decoder/u_Fine_Phase_Synchronizer/u_Power_Q_and_Beta_Offset_Rotation/u_Complex_Multiplier/Delay6_reg_reg[0]/P[47:0] is not pipelined (MREG=0). Pipelining the multiplier function will improve performance and will save significant power so it is suggested whenever possible to fully pipeline this function.  If this multiplier was inferred, it is suggested to describe an additional register stage after this function.  If there is no registered adder/accumulator following the multiply function, two pipeline stages are suggested to allow both the MREG and PREG registers to be used.  If the DSP48 was instantiated in the design, it is suggested to set both the MREG and PREG attributes to 1 when performing multiply functions.
WARNING: [DRC DPOP-4] MREG Output pipelining: DSP design_1_i/dvbs2_ip/U0/u_dvbs2_ip_dut_inst/u_dvbs2_ip_src_DVBS2/u_DVBS2_TxRx/u_DVB_S2_HDL_Receiver/u_Synchronizer_and_PL_Header_Decoder/u_Fine_Phase_Synchronizer/u_Power_Q_and_Beta_Offset_Rotation/u_Complex_Multiplier/Delay7_reg_reg[0] multiplier stage design_1_i/dvbs2_ip/U0/u_dvbs2_ip_dut_inst/u_dvbs2_ip_src_DVBS2/u_DVBS2_TxRx/u_DVB_S2_HDL_Receiver/u_Synchronizer_and_PL_Header_Decoder/u_Fine_Phase_Synchronizer/u_Power_Q_and_Beta_Offset_Rotation/u_Complex_Multiplier/Delay7_reg_reg[0]/P[47:0] is not pipelined (MREG=0). Pipelining the multiplier function will improve performance and will save significant power so it is suggested whenever possible to fully pipeline this function.  If this multiplier was inferred, it is suggested to describe an additional register stage after this function.  If there is no registered adder/accumulator following the multiply function, two pipeline stages are suggested to allow both the MREG and PREG registers to be used.  If the DSP48 was instantiated in the design, it is suggested to set both the MREG and PREG attributes to 1 when performing multiply functions.
WARNING: [DRC DPOP-4] MREG Output pipelining: DSP design_1_i/dvbs2_ip/U0/u_dvbs2_ip_dut_inst/u_dvbs2_ip_src_DVBS2/u_DVBS2_TxRx/u_DVB_S2_HDL_Receiver/u_Synchronizer_and_PL_Header_Decoder/u_Fine_Phase_Synchronizer/u_Power_Q_and_Beta_Offset_Rotation/u_Complex_Multiplier1/Delay21_reg_reg[0] multiplier stage design_1_i/dvbs2_ip/U0/u_dvbs2_ip_dut_inst/u_dvbs2_ip_src_DVBS2/u_DVBS2_TxRx/u_DVB_S2_HDL_Receiver/u_Synchronizer_and_PL_Header_Decoder/u_Fine_Phase_Synchronizer/u_Power_Q_and_Beta_Offset_Rotation/u_Complex_Multiplier1/Delay21_reg_reg[0]/P[47:0] is not pipelined (MREG=0). Pipelining the multiplier function will improve performance and will save significant power so it is suggested whenever possible to fully pipeline this function.  If this multiplier was inferred, it is suggested to describe an additional register stage after this function.  If there is no registered adder/accumulator following the multiply function, two pipeline stages are suggested to allow both the MREG and PREG registers to be used.  If the DSP48 was instantiated in the design, it is suggested to set both the MREG and PREG attributes to 1 when performing multiply functions.
WARNING: [DRC DPOP-4] MREG Output pipelining: DSP design_1_i/dvbs2_ip/U0/u_dvbs2_ip_dut_inst/u_dvbs2_ip_src_DVBS2/u_DVBS2_TxRx/u_DVB_S2_HDL_Receiver/u_Synchronizer_and_PL_Header_Decoder/u_Fine_Phase_Synchronizer/u_Power_Q_and_Beta_Offset_Rotation/u_Complex_Multiplier1/Delay6_reg_reg[0] multiplier stage design_1_i/dvbs2_ip/U0/u_dvbs2_ip_dut_inst/u_dvbs2_ip_src_DVBS2/u_DVBS2_TxRx/u_DVB_S2_HDL_Receiver/u_Synchronizer_and_PL_Header_Decoder/u_Fine_Phase_Synchronizer/u_Power_Q_and_Beta_Offset_Rotation/u_Complex_Multiplier1/Delay6_reg_reg[0]/P[47:0] is not pipelined (MREG=0). Pipelining the multiplier function will improve performance and will save significant power so it is suggested whenever possible to fully pipeline this function.  If this multiplier was inferred, it is suggested to describe an additional register stage after this function.  If there is no registered adder/accumulator following the multiply function, two pipeline stages are suggested to allow both the MREG and PREG registers to be used.  If the DSP48 was instantiated in the design, it is suggested to set both the MREG and PREG attributes to 1 when performing multiply functions.
WARNING: [DRC DPOP-4] MREG Output pipelining: DSP design_1_i/dvbs2_ip/U0/u_dvbs2_ip_dut_inst/u_dvbs2_ip_src_DVBS2/u_DVBS2_TxRx/u_DVB_S2_HDL_Receiver/u_Synchronizer_and_PL_Header_Decoder/u_Fine_Phase_Synchronizer/u_Power_Q_and_Beta_Offset_Rotation/u_Complex_Multiplier1/Delay7_reg_reg[0] multiplier stage design_1_i/dvbs2_ip/U0/u_dvbs2_ip_dut_inst/u_dvbs2_ip_src_DVBS2/u_DVBS2_TxRx/u_DVB_S2_HDL_Receiver/u_Synchronizer_and_PL_Header_Decoder/u_Fine_Phase_Synchronizer/u_Power_Q_and_Beta_Offset_Rotation/u_Complex_Multiplier1/Delay7_reg_reg[0]/P[47:0] is not pipelined (MREG=0). Pipelining the multiplier function will improve performance and will save significant power so it is suggested whenever possible to fully pipeline this function.  If this multiplier was inferred, it is suggested to describe an additional register stage after this function.  If there is no registered adder/accumulator following the multiply function, two pipeline stages are suggested to allow both the MREG and PREG registers to be used.  If the DSP48 was instantiated in the design, it is suggested to set both the MREG and PREG attributes to 1 when performing multiply functions.
WARNING: [DRC DPOP-4] MREG Output pipelining: DSP design_1_i/dvbs2_ip/U0/u_dvbs2_ip_dut_inst/u_dvbs2_ip_src_DVBS2/u_DVBS2_TxRx/u_DVB_S2_HDL_Receiver/u_Synchronizer_and_PL_Header_Decoder/u_Fine_Phase_Synchronizer/u_Power_Q_and_Beta_Offset_Rotation/u_Complex_Multiplier2/Delay21_reg_reg[0] multiplier stage design_1_i/dvbs2_ip/U0/u_dvbs2_ip_dut_inst/u_dvbs2_ip_src_DVBS2/u_DVBS2_TxRx/u_DVB_S2_HDL_Receiver/u_Synchronizer_and_PL_Header_Decoder/u_Fine_Phase_Synchronizer/u_Power_Q_and_Beta_Offset_Rotation/u_Complex_Multiplier2/Delay21_reg_reg[0]/P[47:0] is not pipelined (MREG=0). Pipelining the multiplier function will improve performance and will save significant power so it is suggested whenever possible to fully pipeline this function.  If this multiplier was inferred, it is suggested to describe an additional register stage after this function.  If there is no registered adder/accumulator following the multiply function, two pipeline stages are suggested to allow both the MREG and PREG registers to be used.  If the DSP48 was instantiated in the design, it is suggested to set both the MREG and PREG attributes to 1 when performing multiply functions.
WARNING: [DRC DPOP-4] MREG Output pipelining: DSP design_1_i/dvbs2_ip/U0/u_dvbs2_ip_dut_inst/u_dvbs2_ip_src_DVBS2/u_DVBS2_TxRx/u_DVB_S2_HDL_Receiver/u_Synchronizer_and_PL_Header_Decoder/u_Fine_Phase_Synchronizer/u_Power_Q_and_Beta_Offset_Rotation/u_Complex_Multiplier2/Delay6_reg_reg[0] multiplier stage design_1_i/dvbs2_ip/U0/u_dvbs2_ip_dut_inst/u_dvbs2_ip_src_DVBS2/u_DVBS2_TxRx/u_DVB_S2_HDL_Receiver/u_Synchronizer_and_PL_Header_Decoder/u_Fine_Phase_Synchronizer/u_Power_Q_and_Beta_Offset_Rotation/u_Complex_Multiplier2/Delay6_reg_reg[0]/P[47:0] is not pipelined (MREG=0). Pipelining the multiplier function will improve performance and will save significant power so it is suggested whenever possible to fully pipeline this function.  If this multiplier was inferred, it is suggested to describe an additional register stage after this function.  If there is no registered adder/accumulator following the multiply function, two pipeline stages are suggested to allow both the MREG and PREG registers to be used.  If the DSP48 was instantiated in the design, it is suggested to set both the MREG and PREG attributes to 1 when performing multiply functions.
WARNING: [DRC DPOP-4] MREG Output pipelining: DSP design_1_i/dvbs2_ip/U0/u_dvbs2_ip_dut_inst/u_dvbs2_ip_src_DVBS2/u_DVBS2_TxRx/u_DVB_S2_HDL_Receiver/u_Synchronizer_and_PL_Header_Decoder/u_Fine_Phase_Synchronizer/u_Power_Q_and_Beta_Offset_Rotation/u_Complex_Multiplier2/Delay7_reg_reg[0] multiplier stage design_1_i/dvbs2_ip/U0/u_dvbs2_ip_dut_inst/u_dvbs2_ip_src_DVBS2/u_DVBS2_TxRx/u_DVB_S2_HDL_Receiver/u_Synchronizer_and_PL_Header_Decoder/u_Fine_Phase_Synchronizer/u_Power_Q_and_Beta_Offset_Rotation/u_Complex_Multiplier2/Delay7_reg_reg[0]/P[47:0] is not pipelined (MREG=0). Pipelining the multiplier function will improve performance and will save significant power so it is suggested whenever possible to fully pipeline this function.  If this multiplier was inferred, it is suggested to describe an additional register stage after this function.  If there is no registered adder/accumulator following the multiply function, two pipeline stages are suggested to allow both the MREG and PREG registers to be used.  If the DSP48 was instantiated in the design, it is suggested to set both the MREG and PREG attributes to 1 when performing multiply functions.
WARNING: [DRC DPOP-4] MREG Output pipelining: DSP design_1_i/dvbs2_ip/U0/u_dvbs2_ip_dut_inst/u_dvbs2_ip_src_DVBS2/u_DVBS2_TxRx/u_DVB_S2_HDL_Receiver/u_Synchronizer_and_PL_Header_Decoder/u_PL_Header_Recovery/u_PL_Header_Decoder/u_pi_2_BPSK_Soft_Bit_Generator/Gain1_mul_temp multiplier stage design_1_i/dvbs2_ip/U0/u_dvbs2_ip_dut_inst/u_dvbs2_ip_src_DVBS2/u_DVBS2_TxRx/u_DVB_S2_HDL_Receiver/u_Synchronizer_and_PL_Header_Decoder/u_PL_Header_Recovery/u_PL_Header_Decoder/u_pi_2_BPSK_Soft_Bit_Generator/Gain1_mul_temp/P[47:0] is not pipelined (MREG=0). Pipelining the multiplier function will improve performance and will save significant power so it is suggested whenever possible to fully pipeline this function.  If this multiplier was inferred, it is suggested to describe an additional register stage after this function.  If there is no registered adder/accumulator following the multiply function, two pipeline stages are suggested to allow both the MREG and PREG registers to be used.  If the DSP48 was instantiated in the design, it is suggested to set both the MREG and PREG attributes to 1 when performing multiply functions.
WARNING: [DRC DPOP-4] MREG Output pipelining: DSP design_1_i/dvbs2_ip/U0/u_dvbs2_ip_dut_inst/u_dvbs2_ip_src_DVBS2/u_DVBS2_TxRx/u_DVB_S2_HDL_Receiver/u_Synchronizer_and_PL_Header_Decoder/u_PL_Header_Recovery/u_PL_Header_Decoder/u_pi_2_BPSK_Soft_Bit_Generator/Gain_mul_temp multiplier stage design_1_i/dvbs2_ip/U0/u_dvbs2_ip_dut_inst/u_dvbs2_ip_src_DVBS2/u_DVBS2_TxRx/u_DVB_S2_HDL_Receiver/u_Synchronizer_and_PL_Header_Decoder/u_PL_Header_Recovery/u_PL_Header_Decoder/u_pi_2_BPSK_Soft_Bit_Generator/Gain_mul_temp/P[47:0] is not pipelined (MREG=0). Pipelining the multiplier function will improve performance and will save significant power so it is suggested whenever possible to fully pipeline this function.  If this multiplier was inferred, it is suggested to describe an additional register stage after this function.  If there is no registered adder/accumulator following the multiply function, two pipeline stages are suggested to allow both the MREG and PREG registers to be used.  If the DSP48 was instantiated in the design, it is suggested to set both the MREG and PREG attributes to 1 when performing multiply functions.
WARNING: [DRC DPOP-4] MREG Output pipelining: DSP design_1_i/dvbs2_ip/U0/u_dvbs2_ip_dut_inst/u_dvbs2_ip_src_DVBS2/u_DVBS2_TxRx/u_DVB_S2_HDL_Receiver/u_Synchronizer_and_PL_Header_Decoder/u_PL_Header_Recovery/u_PL_Header_Decoder/u_pi_2_BPSK_Soft_Bit_Generator/Gain_mul_temp_1 multiplier stage design_1_i/dvbs2_ip/U0/u_dvbs2_ip_dut_inst/u_dvbs2_ip_src_DVBS2/u_DVBS2_TxRx/u_DVB_S2_HDL_Receiver/u_Synchronizer_and_PL_Header_Decoder/u_PL_Header_Recovery/u_PL_Header_Decoder/u_pi_2_BPSK_Soft_Bit_Generator/Gain_mul_temp_1/P[47:0] is not pipelined (MREG=0). Pipelining the multiplier function will improve performance and will save significant power so it is suggested whenever possible to fully pipeline this function.  If this multiplier was inferred, it is suggested to describe an additional register stage after this function.  If there is no registered adder/accumulator following the multiply function, two pipeline stages are suggested to allow both the MREG and PREG registers to be used.  If the DSP48 was instantiated in the design, it is suggested to set both the MREG and PREG attributes to 1 when performing multiply functions.
WARNING: [DRC DPOP-4] MREG Output pipelining: DSP design_1_i/dvbs2_ip/U0/u_dvbs2_ip_dut_inst/u_dvbs2_ip_src_DVBS2/u_DVBS2_TxRx/u_DVB_S2_HDL_Receiver/u_Synchronizer_and_PL_Header_Decoder/u_Time_Frequency_and_Coarse_Phase_Synchronizer/u_Coarse_Phase_Synchronizer/u_Coarse_Phase_Corrector/Product2_mul_temp multiplier stage design_1_i/dvbs2_ip/U0/u_dvbs2_ip_dut_inst/u_dvbs2_ip_src_DVBS2/u_DVBS2_TxRx/u_DVB_S2_HDL_Receiver/u_Synchronizer_and_PL_Header_Decoder/u_Time_Frequency_and_Coarse_Phase_Synchronizer/u_Coarse_Phase_Synchronizer/u_Coarse_Phase_Corrector/Product2_mul_temp/P[47:0] is not pipelined (MREG=0). Pipelining the multiplier function will improve performance and will save significant power so it is suggested whenever possible to fully pipeline this function.  If this multiplier was inferred, it is suggested to describe an additional register stage after this function.  If there is no registered adder/accumulator following the multiply function, two pipeline stages are suggested to allow both the MREG and PREG registers to be used.  If the DSP48 was instantiated in the design, it is suggested to set both the MREG and PREG attributes to 1 when performing multiply functions.
WARNING: [DRC DPOP-4] MREG Output pipelining: DSP design_1_i/dvbs2_ip/U0/u_dvbs2_ip_dut_inst/u_dvbs2_ip_src_DVBS2/u_DVBS2_TxRx/u_DVB_S2_HDL_Receiver/u_Synchronizer_and_PL_Header_Decoder/u_Time_Frequency_and_Coarse_Phase_Synchronizer/u_Coarse_Phase_Synchronizer/u_Coarse_Phase_Corrector/Product2_mul_temp_1 multiplier stage design_1_i/dvbs2_ip/U0/u_dvbs2_ip_dut_inst/u_dvbs2_ip_src_DVBS2/u_DVBS2_TxRx/u_DVB_S2_HDL_Receiver/u_Synchronizer_and_PL_Header_Decoder/u_Time_Frequency_and_Coarse_Phase_Synchronizer/u_Coarse_Phase_Synchronizer/u_Coarse_Phase_Corrector/Product2_mul_temp_1/P[47:0] is not pipelined (MREG=0). Pipelining the multiplier function will improve performance and will save significant power so it is suggested whenever possible to fully pipeline this function.  If this multiplier was inferred, it is suggested to describe an additional register stage after this function.  If there is no registered adder/accumulator following the multiply function, two pipeline stages are suggested to allow both the MREG and PREG registers to be used.  If the DSP48 was instantiated in the design, it is suggested to set both the MREG and PREG attributes to 1 when performing multiply functions.
WARNING: [DRC DPOP-4] MREG Output pipelining: DSP design_1_i/dvbs2_ip/U0/u_dvbs2_ip_dut_inst/u_dvbs2_ip_src_DVBS2/u_DVBS2_TxRx/u_DVB_S2_HDL_Receiver/u_Synchronizer_and_PL_Header_Decoder/u_Time_Frequency_and_Coarse_Phase_Synchronizer/u_Coarse_Phase_Synchronizer/u_Coarse_Phase_Corrector/Product2_mul_temp_2 multiplier stage design_1_i/dvbs2_ip/U0/u_dvbs2_ip_dut_inst/u_dvbs2_ip_src_DVBS2/u_DVBS2_TxRx/u_DVB_S2_HDL_Receiver/u_Synchronizer_and_PL_Header_Decoder/u_Time_Frequency_and_Coarse_Phase_Synchronizer/u_Coarse_Phase_Synchronizer/u_Coarse_Phase_Corrector/Product2_mul_temp_2/P[47:0] is not pipelined (MREG=0). Pipelining the multiplier function will improve performance and will save significant power so it is suggested whenever possible to fully pipeline this function.  If this multiplier was inferred, it is suggested to describe an additional register stage after this function.  If there is no registered adder/accumulator following the multiply function, two pipeline stages are suggested to allow both the MREG and PREG registers to be used.  If the DSP48 was instantiated in the design, it is suggested to set both the MREG and PREG attributes to 1 when performing multiply functions.
WARNING: [DRC DPOP-4] MREG Output pipelining: DSP design_1_i/dvbs2_ip/U0/u_dvbs2_ip_dut_inst/u_dvbs2_ip_src_DVBS2/u_DVBS2_TxRx/u_DVB_S2_HDL_Receiver/u_Synchronizer_and_PL_Header_Decoder/u_Time_Frequency_and_Coarse_Phase_Synchronizer/u_Coarse_Phase_Synchronizer/u_Coarse_Phase_Corrector/Product2_mul_temp_3 multiplier stage design_1_i/dvbs2_ip/U0/u_dvbs2_ip_dut_inst/u_dvbs2_ip_src_DVBS2/u_DVBS2_TxRx/u_DVB_S2_HDL_Receiver/u_Synchronizer_and_PL_Header_Decoder/u_Time_Frequency_and_Coarse_Phase_Synchronizer/u_Coarse_Phase_Synchronizer/u_Coarse_Phase_Corrector/Product2_mul_temp_3/P[47:0] is not pipelined (MREG=0). Pipelining the multiplier function will improve performance and will save significant power so it is suggested whenever possible to fully pipeline this function.  If this multiplier was inferred, it is suggested to describe an additional register stage after this function.  If there is no registered adder/accumulator following the multiply function, two pipeline stages are suggested to allow both the MREG and PREG registers to be used.  If the DSP48 was instantiated in the design, it is suggested to set both the MREG and PREG attributes to 1 when performing multiply functions.
WARNING: [DRC DPOP-4] MREG Output pipelining: DSP design_1_i/dvbs2_ip/U0/u_dvbs2_ip_dut_inst/u_dvbs2_ip_src_DVBS2/u_DVBS2_TxRx/u_DVB_S2_HDL_Receiver/u_Synchronizer_and_PL_Header_Decoder/u_Time_Frequency_and_Coarse_Phase_Synchronizer/u_Coarse_Phase_Synchronizer/u_Coarse_Phase_Estimator/Gain_mul_temp multiplier stage design_1_i/dvbs2_ip/U0/u_dvbs2_ip_dut_inst/u_dvbs2_ip_src_DVBS2/u_DVBS2_TxRx/u_DVB_S2_HDL_Receiver/u_Synchronizer_and_PL_Header_Decoder/u_Time_Frequency_and_Coarse_Phase_Synchronizer/u_Coarse_Phase_Synchronizer/u_Coarse_Phase_Estimator/Gain_mul_temp/P[47:0] is not pipelined (MREG=0). Pipelining the multiplier function will improve performance and will save significant power so it is suggested whenever possible to fully pipeline this function.  If this multiplier was inferred, it is suggested to describe an additional register stage after this function.  If there is no registered adder/accumulator following the multiply function, two pipeline stages are suggested to allow both the MREG and PREG registers to be used.  If the DSP48 was instantiated in the design, it is suggested to set both the MREG and PREG attributes to 1 when performing multiply functions.
WARNING: [DRC DPOP-4] MREG Output pipelining: DSP design_1_i/dvbs2_ip/U0/u_dvbs2_ip_dut_inst/u_dvbs2_ip_src_DVBS2/u_DVBS2_TxRx/u_DVB_S2_HDL_Receiver/u_Synchronizer_and_PL_Header_Decoder/u_Time_Frequency_and_Coarse_Phase_Synchronizer/u_Coarse_Phase_Synchronizer/u_Coarse_Phase_Estimator/Gain_mul_temp_1 multiplier stage design_1_i/dvbs2_ip/U0/u_dvbs2_ip_dut_inst/u_dvbs2_ip_src_DVBS2/u_DVBS2_TxRx/u_DVB_S2_HDL_Receiver/u_Synchronizer_and_PL_Header_Decoder/u_Time_Frequency_and_Coarse_Phase_Synchronizer/u_Coarse_Phase_Synchronizer/u_Coarse_Phase_Estimator/Gain_mul_temp_1/P[47:0] is not pipelined (MREG=0). Pipelining the multiplier function will improve performance and will save significant power so it is suggested whenever possible to fully pipeline this function.  If this multiplier was inferred, it is suggested to describe an additional register stage after this function.  If there is no registered adder/accumulator following the multiply function, two pipeline stages are suggested to allow both the MREG and PREG registers to be used.  If the DSP48 was instantiated in the design, it is suggested to set both the MREG and PREG attributes to 1 when performing multiply functions.
WARNING: [DRC DPOP-4] MREG Output pipelining: DSP design_1_i/dvbs2_ip/U0/u_dvbs2_ip_dut_inst/u_dvbs2_ip_src_DVBS2/u_DVBS2_TxRx/u_DVB_S2_HDL_Receiver/u_Synchronizer_and_PL_Header_Decoder/u_Time_Frequency_and_Coarse_Phase_Synchronizer/u_Coarse_Phase_Synchronizer/u_Coarse_Phase_Estimator/Gain_mul_temp_2 multiplier stage design_1_i/dvbs2_ip/U0/u_dvbs2_ip_dut_inst/u_dvbs2_ip_src_DVBS2/u_DVBS2_TxRx/u_DVB_S2_HDL_Receiver/u_Synchronizer_and_PL_Header_Decoder/u_Time_Frequency_and_Coarse_Phase_Synchronizer/u_Coarse_Phase_Synchronizer/u_Coarse_Phase_Estimator/Gain_mul_temp_2/P[47:0] is not pipelined (MREG=0). Pipelining the multiplier function will improve performance and will save significant power so it is suggested whenever possible to fully pipeline this function.  If this multiplier was inferred, it is suggested to describe an additional register stage after this function.  If there is no registered adder/accumulator following the multiply function, two pipeline stages are suggested to allow both the MREG and PREG registers to be used.  If the DSP48 was instantiated in the design, it is suggested to set both the MREG and PREG attributes to 1 when performing multiply functions.
WARNING: [DRC DPOP-4] MREG Output pipelining: DSP design_1_i/dvbs2_ip/U0/u_dvbs2_ip_dut_inst/u_dvbs2_ip_src_DVBS2/u_DVBS2_TxRx/u_DVB_S2_HDL_Receiver/u_Synchronizer_and_PL_Header_Decoder/u_Time_Frequency_and_Coarse_Phase_Synchronizer/u_Coarse_Phase_Synchronizer/u_Coarse_Phase_Estimator/Gain_mul_temp_3 multiplier stage design_1_i/dvbs2_ip/U0/u_dvbs2_ip_dut_inst/u_dvbs2_ip_src_DVBS2/u_DVBS2_TxRx/u_DVB_S2_HDL_Receiver/u_Synchronizer_and_PL_Header_Decoder/u_Time_Frequency_and_Coarse_Phase_Synchronizer/u_Coarse_Phase_Synchronizer/u_Coarse_Phase_Estimator/Gain_mul_temp_3/P[47:0] is not pipelined (MREG=0). Pipelining the multiplier function will improve performance and will save significant power so it is suggested whenever possible to fully pipeline this function.  If this multiplier was inferred, it is suggested to describe an additional register stage after this function.  If there is no registered adder/accumulator following the multiply function, two pipeline stages are suggested to allow both the MREG and PREG registers to be used.  If the DSP48 was instantiated in the design, it is suggested to set both the MREG and PREG attributes to 1 when performing multiply functions.
WARNING: [DRC DPOP-4] MREG Output pipelining: DSP design_1_i/dvbs2_ip/U0/u_dvbs2_ip_dut_inst/u_dvbs2_ip_src_DVBS2/u_DVBS2_TxRx/u_DVB_S2_HDL_Receiver/u_Synchronizer_and_PL_Header_Decoder/u_Time_Frequency_and_Coarse_Phase_Synchronizer/u_Fine_Frequency_Synchronizer/Gain_mul_temp multiplier stage design_1_i/dvbs2_ip/U0/u_dvbs2_ip_dut_inst/u_dvbs2_ip_src_DVBS2/u_DVBS2_TxRx/u_DVB_S2_HDL_Receiver/u_Synchronizer_and_PL_Header_Decoder/u_Time_Frequency_and_Coarse_Phase_Synchronizer/u_Fine_Frequency_Synchronizer/Gain_mul_temp/P[47:0] is not pipelined (MREG=0). Pipelining the multiplier function will improve performance and will save significant power so it is suggested whenever possible to fully pipeline this function.  If this multiplier was inferred, it is suggested to describe an additional register stage after this function.  If there is no registered adder/accumulator following the multiply function, two pipeline stages are suggested to allow both the MREG and PREG registers to be used.  If the DSP48 was instantiated in the design, it is suggested to set both the MREG and PREG attributes to 1 when performing multiply functions.
WARNING: [DRC DPOP-4] MREG Output pipelining: DSP design_1_i/dvbs2_ip/U0/u_dvbs2_ip_dut_inst/u_dvbs2_ip_src_DVBS2/u_DVBS2_TxRx/u_DVB_S2_HDL_Receiver/u_Synchronizer_and_PL_Header_Decoder/u_Time_Frequency_and_Coarse_Phase_Synchronizer/u_Fine_Frequency_Synchronizer/Gain_mul_temp_1 multiplier stage design_1_i/dvbs2_ip/U0/u_dvbs2_ip_dut_inst/u_dvbs2_ip_src_DVBS2/u_DVBS2_TxRx/u_DVB_S2_HDL_Receiver/u_Synchronizer_and_PL_Header_Decoder/u_Time_Frequency_and_Coarse_Phase_Synchronizer/u_Fine_Frequency_Synchronizer/Gain_mul_temp_1/P[47:0] is not pipelined (MREG=0). Pipelining the multiplier function will improve performance and will save significant power so it is suggested whenever possible to fully pipeline this function.  If this multiplier was inferred, it is suggested to describe an additional register stage after this function.  If there is no registered adder/accumulator following the multiply function, two pipeline stages are suggested to allow both the MREG and PREG registers to be used.  If the DSP48 was instantiated in the design, it is suggested to set both the MREG and PREG attributes to 1 when performing multiply functions.
WARNING: [DRC DPOP-4] MREG Output pipelining: DSP design_1_i/dvbs2_ip/U0/u_dvbs2_ip_dut_inst/u_dvbs2_ip_src_DVBS2/u_DVBS2_TxRx/u_DVB_S2_HDL_Receiver/u_Synchronizer_and_PL_Header_Decoder/u_Time_Frequency_and_Coarse_Phase_Synchronizer/u_Fine_Frequency_Synchronizer/Gain_mul_temp_2 multiplier stage design_1_i/dvbs2_ip/U0/u_dvbs2_ip_dut_inst/u_dvbs2_ip_src_DVBS2/u_DVBS2_TxRx/u_DVB_S2_HDL_Receiver/u_Synchronizer_and_PL_Header_Decoder/u_Time_Frequency_and_Coarse_Phase_Synchronizer/u_Fine_Frequency_Synchronizer/Gain_mul_temp_2/P[47:0] is not pipelined (MREG=0). Pipelining the multiplier function will improve performance and will save significant power so it is suggested whenever possible to fully pipeline this function.  If this multiplier was inferred, it is suggested to describe an additional register stage after this function.  If there is no registered adder/accumulator following the multiply function, two pipeline stages are suggested to allow both the MREG and PREG registers to be used.  If the DSP48 was instantiated in the design, it is suggested to set both the MREG and PREG attributes to 1 when performing multiply functions.
WARNING: [DRC DPOP-4] MREG Output pipelining: DSP design_1_i/dvbs2_ip/U0/u_dvbs2_ip_dut_inst/u_dvbs2_ip_src_DVBS2/u_DVBS2_TxRx/u_DVB_S2_HDL_Receiver/u_Synchronizer_and_PL_Header_Decoder/u_Time_Frequency_and_Coarse_Phase_Synchronizer/u_Fine_Frequency_Synchronizer/Gain_mul_temp_3 multiplier stage design_1_i/dvbs2_ip/U0/u_dvbs2_ip_dut_inst/u_dvbs2_ip_src_DVBS2/u_DVBS2_TxRx/u_DVB_S2_HDL_Receiver/u_Synchronizer_and_PL_Header_Decoder/u_Time_Frequency_and_Coarse_Phase_Synchronizer/u_Fine_Frequency_Synchronizer/Gain_mul_temp_3/P[47:0] is not pipelined (MREG=0). Pipelining the multiplier function will improve performance and will save significant power so it is suggested whenever possible to fully pipeline this function.  If this multiplier was inferred, it is suggested to describe an additional register stage after this function.  If there is no registered adder/accumulator following the multiply function, two pipeline stages are suggested to allow both the MREG and PREG registers to be used.  If the DSP48 was instantiated in the design, it is suggested to set both the MREG and PREG attributes to 1 when performing multiply functions.
WARNING: [DRC DPOP-4] MREG Output pipelining: DSP design_1_i/dvbs2_ip/U0/u_dvbs2_ip_dut_inst/u_dvbs2_ip_src_DVBS2/u_DVBS2_TxRx/u_DVB_S2_HDL_Receiver/u_Synchronizer_and_PL_Header_Decoder/u_Time_Frequency_and_Coarse_Phase_Synchronizer/u_Fine_Frequency_Synchronizer/Product_mul_temp multiplier stage design_1_i/dvbs2_ip/U0/u_dvbs2_ip_dut_inst/u_dvbs2_ip_src_DVBS2/u_DVBS2_TxRx/u_DVB_S2_HDL_Receiver/u_Synchronizer_and_PL_Header_Decoder/u_Time_Frequency_and_Coarse_Phase_Synchronizer/u_Fine_Frequency_Synchronizer/Product_mul_temp/P[47:0] is not pipelined (MREG=0). Pipelining the multiplier function will improve performance and will save significant power so it is suggested whenever possible to fully pipeline this function.  If this multiplier was inferred, it is suggested to describe an additional register stage after this function.  If there is no registered adder/accumulator following the multiply function, two pipeline stages are suggested to allow both the MREG and PREG registers to be used.  If the DSP48 was instantiated in the design, it is suggested to set both the MREG and PREG attributes to 1 when performing multiply functions.
WARNING: [DRC DPOP-4] MREG Output pipelining: DSP design_1_i/dvbs2_ip/U0/u_dvbs2_ip_dut_inst/u_dvbs2_ip_src_DVBS2/u_DVBS2_TxRx/u_DVB_S2_HDL_Receiver/u_Synchronizer_and_PL_Header_Decoder/u_Time_Frequency_and_Coarse_Phase_Synchronizer/u_Fine_Frequency_Synchronizer/Product_mul_temp_1 multiplier stage design_1_i/dvbs2_ip/U0/u_dvbs2_ip_dut_inst/u_dvbs2_ip_src_DVBS2/u_DVBS2_TxRx/u_DVB_S2_HDL_Receiver/u_Synchronizer_and_PL_Header_Decoder/u_Time_Frequency_and_Coarse_Phase_Synchronizer/u_Fine_Frequency_Synchronizer/Product_mul_temp_1/P[47:0] is not pipelined (MREG=0). Pipelining the multiplier function will improve performance and will save significant power so it is suggested whenever possible to fully pipeline this function.  If this multiplier was inferred, it is suggested to describe an additional register stage after this function.  If there is no registered adder/accumulator following the multiply function, two pipeline stages are suggested to allow both the MREG and PREG registers to be used.  If the DSP48 was instantiated in the design, it is suggested to set both the MREG and PREG attributes to 1 when performing multiply functions.
WARNING: [DRC DPOP-4] MREG Output pipelining: DSP design_1_i/dvbs2_ip/U0/u_dvbs2_ip_dut_inst/u_dvbs2_ip_src_DVBS2/u_DVBS2_TxRx/u_DVB_S2_HDL_Receiver/u_Synchronizer_and_PL_Header_Decoder/u_Time_Frequency_and_Coarse_Phase_Synchronizer/u_Fine_Frequency_Synchronizer/Product_mul_temp_2 multiplier stage design_1_i/dvbs2_ip/U0/u_dvbs2_ip_dut_inst/u_dvbs2_ip_src_DVBS2/u_DVBS2_TxRx/u_DVB_S2_HDL_Receiver/u_Synchronizer_and_PL_Header_Decoder/u_Time_Frequency_and_Coarse_Phase_Synchronizer/u_Fine_Frequency_Synchronizer/Product_mul_temp_2/P[47:0] is not pipelined (MREG=0). Pipelining the multiplier function will improve performance and will save significant power so it is suggested whenever possible to fully pipeline this function.  If this multiplier was inferred, it is suggested to describe an additional register stage after this function.  If there is no registered adder/accumulator following the multiply function, two pipeline stages are suggested to allow both the MREG and PREG registers to be used.  If the DSP48 was instantiated in the design, it is suggested to set both the MREG and PREG attributes to 1 when performing multiply functions.
WARNING: [DRC DPOP-4] MREG Output pipelining: DSP design_1_i/dvbs2_ip/U0/u_dvbs2_ip_dut_inst/u_dvbs2_ip_src_DVBS2/u_DVBS2_TxRx/u_DVB_S2_HDL_Receiver/u_Synchronizer_and_PL_Header_Decoder/u_Time_Frequency_and_Coarse_Phase_Synchronizer/u_Fine_Frequency_Synchronizer/Product_mul_temp_3 multiplier stage design_1_i/dvbs2_ip/U0/u_dvbs2_ip_dut_inst/u_dvbs2_ip_src_DVBS2/u_DVBS2_TxRx/u_DVB_S2_HDL_Receiver/u_Synchronizer_and_PL_Header_Decoder/u_Time_Frequency_and_Coarse_Phase_Synchronizer/u_Fine_Frequency_Synchronizer/Product_mul_temp_3/P[47:0] is not pipelined (MREG=0). Pipelining the multiplier function will improve performance and will save significant power so it is suggested whenever possible to fully pipeline this function.  If this multiplier was inferred, it is suggested to describe an additional register stage after this function.  If there is no registered adder/accumulator following the multiply function, two pipeline stages are suggested to allow both the MREG and PREG registers to be used.  If the DSP48 was instantiated in the design, it is suggested to set both the MREG and PREG attributes to 1 when performing multiply functions.
WARNING: [DRC DPOP-4] MREG Output pipelining: DSP design_1_i/dvbs2_ip/U0/u_dvbs2_ip_dut_inst/u_dvbs2_ip_src_DVBS2/u_DVBS2_TxRx/u_DVB_S2_HDL_Receiver/u_Synchronizer_and_PL_Header_Decoder/u_Time_Frequency_and_Coarse_Phase_Synchronizer/u_Fine_Gain_Control/Gain2_mul_temp multiplier stage design_1_i/dvbs2_ip/U0/u_dvbs2_ip_dut_inst/u_dvbs2_ip_src_DVBS2/u_DVBS2_TxRx/u_DVB_S2_HDL_Receiver/u_Synchronizer_and_PL_Header_Decoder/u_Time_Frequency_and_Coarse_Phase_Synchronizer/u_Fine_Gain_Control/Gain2_mul_temp/P[47:0] is not pipelined (MREG=0). Pipelining the multiplier function will improve performance and will save significant power so it is suggested whenever possible to fully pipeline this function.  If this multiplier was inferred, it is suggested to describe an additional register stage after this function.  If there is no registered adder/accumulator following the multiply function, two pipeline stages are suggested to allow both the MREG and PREG registers to be used.  If the DSP48 was instantiated in the design, it is suggested to set both the MREG and PREG attributes to 1 when performing multiply functions.
WARNING: [DRC DPOP-4] MREG Output pipelining: DSP design_1_i/dvbs2_ip/U0/u_dvbs2_ip_dut_inst/u_dvbs2_ip_src_DVBS2/u_DVBS2_TxRx/u_DVB_S2_HDL_Receiver/u_Synchronizer_and_PL_Header_Decoder/u_Time_Frequency_and_Coarse_Phase_Synchronizer/u_Fine_Gain_Control/Gain2_mul_temp_1 multiplier stage design_1_i/dvbs2_ip/U0/u_dvbs2_ip_dut_inst/u_dvbs2_ip_src_DVBS2/u_DVBS2_TxRx/u_DVB_S2_HDL_Receiver/u_Synchronizer_and_PL_Header_Decoder/u_Time_Frequency_and_Coarse_Phase_Synchronizer/u_Fine_Gain_Control/Gain2_mul_temp_1/P[47:0] is not pipelined (MREG=0). Pipelining the multiplier function will improve performance and will save significant power so it is suggested whenever possible to fully pipeline this function.  If this multiplier was inferred, it is suggested to describe an additional register stage after this function.  If there is no registered adder/accumulator following the multiply function, two pipeline stages are suggested to allow both the MREG and PREG registers to be used.  If the DSP48 was instantiated in the design, it is suggested to set both the MREG and PREG attributes to 1 when performing multiply functions.
WARNING: [DRC DPOP-4] MREG Output pipelining: DSP design_1_i/dvbs2_ip/U0/u_dvbs2_ip_dut_inst/u_dvbs2_ip_src_DVBS2/u_DVBS2_TxRx/u_DVB_S2_HDL_Receiver/u_Synchronizer_and_PL_Header_Decoder/u_Time_Frequency_and_Coarse_Phase_Synchronizer/u_Time_and_Coarse_Frequency_Synchronizer/Product_mul_temp multiplier stage design_1_i/dvbs2_ip/U0/u_dvbs2_ip_dut_inst/u_dvbs2_ip_src_DVBS2/u_DVBS2_TxRx/u_DVB_S2_HDL_Receiver/u_Synchronizer_and_PL_Header_Decoder/u_Time_Frequency_and_Coarse_Phase_Synchronizer/u_Time_and_Coarse_Frequency_Synchronizer/Product_mul_temp/P[47:0] is not pipelined (MREG=0). Pipelining the multiplier function will improve performance and will save significant power so it is suggested whenever possible to fully pipeline this function.  If this multiplier was inferred, it is suggested to describe an additional register stage after this function.  If there is no registered adder/accumulator following the multiply function, two pipeline stages are suggested to allow both the MREG and PREG registers to be used.  If the DSP48 was instantiated in the design, it is suggested to set both the MREG and PREG attributes to 1 when performing multiply functions.
WARNING: [DRC DPOP-4] MREG Output pipelining: DSP design_1_i/dvbs2_ip/U0/u_dvbs2_ip_dut_inst/u_dvbs2_ip_src_DVBS2/u_DVBS2_TxRx/u_DVB_S2_HDL_Receiver/u_Synchronizer_and_PL_Header_Decoder/u_Time_Frequency_and_Coarse_Phase_Synchronizer/u_Time_and_Coarse_Frequency_Synchronizer/Product_mul_temp_1 multiplier stage design_1_i/dvbs2_ip/U0/u_dvbs2_ip_dut_inst/u_dvbs2_ip_src_DVBS2/u_DVBS2_TxRx/u_DVB_S2_HDL_Receiver/u_Synchronizer_and_PL_Header_Decoder/u_Time_Frequency_and_Coarse_Phase_Synchronizer/u_Time_and_Coarse_Frequency_Synchronizer/Product_mul_temp_1/P[47:0] is not pipelined (MREG=0). Pipelining the multiplier function will improve performance and will save significant power so it is suggested whenever possible to fully pipeline this function.  If this multiplier was inferred, it is suggested to describe an additional register stage after this function.  If there is no registered adder/accumulator following the multiply function, two pipeline stages are suggested to allow both the MREG and PREG registers to be used.  If the DSP48 was instantiated in the design, it is suggested to set both the MREG and PREG attributes to 1 when performing multiply functions.
WARNING: [DRC DPOP-4] MREG Output pipelining: DSP design_1_i/dvbs2_ip/U0/u_dvbs2_ip_dut_inst/u_dvbs2_ip_src_DVBS2/u_DVBS2_TxRx/u_DVB_S2_HDL_Receiver/u_Synchronizer_and_PL_Header_Decoder/u_Time_Frequency_and_Coarse_Phase_Synchronizer/u_Time_and_Coarse_Frequency_Synchronizer/Product_mul_temp_2 multiplier stage design_1_i/dvbs2_ip/U0/u_dvbs2_ip_dut_inst/u_dvbs2_ip_src_DVBS2/u_DVBS2_TxRx/u_DVB_S2_HDL_Receiver/u_Synchronizer_and_PL_Header_Decoder/u_Time_Frequency_and_Coarse_Phase_Synchronizer/u_Time_and_Coarse_Frequency_Synchronizer/Product_mul_temp_2/P[47:0] is not pipelined (MREG=0). Pipelining the multiplier function will improve performance and will save significant power so it is suggested whenever possible to fully pipeline this function.  If this multiplier was inferred, it is suggested to describe an additional register stage after this function.  If there is no registered adder/accumulator following the multiply function, two pipeline stages are suggested to allow both the MREG and PREG registers to be used.  If the DSP48 was instantiated in the design, it is suggested to set both the MREG and PREG attributes to 1 when performing multiply functions.
WARNING: [DRC DPOP-4] MREG Output pipelining: DSP design_1_i/dvbs2_ip/U0/u_dvbs2_ip_dut_inst/u_dvbs2_ip_src_DVBS2/u_DVBS2_TxRx/u_DVB_S2_HDL_Receiver/u_Synchronizer_and_PL_Header_Decoder/u_Time_Frequency_and_Coarse_Phase_Synchronizer/u_Time_and_Coarse_Frequency_Synchronizer/Product_mul_temp_3 multiplier stage design_1_i/dvbs2_ip/U0/u_dvbs2_ip_dut_inst/u_dvbs2_ip_src_DVBS2/u_DVBS2_TxRx/u_DVB_S2_HDL_Receiver/u_Synchronizer_and_PL_Header_Decoder/u_Time_Frequency_and_Coarse_Phase_Synchronizer/u_Time_and_Coarse_Frequency_Synchronizer/Product_mul_temp_3/P[47:0] is not pipelined (MREG=0). Pipelining the multiplier function will improve performance and will save significant power so it is suggested whenever possible to fully pipeline this function.  If this multiplier was inferred, it is suggested to describe an additional register stage after this function.  If there is no registered adder/accumulator following the multiply function, two pipeline stages are suggested to allow both the MREG and PREG registers to be used.  If the DSP48 was instantiated in the design, it is suggested to set both the MREG and PREG attributes to 1 when performing multiply functions.
WARNING: [DRC DPOP-4] MREG Output pipelining: DSP design_1_i/dvbs2_ip/U0/u_dvbs2_ip_dut_inst/u_dvbs2_ip_src_DVBS2/u_DVBS2_TxRx/u_DVB_S2_HDL_Receiver/u_Synchronizer_and_PL_Header_Decoder/u_Time_Frequency_and_Coarse_Phase_Synchronizer/u_Time_and_Coarse_Frequency_Synchronizer/u_Frame_Synchronizer/u_Correlator/Product1_mul_temp multiplier stage design_1_i/dvbs2_ip/U0/u_dvbs2_ip_dut_inst/u_dvbs2_ip_src_DVBS2/u_DVBS2_TxRx/u_DVB_S2_HDL_Receiver/u_Synchronizer_and_PL_Header_Decoder/u_Time_Frequency_and_Coarse_Phase_Synchronizer/u_Time_and_Coarse_Frequency_Synchronizer/u_Frame_Synchronizer/u_Correlator/Product1_mul_temp/P[47:0] is not pipelined (MREG=0). Pipelining the multiplier function will improve performance and will save significant power so it is suggested whenever possible to fully pipeline this function.  If this multiplier was inferred, it is suggested to describe an additional register stage after this function.  If there is no registered adder/accumulator following the multiply function, two pipeline stages are suggested to allow both the MREG and PREG registers to be used.  If the DSP48 was instantiated in the design, it is suggested to set both the MREG and PREG attributes to 1 when performing multiply functions.
WARNING: [DRC DPOP-4] MREG Output pipelining: DSP design_1_i/dvbs2_ip/U0/u_dvbs2_ip_dut_inst/u_dvbs2_ip_src_DVBS2/u_DVBS2_TxRx/u_DVB_S2_HDL_Receiver/u_Synchronizer_and_PL_Header_Decoder/u_Time_Frequency_and_Coarse_Phase_Synchronizer/u_Time_and_Coarse_Frequency_Synchronizer/u_Frame_Synchronizer/u_Correlator/Product1_mul_temp_1 multiplier stage design_1_i/dvbs2_ip/U0/u_dvbs2_ip_dut_inst/u_dvbs2_ip_src_DVBS2/u_DVBS2_TxRx/u_DVB_S2_HDL_Receiver/u_Synchronizer_and_PL_Header_Decoder/u_Time_Frequency_and_Coarse_Phase_Synchronizer/u_Time_and_Coarse_Frequency_Synchronizer/u_Frame_Synchronizer/u_Correlator/Product1_mul_temp_1/P[47:0] is not pipelined (MREG=0). Pipelining the multiplier function will improve performance and will save significant power so it is suggested whenever possible to fully pipeline this function.  If this multiplier was inferred, it is suggested to describe an additional register stage after this function.  If there is no registered adder/accumulator following the multiply function, two pipeline stages are suggested to allow both the MREG and PREG registers to be used.  If the DSP48 was instantiated in the design, it is suggested to set both the MREG and PREG attributes to 1 when performing multiply functions.
WARNING: [DRC DPOP-4] MREG Output pipelining: DSP design_1_i/dvbs2_ip/U0/u_dvbs2_ip_dut_inst/u_dvbs2_ip_src_DVBS2/u_DVBS2_TxRx/u_DVB_S2_HDL_Receiver/u_Synchronizer_and_PL_Header_Decoder/u_Time_Frequency_and_Coarse_Phase_Synchronizer/u_Time_and_Coarse_Frequency_Synchronizer/u_Frame_Synchronizer/u_Correlator/Product_mul_temp multiplier stage design_1_i/dvbs2_ip/U0/u_dvbs2_ip_dut_inst/u_dvbs2_ip_src_DVBS2/u_DVBS2_TxRx/u_DVB_S2_HDL_Receiver/u_Synchronizer_and_PL_Header_Decoder/u_Time_Frequency_and_Coarse_Phase_Synchronizer/u_Time_and_Coarse_Frequency_Synchronizer/u_Frame_Synchronizer/u_Correlator/Product_mul_temp/P[47:0] is not pipelined (MREG=0). Pipelining the multiplier function will improve performance and will save significant power so it is suggested whenever possible to fully pipeline this function.  If this multiplier was inferred, it is suggested to describe an additional register stage after this function.  If there is no registered adder/accumulator following the multiply function, two pipeline stages are suggested to allow both the MREG and PREG registers to be used.  If the DSP48 was instantiated in the design, it is suggested to set both the MREG and PREG attributes to 1 when performing multiply functions.
WARNING: [DRC DPOP-4] MREG Output pipelining: DSP design_1_i/dvbs2_ip/U0/u_dvbs2_ip_dut_inst/u_dvbs2_ip_src_DVBS2/u_DVBS2_TxRx/u_DVB_S2_HDL_Receiver/u_Synchronizer_and_PL_Header_Decoder/u_Time_Frequency_and_Coarse_Phase_Synchronizer/u_Time_and_Coarse_Frequency_Synchronizer/u_Frame_Synchronizer/u_Correlator/Product_mul_temp_1 multiplier stage design_1_i/dvbs2_ip/U0/u_dvbs2_ip_dut_inst/u_dvbs2_ip_src_DVBS2/u_DVBS2_TxRx/u_DVB_S2_HDL_Receiver/u_Synchronizer_and_PL_Header_Decoder/u_Time_Frequency_and_Coarse_Phase_Synchronizer/u_Time_and_Coarse_Frequency_Synchronizer/u_Frame_Synchronizer/u_Correlator/Product_mul_temp_1/P[47:0] is not pipelined (MREG=0). Pipelining the multiplier function will improve performance and will save significant power so it is suggested whenever possible to fully pipeline this function.  If this multiplier was inferred, it is suggested to describe an additional register stage after this function.  If there is no registered adder/accumulator following the multiply function, two pipeline stages are suggested to allow both the MREG and PREG registers to be used.  If the DSP48 was instantiated in the design, it is suggested to set both the MREG and PREG attributes to 1 when performing multiply functions.
WARNING: [DRC DPOP-4] MREG Output pipelining: DSP design_1_i/dvbs2_ip/U0/u_dvbs2_ip_dut_inst/u_dvbs2_ip_src_DVBS2/u_DVBS2_TxRx/u_DVB_S2_HDL_Receiver/u_Synchronizer_and_PL_Header_Decoder/u_Time_Frequency_and_Coarse_Phase_Synchronizer/u_Time_and_Coarse_Frequency_Synchronizer/u_Frame_Synchronizer/u_Correlator/Product_mul_temp_2 multiplier stage design_1_i/dvbs2_ip/U0/u_dvbs2_ip_dut_inst/u_dvbs2_ip_src_DVBS2/u_DVBS2_TxRx/u_DVB_S2_HDL_Receiver/u_Synchronizer_and_PL_Header_Decoder/u_Time_Frequency_and_Coarse_Phase_Synchronizer/u_Time_and_Coarse_Frequency_Synchronizer/u_Frame_Synchronizer/u_Correlator/Product_mul_temp_2/P[47:0] is not pipelined (MREG=0). Pipelining the multiplier function will improve performance and will save significant power so it is suggested whenever possible to fully pipeline this function.  If this multiplier was inferred, it is suggested to describe an additional register stage after this function.  If there is no registered adder/accumulator following the multiply function, two pipeline stages are suggested to allow both the MREG and PREG registers to be used.  If the DSP48 was instantiated in the design, it is suggested to set both the MREG and PREG attributes to 1 when performing multiply functions.
WARNING: [DRC DPOP-4] MREG Output pipelining: DSP design_1_i/dvbs2_ip/U0/u_dvbs2_ip_dut_inst/u_dvbs2_ip_src_DVBS2/u_DVBS2_TxRx/u_DVB_S2_HDL_Receiver/u_Synchronizer_and_PL_Header_Decoder/u_Time_Frequency_and_Coarse_Phase_Synchronizer/u_Time_and_Coarse_Frequency_Synchronizer/u_Frame_Synchronizer/u_Correlator/Product_mul_temp_3 multiplier stage design_1_i/dvbs2_ip/U0/u_dvbs2_ip_dut_inst/u_dvbs2_ip_src_DVBS2/u_DVBS2_TxRx/u_DVB_S2_HDL_Receiver/u_Synchronizer_and_PL_Header_Decoder/u_Time_Frequency_and_Coarse_Phase_Synchronizer/u_Time_and_Coarse_Frequency_Synchronizer/u_Frame_Synchronizer/u_Correlator/Product_mul_temp_3/P[47:0] is not pipelined (MREG=0). Pipelining the multiplier function will improve performance and will save significant power so it is suggested whenever possible to fully pipeline this function.  If this multiplier was inferred, it is suggested to describe an additional register stage after this function.  If there is no registered adder/accumulator following the multiply function, two pipeline stages are suggested to allow both the MREG and PREG registers to be used.  If the DSP48 was instantiated in the design, it is suggested to set both the MREG and PREG attributes to 1 when performing multiply functions.
WARNING: [DRC DPOP-4] MREG Output pipelining: DSP design_1_i/dvbs2_ip/U0/u_dvbs2_ip_dut_inst/u_dvbs2_ip_src_DVBS2/u_DVBS2_TxRx/u_DVB_S2_HDL_Receiver/u_Synchronizer_and_PL_Header_Decoder/u_Time_Frequency_and_Coarse_Phase_Synchronizer/u_Time_and_Coarse_Frequency_Synchronizer/u_Frame_Synchronizer/u_Correlator/u_PLSC_Correlator/u_Discrete_FIR_Filter/u_filterTap0/fTap_mult_reg_reg multiplier stage design_1_i/dvbs2_ip/U0/u_dvbs2_ip_dut_inst/u_dvbs2_ip_src_DVBS2/u_DVBS2_TxRx/u_DVB_S2_HDL_Receiver/u_Synchronizer_and_PL_Header_Decoder/u_Time_Frequency_and_Coarse_Phase_Synchronizer/u_Time_and_Coarse_Frequency_Synchronizer/u_Frame_Synchronizer/u_Correlator/u_PLSC_Correlator/u_Discrete_FIR_Filter/u_filterTap0/fTap_mult_reg_reg/P[47:0] is not pipelined (MREG=0). Pipelining the multiplier function will improve performance and will save significant power so it is suggested whenever possible to fully pipeline this function.  If this multiplier was inferred, it is suggested to describe an additional register stage after this function.  If there is no registered adder/accumulator following the multiply function, two pipeline stages are suggested to allow both the MREG and PREG registers to be used.  If the DSP48 was instantiated in the design, it is suggested to set both the MREG and PREG attributes to 1 when performing multiply functions.
WARNING: [DRC DPOP-4] MREG Output pipelining: DSP design_1_i/dvbs2_ip/U0/u_dvbs2_ip_dut_inst/u_dvbs2_ip_src_DVBS2/u_DVBS2_TxRx/u_DVB_S2_HDL_Receiver/u_Synchronizer_and_PL_Header_Decoder/u_Time_Frequency_and_Coarse_Phase_Synchronizer/u_Time_and_Coarse_Frequency_Synchronizer/u_Frame_Synchronizer/u_Correlator/u_PLSC_Correlator/u_Discrete_FIR_Filter/u_filterTap0_1/fTap_mult_reg_reg multiplier stage design_1_i/dvbs2_ip/U0/u_dvbs2_ip_dut_inst/u_dvbs2_ip_src_DVBS2/u_DVBS2_TxRx/u_DVB_S2_HDL_Receiver/u_Synchronizer_and_PL_Header_Decoder/u_Time_Frequency_and_Coarse_Phase_Synchronizer/u_Time_and_Coarse_Frequency_Synchronizer/u_Frame_Synchronizer/u_Correlator/u_PLSC_Correlator/u_Discrete_FIR_Filter/u_filterTap0_1/fTap_mult_reg_reg/P[47:0] is not pipelined (MREG=0). Pipelining the multiplier function will improve performance and will save significant power so it is suggested whenever possible to fully pipeline this function.  If this multiplier was inferred, it is suggested to describe an additional register stage after this function.  If there is no registered adder/accumulator following the multiply function, two pipeline stages are suggested to allow both the MREG and PREG registers to be used.  If the DSP48 was instantiated in the design, it is suggested to set both the MREG and PREG attributes to 1 when performing multiply functions.
WARNING: [DRC DPOP-4] MREG Output pipelining: DSP design_1_i/dvbs2_ip/U0/u_dvbs2_ip_dut_inst/u_dvbs2_ip_src_DVBS2/u_DVBS2_TxRx/u_DVB_S2_HDL_Receiver/u_Synchronizer_and_PL_Header_Decoder/u_Time_Frequency_and_Coarse_Phase_Synchronizer/u_Time_and_Coarse_Frequency_Synchronizer/u_Frame_Synchronizer/u_Correlator/u_PLSC_Correlator/u_Discrete_FIR_Filter/u_filterTap0_2/fTap_mult_reg_reg multiplier stage design_1_i/dvbs2_ip/U0/u_dvbs2_ip_dut_inst/u_dvbs2_ip_src_DVBS2/u_DVBS2_TxRx/u_DVB_S2_HDL_Receiver/u_Synchronizer_and_PL_Header_Decoder/u_Time_Frequency_and_Coarse_Phase_Synchronizer/u_Time_and_Coarse_Frequency_Synchronizer/u_Frame_Synchronizer/u_Correlator/u_PLSC_Correlator/u_Discrete_FIR_Filter/u_filterTap0_2/fTap_mult_reg_reg/P[47:0] is not pipelined (MREG=0). Pipelining the multiplier function will improve performance and will save significant power so it is suggested whenever possible to fully pipeline this function.  If this multiplier was inferred, it is suggested to describe an additional register stage after this function.  If there is no registered adder/accumulator following the multiply function, two pipeline stages are suggested to allow both the MREG and PREG registers to be used.  If the DSP48 was instantiated in the design, it is suggested to set both the MREG and PREG attributes to 1 when performing multiply functions.
WARNING: [DRC DPOP-4] MREG Output pipelining: DSP design_1_i/dvbs2_ip/U0/u_dvbs2_ip_dut_inst/u_dvbs2_ip_src_DVBS2/u_DVBS2_TxRx/u_DVB_S2_HDL_Receiver/u_Synchronizer_and_PL_Header_Decoder/u_Time_Frequency_and_Coarse_Phase_Synchronizer/u_Time_and_Coarse_Frequency_Synchronizer/u_Frame_Synchronizer/u_Correlator/u_PLSC_Correlator/u_Discrete_FIR_Filter/u_filterTap1/fTap_mult_reg_reg multiplier stage design_1_i/dvbs2_ip/U0/u_dvbs2_ip_dut_inst/u_dvbs2_ip_src_DVBS2/u_DVBS2_TxRx/u_DVB_S2_HDL_Receiver/u_Synchronizer_and_PL_Header_Decoder/u_Time_Frequency_and_Coarse_Phase_Synchronizer/u_Time_and_Coarse_Frequency_Synchronizer/u_Frame_Synchronizer/u_Correlator/u_PLSC_Correlator/u_Discrete_FIR_Filter/u_filterTap1/fTap_mult_reg_reg/P[47:0] is not pipelined (MREG=0). Pipelining the multiplier function will improve performance and will save significant power so it is suggested whenever possible to fully pipeline this function.  If this multiplier was inferred, it is suggested to describe an additional register stage after this function.  If there is no registered adder/accumulator following the multiply function, two pipeline stages are suggested to allow both the MREG and PREG registers to be used.  If the DSP48 was instantiated in the design, it is suggested to set both the MREG and PREG attributes to 1 when performing multiply functions.
WARNING: [DRC DPOP-4] MREG Output pipelining: DSP design_1_i/dvbs2_ip/U0/u_dvbs2_ip_dut_inst/u_dvbs2_ip_src_DVBS2/u_DVBS2_TxRx/u_DVB_S2_HDL_Receiver/u_Synchronizer_and_PL_Header_Decoder/u_Time_Frequency_and_Coarse_Phase_Synchronizer/u_Time_and_Coarse_Frequency_Synchronizer/u_Frame_Synchronizer/u_Correlator/u_PLSC_Correlator/u_Discrete_FIR_Filter/u_filterTap10/fTap_mult_reg_reg multiplier stage design_1_i/dvbs2_ip/U0/u_dvbs2_ip_dut_inst/u_dvbs2_ip_src_DVBS2/u_DVBS2_TxRx/u_DVB_S2_HDL_Receiver/u_Synchronizer_and_PL_Header_Decoder/u_Time_Frequency_and_Coarse_Phase_Synchronizer/u_Time_and_Coarse_Frequency_Synchronizer/u_Frame_Synchronizer/u_Correlator/u_PLSC_Correlator/u_Discrete_FIR_Filter/u_filterTap10/fTap_mult_reg_reg/P[47:0] is not pipelined (MREG=0). Pipelining the multiplier function will improve performance and will save significant power so it is suggested whenever possible to fully pipeline this function.  If this multiplier was inferred, it is suggested to describe an additional register stage after this function.  If there is no registered adder/accumulator following the multiply function, two pipeline stages are suggested to allow both the MREG and PREG registers to be used.  If the DSP48 was instantiated in the design, it is suggested to set both the MREG and PREG attributes to 1 when performing multiply functions.
WARNING: [DRC DPOP-4] MREG Output pipelining: DSP design_1_i/dvbs2_ip/U0/u_dvbs2_ip_dut_inst/u_dvbs2_ip_src_DVBS2/u_DVBS2_TxRx/u_DVB_S2_HDL_Receiver/u_Synchronizer_and_PL_Header_Decoder/u_Time_Frequency_and_Coarse_Phase_Synchronizer/u_Time_and_Coarse_Frequency_Synchronizer/u_Frame_Synchronizer/u_Correlator/u_PLSC_Correlator/u_Discrete_FIR_Filter/u_filterTap10_1/fTap_mult_reg_reg multiplier stage design_1_i/dvbs2_ip/U0/u_dvbs2_ip_dut_inst/u_dvbs2_ip_src_DVBS2/u_DVBS2_TxRx/u_DVB_S2_HDL_Receiver/u_Synchronizer_and_PL_Header_Decoder/u_Time_Frequency_and_Coarse_Phase_Synchronizer/u_Time_and_Coarse_Frequency_Synchronizer/u_Frame_Synchronizer/u_Correlator/u_PLSC_Correlator/u_Discrete_FIR_Filter/u_filterTap10_1/fTap_mult_reg_reg/P[47:0] is not pipelined (MREG=0). Pipelining the multiplier function will improve performance and will save significant power so it is suggested whenever possible to fully pipeline this function.  If this multiplier was inferred, it is suggested to describe an additional register stage after this function.  If there is no registered adder/accumulator following the multiply function, two pipeline stages are suggested to allow both the MREG and PREG registers to be used.  If the DSP48 was instantiated in the design, it is suggested to set both the MREG and PREG attributes to 1 when performing multiply functions.
WARNING: [DRC DPOP-4] MREG Output pipelining: DSP design_1_i/dvbs2_ip/U0/u_dvbs2_ip_dut_inst/u_dvbs2_ip_src_DVBS2/u_DVBS2_TxRx/u_DVB_S2_HDL_Receiver/u_Synchronizer_and_PL_Header_Decoder/u_Time_Frequency_and_Coarse_Phase_Synchronizer/u_Time_and_Coarse_Frequency_Synchronizer/u_Frame_Synchronizer/u_Correlator/u_PLSC_Correlator/u_Discrete_FIR_Filter/u_filterTap10_2/fTap_mult_reg_reg multiplier stage design_1_i/dvbs2_ip/U0/u_dvbs2_ip_dut_inst/u_dvbs2_ip_src_DVBS2/u_DVBS2_TxRx/u_DVB_S2_HDL_Receiver/u_Synchronizer_and_PL_Header_Decoder/u_Time_Frequency_and_Coarse_Phase_Synchronizer/u_Time_and_Coarse_Frequency_Synchronizer/u_Frame_Synchronizer/u_Correlator/u_PLSC_Correlator/u_Discrete_FIR_Filter/u_filterTap10_2/fTap_mult_reg_reg/P[47:0] is not pipelined (MREG=0). Pipelining the multiplier function will improve performance and will save significant power so it is suggested whenever possible to fully pipeline this function.  If this multiplier was inferred, it is suggested to describe an additional register stage after this function.  If there is no registered adder/accumulator following the multiply function, two pipeline stages are suggested to allow both the MREG and PREG registers to be used.  If the DSP48 was instantiated in the design, it is suggested to set both the MREG and PREG attributes to 1 when performing multiply functions.
WARNING: [DRC DPOP-4] MREG Output pipelining: DSP design_1_i/dvbs2_ip/U0/u_dvbs2_ip_dut_inst/u_dvbs2_ip_src_DVBS2/u_DVBS2_TxRx/u_DVB_S2_HDL_Receiver/u_Synchronizer_and_PL_Header_Decoder/u_Time_Frequency_and_Coarse_Phase_Synchronizer/u_Time_and_Coarse_Frequency_Synchronizer/u_Frame_Synchronizer/u_Correlator/u_PLSC_Correlator/u_Discrete_FIR_Filter/u_filterTap11/fTap_mult_reg_reg multiplier stage design_1_i/dvbs2_ip/U0/u_dvbs2_ip_dut_inst/u_dvbs2_ip_src_DVBS2/u_DVBS2_TxRx/u_DVB_S2_HDL_Receiver/u_Synchronizer_and_PL_Header_Decoder/u_Time_Frequency_and_Coarse_Phase_Synchronizer/u_Time_and_Coarse_Frequency_Synchronizer/u_Frame_Synchronizer/u_Correlator/u_PLSC_Correlator/u_Discrete_FIR_Filter/u_filterTap11/fTap_mult_reg_reg/P[47:0] is not pipelined (MREG=0). Pipelining the multiplier function will improve performance and will save significant power so it is suggested whenever possible to fully pipeline this function.  If this multiplier was inferred, it is suggested to describe an additional register stage after this function.  If there is no registered adder/accumulator following the multiply function, two pipeline stages are suggested to allow both the MREG and PREG registers to be used.  If the DSP48 was instantiated in the design, it is suggested to set both the MREG and PREG attributes to 1 when performing multiply functions.
WARNING: [DRC DPOP-4] MREG Output pipelining: DSP design_1_i/dvbs2_ip/U0/u_dvbs2_ip_dut_inst/u_dvbs2_ip_src_DVBS2/u_DVBS2_TxRx/u_DVB_S2_HDL_Receiver/u_Synchronizer_and_PL_Header_Decoder/u_Time_Frequency_and_Coarse_Phase_Synchronizer/u_Time_and_Coarse_Frequency_Synchronizer/u_Frame_Synchronizer/u_Correlator/u_PLSC_Correlator/u_Discrete_FIR_Filter/u_filterTap11_1/fTap_mult_reg_reg multiplier stage design_1_i/dvbs2_ip/U0/u_dvbs2_ip_dut_inst/u_dvbs2_ip_src_DVBS2/u_DVBS2_TxRx/u_DVB_S2_HDL_Receiver/u_Synchronizer_and_PL_Header_Decoder/u_Time_Frequency_and_Coarse_Phase_Synchronizer/u_Time_and_Coarse_Frequency_Synchronizer/u_Frame_Synchronizer/u_Correlator/u_PLSC_Correlator/u_Discrete_FIR_Filter/u_filterTap11_1/fTap_mult_reg_reg/P[47:0] is not pipelined (MREG=0). Pipelining the multiplier function will improve performance and will save significant power so it is suggested whenever possible to fully pipeline this function.  If this multiplier was inferred, it is suggested to describe an additional register stage after this function.  If there is no registered adder/accumulator following the multiply function, two pipeline stages are suggested to allow both the MREG and PREG registers to be used.  If the DSP48 was instantiated in the design, it is suggested to set both the MREG and PREG attributes to 1 when performing multiply functions.
WARNING: [DRC DPOP-4] MREG Output pipelining: DSP design_1_i/dvbs2_ip/U0/u_dvbs2_ip_dut_inst/u_dvbs2_ip_src_DVBS2/u_DVBS2_TxRx/u_DVB_S2_HDL_Receiver/u_Synchronizer_and_PL_Header_Decoder/u_Time_Frequency_and_Coarse_Phase_Synchronizer/u_Time_and_Coarse_Frequency_Synchronizer/u_Frame_Synchronizer/u_Correlator/u_PLSC_Correlator/u_Discrete_FIR_Filter/u_filterTap11_2/fTap_mult_reg_reg multiplier stage design_1_i/dvbs2_ip/U0/u_dvbs2_ip_dut_inst/u_dvbs2_ip_src_DVBS2/u_DVBS2_TxRx/u_DVB_S2_HDL_Receiver/u_Synchronizer_and_PL_Header_Decoder/u_Time_Frequency_and_Coarse_Phase_Synchronizer/u_Time_and_Coarse_Frequency_Synchronizer/u_Frame_Synchronizer/u_Correlator/u_PLSC_Correlator/u_Discrete_FIR_Filter/u_filterTap11_2/fTap_mult_reg_reg/P[47:0] is not pipelined (MREG=0). Pipelining the multiplier function will improve performance and will save significant power so it is suggested whenever possible to fully pipeline this function.  If this multiplier was inferred, it is suggested to describe an additional register stage after this function.  If there is no registered adder/accumulator following the multiply function, two pipeline stages are suggested to allow both the MREG and PREG registers to be used.  If the DSP48 was instantiated in the design, it is suggested to set both the MREG and PREG attributes to 1 when performing multiply functions.
WARNING: [DRC DPOP-4] MREG Output pipelining: DSP design_1_i/dvbs2_ip/U0/u_dvbs2_ip_dut_inst/u_dvbs2_ip_src_DVBS2/u_DVBS2_TxRx/u_DVB_S2_HDL_Receiver/u_Synchronizer_and_PL_Header_Decoder/u_Time_Frequency_and_Coarse_Phase_Synchronizer/u_Time_and_Coarse_Frequency_Synchronizer/u_Frame_Synchronizer/u_Correlator/u_PLSC_Correlator/u_Discrete_FIR_Filter/u_filterTap12/fTap_mult_reg_reg multiplier stage design_1_i/dvbs2_ip/U0/u_dvbs2_ip_dut_inst/u_dvbs2_ip_src_DVBS2/u_DVBS2_TxRx/u_DVB_S2_HDL_Receiver/u_Synchronizer_and_PL_Header_Decoder/u_Time_Frequency_and_Coarse_Phase_Synchronizer/u_Time_and_Coarse_Frequency_Synchronizer/u_Frame_Synchronizer/u_Correlator/u_PLSC_Correlator/u_Discrete_FIR_Filter/u_filterTap12/fTap_mult_reg_reg/P[47:0] is not pipelined (MREG=0). Pipelining the multiplier function will improve performance and will save significant power so it is suggested whenever possible to fully pipeline this function.  If this multiplier was inferred, it is suggested to describe an additional register stage after this function.  If there is no registered adder/accumulator following the multiply function, two pipeline stages are suggested to allow both the MREG and PREG registers to be used.  If the DSP48 was instantiated in the design, it is suggested to set both the MREG and PREG attributes to 1 when performing multiply functions.
WARNING: [DRC DPOP-4] MREG Output pipelining: DSP design_1_i/dvbs2_ip/U0/u_dvbs2_ip_dut_inst/u_dvbs2_ip_src_DVBS2/u_DVBS2_TxRx/u_DVB_S2_HDL_Receiver/u_Synchronizer_and_PL_Header_Decoder/u_Time_Frequency_and_Coarse_Phase_Synchronizer/u_Time_and_Coarse_Frequency_Synchronizer/u_Frame_Synchronizer/u_Correlator/u_PLSC_Correlator/u_Discrete_FIR_Filter/u_filterTap12_1/fTap_mult_reg_reg multiplier stage design_1_i/dvbs2_ip/U0/u_dvbs2_ip_dut_inst/u_dvbs2_ip_src_DVBS2/u_DVBS2_TxRx/u_DVB_S2_HDL_Receiver/u_Synchronizer_and_PL_Header_Decoder/u_Time_Frequency_and_Coarse_Phase_Synchronizer/u_Time_and_Coarse_Frequency_Synchronizer/u_Frame_Synchronizer/u_Correlator/u_PLSC_Correlator/u_Discrete_FIR_Filter/u_filterTap12_1/fTap_mult_reg_reg/P[47:0] is not pipelined (MREG=0). Pipelining the multiplier function will improve performance and will save significant power so it is suggested whenever possible to fully pipeline this function.  If this multiplier was inferred, it is suggested to describe an additional register stage after this function.  If there is no registered adder/accumulator following the multiply function, two pipeline stages are suggested to allow both the MREG and PREG registers to be used.  If the DSP48 was instantiated in the design, it is suggested to set both the MREG and PREG attributes to 1 when performing multiply functions.
WARNING: [DRC DPOP-4] MREG Output pipelining: DSP design_1_i/dvbs2_ip/U0/u_dvbs2_ip_dut_inst/u_dvbs2_ip_src_DVBS2/u_DVBS2_TxRx/u_DVB_S2_HDL_Receiver/u_Synchronizer_and_PL_Header_Decoder/u_Time_Frequency_and_Coarse_Phase_Synchronizer/u_Time_and_Coarse_Frequency_Synchronizer/u_Frame_Synchronizer/u_Correlator/u_PLSC_Correlator/u_Discrete_FIR_Filter/u_filterTap12_2/fTap_mult_reg_reg multiplier stage design_1_i/dvbs2_ip/U0/u_dvbs2_ip_dut_inst/u_dvbs2_ip_src_DVBS2/u_DVBS2_TxRx/u_DVB_S2_HDL_Receiver/u_Synchronizer_and_PL_Header_Decoder/u_Time_Frequency_and_Coarse_Phase_Synchronizer/u_Time_and_Coarse_Frequency_Synchronizer/u_Frame_Synchronizer/u_Correlator/u_PLSC_Correlator/u_Discrete_FIR_Filter/u_filterTap12_2/fTap_mult_reg_reg/P[47:0] is not pipelined (MREG=0). Pipelining the multiplier function will improve performance and will save significant power so it is suggested whenever possible to fully pipeline this function.  If this multiplier was inferred, it is suggested to describe an additional register stage after this function.  If there is no registered adder/accumulator following the multiply function, two pipeline stages are suggested to allow both the MREG and PREG registers to be used.  If the DSP48 was instantiated in the design, it is suggested to set both the MREG and PREG attributes to 1 when performing multiply functions.
WARNING: [DRC DPOP-4] MREG Output pipelining: DSP design_1_i/dvbs2_ip/U0/u_dvbs2_ip_dut_inst/u_dvbs2_ip_src_DVBS2/u_DVBS2_TxRx/u_DVB_S2_HDL_Receiver/u_Synchronizer_and_PL_Header_Decoder/u_Time_Frequency_and_Coarse_Phase_Synchronizer/u_Time_and_Coarse_Frequency_Synchronizer/u_Frame_Synchronizer/u_Correlator/u_PLSC_Correlator/u_Discrete_FIR_Filter/u_filterTap13/fTap_mult_reg_reg multiplier stage design_1_i/dvbs2_ip/U0/u_dvbs2_ip_dut_inst/u_dvbs2_ip_src_DVBS2/u_DVBS2_TxRx/u_DVB_S2_HDL_Receiver/u_Synchronizer_and_PL_Header_Decoder/u_Time_Frequency_and_Coarse_Phase_Synchronizer/u_Time_and_Coarse_Frequency_Synchronizer/u_Frame_Synchronizer/u_Correlator/u_PLSC_Correlator/u_Discrete_FIR_Filter/u_filterTap13/fTap_mult_reg_reg/P[47:0] is not pipelined (MREG=0). Pipelining the multiplier function will improve performance and will save significant power so it is suggested whenever possible to fully pipeline this function.  If this multiplier was inferred, it is suggested to describe an additional register stage after this function.  If there is no registered adder/accumulator following the multiply function, two pipeline stages are suggested to allow both the MREG and PREG registers to be used.  If the DSP48 was instantiated in the design, it is suggested to set both the MREG and PREG attributes to 1 when performing multiply functions.
WARNING: [DRC DPOP-4] MREG Output pipelining: DSP design_1_i/dvbs2_ip/U0/u_dvbs2_ip_dut_inst/u_dvbs2_ip_src_DVBS2/u_DVBS2_TxRx/u_DVB_S2_HDL_Receiver/u_Synchronizer_and_PL_Header_Decoder/u_Time_Frequency_and_Coarse_Phase_Synchronizer/u_Time_and_Coarse_Frequency_Synchronizer/u_Frame_Synchronizer/u_Correlator/u_PLSC_Correlator/u_Discrete_FIR_Filter/u_filterTap13_1/fTap_mult_reg_reg multiplier stage design_1_i/dvbs2_ip/U0/u_dvbs2_ip_dut_inst/u_dvbs2_ip_src_DVBS2/u_DVBS2_TxRx/u_DVB_S2_HDL_Receiver/u_Synchronizer_and_PL_Header_Decoder/u_Time_Frequency_and_Coarse_Phase_Synchronizer/u_Time_and_Coarse_Frequency_Synchronizer/u_Frame_Synchronizer/u_Correlator/u_PLSC_Correlator/u_Discrete_FIR_Filter/u_filterTap13_1/fTap_mult_reg_reg/P[47:0] is not pipelined (MREG=0). Pipelining the multiplier function will improve performance and will save significant power so it is suggested whenever possible to fully pipeline this function.  If this multiplier was inferred, it is suggested to describe an additional register stage after this function.  If there is no registered adder/accumulator following the multiply function, two pipeline stages are suggested to allow both the MREG and PREG registers to be used.  If the DSP48 was instantiated in the design, it is suggested to set both the MREG and PREG attributes to 1 when performing multiply functions.
WARNING: [DRC DPOP-4] MREG Output pipelining: DSP design_1_i/dvbs2_ip/U0/u_dvbs2_ip_dut_inst/u_dvbs2_ip_src_DVBS2/u_DVBS2_TxRx/u_DVB_S2_HDL_Receiver/u_Synchronizer_and_PL_Header_Decoder/u_Time_Frequency_and_Coarse_Phase_Synchronizer/u_Time_and_Coarse_Frequency_Synchronizer/u_Frame_Synchronizer/u_Correlator/u_PLSC_Correlator/u_Discrete_FIR_Filter/u_filterTap13_2/fTap_mult_reg_reg multiplier stage design_1_i/dvbs2_ip/U0/u_dvbs2_ip_dut_inst/u_dvbs2_ip_src_DVBS2/u_DVBS2_TxRx/u_DVB_S2_HDL_Receiver/u_Synchronizer_and_PL_Header_Decoder/u_Time_Frequency_and_Coarse_Phase_Synchronizer/u_Time_and_Coarse_Frequency_Synchronizer/u_Frame_Synchronizer/u_Correlator/u_PLSC_Correlator/u_Discrete_FIR_Filter/u_filterTap13_2/fTap_mult_reg_reg/P[47:0] is not pipelined (MREG=0). Pipelining the multiplier function will improve performance and will save significant power so it is suggested whenever possible to fully pipeline this function.  If this multiplier was inferred, it is suggested to describe an additional register stage after this function.  If there is no registered adder/accumulator following the multiply function, two pipeline stages are suggested to allow both the MREG and PREG registers to be used.  If the DSP48 was instantiated in the design, it is suggested to set both the MREG and PREG attributes to 1 when performing multiply functions.
WARNING: [DRC DPOP-4] MREG Output pipelining: DSP design_1_i/dvbs2_ip/U0/u_dvbs2_ip_dut_inst/u_dvbs2_ip_src_DVBS2/u_DVBS2_TxRx/u_DVB_S2_HDL_Receiver/u_Synchronizer_and_PL_Header_Decoder/u_Time_Frequency_and_Coarse_Phase_Synchronizer/u_Time_and_Coarse_Frequency_Synchronizer/u_Frame_Synchronizer/u_Correlator/u_PLSC_Correlator/u_Discrete_FIR_Filter/u_filterTap14/fTap_mult_reg_reg multiplier stage design_1_i/dvbs2_ip/U0/u_dvbs2_ip_dut_inst/u_dvbs2_ip_src_DVBS2/u_DVBS2_TxRx/u_DVB_S2_HDL_Receiver/u_Synchronizer_and_PL_Header_Decoder/u_Time_Frequency_and_Coarse_Phase_Synchronizer/u_Time_and_Coarse_Frequency_Synchronizer/u_Frame_Synchronizer/u_Correlator/u_PLSC_Correlator/u_Discrete_FIR_Filter/u_filterTap14/fTap_mult_reg_reg/P[47:0] is not pipelined (MREG=0). Pipelining the multiplier function will improve performance and will save significant power so it is suggested whenever possible to fully pipeline this function.  If this multiplier was inferred, it is suggested to describe an additional register stage after this function.  If there is no registered adder/accumulator following the multiply function, two pipeline stages are suggested to allow both the MREG and PREG registers to be used.  If the DSP48 was instantiated in the design, it is suggested to set both the MREG and PREG attributes to 1 when performing multiply functions.
WARNING: [DRC DPOP-4] MREG Output pipelining: DSP design_1_i/dvbs2_ip/U0/u_dvbs2_ip_dut_inst/u_dvbs2_ip_src_DVBS2/u_DVBS2_TxRx/u_DVB_S2_HDL_Receiver/u_Synchronizer_and_PL_Header_Decoder/u_Time_Frequency_and_Coarse_Phase_Synchronizer/u_Time_and_Coarse_Frequency_Synchronizer/u_Frame_Synchronizer/u_Correlator/u_PLSC_Correlator/u_Discrete_FIR_Filter/u_filterTap14_1/fTap_mult_reg_reg multiplier stage design_1_i/dvbs2_ip/U0/u_dvbs2_ip_dut_inst/u_dvbs2_ip_src_DVBS2/u_DVBS2_TxRx/u_DVB_S2_HDL_Receiver/u_Synchronizer_and_PL_Header_Decoder/u_Time_Frequency_and_Coarse_Phase_Synchronizer/u_Time_and_Coarse_Frequency_Synchronizer/u_Frame_Synchronizer/u_Correlator/u_PLSC_Correlator/u_Discrete_FIR_Filter/u_filterTap14_1/fTap_mult_reg_reg/P[47:0] is not pipelined (MREG=0). Pipelining the multiplier function will improve performance and will save significant power so it is suggested whenever possible to fully pipeline this function.  If this multiplier was inferred, it is suggested to describe an additional register stage after this function.  If there is no registered adder/accumulator following the multiply function, two pipeline stages are suggested to allow both the MREG and PREG registers to be used.  If the DSP48 was instantiated in the design, it is suggested to set both the MREG and PREG attributes to 1 when performing multiply functions.
WARNING: [DRC DPOP-4] MREG Output pipelining: DSP design_1_i/dvbs2_ip/U0/u_dvbs2_ip_dut_inst/u_dvbs2_ip_src_DVBS2/u_DVBS2_TxRx/u_DVB_S2_HDL_Receiver/u_Synchronizer_and_PL_Header_Decoder/u_Time_Frequency_and_Coarse_Phase_Synchronizer/u_Time_and_Coarse_Frequency_Synchronizer/u_Frame_Synchronizer/u_Correlator/u_PLSC_Correlator/u_Discrete_FIR_Filter/u_filterTap14_2/fTap_mult_reg_reg multiplier stage design_1_i/dvbs2_ip/U0/u_dvbs2_ip_dut_inst/u_dvbs2_ip_src_DVBS2/u_DVBS2_TxRx/u_DVB_S2_HDL_Receiver/u_Synchronizer_and_PL_Header_Decoder/u_Time_Frequency_and_Coarse_Phase_Synchronizer/u_Time_and_Coarse_Frequency_Synchronizer/u_Frame_Synchronizer/u_Correlator/u_PLSC_Correlator/u_Discrete_FIR_Filter/u_filterTap14_2/fTap_mult_reg_reg/P[47:0] is not pipelined (MREG=0). Pipelining the multiplier function will improve performance and will save significant power so it is suggested whenever possible to fully pipeline this function.  If this multiplier was inferred, it is suggested to describe an additional register stage after this function.  If there is no registered adder/accumulator following the multiply function, two pipeline stages are suggested to allow both the MREG and PREG registers to be used.  If the DSP48 was instantiated in the design, it is suggested to set both the MREG and PREG attributes to 1 when performing multiply functions.
WARNING: [DRC DPOP-4] MREG Output pipelining: DSP design_1_i/dvbs2_ip/U0/u_dvbs2_ip_dut_inst/u_dvbs2_ip_src_DVBS2/u_DVBS2_TxRx/u_DVB_S2_HDL_Receiver/u_Synchronizer_and_PL_Header_Decoder/u_Time_Frequency_and_Coarse_Phase_Synchronizer/u_Time_and_Coarse_Frequency_Synchronizer/u_Frame_Synchronizer/u_Correlator/u_PLSC_Correlator/u_Discrete_FIR_Filter/u_filterTap15/fTap_mult_reg_reg multiplier stage design_1_i/dvbs2_ip/U0/u_dvbs2_ip_dut_inst/u_dvbs2_ip_src_DVBS2/u_DVBS2_TxRx/u_DVB_S2_HDL_Receiver/u_Synchronizer_and_PL_Header_Decoder/u_Time_Frequency_and_Coarse_Phase_Synchronizer/u_Time_and_Coarse_Frequency_Synchronizer/u_Frame_Synchronizer/u_Correlator/u_PLSC_Correlator/u_Discrete_FIR_Filter/u_filterTap15/fTap_mult_reg_reg/P[47:0] is not pipelined (MREG=0). Pipelining the multiplier function will improve performance and will save significant power so it is suggested whenever possible to fully pipeline this function.  If this multiplier was inferred, it is suggested to describe an additional register stage after this function.  If there is no registered adder/accumulator following the multiply function, two pipeline stages are suggested to allow both the MREG and PREG registers to be used.  If the DSP48 was instantiated in the design, it is suggested to set both the MREG and PREG attributes to 1 when performing multiply functions.
WARNING: [DRC DPOP-4] MREG Output pipelining: DSP design_1_i/dvbs2_ip/U0/u_dvbs2_ip_dut_inst/u_dvbs2_ip_src_DVBS2/u_DVBS2_TxRx/u_DVB_S2_HDL_Receiver/u_Synchronizer_and_PL_Header_Decoder/u_Time_Frequency_and_Coarse_Phase_Synchronizer/u_Time_and_Coarse_Frequency_Synchronizer/u_Frame_Synchronizer/u_Correlator/u_PLSC_Correlator/u_Discrete_FIR_Filter/u_filterTap15_1/fTap_mult_reg_reg multiplier stage design_1_i/dvbs2_ip/U0/u_dvbs2_ip_dut_inst/u_dvbs2_ip_src_DVBS2/u_DVBS2_TxRx/u_DVB_S2_HDL_Receiver/u_Synchronizer_and_PL_Header_Decoder/u_Time_Frequency_and_Coarse_Phase_Synchronizer/u_Time_and_Coarse_Frequency_Synchronizer/u_Frame_Synchronizer/u_Correlator/u_PLSC_Correlator/u_Discrete_FIR_Filter/u_filterTap15_1/fTap_mult_reg_reg/P[47:0] is not pipelined (MREG=0). Pipelining the multiplier function will improve performance and will save significant power so it is suggested whenever possible to fully pipeline this function.  If this multiplier was inferred, it is suggested to describe an additional register stage after this function.  If there is no registered adder/accumulator following the multiply function, two pipeline stages are suggested to allow both the MREG and PREG registers to be used.  If the DSP48 was instantiated in the design, it is suggested to set both the MREG and PREG attributes to 1 when performing multiply functions.
WARNING: [DRC DPOP-4] MREG Output pipelining: DSP design_1_i/dvbs2_ip/U0/u_dvbs2_ip_dut_inst/u_dvbs2_ip_src_DVBS2/u_DVBS2_TxRx/u_DVB_S2_HDL_Receiver/u_Synchronizer_and_PL_Header_Decoder/u_Time_Frequency_and_Coarse_Phase_Synchronizer/u_Time_and_Coarse_Frequency_Synchronizer/u_Frame_Synchronizer/u_Correlator/u_PLSC_Correlator/u_Discrete_FIR_Filter/u_filterTap15_2/fTap_mult_reg_reg multiplier stage design_1_i/dvbs2_ip/U0/u_dvbs2_ip_dut_inst/u_dvbs2_ip_src_DVBS2/u_DVBS2_TxRx/u_DVB_S2_HDL_Receiver/u_Synchronizer_and_PL_Header_Decoder/u_Time_Frequency_and_Coarse_Phase_Synchronizer/u_Time_and_Coarse_Frequency_Synchronizer/u_Frame_Synchronizer/u_Correlator/u_PLSC_Correlator/u_Discrete_FIR_Filter/u_filterTap15_2/fTap_mult_reg_reg/P[47:0] is not pipelined (MREG=0). Pipelining the multiplier function will improve performance and will save significant power so it is suggested whenever possible to fully pipeline this function.  If this multiplier was inferred, it is suggested to describe an additional register stage after this function.  If there is no registered adder/accumulator following the multiply function, two pipeline stages are suggested to allow both the MREG and PREG registers to be used.  If the DSP48 was instantiated in the design, it is suggested to set both the MREG and PREG attributes to 1 when performing multiply functions.
WARNING: [DRC DPOP-4] MREG Output pipelining: DSP design_1_i/dvbs2_ip/U0/u_dvbs2_ip_dut_inst/u_dvbs2_ip_src_DVBS2/u_DVBS2_TxRx/u_DVB_S2_HDL_Receiver/u_Synchronizer_and_PL_Header_Decoder/u_Time_Frequency_and_Coarse_Phase_Synchronizer/u_Time_and_Coarse_Frequency_Synchronizer/u_Frame_Synchronizer/u_Correlator/u_PLSC_Correlator/u_Discrete_FIR_Filter/u_filterTap1_1/fTap_mult_reg_reg multiplier stage design_1_i/dvbs2_ip/U0/u_dvbs2_ip_dut_inst/u_dvbs2_ip_src_DVBS2/u_DVBS2_TxRx/u_DVB_S2_HDL_Receiver/u_Synchronizer_and_PL_Header_Decoder/u_Time_Frequency_and_Coarse_Phase_Synchronizer/u_Time_and_Coarse_Frequency_Synchronizer/u_Frame_Synchronizer/u_Correlator/u_PLSC_Correlator/u_Discrete_FIR_Filter/u_filterTap1_1/fTap_mult_reg_reg/P[47:0] is not pipelined (MREG=0). Pipelining the multiplier function will improve performance and will save significant power so it is suggested whenever possible to fully pipeline this function.  If this multiplier was inferred, it is suggested to describe an additional register stage after this function.  If there is no registered adder/accumulator following the multiply function, two pipeline stages are suggested to allow both the MREG and PREG registers to be used.  If the DSP48 was instantiated in the design, it is suggested to set both the MREG and PREG attributes to 1 when performing multiply functions.
WARNING: [DRC DPOP-4] MREG Output pipelining: DSP design_1_i/dvbs2_ip/U0/u_dvbs2_ip_dut_inst/u_dvbs2_ip_src_DVBS2/u_DVBS2_TxRx/u_DVB_S2_HDL_Receiver/u_Synchronizer_and_PL_Header_Decoder/u_Time_Frequency_and_Coarse_Phase_Synchronizer/u_Time_and_Coarse_Frequency_Synchronizer/u_Frame_Synchronizer/u_Correlator/u_PLSC_Correlator/u_Discrete_FIR_Filter/u_filterTap1_2/fTap_mult_reg_reg multiplier stage design_1_i/dvbs2_ip/U0/u_dvbs2_ip_dut_inst/u_dvbs2_ip_src_DVBS2/u_DVBS2_TxRx/u_DVB_S2_HDL_Receiver/u_Synchronizer_and_PL_Header_Decoder/u_Time_Frequency_and_Coarse_Phase_Synchronizer/u_Time_and_Coarse_Frequency_Synchronizer/u_Frame_Synchronizer/u_Correlator/u_PLSC_Correlator/u_Discrete_FIR_Filter/u_filterTap1_2/fTap_mult_reg_reg/P[47:0] is not pipelined (MREG=0). Pipelining the multiplier function will improve performance and will save significant power so it is suggested whenever possible to fully pipeline this function.  If this multiplier was inferred, it is suggested to describe an additional register stage after this function.  If there is no registered adder/accumulator following the multiply function, two pipeline stages are suggested to allow both the MREG and PREG registers to be used.  If the DSP48 was instantiated in the design, it is suggested to set both the MREG and PREG attributes to 1 when performing multiply functions.
WARNING: [DRC DPOP-4] MREG Output pipelining: DSP design_1_i/dvbs2_ip/U0/u_dvbs2_ip_dut_inst/u_dvbs2_ip_src_DVBS2/u_DVBS2_TxRx/u_DVB_S2_HDL_Receiver/u_Synchronizer_and_PL_Header_Decoder/u_Time_Frequency_and_Coarse_Phase_Synchronizer/u_Time_and_Coarse_Frequency_Synchronizer/u_Frame_Synchronizer/u_Correlator/u_PLSC_Correlator/u_Discrete_FIR_Filter/u_filterTap2/fTap_mult_reg_reg multiplier stage design_1_i/dvbs2_ip/U0/u_dvbs2_ip_dut_inst/u_dvbs2_ip_src_DVBS2/u_DVBS2_TxRx/u_DVB_S2_HDL_Receiver/u_Synchronizer_and_PL_Header_Decoder/u_Time_Frequency_and_Coarse_Phase_Synchronizer/u_Time_and_Coarse_Frequency_Synchronizer/u_Frame_Synchronizer/u_Correlator/u_PLSC_Correlator/u_Discrete_FIR_Filter/u_filterTap2/fTap_mult_reg_reg/P[47:0] is not pipelined (MREG=0). Pipelining the multiplier function will improve performance and will save significant power so it is suggested whenever possible to fully pipeline this function.  If this multiplier was inferred, it is suggested to describe an additional register stage after this function.  If there is no registered adder/accumulator following the multiply function, two pipeline stages are suggested to allow both the MREG and PREG registers to be used.  If the DSP48 was instantiated in the design, it is suggested to set both the MREG and PREG attributes to 1 when performing multiply functions.
WARNING: [DRC DPOP-4] MREG Output pipelining: DSP design_1_i/dvbs2_ip/U0/u_dvbs2_ip_dut_inst/u_dvbs2_ip_src_DVBS2/u_DVBS2_TxRx/u_DVB_S2_HDL_Receiver/u_Synchronizer_and_PL_Header_Decoder/u_Time_Frequency_and_Coarse_Phase_Synchronizer/u_Time_and_Coarse_Frequency_Synchronizer/u_Frame_Synchronizer/u_Correlator/u_PLSC_Correlator/u_Discrete_FIR_Filter/u_filterTap2_1/fTap_mult_reg_reg multiplier stage design_1_i/dvbs2_ip/U0/u_dvbs2_ip_dut_inst/u_dvbs2_ip_src_DVBS2/u_DVBS2_TxRx/u_DVB_S2_HDL_Receiver/u_Synchronizer_and_PL_Header_Decoder/u_Time_Frequency_and_Coarse_Phase_Synchronizer/u_Time_and_Coarse_Frequency_Synchronizer/u_Frame_Synchronizer/u_Correlator/u_PLSC_Correlator/u_Discrete_FIR_Filter/u_filterTap2_1/fTap_mult_reg_reg/P[47:0] is not pipelined (MREG=0). Pipelining the multiplier function will improve performance and will save significant power so it is suggested whenever possible to fully pipeline this function.  If this multiplier was inferred, it is suggested to describe an additional register stage after this function.  If there is no registered adder/accumulator following the multiply function, two pipeline stages are suggested to allow both the MREG and PREG registers to be used.  If the DSP48 was instantiated in the design, it is suggested to set both the MREG and PREG attributes to 1 when performing multiply functions.
WARNING: [DRC DPOP-4] MREG Output pipelining: DSP design_1_i/dvbs2_ip/U0/u_dvbs2_ip_dut_inst/u_dvbs2_ip_src_DVBS2/u_DVBS2_TxRx/u_DVB_S2_HDL_Receiver/u_Synchronizer_and_PL_Header_Decoder/u_Time_Frequency_and_Coarse_Phase_Synchronizer/u_Time_and_Coarse_Frequency_Synchronizer/u_Frame_Synchronizer/u_Correlator/u_PLSC_Correlator/u_Discrete_FIR_Filter/u_filterTap2_2/fTap_mult_reg_reg multiplier stage design_1_i/dvbs2_ip/U0/u_dvbs2_ip_dut_inst/u_dvbs2_ip_src_DVBS2/u_DVBS2_TxRx/u_DVB_S2_HDL_Receiver/u_Synchronizer_and_PL_Header_Decoder/u_Time_Frequency_and_Coarse_Phase_Synchronizer/u_Time_and_Coarse_Frequency_Synchronizer/u_Frame_Synchronizer/u_Correlator/u_PLSC_Correlator/u_Discrete_FIR_Filter/u_filterTap2_2/fTap_mult_reg_reg/P[47:0] is not pipelined (MREG=0). Pipelining the multiplier function will improve performance and will save significant power so it is suggested whenever possible to fully pipeline this function.  If this multiplier was inferred, it is suggested to describe an additional register stage after this function.  If there is no registered adder/accumulator following the multiply function, two pipeline stages are suggested to allow both the MREG and PREG registers to be used.  If the DSP48 was instantiated in the design, it is suggested to set both the MREG and PREG attributes to 1 when performing multiply functions.
WARNING: [DRC DPOP-4] MREG Output pipelining: DSP design_1_i/dvbs2_ip/U0/u_dvbs2_ip_dut_inst/u_dvbs2_ip_src_DVBS2/u_DVBS2_TxRx/u_DVB_S2_HDL_Receiver/u_Synchronizer_and_PL_Header_Decoder/u_Time_Frequency_and_Coarse_Phase_Synchronizer/u_Time_and_Coarse_Frequency_Synchronizer/u_Frame_Synchronizer/u_Correlator/u_PLSC_Correlator/u_Discrete_FIR_Filter/u_filterTap3/fTap_mult_reg_reg multiplier stage design_1_i/dvbs2_ip/U0/u_dvbs2_ip_dut_inst/u_dvbs2_ip_src_DVBS2/u_DVBS2_TxRx/u_DVB_S2_HDL_Receiver/u_Synchronizer_and_PL_Header_Decoder/u_Time_Frequency_and_Coarse_Phase_Synchronizer/u_Time_and_Coarse_Frequency_Synchronizer/u_Frame_Synchronizer/u_Correlator/u_PLSC_Correlator/u_Discrete_FIR_Filter/u_filterTap3/fTap_mult_reg_reg/P[47:0] is not pipelined (MREG=0). Pipelining the multiplier function will improve performance and will save significant power so it is suggested whenever possible to fully pipeline this function.  If this multiplier was inferred, it is suggested to describe an additional register stage after this function.  If there is no registered adder/accumulator following the multiply function, two pipeline stages are suggested to allow both the MREG and PREG registers to be used.  If the DSP48 was instantiated in the design, it is suggested to set both the MREG and PREG attributes to 1 when performing multiply functions.
WARNING: [DRC DPOP-4] MREG Output pipelining: DSP design_1_i/dvbs2_ip/U0/u_dvbs2_ip_dut_inst/u_dvbs2_ip_src_DVBS2/u_DVBS2_TxRx/u_DVB_S2_HDL_Receiver/u_Synchronizer_and_PL_Header_Decoder/u_Time_Frequency_and_Coarse_Phase_Synchronizer/u_Time_and_Coarse_Frequency_Synchronizer/u_Frame_Synchronizer/u_Correlator/u_PLSC_Correlator/u_Discrete_FIR_Filter/u_filterTap3_1/fTap_mult_reg_reg multiplier stage design_1_i/dvbs2_ip/U0/u_dvbs2_ip_dut_inst/u_dvbs2_ip_src_DVBS2/u_DVBS2_TxRx/u_DVB_S2_HDL_Receiver/u_Synchronizer_and_PL_Header_Decoder/u_Time_Frequency_and_Coarse_Phase_Synchronizer/u_Time_and_Coarse_Frequency_Synchronizer/u_Frame_Synchronizer/u_Correlator/u_PLSC_Correlator/u_Discrete_FIR_Filter/u_filterTap3_1/fTap_mult_reg_reg/P[47:0] is not pipelined (MREG=0). Pipelining the multiplier function will improve performance and will save significant power so it is suggested whenever possible to fully pipeline this function.  If this multiplier was inferred, it is suggested to describe an additional register stage after this function.  If there is no registered adder/accumulator following the multiply function, two pipeline stages are suggested to allow both the MREG and PREG registers to be used.  If the DSP48 was instantiated in the design, it is suggested to set both the MREG and PREG attributes to 1 when performing multiply functions.
INFO: [Common 17-14] Message 'DRC DPOP-4' appears 100 times and further instances of the messages will be disabled. Use the Tcl command set_msg_config to change the current settings.
WARNING: [DRC PDCN-1569] LUT equation term check: Used physical LUT pin 'A1' of cell design_1_i/axi_intc_reg/s00_couplers/auto_ds/inst/gen_downsizer.gen_simple_downsizer.axi_downsizer_inst/USE_READ.read_addr_inst/cmd_queue/inst/fifo_gen_inst/inst_fifo_gen/gconvfifo.rf/grf.rf/gntv_or_sync_fifo.gl0.rd/gr1.gr1_int.rfwft/gpregsm1.user_valid_i_1 (pin design_1_i/axi_intc_reg/s00_couplers/auto_ds/inst/gen_downsizer.gen_simple_downsizer.axi_downsizer_inst/USE_READ.read_addr_inst/cmd_queue/inst/fifo_gen_inst/inst_fifo_gen/gconvfifo.rf/grf.rf/gntv_or_sync_fifo.gl0.rd/gr1.gr1_int.rfwft/gpregsm1.user_valid_i_1/I1) is not included in the LUT equation: 'O5=(A3)+((~A3)*(~A5)*A4)'. If this cell is a user instantiated LUT in the design, please remove connectivity to the pin or change the equation and/or INIT string of the LUT to prevent this issue. If the cell is inferred or IP created LUT, please regenerate the IP and/or resynthesize the design to attempt to correct the issue.
WARNING: [DRC PDCN-1569] LUT equation term check: Used physical LUT pin 'A1' of cell design_1_i/axi_intc_reg/s00_couplers/auto_ds/inst/gen_downsizer.gen_simple_downsizer.axi_downsizer_inst/USE_WRITE.write_addr_inst/cmd_queue/inst/fifo_gen_inst/inst_fifo_gen/gconvfifo.rf/grf.rf/gntv_or_sync_fifo.gl0.rd/gr1.gr1_int.rfwft/gpregsm1.user_valid_i_1 (pin design_1_i/axi_intc_reg/s00_couplers/auto_ds/inst/gen_downsizer.gen_simple_downsizer.axi_downsizer_inst/USE_WRITE.write_addr_inst/cmd_queue/inst/fifo_gen_inst/inst_fifo_gen/gconvfifo.rf/grf.rf/gntv_or_sync_fifo.gl0.rd/gr1.gr1_int.rfwft/gpregsm1.user_valid_i_1/I1) is not included in the LUT equation: 'O5=(A2)+((~A2)*(~A5)*A4)'. If this cell is a user instantiated LUT in the design, please remove connectivity to the pin or change the equation and/or INIT string of the LUT to prevent this issue. If the cell is inferred or IP created LUT, please regenerate the IP and/or resynthesize the design to attempt to correct the issue.
WARNING: [DRC PDCN-1569] LUT equation term check: Used physical LUT pin 'A5' of cell design_1_i/axi_intc_reg/s00_couplers/auto_ds/inst/gen_downsizer.gen_simple_downsizer.axi_downsizer_inst/USE_WRITE.write_addr_inst/USE_B_CHANNEL.cmd_b_queue/inst/fifo_gen_inst/inst_fifo_gen/gconvfifo.rf/grf.rf/gntv_or_sync_fifo.gl0.rd/gr1.gr1_int.rfwft/gpregsm1.user_valid_i_1 (pin design_1_i/axi_intc_reg/s00_couplers/auto_ds/inst/gen_downsizer.gen_simple_downsizer.axi_downsizer_inst/USE_WRITE.write_addr_inst/USE_B_CHANNEL.cmd_b_queue/inst/fifo_gen_inst/inst_fifo_gen/gconvfifo.rf/grf.rf/gntv_or_sync_fifo.gl0.rd/gr1.gr1_int.rfwft/gpregsm1.user_valid_i_1/I1) is not included in the LUT equation: 'O5=(A4)+((~A4)*(~A1)*A3)'. If this cell is a user instantiated LUT in the design, please remove connectivity to the pin or change the equation and/or INIT string of the LUT to prevent this issue. If the cell is inferred or IP created LUT, please regenerate the IP and/or resynthesize the design to attempt to correct the issue.
WARNING: [DRC RTSTAT-10] No routable loads: 33 net(s) have no routable loads. The problem bus(es) and/or net(s) are design_1_i/axi_intc_reg/s00_couplers/auto_ds/inst/gen_downsizer.gen_simple_downsizer.axi_downsizer_inst/USE_WRITE.write_addr_inst/USE_B_CHANNEL.cmd_b_queue/inst/fifo_gen_inst/inst_fifo_gen/gconvfifo.rf/grf.rf/gntv_or_sync_fifo.gl0.rd/gr1.gr1_int.rfwft/aempty_fwft_i, design_1_i/axi_intc_reg/s00_couplers/auto_ds/inst/gen_downsizer.gen_simple_downsizer.axi_downsizer_inst/USE_READ.read_addr_inst/cmd_queue/inst/fifo_gen_inst/inst_fifo_gen/gconvfifo.rf/grf.rf/gntv_or_sync_fifo.gl0.rd/gr1.gr1_int.rfwft/aempty_fwft_i, design_1_i/axi_intc_reg/s00_couplers/auto_ds/inst/gen_downsizer.gen_simple_downsizer.axi_downsizer_inst/USE_WRITE.write_addr_inst/cmd_queue/inst/fifo_gen_inst/inst_fifo_gen/gconvfifo.rf/grf.rf/gntv_or_sync_fifo.gl0.rd/gr1.gr1_int.rfwft/aempty_fwft_i, design_1_i/axi_intc_reg/s00_couplers/auto_ds/inst/gen_downsizer.gen_simple_downsizer.axi_downsizer_inst/USE_WRITE.write_addr_inst/cmd_queue/inst/fifo_gen_inst/inst_fifo_gen/gconvfifo.rf/grf.rf/rstblk/ngwrdrst.grst.rd_rst_reg[2:0], design_1_i/axi_intc_reg/s00_couplers/auto_ds/inst/gen_downsizer.gen_simple_downsizer.axi_downsizer_inst/USE_WRITE.write_addr_inst/USE_B_CHANNEL.cmd_b_queue/inst/fifo_gen_inst/inst_fifo_gen/gconvfifo.rf/grf.rf/rstblk/ngwrdrst.grst.rd_rst_reg[2:0], design_1_i/axi_intc_reg/s00_couplers/auto_ds/inst/gen_downsizer.gen_simple_downsizer.axi_downsizer_inst/USE_READ.read_addr_inst/cmd_queue/inst/fifo_gen_inst/inst_fifo_gen/gconvfifo.rf/grf.rf/rstblk/ngwrdrst.grst.rd_rst_reg[2:0], design_1_i/axi_intc_reg/s00_couplers/auto_ds/inst/gen_downsizer.gen_simple_downsizer.axi_downsizer_inst/USE_READ.read_addr_inst/cmd_queue/inst/fifo_gen_inst/inst_fifo_gen/gconvfifo.rf/grf.rf/rstblk/ngwrdrst.grst.wr_rst_reg[2:0], design_1_i/axi_intc_reg/s00_couplers/auto_ds/inst/gen_downsizer.gen_simple_downsizer.axi_downsizer_inst/USE_WRITE.write_addr_inst/cmd_queue/inst/fifo_gen_inst/inst_fifo_gen/gconvfifo.rf/grf.rf/rstblk/ngwrdrst.grst.wr_rst_reg[2:0], design_1_i/axi_intc_reg/s00_couplers/auto_ds/inst/gen_downsizer.gen_simple_downsizer.axi_downsizer_inst/USE_WRITE.write_addr_inst/USE_B_CHANNEL.cmd_b_queue/inst/fifo_gen_inst/inst_fifo_gen/gconvfifo.rf/grf.rf/rstblk/ngwrdrst.grst.wr_rst_reg[2:0], design_1_i/axi_intc_reg/s00_couplers/auto_ds/inst/gen_downsizer.gen_simple_downsizer.axi_downsizer_inst/USE_WRITE.write_addr_inst/cmd_queue/inst/fifo_gen_inst/inst_fifo_gen/gconvfifo.rf/grf.rf/gntv_or_sync_fifo.gl0.wr/gwss.wsts/ram_afull_fb, design_1_i/axi_intc_reg/s00_couplers/auto_ds/inst/gen_downsizer.gen_simple_downsizer.axi_downsizer_inst/USE_READ.read_addr_inst/cmd_queue/inst/fifo_gen_inst/inst_fifo_gen/gconvfifo.rf/grf.rf/gntv_or_sync_fifo.gl0.wr/gwss.wsts/ram_afull_fb, design_1_i/axi_intc_reg/s00_couplers/auto_ds/inst/gen_downsizer.gen_simple_downsizer.axi_downsizer_inst/USE_WRITE.write_addr_inst/USE_B_CHANNEL.cmd_b_queue/inst/fifo_gen_inst/inst_fifo_gen/gconvfifo.rf/grf.rf/gntv_or_sync_fifo.gl0.wr/gwss.wsts/ram_afull_fb, design_1_i/axi_intc_reg/s00_couplers/auto_ds/inst/gen_downsizer.gen_simple_downsizer.axi_downsizer_inst/USE_WRITE.write_addr_inst/USE_B_CHANNEL.cmd_b_queue/inst/fifo_gen_inst/inst_fifo_gen/gconvfifo.rf/grf.rf/gntv_or_sync_fifo.gl0.wr/gwss.wsts/ram_afull_i, design_1_i/axi_intc_reg/s00_couplers/auto_ds/inst/gen_downsizer.gen_simple_downsizer.axi_downsizer_inst/USE_WRITE.write_addr_inst/cmd_queue/inst/fifo_gen_inst/inst_fifo_gen/gconvfifo.rf/grf.rf/gntv_or_sync_fifo.gl0.wr/gwss.wsts/ram_afull_i, design_1_i/axi_intc_reg/s00_couplers/auto_ds/inst/gen_downsizer.gen_simple_downsizer.axi_downsizer_inst/USE_READ.read_addr_inst/cmd_queue/inst/fifo_gen_inst/inst_fifo_gen/gconvfifo.rf/grf.rf/gntv_or_sync_fifo.gl0.wr/gwss.wsts/ram_afull_i... and (the first 15 of 21 listed).
INFO: [DRC REQP-1681] with_OPMODE_USE_MULT_NONE: design_1_i/dvbs2_ip/U0/u_dvbs2_ip_dut_inst/u_dvbs2_ip_src_DVBS2/u_DVBS2_TxRx/u_DVB_S2_HDL_Receiver/u_Demod_Deinterleave_and_FECDecode/u_Symbol_Demodulaor/u_DVBS2_Symbol_Demodulator/u_symbapsk16ScDemodNet_inst/HwModeRegister10_out1_reg: To save power with this DSP48E2 OPMODE input pin programming the USE_MULT attribute should be set to NONE.
INFO: [DRC REQP-1681] with_OPMODE_USE_MULT_NONE: design_1_i/dvbs2_ip/U0/u_dvbs2_ip_dut_inst/u_dvbs2_ip_src_DVBS2/u_DVBS2_TxRx/u_DVB_S2_HDL_Receiver/u_Demod_Deinterleave_and_FECDecode/u_Symbol_Demodulaor/u_DVBS2_Symbol_Demodulator/u_symbapsk16ScDemodNet_inst/HwModeRegister8_out1_reg: To save power with this DSP48E2 OPMODE input pin programming the USE_MULT attribute should be set to NONE.
INFO: [DRC REQP-1681] with_OPMODE_USE_MULT_NONE: design_1_i/dvbs2_ip/U0/u_dvbs2_ip_dut_inst/u_dvbs2_ip_src_DVBS2/u_DVBS2_TxRx/u_DVB_S2_HDL_Receiver/u_Demod_Deinterleave_and_FECDecode/u_Symbol_Demodulaor/u_DVBS2_Symbol_Demodulator/u_symbapsk32ScDemodNet_inst/PipelineRegister19_out1_reg: To save power with this DSP48E2 OPMODE input pin programming the USE_MULT attribute should be set to NONE.
INFO: [DRC REQP-1681] with_OPMODE_USE_MULT_NONE: design_1_i/dvbs2_ip/U0/u_dvbs2_ip_dut_inst/u_dvbs2_ip_src_DVBS2/u_DVBS2_TxRx/u_DVB_S2_HDL_Receiver/u_Demod_Deinterleave_and_FECDecode/u_Symbol_Demodulaor/u_DVBS2_Symbol_Demodulator/u_symbapsk32ScDemodNet_inst/PipelineRegister20_out1_reg: To save power with this DSP48E2 OPMODE input pin programming the USE_MULT attribute should be set to NONE.
INFO: [Vivado 12-3199] DRC finished with 0 Errors, 224 Warnings, 4 Advisories
INFO: [Vivado 12-3200] Please refer to the DRC report (report_drc) for more information.
INFO: [Designutils 20-2272] Running write_bitstream with 2 threads.
Loading data files...
Loading site data...
Loading route data...
Processing options...
Creating bitmap...
Creating bitstream...
Bitstream compression saved 94084960 bits.
Writing bitstream ./soc_dvbs2_top-XilinxZynqUltraScale_RFSoCZCU111EvaluationKit.bit...
INFO: [Vivado 12-1842] Bitgen Completed Successfully.
INFO: [Common 17-83] Releasing license: Implementation
14 Infos, 165 Warnings, 0 Critical Warnings and 0 Errors encountered.
write_bitstream completed successfully
write_bitstream: Time (s): cpu = 00:04:40 ; elapsed = 00:07:31 . Memory (MB): peak = 10509.805 ; gain = 1542.340
------------------------------------
Bitstream generation completed!
------------------------------------
# close_project
close_project: Time (s): cpu = 00:00:12 ; elapsed = 00:00:27 . Memory (MB): peak = 10509.805 ; gain = 0.000
# exit
INFO: [Common 17-206] Exiting Vivado at Mon Oct 27 20:48:38 2025...
