#-----------------------------------------------------------
# Vivado v2024.1 (64-bit)
# SW Build 5076996 on Wed May 22 18:37:14 MDT 2024
# IP Build 5075265 on Wed May 22 21:45:21 MDT 2024
# SharedData Build 5076995 on Wed May 22 18:29:18 MDT 2024
# Start of session at: Mon Oct 27 18:17:14 2025
# Process ID: 12152
# Current directory: C:/demo/DVBS2ReceiverSoCExample/soc_prj
# Command line: vivado.exe -log vivado_create_prj.log -mode batch -source create_prj.tcl -tclargs xczu28dr-ffvg1517-2-e OOC
# Log file: C:/demo/DVBS2ReceiverSoCExample/soc_prj/vivado_create_prj.log
# Journal file: C:/demo/DVBS2ReceiverSoCExample/soc_prj\vivado.jou
# Running On        :TS-98023
# Platform          :Windows Server 2016 or Windows 10
# Operating System  :22631
# Processor Detail  :Intel(R) Core(TM) i7-8550U CPU @ 1.80GHz
# CPU Frequency     :1992 MHz
# CPU Physical cores:4
# CPU Logical cores :8
# Host memory       :17027 MB
# Swap memory       :9610 MB
# Total Virtual     :26638 MB
# Available Virtual :4399 MB
#-----------------------------------------------------------
source create_prj.tcl
# if {$argc == 1} {
#   set part "xc7a35ticsg324-1L"
#   set SynOpt [lindex $argv 0]
# } else {
#   set part [lindex $argv 0]
#   set SynOpt [lindex $argv 1]
# }
# set ip_dir "./ipcore"
# set xdc_file "constr.xdc"
# set bd_file "system_bd.tcl"
# set include_file "hsb_xil.tcl"
# create_project vivado_prj . -force
create_project: Time (s): cpu = 00:00:06 ; elapsed = 00:00:11 . Memory (MB): peak = 612.387 ; gain = 198.746
# set_property part $part [current_project]
# set_property "target_language" "VHDL" [current_project]
# set_property ip_repo_paths  $ip_dir [current_fileset]
# update_ip_catalog
INFO: [IP_Flow 19-234] Refreshing IP repositories
INFO: [IP_Flow 19-1700] Loaded user IP repository 'c:/demo/DVBS2ReceiverSoCExample/soc_prj/ipcore'.
INFO: [IP_Flow 19-2313] Loaded Vivado IP repository 'C:/Xilinx/Vivado/2024.1/data/ip'.
# add_files -fileset constrs_1 -norecurse $xdc_file
# create_bd_design design_1
Wrote  : <C:\demo\DVBS2ReceiverSoCExample\soc_prj\vivado_prj.srcs\sources_1\bd\design_1\design_1.bd> 
# source $include_file
## proc get_bd_obj {obj_str} {
## 
##   set obj [get_bd_intf_pins $obj_str -quiet]
##   if {$obj eq ""} {set obj [get_bd_intf_ports $obj_str -quiet]}
##   if {$obj eq ""} {set obj [get_bd_intf_nets $obj_str -quiet]}
##   if {$obj eq ""} {set obj [get_bd_pins $obj_str -quiet]}
##   if {$obj eq ""} {set obj [get_bd_ports $obj_str -quiet]}
##   if {$obj eq ""} {set obj [get_bd_nets $obj_str -quiet]}
##   return $obj
## }
## proc hsb_connect {str_1 str_2} {
## 
##   set bd_obj_1 [get_bd_obj $str_1]
##   set bd_obj_2 [get_bd_obj $str_2]
##   set bd_obj_1_class [get_property CLASS $bd_obj_1]
##   set bd_obj_2_class [get_property CLASS $bd_obj_2]
## 
##   if {($bd_obj_1_class eq "bd_intf_pin") || ($bd_obj_1_class eq "bd_intf_ports") \
##      && ($bd_obj_2_class eq "bd_intf_pin") || ($bd_obj_2_class eq "bd_intf_ports")} {
##     connect_bd_intf_net $bd_obj_1 $bd_obj_2
##     return
##   }
## 
##   if {($bd_obj_1_class eq "bd_intf_nets") \
##      && ($bd_obj_2_class eq "bd_intf_pin") || ($bd_obj_2_class eq "bd_intf_ports")} {
##     connect_bd_intf_net -intf_net $bd_obj_1 $bd_obj_2
##     return
##   }  
## 
##   if {($bd_obj_1_class eq "bd_pin") || ($bd_obj_1_class eq "bd_ports") \
##      && ($bd_obj_2_class eq "bd_pin") || ($bd_obj_2_class eq "bd_ports")} {
##     connect_bd_net $bd_obj_1 $bd_obj_2
##     return
##   }
## 
##   if {($bd_obj_1_class eq "bd_nets") \
##      && ($bd_obj_2_class eq "bd_pin") || ($bd_obj_2_class eq "bd_ports")} {
##     connect_bd_net -net $bd_obj_1 $bd_obj_2
##     return
##   }
## }
## proc create_hier_cell_FIFO_WdCvtr { parentCell nameHier DataWidthWr} {
## # Datawidth FIFO
## 
##   # It is assumed that the WriteWidth = 2*ReadWidth
##   set DataWidthRd [expr $DataWidthWr*2]
##   variable script_folder
## 
##   if { $parentCell eq "" || $nameHier eq "" } {
##      catch {common::send_gid_msg -ssname BD::TCL -id 2092 -severity "ERROR" "create_hier_cell_FIFO_WidthConvert() - Empty argument(s)!"}
##      return
##   }
## 
##   # Get object for parentCell
##   set parentObj [get_bd_cells $parentCell]
##   if { $parentObj == "" } {
##      catch {common::send_gid_msg -ssname BD::TCL -id 2090 -severity "ERROR" "Unable to find parent cell <$parentCell>!"}
##      return
##   }
## 
##   # Make sure parentObj is hier blk
##   set parentType [get_property TYPE $parentObj]
##   if { $parentType ne "hier" } {
##      catch {common::send_gid_msg -ssname BD::TCL -id 2091 -severity "ERROR" "Parent <$parentObj> has TYPE = <$parentType>. Expected to be <hier>."}
##      return
##   }
## 
##   # Save current instance; Restore later
##   set oldCurInst [current_bd_instance .]
## 
##   # Set parent object as current
##   current_bd_instance $parentObj
## 
##   # Create cell and set as current instance
##   set hier_obj [create_bd_cell -type hier $nameHier]
##   current_bd_instance $hier_obj
## 
##   # Create interface pins
## 
##   # Create pins
##   create_bd_pin -dir I -type clk rd_clk_0
##   create_bd_pin -dir O -from [expr ${DataWidthRd}-1] -to 0 rd_data
##   create_bd_pin -dir O rd_valid
##   create_bd_pin -dir I -type clk wr_clk_0
##   create_bd_pin -dir I -from [expr ${DataWidthWr}-1] -to 0 wr_data
##   create_bd_pin -dir I wr_valid
## 
##   # Create instance: fifo_generator_0, and set properties
##   set fifo_generator_0 [ create_bd_cell -type ip -vlnv xilinx.com:ip:fifo_generator:13.2 fifo_generator_0 ]
##   set_property -dict [ list \
##    CONFIG.Enable_Safety_Circuit {true} \
##    CONFIG.Fifo_Implementation {Independent_Clocks_Block_RAM} \
##    CONFIG.Full_Flags_Reset_Value {1} \
##    CONFIG.Input_Data_Width ${DataWidthWr} \
##    CONFIG.Output_Data_Width ${DataWidthRd} \
##    CONFIG.Reset_Type {Asynchronous_Reset} \
##    CONFIG.asymmetric_port_width {true} \
##  ] $fifo_generator_0
## 
## 
##   # Create instance: lower_bits, and set properties
##   set lower_bits [ create_bd_cell -type ip -vlnv xilinx.com:ip:xlslice:1.0 lower_bits ]
##   set_property -dict [ list \
##    CONFIG.DIN_FROM [expr ${DataWidthWr} -1] \
##    CONFIG.DIN_WIDTH ${DataWidthRd} \
##    CONFIG.DOUT_WIDTH ${DataWidthWr} \
##  ] $lower_bits
## 
##   # Create instance: read_en, and set properties
##   set read_en [ create_bd_cell -type ip -vlnv xilinx.com:ip:xlconstant:1.1 read_en ]
## 
##   # Create instance: upper_bits, and set properties
##   set upper_bits [ create_bd_cell -type ip -vlnv xilinx.com:ip:xlslice:1.0 upper_bits ]
##   set_property -dict [ list \
##    CONFIG.DIN_FROM [expr ${DataWidthRd} -1] \
##    CONFIG.DIN_TO ${DataWidthWr} \
##    CONFIG.DIN_WIDTH ${DataWidthRd} \
##    CONFIG.DOUT_WIDTH ${DataWidthWr} \
##  ] $upper_bits
## 
##   # Create instance: xlconcat_0, and set properties
##   set xlconcat_0 [ create_bd_cell -type ip -vlnv xilinx.com:ip:xlconcat:2.1 xlconcat_0 ]
## 
##   # Create port connections
##   connect_bd_net -net din_0_1 [get_bd_pins wr_data] [get_bd_pins fifo_generator_0/din]
##   connect_bd_net -net fifo_generator_0_dout [get_bd_pins fifo_generator_0/dout] [get_bd_pins lower_bits/Din] [get_bd_pins upper_bits/Din]
##   connect_bd_net -net lower_bits_Dout [get_bd_pins lower_bits/Dout] [get_bd_pins xlconcat_0/In1]
##   connect_bd_net -net rd_clk_0_1 [get_bd_pins rd_clk_0] [get_bd_pins fifo_generator_0/rd_clk]
##   connect_bd_net -net read_en_dout [get_bd_pins rd_valid] [get_bd_pins fifo_generator_0/rd_en] [get_bd_pins read_en/dout]
##   connect_bd_net -net upper_bits_Dout [get_bd_pins upper_bits/Dout] [get_bd_pins xlconcat_0/In0]
##   connect_bd_net -net wr_clk_0_1 [get_bd_pins wr_clk_0] [get_bd_pins fifo_generator_0/wr_clk]
##   connect_bd_net -net wr_en_0_1 [get_bd_pins wr_valid] [get_bd_pins fifo_generator_0/wr_en]
##   connect_bd_net -net xlconcat_0_dout [get_bd_pins rd_data] [get_bd_pins xlconcat_0/dout]
## 
##   # Restore current instance
##   current_bd_instance $oldCurInst
## }
# source $bd_file
## source hsb_xil.tcl
### proc get_bd_obj {obj_str} {
### 
###   set obj [get_bd_intf_pins $obj_str -quiet]
###   if {$obj eq ""} {set obj [get_bd_intf_ports $obj_str -quiet]}
###   if {$obj eq ""} {set obj [get_bd_intf_nets $obj_str -quiet]}
###   if {$obj eq ""} {set obj [get_bd_pins $obj_str -quiet]}
###   if {$obj eq ""} {set obj [get_bd_ports $obj_str -quiet]}
###   if {$obj eq ""} {set obj [get_bd_nets $obj_str -quiet]}
###   return $obj
### }
### proc hsb_connect {str_1 str_2} {
### 
###   set bd_obj_1 [get_bd_obj $str_1]
###   set bd_obj_2 [get_bd_obj $str_2]
###   set bd_obj_1_class [get_property CLASS $bd_obj_1]
###   set bd_obj_2_class [get_property CLASS $bd_obj_2]
### 
###   if {($bd_obj_1_class eq "bd_intf_pin") || ($bd_obj_1_class eq "bd_intf_ports") \
###      && ($bd_obj_2_class eq "bd_intf_pin") || ($bd_obj_2_class eq "bd_intf_ports")} {
###     connect_bd_intf_net $bd_obj_1 $bd_obj_2
###     return
###   }
### 
###   if {($bd_obj_1_class eq "bd_intf_nets") \
###      && ($bd_obj_2_class eq "bd_intf_pin") || ($bd_obj_2_class eq "bd_intf_ports")} {
###     connect_bd_intf_net -intf_net $bd_obj_1 $bd_obj_2
###     return
###   }  
### 
###   if {($bd_obj_1_class eq "bd_pin") || ($bd_obj_1_class eq "bd_ports") \
###      && ($bd_obj_2_class eq "bd_pin") || ($bd_obj_2_class eq "bd_ports")} {
###     connect_bd_net $bd_obj_1 $bd_obj_2
###     return
###   }
### 
###   if {($bd_obj_1_class eq "bd_nets") \
###      && ($bd_obj_2_class eq "bd_pin") || ($bd_obj_2_class eq "bd_ports")} {
###     connect_bd_net -net $bd_obj_1 $bd_obj_2
###     return
###   }
### }
### proc create_hier_cell_FIFO_WdCvtr { parentCell nameHier DataWidthWr} {
### # Datawidth FIFO
### 
###   # It is assumed that the WriteWidth = 2*ReadWidth
###   set DataWidthRd [expr $DataWidthWr*2]
###   variable script_folder
### 
###   if { $parentCell eq "" || $nameHier eq "" } {
###      catch {common::send_gid_msg -ssname BD::TCL -id 2092 -severity "ERROR" "create_hier_cell_FIFO_WidthConvert() - Empty argument(s)!"}
###      return
###   }
### 
###   # Get object for parentCell
###   set parentObj [get_bd_cells $parentCell]
###   if { $parentObj == "" } {
###      catch {common::send_gid_msg -ssname BD::TCL -id 2090 -severity "ERROR" "Unable to find parent cell <$parentCell>!"}
###      return
###   }
### 
###   # Make sure parentObj is hier blk
###   set parentType [get_property TYPE $parentObj]
###   if { $parentType ne "hier" } {
###      catch {common::send_gid_msg -ssname BD::TCL -id 2091 -severity "ERROR" "Parent <$parentObj> has TYPE = <$parentType>. Expected to be <hier>."}
###      return
###   }
### 
###   # Save current instance; Restore later
###   set oldCurInst [current_bd_instance .]
### 
###   # Set parent object as current
###   current_bd_instance $parentObj
### 
###   # Create cell and set as current instance
###   set hier_obj [create_bd_cell -type hier $nameHier]
###   current_bd_instance $hier_obj
### 
###   # Create interface pins
### 
###   # Create pins
###   create_bd_pin -dir I -type clk rd_clk_0
###   create_bd_pin -dir O -from [expr ${DataWidthRd}-1] -to 0 rd_data
###   create_bd_pin -dir O rd_valid
###   create_bd_pin -dir I -type clk wr_clk_0
###   create_bd_pin -dir I -from [expr ${DataWidthWr}-1] -to 0 wr_data
###   create_bd_pin -dir I wr_valid
### 
###   # Create instance: fifo_generator_0, and set properties
###   set fifo_generator_0 [ create_bd_cell -type ip -vlnv xilinx.com:ip:fifo_generator:13.2 fifo_generator_0 ]
###   set_property -dict [ list \
###    CONFIG.Enable_Safety_Circuit {true} \
###    CONFIG.Fifo_Implementation {Independent_Clocks_Block_RAM} \
###    CONFIG.Full_Flags_Reset_Value {1} \
###    CONFIG.Input_Data_Width ${DataWidthWr} \
###    CONFIG.Output_Data_Width ${DataWidthRd} \
###    CONFIG.Reset_Type {Asynchronous_Reset} \
###    CONFIG.asymmetric_port_width {true} \
###  ] $fifo_generator_0
### 
### 
###   # Create instance: lower_bits, and set properties
###   set lower_bits [ create_bd_cell -type ip -vlnv xilinx.com:ip:xlslice:1.0 lower_bits ]
###   set_property -dict [ list \
###    CONFIG.DIN_FROM [expr ${DataWidthWr} -1] \
###    CONFIG.DIN_WIDTH ${DataWidthRd} \
###    CONFIG.DOUT_WIDTH ${DataWidthWr} \
###  ] $lower_bits
### 
###   # Create instance: read_en, and set properties
###   set read_en [ create_bd_cell -type ip -vlnv xilinx.com:ip:xlconstant:1.1 read_en ]
### 
###   # Create instance: upper_bits, and set properties
###   set upper_bits [ create_bd_cell -type ip -vlnv xilinx.com:ip:xlslice:1.0 upper_bits ]
###   set_property -dict [ list \
###    CONFIG.DIN_FROM [expr ${DataWidthRd} -1] \
###    CONFIG.DIN_TO ${DataWidthWr} \
###    CONFIG.DIN_WIDTH ${DataWidthRd} \
###    CONFIG.DOUT_WIDTH ${DataWidthWr} \
###  ] $upper_bits
### 
###   # Create instance: xlconcat_0, and set properties
###   set xlconcat_0 [ create_bd_cell -type ip -vlnv xilinx.com:ip:xlconcat:2.1 xlconcat_0 ]
### 
###   # Create port connections
###   connect_bd_net -net din_0_1 [get_bd_pins wr_data] [get_bd_pins fifo_generator_0/din]
###   connect_bd_net -net fifo_generator_0_dout [get_bd_pins fifo_generator_0/dout] [get_bd_pins lower_bits/Din] [get_bd_pins upper_bits/Din]
###   connect_bd_net -net lower_bits_Dout [get_bd_pins lower_bits/Dout] [get_bd_pins xlconcat_0/In1]
###   connect_bd_net -net rd_clk_0_1 [get_bd_pins rd_clk_0] [get_bd_pins fifo_generator_0/rd_clk]
###   connect_bd_net -net read_en_dout [get_bd_pins rd_valid] [get_bd_pins fifo_generator_0/rd_en] [get_bd_pins read_en/dout]
###   connect_bd_net -net upper_bits_Dout [get_bd_pins upper_bits/Dout] [get_bd_pins xlconcat_0/In0]
###   connect_bd_net -net wr_clk_0_1 [get_bd_pins wr_clk_0] [get_bd_pins fifo_generator_0/wr_clk]
###   connect_bd_net -net wr_en_0_1 [get_bd_pins wr_valid] [get_bd_pins fifo_generator_0/wr_en]
###   connect_bd_net -net xlconcat_0_dout [get_bd_pins rd_data] [get_bd_pins xlconcat_0/dout]
### 
###   # Restore current instance
###   current_bd_instance $oldCurInst
### }
create_bd_cell: Time (s): cpu = 00:00:03 ; elapsed = 00:00:06 . Memory (MB): peak = 817.789 ; gain = 170.941
## set zynq_ultra_ps [ create_bd_cell -type ip -vlnv xilinx.com:ip:zynq_ultra_ps_e:3.5 zynq_ultra_ps ]
## set_property -dict [ list \
##    CONFIG.CAN0_BOARD_INTERFACE {custom} \
##    CONFIG.CAN1_BOARD_INTERFACE {custom} \
##    CONFIG.CSU_BOARD_INTERFACE {custom} \
##    CONFIG.DP_BOARD_INTERFACE {custom} \
##    CONFIG.GEM0_BOARD_INTERFACE {custom} \
##    CONFIG.GEM1_BOARD_INTERFACE {custom} \
##    CONFIG.GEM2_BOARD_INTERFACE {custom} \
##    CONFIG.GEM3_BOARD_INTERFACE {custom} \
##    CONFIG.GPIO_BOARD_INTERFACE {custom} \
##    CONFIG.IIC0_BOARD_INTERFACE {custom} \
##    CONFIG.IIC1_BOARD_INTERFACE {custom} \
##    CONFIG.NAND_BOARD_INTERFACE {custom} \
##    CONFIG.PCIE_BOARD_INTERFACE {custom} \
##    CONFIG.PJTAG_BOARD_INTERFACE {custom} \
##    CONFIG.PMU_BOARD_INTERFACE {custom} \
##    CONFIG.PSU_BANK_0_IO_STANDARD {LVCMOS18} \
##    CONFIG.PSU_BANK_1_IO_STANDARD {LVCMOS18} \
##    CONFIG.PSU_BANK_2_IO_STANDARD {LVCMOS18} \
##    CONFIG.PSU_BANK_3_IO_STANDARD {LVCMOS33} \
##    CONFIG.PSU_DDR_RAM_HIGHADDR {0xFFFFFFFF} \
##    CONFIG.PSU_DDR_RAM_HIGHADDR_OFFSET {0x800000000} \
##    CONFIG.PSU_DDR_RAM_LOWADDR_OFFSET {0x80000000} \
##    CONFIG.PSU_DYNAMIC_DDR_CONFIG_EN {0} \
##    CONFIG.PSU_IMPORT_BOARD_PRESET {} \
##    CONFIG.PSU_MIO_0_DIRECTION {out} \
##    CONFIG.PSU_MIO_0_DRIVE_STRENGTH {12} \
##    CONFIG.PSU_MIO_0_INPUT_TYPE {cmos} \
##    CONFIG.PSU_MIO_0_POLARITY {Default} \
##    CONFIG.PSU_MIO_0_PULLUPDOWN {pullup} \
##    CONFIG.PSU_MIO_0_SLEW {slow} \
##    CONFIG.PSU_MIO_10_DIRECTION {inout} \
##    CONFIG.PSU_MIO_10_DRIVE_STRENGTH {12} \
##    CONFIG.PSU_MIO_10_INPUT_TYPE {schmitt} \
##    CONFIG.PSU_MIO_10_POLARITY {Default} \
##    CONFIG.PSU_MIO_10_PULLUPDOWN {pullup} \
##    CONFIG.PSU_MIO_10_SLEW {slow} \
##    CONFIG.PSU_MIO_11_DIRECTION {inout} \
##    CONFIG.PSU_MIO_11_DRIVE_STRENGTH {12} \
##    CONFIG.PSU_MIO_11_INPUT_TYPE {schmitt} \
##    CONFIG.PSU_MIO_11_POLARITY {Default} \
##    CONFIG.PSU_MIO_11_PULLUPDOWN {pullup} \
##    CONFIG.PSU_MIO_11_SLEW {slow} \
##    CONFIG.PSU_MIO_12_DIRECTION {out} \
##    CONFIG.PSU_MIO_12_DRIVE_STRENGTH {12} \
##    CONFIG.PSU_MIO_12_INPUT_TYPE {cmos} \
##    CONFIG.PSU_MIO_12_POLARITY {Default} \
##    CONFIG.PSU_MIO_12_PULLUPDOWN {pullup} \
##    CONFIG.PSU_MIO_12_SLEW {slow} \
##    CONFIG.PSU_MIO_13_DIRECTION {inout} \
##    CONFIG.PSU_MIO_13_DRIVE_STRENGTH {12} \
##    CONFIG.PSU_MIO_13_INPUT_TYPE {schmitt} \
##    CONFIG.PSU_MIO_13_POLARITY {Default} \
##    CONFIG.PSU_MIO_13_PULLUPDOWN {pullup} \
##    CONFIG.PSU_MIO_13_SLEW {slow} \
##    CONFIG.PSU_MIO_14_DIRECTION {inout} \
##    CONFIG.PSU_MIO_14_DRIVE_STRENGTH {12} \
##    CONFIG.PSU_MIO_14_INPUT_TYPE {schmitt} \
##    CONFIG.PSU_MIO_14_POLARITY {Default} \
##    CONFIG.PSU_MIO_14_PULLUPDOWN {pullup} \
##    CONFIG.PSU_MIO_14_SLEW {slow} \
##    CONFIG.PSU_MIO_15_DIRECTION {inout} \
##    CONFIG.PSU_MIO_15_DRIVE_STRENGTH {12} \
##    CONFIG.PSU_MIO_15_INPUT_TYPE {schmitt} \
##    CONFIG.PSU_MIO_15_POLARITY {Default} \
##    CONFIG.PSU_MIO_15_PULLUPDOWN {pullup} \
##    CONFIG.PSU_MIO_15_SLEW {slow} \
##    CONFIG.PSU_MIO_16_DIRECTION {inout} \
##    CONFIG.PSU_MIO_16_DRIVE_STRENGTH {12} \
##    CONFIG.PSU_MIO_16_INPUT_TYPE {schmitt} \
##    CONFIG.PSU_MIO_16_POLARITY {Default} \
##    CONFIG.PSU_MIO_16_PULLUPDOWN {pullup} \
##    CONFIG.PSU_MIO_16_SLEW {slow} \
##    CONFIG.PSU_MIO_17_DIRECTION {inout} \
##    CONFIG.PSU_MIO_17_DRIVE_STRENGTH {12} \
##    CONFIG.PSU_MIO_17_INPUT_TYPE {schmitt} \
##    CONFIG.PSU_MIO_17_POLARITY {Default} \
##    CONFIG.PSU_MIO_17_PULLUPDOWN {pullup} \
##    CONFIG.PSU_MIO_17_SLEW {slow} \
##    CONFIG.PSU_MIO_18_DIRECTION {in} \
##    CONFIG.PSU_MIO_18_DRIVE_STRENGTH {12} \
##    CONFIG.PSU_MIO_18_INPUT_TYPE {schmitt} \
##    CONFIG.PSU_MIO_18_POLARITY {Default} \
##    CONFIG.PSU_MIO_18_PULLUPDOWN {pullup} \
##    CONFIG.PSU_MIO_18_SLEW {fast} \
##    CONFIG.PSU_MIO_19_DIRECTION {out} \
##    CONFIG.PSU_MIO_19_DRIVE_STRENGTH {12} \
##    CONFIG.PSU_MIO_19_INPUT_TYPE {cmos} \
##    CONFIG.PSU_MIO_19_POLARITY {Default} \
##    CONFIG.PSU_MIO_19_PULLUPDOWN {pullup} \
##    CONFIG.PSU_MIO_19_SLEW {slow} \
##    CONFIG.PSU_MIO_1_DIRECTION {inout} \
##    CONFIG.PSU_MIO_1_DRIVE_STRENGTH {12} \
##    CONFIG.PSU_MIO_1_INPUT_TYPE {schmitt} \
##    CONFIG.PSU_MIO_1_POLARITY {Default} \
##    CONFIG.PSU_MIO_1_PULLUPDOWN {pullup} \
##    CONFIG.PSU_MIO_1_SLEW {slow} \
##    CONFIG.PSU_MIO_20_DIRECTION {inout} \
##    CONFIG.PSU_MIO_20_DRIVE_STRENGTH {12} \
##    CONFIG.PSU_MIO_20_INPUT_TYPE {schmitt} \
##    CONFIG.PSU_MIO_20_POLARITY {Default} \
##    CONFIG.PSU_MIO_20_PULLUPDOWN {pullup} \
##    CONFIG.PSU_MIO_20_SLEW {slow} \
##    CONFIG.PSU_MIO_21_DIRECTION {inout} \
##    CONFIG.PSU_MIO_21_DRIVE_STRENGTH {12} \
##    CONFIG.PSU_MIO_21_INPUT_TYPE {schmitt} \
##    CONFIG.PSU_MIO_21_POLARITY {Default} \
##    CONFIG.PSU_MIO_21_PULLUPDOWN {pullup} \
##    CONFIG.PSU_MIO_21_SLEW {slow} \
##    CONFIG.PSU_MIO_22_DIRECTION {inout} \
##    CONFIG.PSU_MIO_22_DRIVE_STRENGTH {12} \
##    CONFIG.PSU_MIO_22_INPUT_TYPE {schmitt} \
##    CONFIG.PSU_MIO_22_POLARITY {Default} \
##    CONFIG.PSU_MIO_22_PULLUPDOWN {pullup} \
##    CONFIG.PSU_MIO_22_SLEW {slow} \
##    CONFIG.PSU_MIO_23_DIRECTION {inout} \
##    CONFIG.PSU_MIO_23_DRIVE_STRENGTH {12} \
##    CONFIG.PSU_MIO_23_INPUT_TYPE {schmitt} \
##    CONFIG.PSU_MIO_23_POLARITY {Default} \
##    CONFIG.PSU_MIO_23_PULLUPDOWN {pullup} \
##    CONFIG.PSU_MIO_23_SLEW {slow} \
##    CONFIG.PSU_MIO_24_DIRECTION {inout} \
##    CONFIG.PSU_MIO_24_DRIVE_STRENGTH {12} \
##    CONFIG.PSU_MIO_24_INPUT_TYPE {schmitt} \
##    CONFIG.PSU_MIO_24_POLARITY {Default} \
##    CONFIG.PSU_MIO_24_PULLUPDOWN {pullup} \
##    CONFIG.PSU_MIO_24_SLEW {slow} \
##    CONFIG.PSU_MIO_25_DIRECTION {inout} \
##    CONFIG.PSU_MIO_25_DRIVE_STRENGTH {12} \
##    CONFIG.PSU_MIO_25_INPUT_TYPE {schmitt} \
##    CONFIG.PSU_MIO_25_POLARITY {Default} \
##    CONFIG.PSU_MIO_25_PULLUPDOWN {pullup} \
##    CONFIG.PSU_MIO_25_SLEW {slow} \
##    CONFIG.PSU_MIO_26_DIRECTION {inout} \
##    CONFIG.PSU_MIO_26_DRIVE_STRENGTH {12} \
##    CONFIG.PSU_MIO_26_INPUT_TYPE {schmitt} \
##    CONFIG.PSU_MIO_26_POLARITY {Default} \
##    CONFIG.PSU_MIO_26_PULLUPDOWN {pullup} \
##    CONFIG.PSU_MIO_26_SLEW {slow} \
##    CONFIG.PSU_MIO_27_DIRECTION {out} \
##    CONFIG.PSU_MIO_27_DRIVE_STRENGTH {12} \
##    CONFIG.PSU_MIO_27_INPUT_TYPE {cmos} \
##    CONFIG.PSU_MIO_27_POLARITY {Default} \
##    CONFIG.PSU_MIO_27_PULLUPDOWN {pullup} \
##    CONFIG.PSU_MIO_27_SLEW {slow} \
##    CONFIG.PSU_MIO_28_DIRECTION {in} \
##    CONFIG.PSU_MIO_28_DRIVE_STRENGTH {12} \
##    CONFIG.PSU_MIO_28_INPUT_TYPE {schmitt} \
##    CONFIG.PSU_MIO_28_POLARITY {Default} \
##    CONFIG.PSU_MIO_28_PULLUPDOWN {pullup} \
##    CONFIG.PSU_MIO_28_SLEW {fast} \
##    CONFIG.PSU_MIO_29_DIRECTION {out} \
##    CONFIG.PSU_MIO_29_DRIVE_STRENGTH {12} \
##    CONFIG.PSU_MIO_29_INPUT_TYPE {cmos} \
##    CONFIG.PSU_MIO_29_POLARITY {Default} \
##    CONFIG.PSU_MIO_29_PULLUPDOWN {pullup} \
##    CONFIG.PSU_MIO_29_SLEW {slow} \
##    CONFIG.PSU_MIO_2_DIRECTION {inout} \
##    CONFIG.PSU_MIO_2_DRIVE_STRENGTH {12} \
##    CONFIG.PSU_MIO_2_INPUT_TYPE {schmitt} \
##    CONFIG.PSU_MIO_2_POLARITY {Default} \
##    CONFIG.PSU_MIO_2_PULLUPDOWN {pullup} \
##    CONFIG.PSU_MIO_2_SLEW {slow} \
##    CONFIG.PSU_MIO_30_DIRECTION {in} \
##    CONFIG.PSU_MIO_30_DRIVE_STRENGTH {12} \
##    CONFIG.PSU_MIO_30_INPUT_TYPE {schmitt} \
##    CONFIG.PSU_MIO_30_POLARITY {Default} \
##    CONFIG.PSU_MIO_30_PULLUPDOWN {pullup} \
##    CONFIG.PSU_MIO_30_SLEW {fast} \
##    CONFIG.PSU_MIO_31_DIRECTION {inout} \
##    CONFIG.PSU_MIO_31_DRIVE_STRENGTH {12} \
##    CONFIG.PSU_MIO_31_INPUT_TYPE {schmitt} \
##    CONFIG.PSU_MIO_31_POLARITY {Default} \
##    CONFIG.PSU_MIO_31_PULLUPDOWN {pullup} \
##    CONFIG.PSU_MIO_31_SLEW {slow} \
##    CONFIG.PSU_MIO_32_DIRECTION {out} \
##    CONFIG.PSU_MIO_32_DRIVE_STRENGTH {12} \
##    CONFIG.PSU_MIO_32_INPUT_TYPE {cmos} \
##    CONFIG.PSU_MIO_32_POLARITY {Default} \
##    CONFIG.PSU_MIO_32_PULLUPDOWN {pullup} \
##    CONFIG.PSU_MIO_32_SLEW {slow} \
##    CONFIG.PSU_MIO_33_DIRECTION {out} \
##    CONFIG.PSU_MIO_33_DRIVE_STRENGTH {12} \
##    CONFIG.PSU_MIO_33_INPUT_TYPE {cmos} \
##    CONFIG.PSU_MIO_33_POLARITY {Default} \
##    CONFIG.PSU_MIO_33_PULLUPDOWN {pullup} \
##    CONFIG.PSU_MIO_33_SLEW {slow} \
##    CONFIG.PSU_MIO_34_DIRECTION {out} \
##    CONFIG.PSU_MIO_34_DRIVE_STRENGTH {12} \
##    CONFIG.PSU_MIO_34_INPUT_TYPE {cmos} \
##    CONFIG.PSU_MIO_34_POLARITY {Default} \
##    CONFIG.PSU_MIO_34_PULLUPDOWN {pullup} \
##    CONFIG.PSU_MIO_34_SLEW {slow} \
##    CONFIG.PSU_MIO_35_DIRECTION {out} \
##    CONFIG.PSU_MIO_35_DRIVE_STRENGTH {12} \
##    CONFIG.PSU_MIO_35_INPUT_TYPE {cmos} \
##    CONFIG.PSU_MIO_35_POLARITY {Default} \
##    CONFIG.PSU_MIO_35_PULLUPDOWN {pullup} \
##    CONFIG.PSU_MIO_35_SLEW {slow} \
##    CONFIG.PSU_MIO_36_DIRECTION {out} \
##    CONFIG.PSU_MIO_36_DRIVE_STRENGTH {12} \
##    CONFIG.PSU_MIO_36_INPUT_TYPE {cmos} \
##    CONFIG.PSU_MIO_36_POLARITY {Default} \
##    CONFIG.PSU_MIO_36_PULLUPDOWN {pullup} \
##    CONFIG.PSU_MIO_36_SLEW {slow} \
##    CONFIG.PSU_MIO_37_DIRECTION {out} \
##    CONFIG.PSU_MIO_37_DRIVE_STRENGTH {12} \
##    CONFIG.PSU_MIO_37_INPUT_TYPE {cmos} \
##    CONFIG.PSU_MIO_37_POLARITY {Default} \
##    CONFIG.PSU_MIO_37_PULLUPDOWN {pullup} \
##    CONFIG.PSU_MIO_37_SLEW {slow} \
##    CONFIG.PSU_MIO_38_DIRECTION {inout} \
##    CONFIG.PSU_MIO_38_DRIVE_STRENGTH {12} \
##    CONFIG.PSU_MIO_38_INPUT_TYPE {schmitt} \
##    CONFIG.PSU_MIO_38_POLARITY {Default} \
##    CONFIG.PSU_MIO_38_PULLUPDOWN {pullup} \
##    CONFIG.PSU_MIO_38_SLEW {slow} \
##    CONFIG.PSU_MIO_39_DIRECTION {inout} \
##    CONFIG.PSU_MIO_39_DRIVE_STRENGTH {12} \
##    CONFIG.PSU_MIO_39_INPUT_TYPE {schmitt} \
##    CONFIG.PSU_MIO_39_POLARITY {Default} \
##    CONFIG.PSU_MIO_39_PULLUPDOWN {pullup} \
##    CONFIG.PSU_MIO_39_SLEW {slow} \
##    CONFIG.PSU_MIO_3_DIRECTION {inout} \
##    CONFIG.PSU_MIO_3_DRIVE_STRENGTH {12} \
##    CONFIG.PSU_MIO_3_INPUT_TYPE {schmitt} \
##    CONFIG.PSU_MIO_3_POLARITY {Default} \
##    CONFIG.PSU_MIO_3_PULLUPDOWN {pullup} \
##    CONFIG.PSU_MIO_3_SLEW {slow} \
##    CONFIG.PSU_MIO_40_DIRECTION {inout} \
##    CONFIG.PSU_MIO_40_DRIVE_STRENGTH {12} \
##    CONFIG.PSU_MIO_40_INPUT_TYPE {schmitt} \
##    CONFIG.PSU_MIO_40_POLARITY {Default} \
##    CONFIG.PSU_MIO_40_PULLUPDOWN {pullup} \
##    CONFIG.PSU_MIO_40_SLEW {slow} \
##    CONFIG.PSU_MIO_41_DIRECTION {inout} \
##    CONFIG.PSU_MIO_41_DRIVE_STRENGTH {12} \
##    CONFIG.PSU_MIO_41_INPUT_TYPE {schmitt} \
##    CONFIG.PSU_MIO_41_POLARITY {Default} \
##    CONFIG.PSU_MIO_41_PULLUPDOWN {pullup} \
##    CONFIG.PSU_MIO_41_SLEW {slow} \
##    CONFIG.PSU_MIO_42_DIRECTION {inout} \
##    CONFIG.PSU_MIO_42_DRIVE_STRENGTH {12} \
##    CONFIG.PSU_MIO_42_INPUT_TYPE {schmitt} \
##    CONFIG.PSU_MIO_42_POLARITY {Default} \
##    CONFIG.PSU_MIO_42_PULLUPDOWN {pullup} \
##    CONFIG.PSU_MIO_42_SLEW {slow} \
##    CONFIG.PSU_MIO_43_DIRECTION {inout} \
##    CONFIG.PSU_MIO_43_DRIVE_STRENGTH {12} \
##    CONFIG.PSU_MIO_43_INPUT_TYPE {schmitt} \
##    CONFIG.PSU_MIO_43_POLARITY {Default} \
##    CONFIG.PSU_MIO_43_PULLUPDOWN {pullup} \
##    CONFIG.PSU_MIO_43_SLEW {slow} \
##    CONFIG.PSU_MIO_44_DIRECTION {inout} \
##    CONFIG.PSU_MIO_44_DRIVE_STRENGTH {12} \
##    CONFIG.PSU_MIO_44_INPUT_TYPE {schmitt} \
##    CONFIG.PSU_MIO_44_POLARITY {Default} \
##    CONFIG.PSU_MIO_44_PULLUPDOWN {pullup} \
##    CONFIG.PSU_MIO_44_SLEW {slow} \
##    CONFIG.PSU_MIO_45_DIRECTION {in} \
##    CONFIG.PSU_MIO_45_DRIVE_STRENGTH {12} \
##    CONFIG.PSU_MIO_45_INPUT_TYPE {schmitt} \
##    CONFIG.PSU_MIO_45_POLARITY {Default} \
##    CONFIG.PSU_MIO_45_PULLUPDOWN {pullup} \
##    CONFIG.PSU_MIO_45_SLEW {fast} \
##    CONFIG.PSU_MIO_46_DIRECTION {inout} \
##    CONFIG.PSU_MIO_46_DRIVE_STRENGTH {12} \
##    CONFIG.PSU_MIO_46_INPUT_TYPE {schmitt} \
##    CONFIG.PSU_MIO_46_POLARITY {Default} \
##    CONFIG.PSU_MIO_46_PULLUPDOWN {pullup} \
##    CONFIG.PSU_MIO_46_SLEW {slow} \
##    CONFIG.PSU_MIO_47_DIRECTION {inout} \
##    CONFIG.PSU_MIO_47_DRIVE_STRENGTH {12} \
##    CONFIG.PSU_MIO_47_INPUT_TYPE {schmitt} \
##    CONFIG.PSU_MIO_47_POLARITY {Default} \
##    CONFIG.PSU_MIO_47_PULLUPDOWN {pullup} \
##    CONFIG.PSU_MIO_47_SLEW {slow} \
##    CONFIG.PSU_MIO_48_DIRECTION {inout} \
##    CONFIG.PSU_MIO_48_DRIVE_STRENGTH {12} \
##    CONFIG.PSU_MIO_48_INPUT_TYPE {schmitt} \
##    CONFIG.PSU_MIO_48_POLARITY {Default} \
##    CONFIG.PSU_MIO_48_PULLUPDOWN {pullup} \
##    CONFIG.PSU_MIO_48_SLEW {slow} \
##    CONFIG.PSU_MIO_49_DIRECTION {inout} \
##    CONFIG.PSU_MIO_49_DRIVE_STRENGTH {12} \
##    CONFIG.PSU_MIO_49_INPUT_TYPE {schmitt} \
##    CONFIG.PSU_MIO_49_POLARITY {Default} \
##    CONFIG.PSU_MIO_49_PULLUPDOWN {pullup} \
##    CONFIG.PSU_MIO_49_SLEW {slow} \
##    CONFIG.PSU_MIO_4_DIRECTION {inout} \
##    CONFIG.PSU_MIO_4_DRIVE_STRENGTH {12} \
##    CONFIG.PSU_MIO_4_INPUT_TYPE {schmitt} \
##    CONFIG.PSU_MIO_4_POLARITY {Default} \
##    CONFIG.PSU_MIO_4_PULLUPDOWN {pullup} \
##    CONFIG.PSU_MIO_4_SLEW {slow} \
##    CONFIG.PSU_MIO_50_DIRECTION {inout} \
##    CONFIG.PSU_MIO_50_DRIVE_STRENGTH {12} \
##    CONFIG.PSU_MIO_50_INPUT_TYPE {schmitt} \
##    CONFIG.PSU_MIO_50_POLARITY {Default} \
##    CONFIG.PSU_MIO_50_PULLUPDOWN {pullup} \
##    CONFIG.PSU_MIO_50_SLEW {slow} \
##    CONFIG.PSU_MIO_51_DIRECTION {out} \
##    CONFIG.PSU_MIO_51_DRIVE_STRENGTH {12} \
##    CONFIG.PSU_MIO_51_INPUT_TYPE {cmos} \
##    CONFIG.PSU_MIO_51_POLARITY {Default} \
##    CONFIG.PSU_MIO_51_PULLUPDOWN {pullup} \
##    CONFIG.PSU_MIO_51_SLEW {slow} \
##    CONFIG.PSU_MIO_52_DIRECTION {in} \
##    CONFIG.PSU_MIO_52_DRIVE_STRENGTH {12} \
##    CONFIG.PSU_MIO_52_INPUT_TYPE {schmitt} \
##    CONFIG.PSU_MIO_52_POLARITY {Default} \
##    CONFIG.PSU_MIO_52_PULLUPDOWN {pullup} \
##    CONFIG.PSU_MIO_52_SLEW {fast} \
##    CONFIG.PSU_MIO_53_DIRECTION {in} \
##    CONFIG.PSU_MIO_53_DRIVE_STRENGTH {12} \
##    CONFIG.PSU_MIO_53_INPUT_TYPE {schmitt} \
##    CONFIG.PSU_MIO_53_POLARITY {Default} \
##    CONFIG.PSU_MIO_53_PULLUPDOWN {pullup} \
##    CONFIG.PSU_MIO_53_SLEW {fast} \
##    CONFIG.PSU_MIO_54_DIRECTION {inout} \
##    CONFIG.PSU_MIO_54_DRIVE_STRENGTH {12} \
##    CONFIG.PSU_MIO_54_INPUT_TYPE {schmitt} \
##    CONFIG.PSU_MIO_54_POLARITY {Default} \
##    CONFIG.PSU_MIO_54_PULLUPDOWN {pullup} \
##    CONFIG.PSU_MIO_54_SLEW {slow} \
##    CONFIG.PSU_MIO_55_DIRECTION {in} \
##    CONFIG.PSU_MIO_55_DRIVE_STRENGTH {12} \
##    CONFIG.PSU_MIO_55_INPUT_TYPE {schmitt} \
##    CONFIG.PSU_MIO_55_POLARITY {Default} \
##    CONFIG.PSU_MIO_55_PULLUPDOWN {pullup} \
##    CONFIG.PSU_MIO_55_SLEW {fast} \
##    CONFIG.PSU_MIO_56_DIRECTION {inout} \
##    CONFIG.PSU_MIO_56_DRIVE_STRENGTH {12} \
##    CONFIG.PSU_MIO_56_INPUT_TYPE {schmitt} \
##    CONFIG.PSU_MIO_56_POLARITY {Default} \
##    CONFIG.PSU_MIO_56_PULLUPDOWN {pullup} \
##    CONFIG.PSU_MIO_56_SLEW {slow} \
##    CONFIG.PSU_MIO_57_DIRECTION {inout} \
##    CONFIG.PSU_MIO_57_DRIVE_STRENGTH {12} \
##    CONFIG.PSU_MIO_57_INPUT_TYPE {schmitt} \
##    CONFIG.PSU_MIO_57_POLARITY {Default} \
##    CONFIG.PSU_MIO_57_PULLUPDOWN {pullup} \
##    CONFIG.PSU_MIO_57_SLEW {slow} \
##    CONFIG.PSU_MIO_58_DIRECTION {out} \
##    CONFIG.PSU_MIO_58_DRIVE_STRENGTH {12} \
##    CONFIG.PSU_MIO_58_INPUT_TYPE {cmos} \
##    CONFIG.PSU_MIO_58_POLARITY {Default} \
##    CONFIG.PSU_MIO_58_PULLUPDOWN {pullup} \
##    CONFIG.PSU_MIO_58_SLEW {slow} \
##    CONFIG.PSU_MIO_59_DIRECTION {inout} \
##    CONFIG.PSU_MIO_59_DRIVE_STRENGTH {12} \
##    CONFIG.PSU_MIO_59_INPUT_TYPE {schmitt} \
##    CONFIG.PSU_MIO_59_POLARITY {Default} \
##    CONFIG.PSU_MIO_59_PULLUPDOWN {pullup} \
##    CONFIG.PSU_MIO_59_SLEW {slow} \
##    CONFIG.PSU_MIO_5_DIRECTION {out} \
##    CONFIG.PSU_MIO_5_DRIVE_STRENGTH {12} \
##    CONFIG.PSU_MIO_5_INPUT_TYPE {cmos} \
##    CONFIG.PSU_MIO_5_POLARITY {Default} \
##    CONFIG.PSU_MIO_5_PULLUPDOWN {pullup} \
##    CONFIG.PSU_MIO_5_SLEW {slow} \
##    CONFIG.PSU_MIO_60_DIRECTION {inout} \
##    CONFIG.PSU_MIO_60_DRIVE_STRENGTH {12} \
##    CONFIG.PSU_MIO_60_INPUT_TYPE {schmitt} \
##    CONFIG.PSU_MIO_60_POLARITY {Default} \
##    CONFIG.PSU_MIO_60_PULLUPDOWN {pullup} \
##    CONFIG.PSU_MIO_60_SLEW {slow} \
##    CONFIG.PSU_MIO_61_DIRECTION {inout} \
##    CONFIG.PSU_MIO_61_DRIVE_STRENGTH {12} \
##    CONFIG.PSU_MIO_61_INPUT_TYPE {schmitt} \
##    CONFIG.PSU_MIO_61_POLARITY {Default} \
##    CONFIG.PSU_MIO_61_PULLUPDOWN {pullup} \
##    CONFIG.PSU_MIO_61_SLEW {slow} \
##    CONFIG.PSU_MIO_62_DIRECTION {inout} \
##    CONFIG.PSU_MIO_62_DRIVE_STRENGTH {12} \
##    CONFIG.PSU_MIO_62_INPUT_TYPE {schmitt} \
##    CONFIG.PSU_MIO_62_POLARITY {Default} \
##    CONFIG.PSU_MIO_62_PULLUPDOWN {pullup} \
##    CONFIG.PSU_MIO_62_SLEW {slow} \
##    CONFIG.PSU_MIO_63_DIRECTION {inout} \
##    CONFIG.PSU_MIO_63_DRIVE_STRENGTH {12} \
##    CONFIG.PSU_MIO_63_INPUT_TYPE {schmitt} \
##    CONFIG.PSU_MIO_63_POLARITY {Default} \
##    CONFIG.PSU_MIO_63_PULLUPDOWN {pullup} \
##    CONFIG.PSU_MIO_63_SLEW {slow} \
##    CONFIG.PSU_MIO_64_DIRECTION {out} \
##    CONFIG.PSU_MIO_64_DRIVE_STRENGTH {12} \
##    CONFIG.PSU_MIO_64_INPUT_TYPE {cmos} \
##    CONFIG.PSU_MIO_64_POLARITY {Default} \
##    CONFIG.PSU_MIO_64_PULLUPDOWN {pullup} \
##    CONFIG.PSU_MIO_64_SLEW {slow} \
##    CONFIG.PSU_MIO_65_DIRECTION {out} \
##    CONFIG.PSU_MIO_65_DRIVE_STRENGTH {12} \
##    CONFIG.PSU_MIO_65_INPUT_TYPE {cmos} \
##    CONFIG.PSU_MIO_65_POLARITY {Default} \
##    CONFIG.PSU_MIO_65_PULLUPDOWN {pullup} \
##    CONFIG.PSU_MIO_65_SLEW {slow} \
##    CONFIG.PSU_MIO_66_DIRECTION {out} \
##    CONFIG.PSU_MIO_66_DRIVE_STRENGTH {12} \
##    CONFIG.PSU_MIO_66_INPUT_TYPE {cmos} \
##    CONFIG.PSU_MIO_66_POLARITY {Default} \
##    CONFIG.PSU_MIO_66_PULLUPDOWN {pullup} \
##    CONFIG.PSU_MIO_66_SLEW {slow} \
##    CONFIG.PSU_MIO_67_DIRECTION {out} \
##    CONFIG.PSU_MIO_67_DRIVE_STRENGTH {12} \
##    CONFIG.PSU_MIO_67_INPUT_TYPE {cmos} \
##    CONFIG.PSU_MIO_67_POLARITY {Default} \
##    CONFIG.PSU_MIO_67_PULLUPDOWN {pullup} \
##    CONFIG.PSU_MIO_67_SLEW {slow} \
##    CONFIG.PSU_MIO_68_DIRECTION {out} \
##    CONFIG.PSU_MIO_68_DRIVE_STRENGTH {12} \
##    CONFIG.PSU_MIO_68_INPUT_TYPE {cmos} \
##    CONFIG.PSU_MIO_68_POLARITY {Default} \
##    CONFIG.PSU_MIO_68_PULLUPDOWN {pullup} \
##    CONFIG.PSU_MIO_68_SLEW {slow} \
##    CONFIG.PSU_MIO_69_DIRECTION {out} \
##    CONFIG.PSU_MIO_69_DRIVE_STRENGTH {12} \
##    CONFIG.PSU_MIO_69_INPUT_TYPE {cmos} \
##    CONFIG.PSU_MIO_69_POLARITY {Default} \
##    CONFIG.PSU_MIO_69_PULLUPDOWN {pullup} \
##    CONFIG.PSU_MIO_69_SLEW {slow} \
##    CONFIG.PSU_MIO_6_DIRECTION {out} \
##    CONFIG.PSU_MIO_6_DRIVE_STRENGTH {12} \
##    CONFIG.PSU_MIO_6_INPUT_TYPE {cmos} \
##    CONFIG.PSU_MIO_6_POLARITY {Default} \
##    CONFIG.PSU_MIO_6_PULLUPDOWN {pullup} \
##    CONFIG.PSU_MIO_6_SLEW {slow} \
##    CONFIG.PSU_MIO_70_DIRECTION {in} \
##    CONFIG.PSU_MIO_70_DRIVE_STRENGTH {12} \
##    CONFIG.PSU_MIO_70_INPUT_TYPE {schmitt} \
##    CONFIG.PSU_MIO_70_POLARITY {Default} \
##    CONFIG.PSU_MIO_70_PULLUPDOWN {pullup} \
##    CONFIG.PSU_MIO_70_SLEW {fast} \
##    CONFIG.PSU_MIO_71_DIRECTION {in} \
##    CONFIG.PSU_MIO_71_DRIVE_STRENGTH {12} \
##    CONFIG.PSU_MIO_71_INPUT_TYPE {schmitt} \
##    CONFIG.PSU_MIO_71_POLARITY {Default} \
##    CONFIG.PSU_MIO_71_PULLUPDOWN {pullup} \
##    CONFIG.PSU_MIO_71_SLEW {fast} \
##    CONFIG.PSU_MIO_72_DIRECTION {in} \
##    CONFIG.PSU_MIO_72_DRIVE_STRENGTH {12} \
##    CONFIG.PSU_MIO_72_INPUT_TYPE {schmitt} \
##    CONFIG.PSU_MIO_72_POLARITY {Default} \
##    CONFIG.PSU_MIO_72_PULLUPDOWN {pullup} \
##    CONFIG.PSU_MIO_72_SLEW {fast} \
##    CONFIG.PSU_MIO_73_DIRECTION {in} \
##    CONFIG.PSU_MIO_73_DRIVE_STRENGTH {12} \
##    CONFIG.PSU_MIO_73_INPUT_TYPE {schmitt} \
##    CONFIG.PSU_MIO_73_POLARITY {Default} \
##    CONFIG.PSU_MIO_73_PULLUPDOWN {pullup} \
##    CONFIG.PSU_MIO_73_SLEW {fast} \
##    CONFIG.PSU_MIO_74_DIRECTION {in} \
##    CONFIG.PSU_MIO_74_DRIVE_STRENGTH {12} \
##    CONFIG.PSU_MIO_74_INPUT_TYPE {schmitt} \
##    CONFIG.PSU_MIO_74_POLARITY {Default} \
##    CONFIG.PSU_MIO_74_PULLUPDOWN {pullup} \
##    CONFIG.PSU_MIO_74_SLEW {fast} \
##    CONFIG.PSU_MIO_75_DIRECTION {in} \
##    CONFIG.PSU_MIO_75_DRIVE_STRENGTH {12} \
##    CONFIG.PSU_MIO_75_INPUT_TYPE {schmitt} \
##    CONFIG.PSU_MIO_75_POLARITY {Default} \
##    CONFIG.PSU_MIO_75_PULLUPDOWN {pullup} \
##    CONFIG.PSU_MIO_75_SLEW {fast} \
##    CONFIG.PSU_MIO_76_DIRECTION {out} \
##    CONFIG.PSU_MIO_76_DRIVE_STRENGTH {12} \
##    CONFIG.PSU_MIO_76_INPUT_TYPE {cmos} \
##    CONFIG.PSU_MIO_76_POLARITY {Default} \
##    CONFIG.PSU_MIO_76_PULLUPDOWN {pullup} \
##    CONFIG.PSU_MIO_76_SLEW {slow} \
##    CONFIG.PSU_MIO_77_DIRECTION {inout} \
##    CONFIG.PSU_MIO_77_DRIVE_STRENGTH {12} \
##    CONFIG.PSU_MIO_77_INPUT_TYPE {schmitt} \
##    CONFIG.PSU_MIO_77_POLARITY {Default} \
##    CONFIG.PSU_MIO_77_PULLUPDOWN {pullup} \
##    CONFIG.PSU_MIO_77_SLEW {slow} \
##    CONFIG.PSU_MIO_7_DIRECTION {out} \
##    CONFIG.PSU_MIO_7_DRIVE_STRENGTH {12} \
##    CONFIG.PSU_MIO_7_INPUT_TYPE {cmos} \
##    CONFIG.PSU_MIO_7_POLARITY {Default} \
##    CONFIG.PSU_MIO_7_PULLUPDOWN {pullup} \
##    CONFIG.PSU_MIO_7_SLEW {slow} \
##    CONFIG.PSU_MIO_8_DIRECTION {inout} \
##    CONFIG.PSU_MIO_8_DRIVE_STRENGTH {12} \
##    CONFIG.PSU_MIO_8_INPUT_TYPE {schmitt} \
##    CONFIG.PSU_MIO_8_POLARITY {Default} \
##    CONFIG.PSU_MIO_8_PULLUPDOWN {pullup} \
##    CONFIG.PSU_MIO_8_SLEW {slow} \
##    CONFIG.PSU_MIO_9_DIRECTION {inout} \
##    CONFIG.PSU_MIO_9_DRIVE_STRENGTH {12} \
##    CONFIG.PSU_MIO_9_INPUT_TYPE {schmitt} \
##    CONFIG.PSU_MIO_9_POLARITY {Default} \
##    CONFIG.PSU_MIO_9_PULLUPDOWN {pullup} \
##    CONFIG.PSU_MIO_9_SLEW {slow} \
##    CONFIG.PSU_MIO_TREE_PERIPHERALS {Quad SPI Flash#Quad SPI Flash#Quad SPI Flash#Quad SPI Flash#Quad SPI Flash#Quad SPI Flash#Feedback Clk#Quad SPI Flash#Quad SPI Flash#Quad SPI Flash#Quad SPI Flash#Quad SPI Flash#Quad SPI Flash#GPIO0 MIO#I2C 0#I2C 0#I2C 1#I2C 1#UART 0#UART 0#GPIO0 MIO#GPIO0 MIO#GPIO0 MIO#GPIO0 MIO#GPIO0 MIO#GPIO0 MIO#GPIO1 MIO#DPAUX#DPAUX#DPAUX#DPAUX#GPIO1 MIO#PMU GPO 0#PMU GPO 1#PMU GPO 2#PMU GPO 3#PMU GPO 4#PMU GPO 5#GPIO1 MIO#SD 1#SD 1#SD 1#SD 1#GPIO1 MIO#GPIO1 MIO#SD 1#SD 1#SD 1#SD 1#SD 1#SD 1#SD 1#USB 0#USB 0#USB 0#USB 0#USB 0#USB 0#USB 0#USB 0#USB 0#USB 0#USB 0#USB 0#Gem 3#Gem 3#Gem 3#Gem 3#Gem 3#Gem 3#Gem 3#Gem 3#Gem 3#Gem 3#Gem 3#Gem 3#MDIO 3#MDIO 3} \
##    CONFIG.PSU_MIO_TREE_SIGNALS {sclk_out#miso_mo1#mo2#mo3#mosi_mi0#n_ss_out#clk_for_lpbk#n_ss_out_upper#mo_upper[0]#mo_upper[1]#mo_upper[2]#mo_upper[3]#sclk_out_upper#gpio0[13]#scl_out#sda_out#scl_out#sda_out#rxd#txd#gpio0[20]#gpio0[21]#gpio0[22]#gpio0[23]#gpio0[24]#gpio0[25]#gpio1[26]#dp_aux_data_out#dp_hot_plug_detect#dp_aux_data_oe#dp_aux_data_in#gpio1[31]#gpo[0]#gpo[1]#gpo[2]#gpo[3]#gpo[4]#gpo[5]#gpio1[38]#sdio1_data_out[4]#sdio1_data_out[5]#sdio1_data_out[6]#sdio1_data_out[7]#gpio1[43]#gpio1[44]#sdio1_cd_n#sdio1_data_out[0]#sdio1_data_out[1]#sdio1_data_out[2]#sdio1_data_out[3]#sdio1_cmd_out#sdio1_clk_out#ulpi_clk_in#ulpi_dir#ulpi_tx_data[2]#ulpi_nxt#ulpi_tx_data[0]#ulpi_tx_data[1]#ulpi_stp#ulpi_tx_data[3]#ulpi_tx_data[4]#ulpi_tx_data[5]#ulpi_tx_data[6]#ulpi_tx_data[7]#rgmii_tx_clk#rgmii_txd[0]#rgmii_txd[1]#rgmii_txd[2]#rgmii_txd[3]#rgmii_tx_ctl#rgmii_rx_clk#rgmii_rxd[0]#rgmii_rxd[1]#rgmii_rxd[2]#rgmii_rxd[3]#rgmii_rx_ctl#gem3_mdc#gem3_mdio_out} \
##    CONFIG.PSU_PERIPHERAL_BOARD_PRESET {} \
##    CONFIG.PSU_SD0_INTERNAL_BUS_WIDTH {8} \
##    CONFIG.PSU_SD1_INTERNAL_BUS_WIDTH {8} \
##    CONFIG.PSU_SMC_CYCLE_T0 {NA} \
##    CONFIG.PSU_SMC_CYCLE_T1 {NA} \
##    CONFIG.PSU_SMC_CYCLE_T2 {NA} \
##    CONFIG.PSU_SMC_CYCLE_T3 {NA} \
##    CONFIG.PSU_SMC_CYCLE_T4 {NA} \
##    CONFIG.PSU_SMC_CYCLE_T5 {NA} \
##    CONFIG.PSU_SMC_CYCLE_T6 {NA} \
##    CONFIG.PSU_USB3__DUAL_CLOCK_ENABLE {1} \
##    CONFIG.PSU_VALUE_SILVERSION {3} \
##    CONFIG.PSU__ACPU0__POWER__ON {1} \
##    CONFIG.PSU__ACPU1__POWER__ON {1} \
##    CONFIG.PSU__ACPU2__POWER__ON {1} \
##    CONFIG.PSU__ACPU3__POWER__ON {1} \
##    CONFIG.PSU__ACTUAL__IP {1} \
##    CONFIG.PSU__ACT_DDR_FREQ_MHZ {1066.656006} \
##    CONFIG.PSU__AFI0_COHERENCY {0} \
##    CONFIG.PSU__AFI1_COHERENCY {0} \
##    CONFIG.PSU__AUX_REF_CLK__FREQMHZ {33.333} \
##    CONFIG.PSU__CAN0_LOOP_CAN1__ENABLE {0} \
##    CONFIG.PSU__CAN0__GRP_CLK__ENABLE {0} \
##    CONFIG.PSU__CAN0__PERIPHERAL__ENABLE {0} \
##    CONFIG.PSU__CAN1__GRP_CLK__ENABLE {0} \
##    CONFIG.PSU__CAN1__PERIPHERAL__ENABLE {0} \
##    CONFIG.PSU__CAN1__PERIPHERAL__IO {<Select>} \
##    CONFIG.PSU__CRF_APB__ACPU_CTRL__ACT_FREQMHZ {1199.988037} \
##    CONFIG.PSU__CRF_APB__ACPU_CTRL__DIVISOR0 {1} \
##    CONFIG.PSU__CRF_APB__ACPU_CTRL__FREQMHZ {1200} \
##    CONFIG.PSU__CRF_APB__ACPU_CTRL__SRCSEL {APLL} \
##    CONFIG.PSU__CRF_APB__ACPU__FRAC_ENABLED {0} \
##    CONFIG.PSU__CRF_APB__AFI0_REF_CTRL__ACT_FREQMHZ {667} \
##    CONFIG.PSU__CRF_APB__AFI0_REF_CTRL__DIVISOR0 {2} \
##    CONFIG.PSU__CRF_APB__AFI0_REF_CTRL__FREQMHZ {667} \
##    CONFIG.PSU__CRF_APB__AFI0_REF_CTRL__SRCSEL {DPLL} \
##    CONFIG.PSU__CRF_APB__AFI0_REF__ENABLE {0} \
##    CONFIG.PSU__CRF_APB__AFI1_REF_CTRL__ACT_FREQMHZ {667} \
##    CONFIG.PSU__CRF_APB__AFI1_REF_CTRL__DIVISOR0 {2} \
##    CONFIG.PSU__CRF_APB__AFI1_REF_CTRL__FREQMHZ {667} \
##    CONFIG.PSU__CRF_APB__AFI1_REF_CTRL__SRCSEL {DPLL} \
##    CONFIG.PSU__CRF_APB__AFI1_REF__ENABLE {0} \
##    CONFIG.PSU__CRF_APB__AFI2_REF_CTRL__ACT_FREQMHZ {667} \
##    CONFIG.PSU__CRF_APB__AFI2_REF_CTRL__DIVISOR0 {2} \
##    CONFIG.PSU__CRF_APB__AFI2_REF_CTRL__FREQMHZ {667} \
##    CONFIG.PSU__CRF_APB__AFI2_REF_CTRL__SRCSEL {DPLL} \
##    CONFIG.PSU__CRF_APB__AFI2_REF__ENABLE {0} \
##    CONFIG.PSU__CRF_APB__AFI3_REF_CTRL__ACT_FREQMHZ {667} \
##    CONFIG.PSU__CRF_APB__AFI3_REF_CTRL__DIVISOR0 {2} \
##    CONFIG.PSU__CRF_APB__AFI3_REF_CTRL__FREQMHZ {667} \
##    CONFIG.PSU__CRF_APB__AFI3_REF_CTRL__SRCSEL {DPLL} \
##    CONFIG.PSU__CRF_APB__AFI3_REF__ENABLE {0} \
##    CONFIG.PSU__CRF_APB__AFI4_REF_CTRL__ACT_FREQMHZ {667} \
##    CONFIG.PSU__CRF_APB__AFI4_REF_CTRL__DIVISOR0 {2} \
##    CONFIG.PSU__CRF_APB__AFI4_REF_CTRL__FREQMHZ {667} \
##    CONFIG.PSU__CRF_APB__AFI4_REF_CTRL__SRCSEL {DPLL} \
##    CONFIG.PSU__CRF_APB__AFI4_REF__ENABLE {0} \
##    CONFIG.PSU__CRF_APB__AFI5_REF_CTRL__ACT_FREQMHZ {667} \
##    CONFIG.PSU__CRF_APB__AFI5_REF_CTRL__DIVISOR0 {2} \
##    CONFIG.PSU__CRF_APB__AFI5_REF_CTRL__FREQMHZ {667} \
##    CONFIG.PSU__CRF_APB__AFI5_REF_CTRL__SRCSEL {DPLL} \
##    CONFIG.PSU__CRF_APB__AFI5_REF__ENABLE {0} \
##    CONFIG.PSU__CRF_APB__APLL_CTRL__DIV2 {1} \
##    CONFIG.PSU__CRF_APB__APLL_CTRL__FBDIV {72} \
##    CONFIG.PSU__CRF_APB__APLL_CTRL__FRACDATA {0.000000} \
##    CONFIG.PSU__CRF_APB__APLL_CTRL__FRACFREQ {27.138} \
##    CONFIG.PSU__CRF_APB__APLL_CTRL__SRCSEL {PSS_REF_CLK} \
##    CONFIG.PSU__CRF_APB__APLL_FRAC_CFG__ENABLED {0} \
##    CONFIG.PSU__CRF_APB__APLL_TO_LPD_CTRL__DIVISOR0 {3} \
##    CONFIG.PSU__CRF_APB__APM_CTRL__ACT_FREQMHZ {1} \
##    CONFIG.PSU__CRF_APB__APM_CTRL__DIVISOR0 {1} \
##    CONFIG.PSU__CRF_APB__APM_CTRL__FREQMHZ {1} \
##    CONFIG.PSU__CRF_APB__DBG_FPD_CTRL__ACT_FREQMHZ {249.997498} \
##    CONFIG.PSU__CRF_APB__DBG_FPD_CTRL__DIVISOR0 {2} \
##    CONFIG.PSU__CRF_APB__DBG_FPD_CTRL__FREQMHZ {250} \
##    CONFIG.PSU__CRF_APB__DBG_FPD_CTRL__SRCSEL {IOPLL} \
##    CONFIG.PSU__CRF_APB__DBG_TRACE_CTRL__ACT_FREQMHZ {250} \
##    CONFIG.PSU__CRF_APB__DBG_TRACE_CTRL__DIVISOR0 {5} \
##    CONFIG.PSU__CRF_APB__DBG_TRACE_CTRL__FREQMHZ {250} \
##    CONFIG.PSU__CRF_APB__DBG_TRACE_CTRL__SRCSEL {IOPLL} \
##    CONFIG.PSU__CRF_APB__DBG_TSTMP_CTRL__ACT_FREQMHZ {249.997498} \
##    CONFIG.PSU__CRF_APB__DBG_TSTMP_CTRL__DIVISOR0 {2} \
##    CONFIG.PSU__CRF_APB__DBG_TSTMP_CTRL__FREQMHZ {250} \
##    CONFIG.PSU__CRF_APB__DBG_TSTMP_CTRL__SRCSEL {IOPLL} \
##    CONFIG.PSU__CRF_APB__DDR_CTRL__ACT_FREQMHZ {533.328003} \
##    CONFIG.PSU__CRF_APB__DDR_CTRL__DIVISOR0 {2} \
##    CONFIG.PSU__CRF_APB__DDR_CTRL__FREQMHZ {1067} \
##    CONFIG.PSU__CRF_APB__DDR_CTRL__SRCSEL {DPLL} \
##    CONFIG.PSU__CRF_APB__DPDMA_REF_CTRL__ACT_FREQMHZ {599.994019} \
##    CONFIG.PSU__CRF_APB__DPDMA_REF_CTRL__DIVISOR0 {2} \
##    CONFIG.PSU__CRF_APB__DPDMA_REF_CTRL__FREQMHZ {600} \
##    CONFIG.PSU__CRF_APB__DPDMA_REF_CTRL__SRCSEL {APLL} \
##    CONFIG.PSU__CRF_APB__DPLL_CTRL__DIV2 {1} \
##    CONFIG.PSU__CRF_APB__DPLL_CTRL__FBDIV {64} \
##    CONFIG.PSU__CRF_APB__DPLL_CTRL__FRACDATA {0.000000} \
##    CONFIG.PSU__CRF_APB__DPLL_CTRL__FRACFREQ {27.138} \
##    CONFIG.PSU__CRF_APB__DPLL_CTRL__SRCSEL {PSS_REF_CLK} \
##    CONFIG.PSU__CRF_APB__DPLL_FRAC_CFG__ENABLED {0} \
##    CONFIG.PSU__CRF_APB__DPLL_TO_LPD_CTRL__DIVISOR0 {2} \
##    CONFIG.PSU__CRF_APB__DP_AUDIO_REF_CTRL__ACT_FREQMHZ {24.999750} \
##    CONFIG.PSU__CRF_APB__DP_AUDIO_REF_CTRL__DIVISOR0 {15} \
##    CONFIG.PSU__CRF_APB__DP_AUDIO_REF_CTRL__DIVISOR1 {1} \
##    CONFIG.PSU__CRF_APB__DP_AUDIO_REF_CTRL__FREQMHZ {25} \
##    CONFIG.PSU__CRF_APB__DP_AUDIO_REF_CTRL__SRCSEL {RPLL} \
##    CONFIG.PSU__CRF_APB__DP_AUDIO__FRAC_ENABLED {0} \
##    CONFIG.PSU__CRF_APB__DP_STC_REF_CTRL__ACT_FREQMHZ {26.785446} \
##    CONFIG.PSU__CRF_APB__DP_STC_REF_CTRL__DIVISOR0 {14} \
##    CONFIG.PSU__CRF_APB__DP_STC_REF_CTRL__DIVISOR1 {1} \
##    CONFIG.PSU__CRF_APB__DP_STC_REF_CTRL__FREQMHZ {27} \
##    CONFIG.PSU__CRF_APB__DP_STC_REF_CTRL__SRCSEL {RPLL} \
##    CONFIG.PSU__CRF_APB__DP_VIDEO_REF_CTRL__ACT_FREQMHZ {299.997009} \
##    CONFIG.PSU__CRF_APB__DP_VIDEO_REF_CTRL__DIVISOR0 {5} \
##    CONFIG.PSU__CRF_APB__DP_VIDEO_REF_CTRL__DIVISOR1 {1} \
##    CONFIG.PSU__CRF_APB__DP_VIDEO_REF_CTRL__FREQMHZ {300} \
##    CONFIG.PSU__CRF_APB__DP_VIDEO_REF_CTRL__SRCSEL {VPLL} \
##    CONFIG.PSU__CRF_APB__DP_VIDEO__FRAC_ENABLED {0} \
##    CONFIG.PSU__CRF_APB__GDMA_REF_CTRL__ACT_FREQMHZ {599.994019} \
##    CONFIG.PSU__CRF_APB__GDMA_REF_CTRL__DIVISOR0 {2} \
##    CONFIG.PSU__CRF_APB__GDMA_REF_CTRL__FREQMHZ {600} \
##    CONFIG.PSU__CRF_APB__GDMA_REF_CTRL__SRCSEL {APLL} \
##    CONFIG.PSU__CRF_APB__GPU_REF_CTRL__ACT_FREQMHZ {0} \
##    CONFIG.PSU__CRF_APB__GPU_REF_CTRL__DIVISOR0 {3} \
##    CONFIG.PSU__CRF_APB__GPU_REF_CTRL__FREQMHZ {500} \
##    CONFIG.PSU__CRF_APB__GPU_REF_CTRL__SRCSEL {IOPLL} \
##    CONFIG.PSU__CRF_APB__GTGREF0_REF_CTRL__ACT_FREQMHZ {-1} \
##    CONFIG.PSU__CRF_APB__GTGREF0_REF_CTRL__DIVISOR0 {-1} \
##    CONFIG.PSU__CRF_APB__GTGREF0_REF_CTRL__FREQMHZ {-1} \
##    CONFIG.PSU__CRF_APB__GTGREF0_REF_CTRL__SRCSEL {NA} \
##    CONFIG.PSU__CRF_APB__GTGREF0__ENABLE {NA} \
##    CONFIG.PSU__CRF_APB__PCIE_REF_CTRL__ACT_FREQMHZ {249.997500} \
##    CONFIG.PSU__CRF_APB__PCIE_REF_CTRL__DIVISOR0 {6} \
##    CONFIG.PSU__CRF_APB__PCIE_REF_CTRL__FREQMHZ {250} \
##    CONFIG.PSU__CRF_APB__PCIE_REF_CTRL__SRCSEL {IOPLL} \
##    CONFIG.PSU__CRF_APB__SATA_REF_CTRL__ACT_FREQMHZ {249.997498} \
##    CONFIG.PSU__CRF_APB__SATA_REF_CTRL__DIVISOR0 {2} \
##    CONFIG.PSU__CRF_APB__SATA_REF_CTRL__FREQMHZ {250} \
##    CONFIG.PSU__CRF_APB__SATA_REF_CTRL__SRCSEL {IOPLL} \
##    CONFIG.PSU__CRF_APB__TOPSW_LSBUS_CTRL__ACT_FREQMHZ {99.999001} \
##    CONFIG.PSU__CRF_APB__TOPSW_LSBUS_CTRL__DIVISOR0 {5} \
##    CONFIG.PSU__CRF_APB__TOPSW_LSBUS_CTRL__FREQMHZ {100} \
##    CONFIG.PSU__CRF_APB__TOPSW_LSBUS_CTRL__SRCSEL {IOPLL} \
##    CONFIG.PSU__CRF_APB__TOPSW_MAIN_CTRL__ACT_FREQMHZ {533.328003} \
##    CONFIG.PSU__CRF_APB__TOPSW_MAIN_CTRL__DIVISOR0 {2} \
##    CONFIG.PSU__CRF_APB__TOPSW_MAIN_CTRL__FREQMHZ {533.33} \
##    CONFIG.PSU__CRF_APB__TOPSW_MAIN_CTRL__SRCSEL {DPLL} \
##    CONFIG.PSU__CRF_APB__VPLL_CTRL__DIV2 {1} \
##    CONFIG.PSU__CRF_APB__VPLL_CTRL__FBDIV {90} \
##    CONFIG.PSU__CRF_APB__VPLL_CTRL__FRACDATA {0.000000} \
##    CONFIG.PSU__CRF_APB__VPLL_CTRL__FRACFREQ {27.138} \
##    CONFIG.PSU__CRF_APB__VPLL_CTRL__SRCSEL {PSS_REF_CLK} \
##    CONFIG.PSU__CRF_APB__VPLL_FRAC_CFG__ENABLED {0} \
##    CONFIG.PSU__CRF_APB__VPLL_TO_LPD_CTRL__DIVISOR0 {3} \
##    CONFIG.PSU__CRL_APB__ADMA_REF_CTRL__ACT_FREQMHZ {499.994995} \
##    CONFIG.PSU__CRL_APB__ADMA_REF_CTRL__DIVISOR0 {3} \
##    CONFIG.PSU__CRL_APB__ADMA_REF_CTRL__FREQMHZ {500} \
##    CONFIG.PSU__CRL_APB__ADMA_REF_CTRL__SRCSEL {IOPLL} \
##    CONFIG.PSU__CRL_APB__AFI6_REF_CTRL__ACT_FREQMHZ {500} \
##    CONFIG.PSU__CRL_APB__AFI6_REF_CTRL__DIVISOR0 {3} \
##    CONFIG.PSU__CRL_APB__AFI6_REF_CTRL__FREQMHZ {500} \
##    CONFIG.PSU__CRL_APB__AFI6_REF_CTRL__SRCSEL {IOPLL} \
##    CONFIG.PSU__CRL_APB__AFI6__ENABLE {0} \
##    CONFIG.PSU__CRL_APB__AMS_REF_CTRL__ACT_FREQMHZ {49.999500} \
##    CONFIG.PSU__CRL_APB__AMS_REF_CTRL__DIVISOR0 {30} \
##    CONFIG.PSU__CRL_APB__AMS_REF_CTRL__DIVISOR1 {1} \
##    CONFIG.PSU__CRL_APB__AMS_REF_CTRL__FREQMHZ {50} \
##    CONFIG.PSU__CRL_APB__AMS_REF_CTRL__SRCSEL {IOPLL} \
##    CONFIG.PSU__CRL_APB__CAN0_REF_CTRL__ACT_FREQMHZ {100} \
##    CONFIG.PSU__CRL_APB__CAN0_REF_CTRL__DIVISOR0 {15} \
##    CONFIG.PSU__CRL_APB__CAN0_REF_CTRL__DIVISOR1 {1} \
##    CONFIG.PSU__CRL_APB__CAN0_REF_CTRL__FREQMHZ {100} \
##    CONFIG.PSU__CRL_APB__CAN0_REF_CTRL__SRCSEL {IOPLL} \
##    CONFIG.PSU__CRL_APB__CAN1_REF_CTRL__ACT_FREQMHZ {99.999000} \
##    CONFIG.PSU__CRL_APB__CAN1_REF_CTRL__DIVISOR0 {15} \
##    CONFIG.PSU__CRL_APB__CAN1_REF_CTRL__DIVISOR1 {1} \
##    CONFIG.PSU__CRL_APB__CAN1_REF_CTRL__FREQMHZ {100} \
##    CONFIG.PSU__CRL_APB__CAN1_REF_CTRL__SRCSEL {IOPLL} \
##    CONFIG.PSU__CRL_APB__CPU_R5_CTRL__ACT_FREQMHZ {499.994995} \
##    CONFIG.PSU__CRL_APB__CPU_R5_CTRL__DIVISOR0 {3} \
##    CONFIG.PSU__CRL_APB__CPU_R5_CTRL__FREQMHZ {500} \
##    CONFIG.PSU__CRL_APB__CPU_R5_CTRL__SRCSEL {IOPLL} \
##    CONFIG.PSU__CRL_APB__CSU_PLL_CTRL__ACT_FREQMHZ {180} \
##    CONFIG.PSU__CRL_APB__CSU_PLL_CTRL__DIVISOR0 {3} \
##    CONFIG.PSU__CRL_APB__CSU_PLL_CTRL__FREQMHZ {180} \
##    CONFIG.PSU__CRL_APB__CSU_PLL_CTRL__SRCSEL {SysOsc} \
##    CONFIG.PSU__CRL_APB__DBG_LPD_CTRL__ACT_FREQMHZ {249.997498} \
##    CONFIG.PSU__CRL_APB__DBG_LPD_CTRL__DIVISOR0 {6} \
##    CONFIG.PSU__CRL_APB__DBG_LPD_CTRL__FREQMHZ {250} \
##    CONFIG.PSU__CRL_APB__DBG_LPD_CTRL__SRCSEL {IOPLL} \
##    CONFIG.PSU__CRL_APB__DEBUG_R5_ATCLK_CTRL__ACT_FREQMHZ {1000} \
##    CONFIG.PSU__CRL_APB__DEBUG_R5_ATCLK_CTRL__DIVISOR0 {6} \
##    CONFIG.PSU__CRL_APB__DEBUG_R5_ATCLK_CTRL__FREQMHZ {1000} \
##    CONFIG.PSU__CRL_APB__DEBUG_R5_ATCLK_CTRL__SRCSEL {RPLL} \
##    CONFIG.PSU__CRL_APB__DLL_REF_CTRL__ACT_FREQMHZ {1499.984985} \
##    CONFIG.PSU__CRL_APB__DLL_REF_CTRL__FREQMHZ {1500} \
##    CONFIG.PSU__CRL_APB__DLL_REF_CTRL__SRCSEL {IOPLL} \
##    CONFIG.PSU__CRL_APB__GEM0_REF_CTRL__ACT_FREQMHZ {125} \
##    CONFIG.PSU__CRL_APB__GEM0_REF_CTRL__DIVISOR0 {12} \
##    CONFIG.PSU__CRL_APB__GEM0_REF_CTRL__DIVISOR1 {1} \
##    CONFIG.PSU__CRL_APB__GEM0_REF_CTRL__FREQMHZ {125} \
##    CONFIG.PSU__CRL_APB__GEM0_REF_CTRL__SRCSEL {IOPLL} \
##    CONFIG.PSU__CRL_APB__GEM1_REF_CTRL__ACT_FREQMHZ {125} \
##    CONFIG.PSU__CRL_APB__GEM1_REF_CTRL__DIVISOR0 {12} \
##    CONFIG.PSU__CRL_APB__GEM1_REF_CTRL__DIVISOR1 {1} \
##    CONFIG.PSU__CRL_APB__GEM1_REF_CTRL__FREQMHZ {125} \
##    CONFIG.PSU__CRL_APB__GEM1_REF_CTRL__SRCSEL {IOPLL} \
##    CONFIG.PSU__CRL_APB__GEM2_REF_CTRL__ACT_FREQMHZ {125} \
##    CONFIG.PSU__CRL_APB__GEM2_REF_CTRL__DIVISOR0 {12} \
##    CONFIG.PSU__CRL_APB__GEM2_REF_CTRL__DIVISOR1 {1} \
##    CONFIG.PSU__CRL_APB__GEM2_REF_CTRL__FREQMHZ {125} \
##    CONFIG.PSU__CRL_APB__GEM2_REF_CTRL__SRCSEL {IOPLL} \
##    CONFIG.PSU__CRL_APB__GEM3_REF_CTRL__ACT_FREQMHZ {124.998749} \
##    CONFIG.PSU__CRL_APB__GEM3_REF_CTRL__DIVISOR0 {12} \
##    CONFIG.PSU__CRL_APB__GEM3_REF_CTRL__DIVISOR1 {1} \
##    CONFIG.PSU__CRL_APB__GEM3_REF_CTRL__FREQMHZ {125} \
##    CONFIG.PSU__CRL_APB__GEM3_REF_CTRL__SRCSEL {IOPLL} \
##    CONFIG.PSU__CRL_APB__GEM_TSU_REF_CTRL__ACT_FREQMHZ {249.997498} \
##    CONFIG.PSU__CRL_APB__GEM_TSU_REF_CTRL__DIVISOR0 {6} \
##    CONFIG.PSU__CRL_APB__GEM_TSU_REF_CTRL__DIVISOR1 {1} \
##    CONFIG.PSU__CRL_APB__GEM_TSU_REF_CTRL__FREQMHZ {250} \
##    CONFIG.PSU__CRL_APB__GEM_TSU_REF_CTRL__SRCSEL {IOPLL} \
##    CONFIG.PSU__CRL_APB__I2C0_REF_CTRL__ACT_FREQMHZ {99.999001} \
##    CONFIG.PSU__CRL_APB__I2C0_REF_CTRL__DIVISOR0 {15} \
##    CONFIG.PSU__CRL_APB__I2C0_REF_CTRL__DIVISOR1 {1} \
##    CONFIG.PSU__CRL_APB__I2C0_REF_CTRL__FREQMHZ {100} \
##    CONFIG.PSU__CRL_APB__I2C0_REF_CTRL__SRCSEL {IOPLL} \
##    CONFIG.PSU__CRL_APB__I2C1_REF_CTRL__ACT_FREQMHZ {99.999001} \
##    CONFIG.PSU__CRL_APB__I2C1_REF_CTRL__DIVISOR0 {15} \
##    CONFIG.PSU__CRL_APB__I2C1_REF_CTRL__DIVISOR1 {1} \
##    CONFIG.PSU__CRL_APB__I2C1_REF_CTRL__FREQMHZ {100} \
##    CONFIG.PSU__CRL_APB__I2C1_REF_CTRL__SRCSEL {IOPLL} \
##    CONFIG.PSU__CRL_APB__IOPLL_CTRL__DIV2 {1} \
##    CONFIG.PSU__CRL_APB__IOPLL_CTRL__FBDIV {90} \
##    CONFIG.PSU__CRL_APB__IOPLL_CTRL__FRACDATA {0.000000} \
##    CONFIG.PSU__CRL_APB__IOPLL_CTRL__FRACFREQ {27.138} \
##    CONFIG.PSU__CRL_APB__IOPLL_CTRL__SRCSEL {PSS_REF_CLK} \
##    CONFIG.PSU__CRL_APB__IOPLL_FRAC_CFG__ENABLED {0} \
##    CONFIG.PSU__CRL_APB__IOPLL_TO_FPD_CTRL__DIVISOR0 {3} \
##    CONFIG.PSU__CRL_APB__IOU_SWITCH_CTRL__ACT_FREQMHZ {249.997498} \
##    CONFIG.PSU__CRL_APB__IOU_SWITCH_CTRL__DIVISOR0 {6} \
##    CONFIG.PSU__CRL_APB__IOU_SWITCH_CTRL__FREQMHZ {250} \
##    CONFIG.PSU__CRL_APB__IOU_SWITCH_CTRL__SRCSEL {IOPLL} \
##    CONFIG.PSU__CRL_APB__LPD_LSBUS_CTRL__ACT_FREQMHZ {99.999001} \
##    CONFIG.PSU__CRL_APB__LPD_LSBUS_CTRL__DIVISOR0 {15} \
##    CONFIG.PSU__CRL_APB__LPD_LSBUS_CTRL__FREQMHZ {100} \
##    CONFIG.PSU__CRL_APB__LPD_LSBUS_CTRL__SRCSEL {IOPLL} \
##    CONFIG.PSU__CRL_APB__LPD_SWITCH_CTRL__ACT_FREQMHZ {499.994995} \
##    CONFIG.PSU__CRL_APB__LPD_SWITCH_CTRL__DIVISOR0 {3} \
##    CONFIG.PSU__CRL_APB__LPD_SWITCH_CTRL__FREQMHZ {500} \
##    CONFIG.PSU__CRL_APB__LPD_SWITCH_CTRL__SRCSEL {IOPLL} \
##    CONFIG.PSU__CRL_APB__NAND_REF_CTRL__ACT_FREQMHZ {100} \
##    CONFIG.PSU__CRL_APB__NAND_REF_CTRL__DIVISOR0 {15} \
##    CONFIG.PSU__CRL_APB__NAND_REF_CTRL__DIVISOR1 {1} \
##    CONFIG.PSU__CRL_APB__NAND_REF_CTRL__FREQMHZ {100} \
##    CONFIG.PSU__CRL_APB__NAND_REF_CTRL__SRCSEL {IOPLL} \
##    CONFIG.PSU__CRL_APB__OCM_MAIN_CTRL__ACT_FREQMHZ {500} \
##    CONFIG.PSU__CRL_APB__OCM_MAIN_CTRL__DIVISOR0 {3} \
##    CONFIG.PSU__CRL_APB__OCM_MAIN_CTRL__FREQMHZ {500} \
##    CONFIG.PSU__CRL_APB__OCM_MAIN_CTRL__SRCSEL {IOPLL} \
##    CONFIG.PSU__CRL_APB__PCAP_CTRL__ACT_FREQMHZ {187.498123} \
##    CONFIG.PSU__CRL_APB__PCAP_CTRL__DIVISOR0 {8} \
##    CONFIG.PSU__CRL_APB__PCAP_CTRL__FREQMHZ {200} \
##    CONFIG.PSU__CRL_APB__PCAP_CTRL__SRCSEL {IOPLL} \
##    CONFIG.PSU__CRL_APB__PL0_REF_CTRL__ACT_FREQMHZ {99.999001} \
##    CONFIG.PSU__CRL_APB__PL0_REF_CTRL__DIVISOR0 {15} \
##    CONFIG.PSU__CRL_APB__PL0_REF_CTRL__DIVISOR1 {1} \
##    CONFIG.PSU__CRL_APB__PL0_REF_CTRL__FREQMHZ {100} \
##    CONFIG.PSU__CRL_APB__PL0_REF_CTRL__SRCSEL {IOPLL} \
##    CONFIG.PSU__CRL_APB__PL1_REF_CTRL__ACT_FREQMHZ {100} \
##    CONFIG.PSU__CRL_APB__PL1_REF_CTRL__DIVISOR0 {4} \
##    CONFIG.PSU__CRL_APB__PL1_REF_CTRL__DIVISOR1 {1} \
##    CONFIG.PSU__CRL_APB__PL1_REF_CTRL__FREQMHZ {100} \
##    CONFIG.PSU__CRL_APB__PL1_REF_CTRL__SRCSEL {RPLL} \
##    CONFIG.PSU__CRL_APB__PL2_REF_CTRL__ACT_FREQMHZ {100} \
##    CONFIG.PSU__CRL_APB__PL2_REF_CTRL__DIVISOR0 {4} \
##    CONFIG.PSU__CRL_APB__PL2_REF_CTRL__DIVISOR1 {1} \
##    CONFIG.PSU__CRL_APB__PL2_REF_CTRL__FREQMHZ {100} \
##    CONFIG.PSU__CRL_APB__PL2_REF_CTRL__SRCSEL {RPLL} \
##    CONFIG.PSU__CRL_APB__PL3_REF_CTRL__ACT_FREQMHZ {100} \
##    CONFIG.PSU__CRL_APB__PL3_REF_CTRL__DIVISOR0 {4} \
##    CONFIG.PSU__CRL_APB__PL3_REF_CTRL__DIVISOR1 {1} \
##    CONFIG.PSU__CRL_APB__PL3_REF_CTRL__FREQMHZ {100} \
##    CONFIG.PSU__CRL_APB__PL3_REF_CTRL__SRCSEL {RPLL} \
##    CONFIG.PSU__CRL_APB__QSPI_REF_CTRL__ACT_FREQMHZ {124.998749} \
##    CONFIG.PSU__CRL_APB__QSPI_REF_CTRL__DIVISOR0 {12} \
##    CONFIG.PSU__CRL_APB__QSPI_REF_CTRL__DIVISOR1 {1} \
##    CONFIG.PSU__CRL_APB__QSPI_REF_CTRL__FREQMHZ {125} \
##    CONFIG.PSU__CRL_APB__QSPI_REF_CTRL__SRCSEL {IOPLL} \
##    CONFIG.PSU__CRL_APB__RPLL_CTRL__DIV2 {1} \
##    CONFIG.PSU__CRL_APB__RPLL_CTRL__FBDIV {45} \
##    CONFIG.PSU__CRL_APB__RPLL_CTRL__FRACDATA {0.000000} \
##    CONFIG.PSU__CRL_APB__RPLL_CTRL__FRACFREQ {27.138} \
##    CONFIG.PSU__CRL_APB__RPLL_CTRL__SRCSEL {PSS_REF_CLK} \
##    CONFIG.PSU__CRL_APB__RPLL_FRAC_CFG__ENABLED {0} \
##    CONFIG.PSU__CRL_APB__RPLL_TO_FPD_CTRL__DIVISOR0 {2} \
##    CONFIG.PSU__CRL_APB__SDIO0_REF_CTRL__ACT_FREQMHZ {200} \
##    CONFIG.PSU__CRL_APB__SDIO0_REF_CTRL__DIVISOR0 {7} \
##    CONFIG.PSU__CRL_APB__SDIO0_REF_CTRL__DIVISOR1 {1} \
##    CONFIG.PSU__CRL_APB__SDIO0_REF_CTRL__FREQMHZ {200} \
##    CONFIG.PSU__CRL_APB__SDIO0_REF_CTRL__SRCSEL {RPLL} \
##    CONFIG.PSU__CRL_APB__SDIO1_REF_CTRL__ACT_FREQMHZ {187.498123} \
##    CONFIG.PSU__CRL_APB__SDIO1_REF_CTRL__DIVISOR0 {8} \
##    CONFIG.PSU__CRL_APB__SDIO1_REF_CTRL__DIVISOR1 {1} \
##    CONFIG.PSU__CRL_APB__SDIO1_REF_CTRL__FREQMHZ {200} \
##    CONFIG.PSU__CRL_APB__SDIO1_REF_CTRL__SRCSEL {IOPLL} \
##    CONFIG.PSU__CRL_APB__SPI0_REF_CTRL__ACT_FREQMHZ {214} \
##    CONFIG.PSU__CRL_APB__SPI0_REF_CTRL__DIVISOR0 {7} \
##    CONFIG.PSU__CRL_APB__SPI0_REF_CTRL__DIVISOR1 {1} \
##    CONFIG.PSU__CRL_APB__SPI0_REF_CTRL__FREQMHZ {200} \
##    CONFIG.PSU__CRL_APB__SPI0_REF_CTRL__SRCSEL {RPLL} \
##    CONFIG.PSU__CRL_APB__SPI1_REF_CTRL__ACT_FREQMHZ {214} \
##    CONFIG.PSU__CRL_APB__SPI1_REF_CTRL__DIVISOR0 {7} \
##    CONFIG.PSU__CRL_APB__SPI1_REF_CTRL__DIVISOR1 {1} \
##    CONFIG.PSU__CRL_APB__SPI1_REF_CTRL__FREQMHZ {200} \
##    CONFIG.PSU__CRL_APB__SPI1_REF_CTRL__SRCSEL {RPLL} \
##    CONFIG.PSU__CRL_APB__TIMESTAMP_REF_CTRL__ACT_FREQMHZ {99.999001} \
##    CONFIG.PSU__CRL_APB__TIMESTAMP_REF_CTRL__DIVISOR0 {15} \
##    CONFIG.PSU__CRL_APB__TIMESTAMP_REF_CTRL__FREQMHZ {100} \
##    CONFIG.PSU__CRL_APB__TIMESTAMP_REF_CTRL__SRCSEL {IOPLL} \
##    CONFIG.PSU__CRL_APB__UART0_REF_CTRL__ACT_FREQMHZ {99.999001} \
##    CONFIG.PSU__CRL_APB__UART0_REF_CTRL__DIVISOR0 {15} \
##    CONFIG.PSU__CRL_APB__UART0_REF_CTRL__DIVISOR1 {1} \
##    CONFIG.PSU__CRL_APB__UART0_REF_CTRL__FREQMHZ {100} \
##    CONFIG.PSU__CRL_APB__UART0_REF_CTRL__SRCSEL {IOPLL} \
##    CONFIG.PSU__CRL_APB__UART1_REF_CTRL__ACT_FREQMHZ {99.999001} \
##    CONFIG.PSU__CRL_APB__UART1_REF_CTRL__DIVISOR0 {15} \
##    CONFIG.PSU__CRL_APB__UART1_REF_CTRL__DIVISOR1 {1} \
##    CONFIG.PSU__CRL_APB__UART1_REF_CTRL__FREQMHZ {100} \
##    CONFIG.PSU__CRL_APB__UART1_REF_CTRL__SRCSEL {IOPLL} \
##    CONFIG.PSU__CRL_APB__USB0_BUS_REF_CTRL__ACT_FREQMHZ {249.997498} \
##    CONFIG.PSU__CRL_APB__USB0_BUS_REF_CTRL__DIVISOR0 {6} \
##    CONFIG.PSU__CRL_APB__USB0_BUS_REF_CTRL__DIVISOR1 {1} \
##    CONFIG.PSU__CRL_APB__USB0_BUS_REF_CTRL__FREQMHZ {250} \
##    CONFIG.PSU__CRL_APB__USB0_BUS_REF_CTRL__SRCSEL {IOPLL} \
##    CONFIG.PSU__CRL_APB__USB1_BUS_REF_CTRL__ACT_FREQMHZ {250} \
##    CONFIG.PSU__CRL_APB__USB1_BUS_REF_CTRL__DIVISOR0 {6} \
##    CONFIG.PSU__CRL_APB__USB1_BUS_REF_CTRL__DIVISOR1 {1} \
##    CONFIG.PSU__CRL_APB__USB1_BUS_REF_CTRL__FREQMHZ {250} \
##    CONFIG.PSU__CRL_APB__USB1_BUS_REF_CTRL__SRCSEL {IOPLL} \
##    CONFIG.PSU__CRL_APB__USB3_DUAL_REF_CTRL__ACT_FREQMHZ {19.999800} \
##    CONFIG.PSU__CRL_APB__USB3_DUAL_REF_CTRL__DIVISOR0 {25} \
##    CONFIG.PSU__CRL_APB__USB3_DUAL_REF_CTRL__DIVISOR1 {3} \
##    CONFIG.PSU__CRL_APB__USB3_DUAL_REF_CTRL__FREQMHZ {20} \
##    CONFIG.PSU__CRL_APB__USB3_DUAL_REF_CTRL__SRCSEL {IOPLL} \
##    CONFIG.PSU__CRL_APB__USB3__ENABLE {1} \
##    CONFIG.PSU__CSUPMU__PERIPHERAL__VALID {1} \
##    CONFIG.PSU__CSU_COHERENCY {0} \
##    CONFIG.PSU__CSU__CSU_TAMPER_0__ENABLE {0} \
##    CONFIG.PSU__CSU__CSU_TAMPER_0__ERASE_BBRAM {0} \
##    CONFIG.PSU__CSU__CSU_TAMPER_10__ENABLE {0} \
##    CONFIG.PSU__CSU__CSU_TAMPER_10__ERASE_BBRAM {0} \
##    CONFIG.PSU__CSU__CSU_TAMPER_11__ENABLE {0} \
##    CONFIG.PSU__CSU__CSU_TAMPER_11__ERASE_BBRAM {0} \
##    CONFIG.PSU__CSU__CSU_TAMPER_12__ENABLE {0} \
##    CONFIG.PSU__CSU__CSU_TAMPER_12__ERASE_BBRAM {0} \
##    CONFIG.PSU__CSU__CSU_TAMPER_1__ENABLE {0} \
##    CONFIG.PSU__CSU__CSU_TAMPER_1__ERASE_BBRAM {0} \
##    CONFIG.PSU__CSU__CSU_TAMPER_2__ENABLE {0} \
##    CONFIG.PSU__CSU__CSU_TAMPER_2__ERASE_BBRAM {0} \
##    CONFIG.PSU__CSU__CSU_TAMPER_3__ENABLE {0} \
##    CONFIG.PSU__CSU__CSU_TAMPER_3__ERASE_BBRAM {0} \
##    CONFIG.PSU__CSU__CSU_TAMPER_4__ENABLE {0} \
##    CONFIG.PSU__CSU__CSU_TAMPER_4__ERASE_BBRAM {0} \
##    CONFIG.PSU__CSU__CSU_TAMPER_5__ENABLE {0} \
##    CONFIG.PSU__CSU__CSU_TAMPER_5__ERASE_BBRAM {0} \
##    CONFIG.PSU__CSU__CSU_TAMPER_6__ENABLE {0} \
##    CONFIG.PSU__CSU__CSU_TAMPER_6__ERASE_BBRAM {0} \
##    CONFIG.PSU__CSU__CSU_TAMPER_7__ENABLE {0} \
##    CONFIG.PSU__CSU__CSU_TAMPER_7__ERASE_BBRAM {0} \
##    CONFIG.PSU__CSU__CSU_TAMPER_8__ENABLE {0} \
##    CONFIG.PSU__CSU__CSU_TAMPER_8__ERASE_BBRAM {0} \
##    CONFIG.PSU__CSU__CSU_TAMPER_9__ENABLE {0} \
##    CONFIG.PSU__CSU__CSU_TAMPER_9__ERASE_BBRAM {0} \
##    CONFIG.PSU__CSU__PERIPHERAL__ENABLE {0} \
##    CONFIG.PSU__DDRC__ADDR_MIRROR {0} \
##    CONFIG.PSU__DDRC__AL {0} \
##    CONFIG.PSU__DDRC__BANK_ADDR_COUNT {2} \
##    CONFIG.PSU__DDRC__BG_ADDR_COUNT {1} \
##    CONFIG.PSU__DDRC__BRC_MAPPING {ROW_BANK_COL} \
##    CONFIG.PSU__DDRC__BUS_WIDTH {64 Bit} \
##    CONFIG.PSU__DDRC__CL {15} \
##    CONFIG.PSU__DDRC__CLOCK_STOP_EN {0} \
##    CONFIG.PSU__DDRC__COL_ADDR_COUNT {10} \
##    CONFIG.PSU__DDRC__COMPONENTS {UDIMM} \
##    CONFIG.PSU__DDRC__CWL {14} \
##    CONFIG.PSU__DDRC__DDR3L_T_REF_RANGE {NA} \
##    CONFIG.PSU__DDRC__DDR3_T_REF_RANGE {NA} \
##    CONFIG.PSU__DDRC__DDR4_ADDR_MAPPING {0} \
##    CONFIG.PSU__DDRC__DDR4_CAL_MODE_ENABLE {0} \
##    CONFIG.PSU__DDRC__DDR4_CRC_CONTROL {0} \
##    CONFIG.PSU__DDRC__DDR4_MAXPWR_SAVING_EN {0} \
##    CONFIG.PSU__DDRC__DDR4_T_REF_MODE {0} \
##    CONFIG.PSU__DDRC__DDR4_T_REF_RANGE {Normal (0-85)} \
##    CONFIG.PSU__DDRC__DEEP_PWR_DOWN_EN {0} \
##    CONFIG.PSU__DDRC__DEVICE_CAPACITY {8192 MBits} \
##    CONFIG.PSU__DDRC__DIMM_ADDR_MIRROR {0} \
##    CONFIG.PSU__DDRC__DM_DBI {DM_NO_DBI} \
##    CONFIG.PSU__DDRC__DQMAP_0_3 {0} \
##    CONFIG.PSU__DDRC__DQMAP_12_15 {0} \
##    CONFIG.PSU__DDRC__DQMAP_16_19 {0} \
##    CONFIG.PSU__DDRC__DQMAP_20_23 {0} \
##    CONFIG.PSU__DDRC__DQMAP_24_27 {0} \
##    CONFIG.PSU__DDRC__DQMAP_28_31 {0} \
##    CONFIG.PSU__DDRC__DQMAP_32_35 {0} \
##    CONFIG.PSU__DDRC__DQMAP_36_39 {0} \
##    CONFIG.PSU__DDRC__DQMAP_40_43 {0} \
##    CONFIG.PSU__DDRC__DQMAP_44_47 {0} \
##    CONFIG.PSU__DDRC__DQMAP_48_51 {0} \
##    CONFIG.PSU__DDRC__DQMAP_4_7 {0} \
##    CONFIG.PSU__DDRC__DQMAP_52_55 {0} \
##    CONFIG.PSU__DDRC__DQMAP_56_59 {0} \
##    CONFIG.PSU__DDRC__DQMAP_60_63 {0} \
##    CONFIG.PSU__DDRC__DQMAP_64_67 {0} \
##    CONFIG.PSU__DDRC__DQMAP_68_71 {0} \
##    CONFIG.PSU__DDRC__DQMAP_8_11 {0} \
##    CONFIG.PSU__DDRC__DRAM_WIDTH {16 Bits} \
##    CONFIG.PSU__DDRC__ECC {Disabled} \
##    CONFIG.PSU__DDRC__ECC_SCRUB {0} \
##    CONFIG.PSU__DDRC__ENABLE {1} \
##    CONFIG.PSU__DDRC__ENABLE_2T_TIMING {0} \
##    CONFIG.PSU__DDRC__ENABLE_DP_SWITCH {0} \
##    CONFIG.PSU__DDRC__ENABLE_LP4_HAS_ECC_COMP {0} \
##    CONFIG.PSU__DDRC__ENABLE_LP4_SLOWBOOT {0} \
##    CONFIG.PSU__DDRC__EN_2ND_CLK {0} \
##    CONFIG.PSU__DDRC__FGRM {1X} \
##    CONFIG.PSU__DDRC__FREQ_MHZ {1} \
##    CONFIG.PSU__DDRC__LPDDR3_DUALRANK_SDP {0} \
##    CONFIG.PSU__DDRC__LPDDR3_T_REF_RANGE {NA} \
##    CONFIG.PSU__DDRC__LPDDR4_T_REF_RANGE {NA} \
##    CONFIG.PSU__DDRC__LP_ASR {manual normal} \
##    CONFIG.PSU__DDRC__MEMORY_TYPE {DDR 4} \
##    CONFIG.PSU__DDRC__PARITY_ENABLE {0} \
##    CONFIG.PSU__DDRC__PER_BANK_REFRESH {0} \
##    CONFIG.PSU__DDRC__PHY_DBI_MODE {0} \
##    CONFIG.PSU__DDRC__PLL_BYPASS {0} \
##    CONFIG.PSU__DDRC__PWR_DOWN_EN {0} \
##    CONFIG.PSU__DDRC__RANK_ADDR_COUNT {0} \
##    CONFIG.PSU__DDRC__RD_DQS_CENTER {0} \
##    CONFIG.PSU__DDRC__ROW_ADDR_COUNT {16} \
##    CONFIG.PSU__DDRC__SB_TARGET {15-15-15} \
##    CONFIG.PSU__DDRC__SELF_REF_ABORT {0} \
##    CONFIG.PSU__DDRC__SPEED_BIN {DDR4_2133P} \
##    CONFIG.PSU__DDRC__STATIC_RD_MODE {0} \
##    CONFIG.PSU__DDRC__TRAIN_DATA_EYE {1} \
##    CONFIG.PSU__DDRC__TRAIN_READ_GATE {1} \
##    CONFIG.PSU__DDRC__TRAIN_WRITE_LEVEL {1} \
##    CONFIG.PSU__DDRC__T_FAW {30.0} \
##    CONFIG.PSU__DDRC__T_RAS_MIN {33} \
##    CONFIG.PSU__DDRC__T_RC {47.06} \
##    CONFIG.PSU__DDRC__T_RCD {15} \
##    CONFIG.PSU__DDRC__T_RP {15} \
##    CONFIG.PSU__DDRC__VENDOR_PART {OTHERS} \
##    CONFIG.PSU__DDRC__VIDEO_BUFFER_SIZE {0} \
##    CONFIG.PSU__DDRC__VREF {1} \
##    CONFIG.PSU__DDR_HIGH_ADDRESS_GUI_ENABLE {1} \
##    CONFIG.PSU__DDR_QOS_ENABLE {0} \
##    CONFIG.PSU__DDR_QOS_FIX_HP0_RDQOS {} \
##    CONFIG.PSU__DDR_QOS_FIX_HP0_WRQOS {} \
##    CONFIG.PSU__DDR_QOS_FIX_HP1_RDQOS {} \
##    CONFIG.PSU__DDR_QOS_FIX_HP1_WRQOS {} \
##    CONFIG.PSU__DDR_QOS_FIX_HP2_RDQOS {} \
##    CONFIG.PSU__DDR_QOS_FIX_HP2_WRQOS {} \
##    CONFIG.PSU__DDR_QOS_FIX_HP3_RDQOS {} \
##    CONFIG.PSU__DDR_QOS_FIX_HP3_WRQOS {} \
##    CONFIG.PSU__DDR_QOS_HP0_RDQOS {} \
##    CONFIG.PSU__DDR_QOS_HP0_WRQOS {} \
##    CONFIG.PSU__DDR_QOS_HP1_RDQOS {} \
##    CONFIG.PSU__DDR_QOS_HP1_WRQOS {} \
##    CONFIG.PSU__DDR_QOS_HP2_RDQOS {} \
##    CONFIG.PSU__DDR_QOS_HP2_WRQOS {} \
##    CONFIG.PSU__DDR_QOS_HP3_RDQOS {} \
##    CONFIG.PSU__DDR_QOS_HP3_WRQOS {} \
##    CONFIG.PSU__DDR_QOS_RD_HPR_THRSHLD {} \
##    CONFIG.PSU__DDR_QOS_RD_LPR_THRSHLD {} \
##    CONFIG.PSU__DDR_QOS_WR_THRSHLD {} \
##    CONFIG.PSU__DDR_SW_REFRESH_ENABLED {0} \
##    CONFIG.PSU__DDR__INTERFACE__FREQMHZ {533.500} \
##    CONFIG.PSU__DEVICE_TYPE {RFSOC} \
##    CONFIG.PSU__DISPLAYPORT__LANE0__ENABLE {1} \
##    CONFIG.PSU__DISPLAYPORT__LANE0__IO {GT Lane1} \
##    CONFIG.PSU__DISPLAYPORT__LANE1__ENABLE {1} \
##    CONFIG.PSU__DISPLAYPORT__LANE1__IO {GT Lane0} \
##    CONFIG.PSU__DISPLAYPORT__PERIPHERAL__ENABLE {1} \
##    CONFIG.PSU__DLL__ISUSED {1} \
##    CONFIG.PSU__DPAUX__PERIPHERAL__ENABLE {1} \
##    CONFIG.PSU__DPAUX__PERIPHERAL__IO {MIO 27 .. 30} \
##    CONFIG.PSU__DP__LANE_SEL {Dual Lower} \
##    CONFIG.PSU__DP__REF_CLK_FREQ {27} \
##    CONFIG.PSU__DP__REF_CLK_SEL {Ref Clk1} \
##    CONFIG.PSU__ENABLE__DDR__REFRESH__SIGNALS {0} \
##    CONFIG.PSU__ENET0__FIFO__ENABLE {0} \
##    CONFIG.PSU__ENET0__GRP_MDIO__ENABLE {0} \
##    CONFIG.PSU__ENET0__PERIPHERAL__ENABLE {0} \
##    CONFIG.PSU__ENET0__PTP__ENABLE {0} \
##    CONFIG.PSU__ENET0__TSU__ENABLE {0} \
##    CONFIG.PSU__ENET1__FIFO__ENABLE {0} \
##    CONFIG.PSU__ENET1__GRP_MDIO__ENABLE {0} \
##    CONFIG.PSU__ENET1__PERIPHERAL__ENABLE {0} \
##    CONFIG.PSU__ENET1__PTP__ENABLE {0} \
##    CONFIG.PSU__ENET1__TSU__ENABLE {0} \
##    CONFIG.PSU__ENET2__FIFO__ENABLE {0} \
##    CONFIG.PSU__ENET2__GRP_MDIO__ENABLE {0} \
##    CONFIG.PSU__ENET2__PERIPHERAL__ENABLE {0} \
##    CONFIG.PSU__ENET2__PTP__ENABLE {0} \
##    CONFIG.PSU__ENET2__TSU__ENABLE {0} \
##    CONFIG.PSU__ENET3__FIFO__ENABLE {0} \
##    CONFIG.PSU__ENET3__GRP_MDIO__ENABLE {1} \
##    CONFIG.PSU__ENET3__GRP_MDIO__IO {MIO 76 .. 77} \
##    CONFIG.PSU__ENET3__PERIPHERAL__ENABLE {1} \
##    CONFIG.PSU__ENET3__PERIPHERAL__IO {MIO 64 .. 75} \
##    CONFIG.PSU__ENET3__PTP__ENABLE {0} \
##    CONFIG.PSU__ENET3__TSU__ENABLE {0} \
##    CONFIG.PSU__EN_AXI_STATUS_PORTS {0} \
##    CONFIG.PSU__EN_EMIO_TRACE {0} \
##    CONFIG.PSU__EP__IP {0} \
##    CONFIG.PSU__EXPAND__CORESIGHT {0} \
##    CONFIG.PSU__EXPAND__FPD_SLAVES {0} \
##    CONFIG.PSU__EXPAND__GIC {0} \
##    CONFIG.PSU__EXPAND__LOWER_LPS_SLAVES {0} \
##    CONFIG.PSU__EXPAND__UPPER_LPS_SLAVES {0} \
##    CONFIG.PSU__FPDMASTERS_COHERENCY {0} \
##    CONFIG.PSU__FPD_SLCR__WDT1__ACT_FREQMHZ {99.999001} \
##    CONFIG.PSU__FPD_SLCR__WDT1__FREQMHZ {99.999001} \
##    CONFIG.PSU__FPD_SLCR__WDT_CLK_SEL__SELECT {APB} \
##    CONFIG.PSU__FPGA_PL0_ENABLE {1} \
##    CONFIG.PSU__FPGA_PL1_ENABLE {0} \
##    CONFIG.PSU__FPGA_PL2_ENABLE {0} \
##    CONFIG.PSU__FPGA_PL3_ENABLE {0} \
##    CONFIG.PSU__FP__POWER__ON {1} \
##    CONFIG.PSU__FTM__CTI_IN_0 {0} \
##    CONFIG.PSU__FTM__CTI_IN_1 {0} \
##    CONFIG.PSU__FTM__CTI_IN_2 {0} \
##    CONFIG.PSU__FTM__CTI_IN_3 {0} \
##    CONFIG.PSU__FTM__CTI_OUT_0 {0} \
##    CONFIG.PSU__FTM__CTI_OUT_1 {0} \
##    CONFIG.PSU__FTM__CTI_OUT_2 {0} \
##    CONFIG.PSU__FTM__CTI_OUT_3 {0} \
##    CONFIG.PSU__FTM__GPI {0} \
##    CONFIG.PSU__FTM__GPO {0} \
##    CONFIG.PSU__GEM0_COHERENCY {0} \
##    CONFIG.PSU__GEM0_ROUTE_THROUGH_FPD {0} \
##    CONFIG.PSU__GEM1_COHERENCY {0} \
##    CONFIG.PSU__GEM1_ROUTE_THROUGH_FPD {0} \
##    CONFIG.PSU__GEM2_COHERENCY {0} \
##    CONFIG.PSU__GEM2_ROUTE_THROUGH_FPD {0} \
##    CONFIG.PSU__GEM3_COHERENCY {0} \
##    CONFIG.PSU__GEM3_ROUTE_THROUGH_FPD {0} \
##    CONFIG.PSU__GEM__TSU__ENABLE {0} \
##    CONFIG.PSU__GEN_IPI_0__MASTER {APU} \
##    CONFIG.PSU__GEN_IPI_10__MASTER {NONE} \
##    CONFIG.PSU__GEN_IPI_1__MASTER {RPU0} \
##    CONFIG.PSU__GEN_IPI_2__MASTER {RPU1} \
##    CONFIG.PSU__GEN_IPI_3__MASTER {PMU} \
##    CONFIG.PSU__GEN_IPI_4__MASTER {PMU} \
##    CONFIG.PSU__GEN_IPI_5__MASTER {PMU} \
##    CONFIG.PSU__GEN_IPI_6__MASTER {PMU} \
##    CONFIG.PSU__GEN_IPI_7__MASTER {NONE} \
##    CONFIG.PSU__GEN_IPI_8__MASTER {NONE} \
##    CONFIG.PSU__GEN_IPI_9__MASTER {NONE} \
##    CONFIG.PSU__GPIO0_MIO__IO {MIO 0 .. 25} \
##    CONFIG.PSU__GPIO0_MIO__PERIPHERAL__ENABLE {1} \
##    CONFIG.PSU__GPIO1_MIO__IO {MIO 26 .. 51} \
##    CONFIG.PSU__GPIO1_MIO__PERIPHERAL__ENABLE {1} \
##    CONFIG.PSU__GPIO2_MIO__PERIPHERAL__ENABLE {0} \
##    CONFIG.PSU__GPIO_EMIO_WIDTH {1} \
##    CONFIG.PSU__GPIO_EMIO__PERIPHERAL__ENABLE {0} \
##    CONFIG.PSU__GPIO_EMIO__PERIPHERAL__IO {<Select>} \
##    CONFIG.PSU__GPIO_EMIO__WIDTH {[94:0]} \
##    CONFIG.PSU__GPU_PP0__POWER__ON {0} \
##    CONFIG.PSU__GPU_PP1__POWER__ON {0} \
##    CONFIG.PSU__GT_REF_CLK__FREQMHZ {33.333} \
##    CONFIG.PSU__GT__LINK_SPEED {HBR} \
##    CONFIG.PSU__GT__PRE_EMPH_LVL_4 {0} \
##    CONFIG.PSU__GT__VLT_SWNG_LVL_4 {0} \
##    CONFIG.PSU__HIGH_ADDRESS__ENABLE {1} \
##    CONFIG.PSU__HPM0_FPD__NUM_READ_THREADS {4} \
##    CONFIG.PSU__HPM0_FPD__NUM_WRITE_THREADS {4} \
##    CONFIG.PSU__HPM0_LPD__NUM_READ_THREADS {4} \
##    CONFIG.PSU__HPM0_LPD__NUM_WRITE_THREADS {4} \
##    CONFIG.PSU__HPM1_FPD__NUM_READ_THREADS {4} \
##    CONFIG.PSU__HPM1_FPD__NUM_WRITE_THREADS {4} \
##    CONFIG.PSU__I2C0_LOOP_I2C1__ENABLE {0} \
##    CONFIG.PSU__I2C0__GRP_INT__ENABLE {0} \
##    CONFIG.PSU__I2C0__PERIPHERAL__ENABLE {1} \
##    CONFIG.PSU__I2C0__PERIPHERAL__IO {MIO 14 .. 15} \
##    CONFIG.PSU__I2C1__GRP_INT__ENABLE {0} \
##    CONFIG.PSU__I2C1__PERIPHERAL__ENABLE {1} \
##    CONFIG.PSU__I2C1__PERIPHERAL__IO {MIO 16 .. 17} \
##    CONFIG.PSU__IOU_SLCR__IOU_TTC_APB_CLK__TTC0_SEL {APB} \
##    CONFIG.PSU__IOU_SLCR__IOU_TTC_APB_CLK__TTC1_SEL {APB} \
##    CONFIG.PSU__IOU_SLCR__IOU_TTC_APB_CLK__TTC2_SEL {APB} \
##    CONFIG.PSU__IOU_SLCR__IOU_TTC_APB_CLK__TTC3_SEL {APB} \
##    CONFIG.PSU__IOU_SLCR__TTC0__ACT_FREQMHZ {100.000000} \
##    CONFIG.PSU__IOU_SLCR__TTC0__FREQMHZ {100.000000} \
##    CONFIG.PSU__IOU_SLCR__TTC1__ACT_FREQMHZ {100.000000} \
##    CONFIG.PSU__IOU_SLCR__TTC1__FREQMHZ {100.000000} \
##    CONFIG.PSU__IOU_SLCR__TTC2__ACT_FREQMHZ {100.000000} \
##    CONFIG.PSU__IOU_SLCR__TTC2__FREQMHZ {100.000000} \
##    CONFIG.PSU__IOU_SLCR__TTC3__ACT_FREQMHZ {100.000000} \
##    CONFIG.PSU__IOU_SLCR__TTC3__FREQMHZ {100.000000} \
##    CONFIG.PSU__IOU_SLCR__WDT0__ACT_FREQMHZ {99.999001} \
##    CONFIG.PSU__IOU_SLCR__WDT0__FREQMHZ {99.999001} \
##    CONFIG.PSU__IOU_SLCR__WDT_CLK_SEL__SELECT {APB} \
##    CONFIG.PSU__IRQ_P2F_ADMA_CHAN__INT {0} \
##    CONFIG.PSU__IRQ_P2F_AIB_AXI__INT {0} \
##    CONFIG.PSU__IRQ_P2F_AMS__INT {0} \
##    CONFIG.PSU__IRQ_P2F_APM_FPD__INT {0} \
##    CONFIG.PSU__IRQ_P2F_APU_COMM__INT {0} \
##    CONFIG.PSU__IRQ_P2F_APU_CPUMNT__INT {0} \
##    CONFIG.PSU__IRQ_P2F_APU_CTI__INT {0} \
##    CONFIG.PSU__IRQ_P2F_APU_EXTERR__INT {0} \
##    CONFIG.PSU__IRQ_P2F_APU_IPI__INT {0} \
##    CONFIG.PSU__IRQ_P2F_APU_L2ERR__INT {0} \
##    CONFIG.PSU__IRQ_P2F_APU_PMU__INT {0} \
##    CONFIG.PSU__IRQ_P2F_APU_REGS__INT {0} \
##    CONFIG.PSU__IRQ_P2F_ATB_LPD__INT {0} \
##    CONFIG.PSU__IRQ_P2F_CAN0__INT {0} \
##    CONFIG.PSU__IRQ_P2F_CAN1__INT {0} \
##    CONFIG.PSU__IRQ_P2F_CLKMON__INT {0} \
##    CONFIG.PSU__IRQ_P2F_CSUPMU_WDT__INT {0} \
##    CONFIG.PSU__IRQ_P2F_CSU_DMA__INT {0} \
##    CONFIG.PSU__IRQ_P2F_CSU__INT {0} \
##    CONFIG.PSU__IRQ_P2F_DDR_SS__INT {0} \
##    CONFIG.PSU__IRQ_P2F_DPDMA__INT {0} \
##    CONFIG.PSU__IRQ_P2F_DPORT__INT {0} \
##    CONFIG.PSU__IRQ_P2F_EFUSE__INT {0} \
##    CONFIG.PSU__IRQ_P2F_ENT0_WAKEUP__INT {0} \
##    CONFIG.PSU__IRQ_P2F_ENT0__INT {0} \
##    CONFIG.PSU__IRQ_P2F_ENT1_WAKEUP__INT {0} \
##    CONFIG.PSU__IRQ_P2F_ENT1__INT {0} \
##    CONFIG.PSU__IRQ_P2F_ENT2_WAKEUP__INT {0} \
##    CONFIG.PSU__IRQ_P2F_ENT2__INT {0} \
##    CONFIG.PSU__IRQ_P2F_ENT3_WAKEUP__INT {0} \
##    CONFIG.PSU__IRQ_P2F_ENT3__INT {0} \
##    CONFIG.PSU__IRQ_P2F_FPD_APB__INT {0} \
##    CONFIG.PSU__IRQ_P2F_FPD_ATB_ERR__INT {0} \
##    CONFIG.PSU__IRQ_P2F_FP_WDT__INT {0} \
##    CONFIG.PSU__IRQ_P2F_GDMA_CHAN__INT {0} \
##    CONFIG.PSU__IRQ_P2F_GPIO__INT {0} \
##    CONFIG.PSU__IRQ_P2F_GPU__INT {0} \
##    CONFIG.PSU__IRQ_P2F_I2C0__INT {0} \
##    CONFIG.PSU__IRQ_P2F_I2C1__INT {0} \
##    CONFIG.PSU__IRQ_P2F_LPD_APB__INT {0} \
##    CONFIG.PSU__IRQ_P2F_LPD_APM__INT {0} \
##    CONFIG.PSU__IRQ_P2F_LP_WDT__INT {0} \
##    CONFIG.PSU__IRQ_P2F_NAND__INT {0} \
##    CONFIG.PSU__IRQ_P2F_OCM_ERR__INT {0} \
##    CONFIG.PSU__IRQ_P2F_PCIE_DMA__INT {0} \
##    CONFIG.PSU__IRQ_P2F_PCIE_LEGACY__INT {0} \
##    CONFIG.PSU__IRQ_P2F_PCIE_MSC__INT {0} \
##    CONFIG.PSU__IRQ_P2F_PCIE_MSI__INT {0} \
##    CONFIG.PSU__IRQ_P2F_PL_IPI__INT {0} \
##    CONFIG.PSU__IRQ_P2F_QSPI__INT {0} \
##    CONFIG.PSU__IRQ_P2F_R5_CORE0_ECC_ERR__INT {0} \
##    CONFIG.PSU__IRQ_P2F_R5_CORE1_ECC_ERR__INT {0} \
##    CONFIG.PSU__IRQ_P2F_RPU_IPI__INT {0} \
##    CONFIG.PSU__IRQ_P2F_RPU_PERMON__INT {0} \
##    CONFIG.PSU__IRQ_P2F_RTC_ALARM__INT {0} \
##    CONFIG.PSU__IRQ_P2F_RTC_SECONDS__INT {0} \
##    CONFIG.PSU__IRQ_P2F_SATA__INT {0} \
##    CONFIG.PSU__IRQ_P2F_SDIO0_WAKE__INT {0} \
##    CONFIG.PSU__IRQ_P2F_SDIO0__INT {0} \
##    CONFIG.PSU__IRQ_P2F_SDIO1_WAKE__INT {0} \
##    CONFIG.PSU__IRQ_P2F_SDIO1__INT {0} \
##    CONFIG.PSU__IRQ_P2F_SPI0__INT {0} \
##    CONFIG.PSU__IRQ_P2F_SPI1__INT {0} \
##    CONFIG.PSU__IRQ_P2F_TTC0__INT0 {0} \
##    CONFIG.PSU__IRQ_P2F_TTC0__INT1 {0} \
##    CONFIG.PSU__IRQ_P2F_TTC0__INT2 {0} \
##    CONFIG.PSU__IRQ_P2F_TTC1__INT0 {0} \
##    CONFIG.PSU__IRQ_P2F_TTC1__INT1 {0} \
##    CONFIG.PSU__IRQ_P2F_TTC1__INT2 {0} \
##    CONFIG.PSU__IRQ_P2F_TTC2__INT0 {0} \
##    CONFIG.PSU__IRQ_P2F_TTC2__INT1 {0} \
##    CONFIG.PSU__IRQ_P2F_TTC2__INT2 {0} \
##    CONFIG.PSU__IRQ_P2F_TTC3__INT0 {0} \
##    CONFIG.PSU__IRQ_P2F_TTC3__INT1 {0} \
##    CONFIG.PSU__IRQ_P2F_TTC3__INT2 {0} \
##    CONFIG.PSU__IRQ_P2F_UART0__INT {0} \
##    CONFIG.PSU__IRQ_P2F_UART1__INT {0} \
##    CONFIG.PSU__IRQ_P2F_USB3_ENDPOINT__INT0 {0} \
##    CONFIG.PSU__IRQ_P2F_USB3_ENDPOINT__INT1 {0} \
##    CONFIG.PSU__IRQ_P2F_USB3_OTG__INT0 {0} \
##    CONFIG.PSU__IRQ_P2F_USB3_OTG__INT1 {0} \
##    CONFIG.PSU__IRQ_P2F_USB3_PMU_WAKEUP__INT {0} \
##    CONFIG.PSU__IRQ_P2F_XMPU_FPD__INT {0} \
##    CONFIG.PSU__IRQ_P2F_XMPU_LPD__INT {0} \
##    CONFIG.PSU__IRQ_P2F__INTF_FPD_SMMU__INT {0} \
##    CONFIG.PSU__IRQ_P2F__INTF_PPD_CCI__INT {0} \
##    CONFIG.PSU__L2_BANK0__POWER__ON {1} \
##    CONFIG.PSU__LPDMA0_COHERENCY {0} \
##    CONFIG.PSU__LPDMA1_COHERENCY {0} \
##    CONFIG.PSU__LPDMA2_COHERENCY {0} \
##    CONFIG.PSU__LPDMA3_COHERENCY {0} \
##    CONFIG.PSU__LPDMA4_COHERENCY {0} \
##    CONFIG.PSU__LPDMA5_COHERENCY {0} \
##    CONFIG.PSU__LPDMA6_COHERENCY {0} \
##    CONFIG.PSU__LPDMA7_COHERENCY {0} \
##    CONFIG.PSU__LPD_SLCR__CSUPMU_WDT_CLK_SEL__SELECT {APB} \
##    CONFIG.PSU__LPD_SLCR__CSUPMU__ACT_FREQMHZ {100.000000} \
##    CONFIG.PSU__LPD_SLCR__CSUPMU__FREQMHZ {100.000000} \
##    CONFIG.PSU__MAXIGP0__DATA_WIDTH {128} \
##    CONFIG.PSU__MAXIGP1__DATA_WIDTH {128} \
##    CONFIG.PSU__MAXIGP2__DATA_WIDTH {128} \
##    CONFIG.PSU__M_AXI_GP0_SUPPORTS_NARROW_BURST {1} \
##    CONFIG.PSU__M_AXI_GP1_SUPPORTS_NARROW_BURST {1} \
##    CONFIG.PSU__M_AXI_GP2_SUPPORTS_NARROW_BURST {1} \
##    CONFIG.PSU__NAND_COHERENCY {0} \
##    CONFIG.PSU__NAND_ROUTE_THROUGH_FPD {0} \
##    CONFIG.PSU__NAND__CHIP_ENABLE__ENABLE {0} \
##    CONFIG.PSU__NAND__DATA_STROBE__ENABLE {0} \
##    CONFIG.PSU__NAND__PERIPHERAL__ENABLE {0} \
##    CONFIG.PSU__NAND__READY0_BUSY__ENABLE {0} \
##    CONFIG.PSU__NAND__READY1_BUSY__ENABLE {0} \
##    CONFIG.PSU__NAND__READY_BUSY__ENABLE {0} \
##    CONFIG.PSU__NUM_FABRIC_RESETS {1} \
##    CONFIG.PSU__OCM_BANK0__POWER__ON {1} \
##    CONFIG.PSU__OCM_BANK1__POWER__ON {1} \
##    CONFIG.PSU__OCM_BANK2__POWER__ON {1} \
##    CONFIG.PSU__OCM_BANK3__POWER__ON {1} \
##    CONFIG.PSU__OVERRIDE__BASIC_CLOCK {0} \
##    CONFIG.PSU__PCIE__ACS_VIOLAION {0} \
##    CONFIG.PSU__PCIE__ACS_VIOLATION {0} \
##    CONFIG.PSU__PCIE__AER_CAPABILITY {0} \
##    CONFIG.PSU__PCIE__ATOMICOP_EGRESS_BLOCKED {0} \
##    CONFIG.PSU__PCIE__BAR0_64BIT {0} \
##    CONFIG.PSU__PCIE__BAR0_ENABLE {0} \
##    CONFIG.PSU__PCIE__BAR0_PREFETCHABLE {0} \
##    CONFIG.PSU__PCIE__BAR0_VAL {} \
##    CONFIG.PSU__PCIE__BAR1_64BIT {0} \
##    CONFIG.PSU__PCIE__BAR1_ENABLE {0} \
##    CONFIG.PSU__PCIE__BAR1_PREFETCHABLE {0} \
##    CONFIG.PSU__PCIE__BAR1_VAL {} \
##    CONFIG.PSU__PCIE__BAR2_64BIT {0} \
##    CONFIG.PSU__PCIE__BAR2_ENABLE {0} \
##    CONFIG.PSU__PCIE__BAR2_PREFETCHABLE {0} \
##    CONFIG.PSU__PCIE__BAR2_VAL {} \
##    CONFIG.PSU__PCIE__BAR3_64BIT {0} \
##    CONFIG.PSU__PCIE__BAR3_ENABLE {0} \
##    CONFIG.PSU__PCIE__BAR3_PREFETCHABLE {0} \
##    CONFIG.PSU__PCIE__BAR3_VAL {} \
##    CONFIG.PSU__PCIE__BAR4_64BIT {0} \
##    CONFIG.PSU__PCIE__BAR4_ENABLE {0} \
##    CONFIG.PSU__PCIE__BAR4_PREFETCHABLE {0} \
##    CONFIG.PSU__PCIE__BAR4_VAL {} \
##    CONFIG.PSU__PCIE__BAR5_64BIT {0} \
##    CONFIG.PSU__PCIE__BAR5_ENABLE {0} \
##    CONFIG.PSU__PCIE__BAR5_PREFETCHABLE {0} \
##    CONFIG.PSU__PCIE__BAR5_VAL {} \
##    CONFIG.PSU__PCIE__CLASS_CODE_BASE {0x06} \
##    CONFIG.PSU__PCIE__CLASS_CODE_INTERFACE {0x0} \
##    CONFIG.PSU__PCIE__CLASS_CODE_SUB {0x4} \
##    CONFIG.PSU__PCIE__CLASS_CODE_VALUE {} \
##    CONFIG.PSU__PCIE__COMPLETER_ABORT {0} \
##    CONFIG.PSU__PCIE__COMPLTION_TIMEOUT {0} \
##    CONFIG.PSU__PCIE__CORRECTABLE_INT_ERR {0} \
##    CONFIG.PSU__PCIE__CRS_SW_VISIBILITY {0} \
##    CONFIG.PSU__PCIE__DEVICE_ID {0xD021} \
##    CONFIG.PSU__PCIE__DEVICE_PORT_TYPE {<Select>} \
##    CONFIG.PSU__PCIE__ECRC_CHECK {0} \
##    CONFIG.PSU__PCIE__ECRC_ERR {0} \
##    CONFIG.PSU__PCIE__ECRC_GEN {0} \
##    CONFIG.PSU__PCIE__EROM_ENABLE {0} \
##    CONFIG.PSU__PCIE__EROM_VAL {} \
##    CONFIG.PSU__PCIE__FLOW_CONTROL_ERR {0} \
##    CONFIG.PSU__PCIE__FLOW_CONTROL_PROTOCOL_ERR {0} \
##    CONFIG.PSU__PCIE__HEADER_LOG_OVERFLOW {0} \
##    CONFIG.PSU__PCIE__INTX_GENERATION {0} \
##    CONFIG.PSU__PCIE__LANE0__ENABLE {0} \
##    CONFIG.PSU__PCIE__LANE0__IO {<Select>} \
##    CONFIG.PSU__PCIE__LANE1__ENABLE {0} \
##    CONFIG.PSU__PCIE__LANE2__ENABLE {0} \
##    CONFIG.PSU__PCIE__LANE3__ENABLE {0} \
##    CONFIG.PSU__PCIE__LINK_SPEED {<Select>} \
##    CONFIG.PSU__PCIE__MAXIMUM_LINK_WIDTH {<Select>} \
##    CONFIG.PSU__PCIE__MAX_PAYLOAD_SIZE {<Select>} \
##    CONFIG.PSU__PCIE__MC_BLOCKED_TLP {0} \
##    CONFIG.PSU__PCIE__MSIX_BAR_INDICATOR {} \
##    CONFIG.PSU__PCIE__MSIX_CAPABILITY {0} \
##    CONFIG.PSU__PCIE__MSIX_PBA_BAR_INDICATOR {} \
##    CONFIG.PSU__PCIE__MSIX_PBA_OFFSET {0} \
##    CONFIG.PSU__PCIE__MSIX_TABLE_OFFSET {0} \
##    CONFIG.PSU__PCIE__MSIX_TABLE_SIZE {0} \
##    CONFIG.PSU__PCIE__MSI_64BIT_ADDR_CAPABLE {0} \
##    CONFIG.PSU__PCIE__MSI_CAPABILITY {0} \
##    CONFIG.PSU__PCIE__MULTIHEADER {0} \
##    CONFIG.PSU__PCIE__PERIPHERAL__ENABLE {0} \
##    CONFIG.PSU__PCIE__PERIPHERAL__ENDPOINT_ENABLE {1} \
##    CONFIG.PSU__PCIE__PERIPHERAL__ROOTPORT_ENABLE {0} \
##    CONFIG.PSU__PCIE__PERIPHERAL__ROOTPORT_IO {<Select>} \
##    CONFIG.PSU__PCIE__PERM_ROOT_ERR_UPDATE {0} \
##    CONFIG.PSU__PCIE__RECEIVER_ERR {0} \
##    CONFIG.PSU__PCIE__RECEIVER_OVERFLOW {0} \
##    CONFIG.PSU__PCIE__REF_CLK_FREQ {<Select>} \
##    CONFIG.PSU__PCIE__REF_CLK_SEL {<Select>} \
##    CONFIG.PSU__PCIE__RESET__POLARITY {Active Low} \
##    CONFIG.PSU__PCIE__REVISION_ID {0x0} \
##    CONFIG.PSU__PCIE__SUBSYSTEM_ID {0x7} \
##    CONFIG.PSU__PCIE__SUBSYSTEM_VENDOR_ID {0x10EE} \
##    CONFIG.PSU__PCIE__SURPRISE_DOWN {0} \
##    CONFIG.PSU__PCIE__TLP_PREFIX_BLOCKED {0} \
##    CONFIG.PSU__PCIE__UNCORRECTABL_INT_ERR {0} \
##    CONFIG.PSU__PCIE__VENDOR_ID {0x10EE} \
##    CONFIG.PSU__PJTAG__PERIPHERAL__ENABLE {0} \
##    CONFIG.PSU__PL_CLK0_BUF {TRUE} \
##    CONFIG.PSU__PL_CLK1_BUF {FALSE} \
##    CONFIG.PSU__PL_CLK2_BUF {FALSE} \
##    CONFIG.PSU__PL_CLK3_BUF {FALSE} \
##    CONFIG.PSU__PL__POWER__ON {1} \
##    CONFIG.PSU__PMU_COHERENCY {0} \
##    CONFIG.PSU__PMU__AIBACK__ENABLE {0} \
##    CONFIG.PSU__PMU__EMIO_GPI__ENABLE {0} \
##    CONFIG.PSU__PMU__EMIO_GPO__ENABLE {0} \
##    CONFIG.PSU__PMU__GPI0__ENABLE {0} \
##    CONFIG.PSU__PMU__GPI1__ENABLE {0} \
##    CONFIG.PSU__PMU__GPI2__ENABLE {0} \
##    CONFIG.PSU__PMU__GPI3__ENABLE {0} \
##    CONFIG.PSU__PMU__GPI4__ENABLE {0} \
##    CONFIG.PSU__PMU__GPI5__ENABLE {0} \
##    CONFIG.PSU__PMU__GPO0__ENABLE {1} \
##    CONFIG.PSU__PMU__GPO0__IO {MIO 32} \
##    CONFIG.PSU__PMU__GPO1__ENABLE {1} \
##    CONFIG.PSU__PMU__GPO1__IO {MIO 33} \
##    CONFIG.PSU__PMU__GPO2__ENABLE {1} \
##    CONFIG.PSU__PMU__GPO2__IO {MIO 34} \
##    CONFIG.PSU__PMU__GPO2__POLARITY {low} \
##    CONFIG.PSU__PMU__GPO3__ENABLE {1} \
##    CONFIG.PSU__PMU__GPO3__IO {MIO 35} \
##    CONFIG.PSU__PMU__GPO3__POLARITY {low} \
##    CONFIG.PSU__PMU__GPO4__ENABLE {1} \
##    CONFIG.PSU__PMU__GPO4__IO {MIO 36} \
##    CONFIG.PSU__PMU__GPO4__POLARITY {low} \
##    CONFIG.PSU__PMU__GPO5__ENABLE {1} \
##    CONFIG.PSU__PMU__GPO5__IO {MIO 37} \
##    CONFIG.PSU__PMU__GPO5__POLARITY {low} \
##    CONFIG.PSU__PMU__PERIPHERAL__ENABLE {1} \
##    CONFIG.PSU__PMU__PLERROR__ENABLE {0} \
##    CONFIG.PSU__PRESET_APPLIED {1} \
##    CONFIG.PSU__PROTECTION__DDR_SEGMENTS {NONE} \
##    CONFIG.PSU__PROTECTION__DEBUG {0} \
##    CONFIG.PSU__PROTECTION__ENABLE {0} \
##    CONFIG.PSU__PROTECTION__FPD_SEGMENTS {SA:0xFD1A0000 ;SIZE:1280;UNIT:KB ;RegionTZ:Secure ;WrAllowed:Read/Write;subsystemId:PMU Firmware | SA:0xFD000000 ;SIZE:64;UNIT:KB ;RegionTZ:Secure ;WrAllowed:Read/Write;subsystemId:PMU Firmware | SA:0xFD010000 ;SIZE:64;UNIT:KB ;RegionTZ:Secure ;WrAllowed:Read/Write;subsystemId:PMU Firmware | SA:0xFD020000 ;SIZE:64;UNIT:KB ;RegionTZ:Secure ;WrAllowed:Read/Write;subsystemId:PMU Firmware | SA:0xFD030000 ;SIZE:64;UNIT:KB ;RegionTZ:Secure ;WrAllowed:Read/Write;subsystemId:PMU Firmware | SA:0xFD040000 ;SIZE:64;UNIT:KB ;RegionTZ:Secure ;WrAllowed:Read/Write;subsystemId:PMU Firmware | SA:0xFD050000 ;SIZE:64;UNIT:KB ;RegionTZ:Secure ;WrAllowed:Read/Write;subsystemId:PMU Firmware | SA:0xFD610000 ;SIZE:512;UNIT:KB ;RegionTZ:Secure ;WrAllowed:Read/Write;subsystemId:PMU Firmware | SA:0xFD5D0000 ;SIZE:64;UNIT:KB ;RegionTZ:Secure ;WrAllowed:Read/Write;subsystemId:PMU Firmware} \
##    CONFIG.PSU__PROTECTION__LOCK_UNUSED_SEGMENTS {0} \
##    CONFIG.PSU__PROTECTION__LPD_SEGMENTS {SA:0xFF980000 ;SIZE:64;UNIT:KB ;RegionTZ:Secure ;WrAllowed:Read/Write;subsystemId:PMU Firmware|SA:0xFF5E0000 ;SIZE:2560;UNIT:KB ;RegionTZ:Secure ;WrAllowed:Read/Write;subsystemId:PMU Firmware|SA:0xFFCC0000 ;SIZE:64;UNIT:KB ;RegionTZ:Secure ;WrAllowed:Read/Write;subsystemId:PMU Firmware|SA:0xFF180000 ;SIZE:768;UNIT:KB ;RegionTZ:Secure ;WrAllowed:Read/Write;subsystemId:PMU Firmware|SA:0xFF410000 ;SIZE:640;UNIT:KB ;RegionTZ:Secure ;WrAllowed:Read/Write;subsystemId:PMU Firmware|SA:0xFFA70000 ;SIZE:64;UNIT:KB ;RegionTZ:Secure ;WrAllowed:Read/Write;subsystemId:PMU Firmware|SA:0xFF9A0000 ;SIZE:64;UNIT:KB ;RegionTZ:Secure ;WrAllowed:Read/Write;subsystemId:PMU Firmware} \
##    CONFIG.PSU__PROTECTION__MASTERS {USB1:NonSecure;0|USB0:NonSecure;1|S_AXI_LPD:NA;0|S_AXI_HPC1_FPD:NA;0|S_AXI_HPC0_FPD:NA;0|S_AXI_HP3_FPD:NA;0|S_AXI_HP2_FPD:NA;0|S_AXI_HP1_FPD:NA;0|S_AXI_HP0_FPD:NA;1|S_AXI_ACP:NA;0|S_AXI_ACE:NA;0|SD1:NonSecure;1|SD0:NonSecure;0|SATA1:NonSecure;1|SATA0:NonSecure;1|RPU1:Secure;1|RPU0:Secure;1|QSPI:NonSecure;1|PMU:NA;1|PCIe:NonSecure;0|NAND:NonSecure;0|LDMA:NonSecure;1|GPU:NonSecure;1|GEM3:NonSecure;1|GEM2:NonSecure;0|GEM1:NonSecure;0|GEM0:NonSecure;0|FDMA:NonSecure;1|DP:NonSecure;1|DAP:NA;1|Coresight:NA;1|CSU:NA;1|APU:NA;1} \
##    CONFIG.PSU__PROTECTION__MASTERS_TZ {GEM0:NonSecure|SD1:NonSecure|GEM2:NonSecure|GEM1:NonSecure|GEM3:NonSecure|PCIe:NonSecure|DP:NonSecure|NAND:NonSecure|GPU:NonSecure|USB1:NonSecure|USB0:NonSecure|LDMA:NonSecure|FDMA:NonSecure|QSPI:NonSecure|SD0:NonSecure} \
##    CONFIG.PSU__PROTECTION__OCM_SEGMENTS {NONE} \
##    CONFIG.PSU__PROTECTION__PRESUBSYSTEMS {NONE} \
##    CONFIG.PSU__PROTECTION__SLAVES {LPD;USB3_1_XHCI;FE300000;FE3FFFFF;0|LPD;USB3_1;FF9E0000;FF9EFFFF;0|LPD;USB3_0_XHCI;FE200000;FE2FFFFF;1|LPD;USB3_0;FF9D0000;FF9DFFFF;1|LPD;UART1;FF010000;FF01FFFF;0|LPD;UART0;FF000000;FF00FFFF;1|LPD;TTC3;FF140000;FF14FFFF;1|LPD;TTC2;FF130000;FF13FFFF;1|LPD;TTC1;FF120000;FF12FFFF;1|LPD;TTC0;FF110000;FF11FFFF;1|FPD;SWDT1;FD4D0000;FD4DFFFF;1|LPD;SWDT0;FF150000;FF15FFFF;1|LPD;SPI1;FF050000;FF05FFFF;0|LPD;SPI0;FF040000;FF04FFFF;0|FPD;SMMU_REG;FD5F0000;FD5FFFFF;1|FPD;SMMU;FD800000;FDFFFFFF;1|FPD;SIOU;FD3D0000;FD3DFFFF;1|FPD;SERDES;FD400000;FD47FFFF;1|LPD;SD1;FF170000;FF17FFFF;1|LPD;SD0;FF160000;FF16FFFF;0|FPD;SATA;FD0C0000;FD0CFFFF;1|LPD;RTC;FFA60000;FFA6FFFF;1|LPD;RSA_CORE;FFCE0000;FFCEFFFF;1|LPD;RPU;FF9A0000;FF9AFFFF;1|LPD;R5_TCM_RAM_GLOBAL;FFE00000;FFE3FFFF;1|LPD;R5_1_Instruction_Cache;FFEC0000;FFECFFFF;1|LPD;R5_1_Data_Cache;FFED0000;FFEDFFFF;1|LPD;R5_1_BTCM_GLOBAL;FFEB0000;FFEBFFFF;1|LPD;R5_1_ATCM_GLOBAL;FFE90000;FFE9FFFF;1|LPD;R5_0_Instruction_Cache;FFE40000;FFE4FFFF;1|LPD;R5_0_Data_Cache;FFE50000;FFE5FFFF;1|LPD;R5_0_BTCM_GLOBAL;FFE20000;FFE2FFFF;1|LPD;R5_0_ATCM_GLOBAL;FFE00000;FFE0FFFF;1|LPD;QSPI_Linear_Address;C0000000;DFFFFFFF;1|LPD;QSPI;FF0F0000;FF0FFFFF;1|LPD;PMU_RAM;FFDC0000;FFDDFFFF;1|LPD;PMU_GLOBAL;FFD80000;FFDBFFFF;1|FPD;PCIE_MAIN;FD0E0000;FD0EFFFF;0|FPD;PCIE_LOW;E0000000;EFFFFFFF;0|FPD;PCIE_HIGH2;8000000000;BFFFFFFFFF;0|FPD;PCIE_HIGH1;600000000;7FFFFFFFF;0|FPD;PCIE_DMA;FD0F0000;FD0FFFFF;0|FPD;PCIE_ATTRIB;FD480000;FD48FFFF;0|LPD;OCM_XMPU_CFG;FFA70000;FFA7FFFF;1|LPD;OCM_SLCR;FF960000;FF96FFFF;1|OCM;OCM;FFFC0000;FFFFFFFF;1|LPD;NAND;FF100000;FF10FFFF;0|LPD;MBISTJTAG;FFCF0000;FFCFFFFF;1|LPD;LPD_XPPU_SINK;FF9C0000;FF9CFFFF;1|LPD;LPD_XPPU;FF980000;FF98FFFF;1|LPD;LPD_SLCR_SECURE;FF4B0000;FF4DFFFF;1|LPD;LPD_SLCR;FF410000;FF4AFFFF;1|LPD;LPD_GPV;FE100000;FE1FFFFF;1|LPD;LPD_DMA_7;FFAF0000;FFAFFFFF;1|LPD;LPD_DMA_6;FFAE0000;FFAEFFFF;1|LPD;LPD_DMA_5;FFAD0000;FFADFFFF;1|LPD;LPD_DMA_4;FFAC0000;FFACFFFF;1|LPD;LPD_DMA_3;FFAB0000;FFABFFFF;1|LPD;LPD_DMA_2;FFAA0000;FFAAFFFF;1|LPD;LPD_DMA_1;FFA90000;FFA9FFFF;1|LPD;LPD_DMA_0;FFA80000;FFA8FFFF;1|LPD;IPI_CTRL;FF380000;FF3FFFFF;1|LPD;IOU_SLCR;FF180000;FF23FFFF;1|LPD;IOU_SECURE_SLCR;FF240000;FF24FFFF;1|LPD;IOU_SCNTRS;FF260000;FF26FFFF;1|LPD;IOU_SCNTR;FF250000;FF25FFFF;1|LPD;IOU_GPV;FE000000;FE0FFFFF;1|LPD;I2C1;FF030000;FF03FFFF;1|LPD;I2C0;FF020000;FF02FFFF;1|FPD;GPU;FD4B0000;FD4BFFFF;0|LPD;GPIO;FF0A0000;FF0AFFFF;1|LPD;GEM3;FF0E0000;FF0EFFFF;1|LPD;GEM2;FF0D0000;FF0DFFFF;0|LPD;GEM1;FF0C0000;FF0CFFFF;0|LPD;GEM0;FF0B0000;FF0BFFFF;0|FPD;FPD_XMPU_SINK;FD4F0000;FD4FFFFF;1|FPD;FPD_XMPU_CFG;FD5D0000;FD5DFFFF;1|FPD;FPD_SLCR_SECURE;FD690000;FD6CFFFF;1|FPD;FPD_SLCR;FD610000;FD68FFFF;1|FPD;FPD_GPV;FD700000;FD7FFFFF;1|FPD;FPD_DMA_CH7;FD570000;FD57FFFF;1|FPD;FPD_DMA_CH6;FD560000;FD56FFFF;1|FPD;FPD_DMA_CH5;FD550000;FD55FFFF;1|FPD;FPD_DMA_CH4;FD540000;FD54FFFF;1|FPD;FPD_DMA_CH3;FD530000;FD53FFFF;1|FPD;FPD_DMA_CH2;FD520000;FD52FFFF;1|FPD;FPD_DMA_CH1;FD510000;FD51FFFF;1|FPD;FPD_DMA_CH0;FD500000;FD50FFFF;1|LPD;EFUSE;FFCC0000;FFCCFFFF;1|FPD;Display Port;FD4A0000;FD4AFFFF;1|FPD;DPDMA;FD4C0000;FD4CFFFF;1|FPD;DDR_XMPU5_CFG;FD050000;FD05FFFF;1|FPD;DDR_XMPU4_CFG;FD040000;FD04FFFF;1|FPD;DDR_XMPU3_CFG;FD030000;FD03FFFF;1|FPD;DDR_XMPU2_CFG;FD020000;FD02FFFF;1|FPD;DDR_XMPU1_CFG;FD010000;FD01FFFF;1|FPD;DDR_XMPU0_CFG;FD000000;FD00FFFF;1|FPD;DDR_QOS_CTRL;FD090000;FD09FFFF;1|FPD;DDR_PHY;FD080000;FD08FFFF;1|DDR;DDR_LOW;0;7FFFFFFF;1|DDR;DDR_HIGH;800000000;87FFFFFFF;1|FPD;DDDR_CTRL;FD070000;FD070FFF;1|LPD;Coresight;FE800000;FEFFFFFF;1|LPD;CSU_DMA;FFC80000;FFC9FFFF;1|LPD;CSU;FFCA0000;FFCAFFFF;0|LPD;CRL_APB;FF5E0000;FF85FFFF;1|FPD;CRF_APB;FD1A0000;FD2DFFFF;1|FPD;CCI_REG;FD5E0000;FD5EFFFF;1|FPD;CCI_GPV;FD6E0000;FD6EFFFF;1|LPD;CAN1;FF070000;FF07FFFF;0|LPD;CAN0;FF060000;FF06FFFF;0|FPD;APU;FD5C0000;FD5CFFFF;1|LPD;APM_INTC_IOU;FFA20000;FFA2FFFF;1|LPD;APM_FPD_LPD;FFA30000;FFA3FFFF;1|FPD;APM_5;FD490000;FD49FFFF;1|FPD;APM_0;FD0B0000;FD0BFFFF;1|LPD;APM2;FFA10000;FFA1FFFF;1|LPD;APM1;FFA00000;FFA0FFFF;1|LPD;AMS;FFA50000;FFA5FFFF;1|FPD;AFI_5;FD3B0000;FD3BFFFF;1|FPD;AFI_4;FD3A0000;FD3AFFFF;1|FPD;AFI_3;FD390000;FD39FFFF;1|FPD;AFI_2;FD380000;FD38FFFF;1|FPD;AFI_1;FD370000;FD37FFFF;1|FPD;AFI_0;FD360000;FD36FFFF;1|LPD;AFIFM6;FF9B0000;FF9BFFFF;1|FPD;ACPU_GIC;F9010000;F907FFFF;1} \
##    CONFIG.PSU__PROTECTION__SUBSYSTEMS {PMU Firmware:PMU} \
##    CONFIG.PSU__PSS_ALT_REF_CLK__ENABLE {0} \
##    CONFIG.PSU__PSS_ALT_REF_CLK__FREQMHZ {33.333} \
##    CONFIG.PSU__PSS_REF_CLK__FREQMHZ {33.333} \
##    CONFIG.PSU__QSPI_COHERENCY {0} \
##    CONFIG.PSU__QSPI_ROUTE_THROUGH_FPD {0} \
##    CONFIG.PSU__QSPI__GRP_FBCLK__ENABLE {1} \
##    CONFIG.PSU__QSPI__GRP_FBCLK__IO {MIO 6} \
##    CONFIG.PSU__QSPI__PERIPHERAL__DATA_MODE {x4} \
##    CONFIG.PSU__QSPI__PERIPHERAL__ENABLE {1} \
##    CONFIG.PSU__QSPI__PERIPHERAL__IO {MIO 0 .. 12} \
##    CONFIG.PSU__QSPI__PERIPHERAL__MODE {Dual Parallel} \
##    CONFIG.PSU__REPORT__DBGLOG {0} \
##    CONFIG.PSU__RPU_COHERENCY {0} \
##    CONFIG.PSU__RPU__POWER__ON {1} \
##    CONFIG.PSU__SATA__LANE0__ENABLE {0} \
##    CONFIG.PSU__SATA__LANE1__ENABLE {1} \
##    CONFIG.PSU__SATA__LANE1__IO {GT Lane3} \
##    CONFIG.PSU__SATA__PERIPHERAL__ENABLE {1} \
##    CONFIG.PSU__SATA__REF_CLK_FREQ {125} \
##    CONFIG.PSU__SATA__REF_CLK_SEL {Ref Clk3} \
##    CONFIG.PSU__SAXIGP0__DATA_WIDTH {128} \
##    CONFIG.PSU__SAXIGP1__DATA_WIDTH {128} \
##    CONFIG.PSU__SAXIGP2__DATA_WIDTH {128} \
##    CONFIG.PSU__SAXIGP3__DATA_WIDTH {128} \
##    CONFIG.PSU__SAXIGP4__DATA_WIDTH {128} \
##    CONFIG.PSU__SAXIGP5__DATA_WIDTH {128} \
##    CONFIG.PSU__SAXIGP6__DATA_WIDTH {128} \
##    CONFIG.PSU__SD0_COHERENCY {0} \
##    CONFIG.PSU__SD0_ROUTE_THROUGH_FPD {0} \
##    CONFIG.PSU__SD0__GRP_CD__ENABLE {0} \
##    CONFIG.PSU__SD0__GRP_POW__ENABLE {0} \
##    CONFIG.PSU__SD0__GRP_WP__ENABLE {0} \
##    CONFIG.PSU__SD0__PERIPHERAL__ENABLE {0} \
##    CONFIG.PSU__SD0__RESET__ENABLE {0} \
##    CONFIG.PSU__SD1_COHERENCY {0} \
##    CONFIG.PSU__SD1_ROUTE_THROUGH_FPD {0} \
##    CONFIG.PSU__SD1__DATA_TRANSFER_MODE {8Bit} \
##    CONFIG.PSU__SD1__GRP_CD__ENABLE {1} \
##    CONFIG.PSU__SD1__GRP_CD__IO {MIO 45} \
##    CONFIG.PSU__SD1__GRP_POW__ENABLE {0} \
##    CONFIG.PSU__SD1__GRP_POW__IO {<Select>} \
##    CONFIG.PSU__SD1__GRP_WP__ENABLE {0} \
##    CONFIG.PSU__SD1__GRP_WP__IO {<Select>} \
##    CONFIG.PSU__SD1__PERIPHERAL__ENABLE {1} \
##    CONFIG.PSU__SD1__PERIPHERAL__IO {MIO 39 .. 51} \
##    CONFIG.PSU__SD1__RESET__ENABLE {0} \
##    CONFIG.PSU__SD1__SLOT_TYPE {SD 3.0} \
##    CONFIG.PSU__SPI0_LOOP_SPI1__ENABLE {0} \
##    CONFIG.PSU__SPI0__GRP_SS0__ENABLE {0} \
##    CONFIG.PSU__SPI0__GRP_SS1__ENABLE {0} \
##    CONFIG.PSU__SPI0__GRP_SS2__ENABLE {0} \
##    CONFIG.PSU__SPI0__PERIPHERAL__ENABLE {0} \
##    CONFIG.PSU__SPI1__GRP_SS0__ENABLE {0} \
##    CONFIG.PSU__SPI1__GRP_SS1__ENABLE {0} \
##    CONFIG.PSU__SPI1__GRP_SS2__ENABLE {0} \
##    CONFIG.PSU__SPI1__PERIPHERAL__ENABLE {0} \
##    CONFIG.PSU__SWDT0__CLOCK__ENABLE {0} \
##    CONFIG.PSU__SWDT0__PERIPHERAL__ENABLE {1} \
##    CONFIG.PSU__SWDT0__PERIPHERAL__IO {NA} \
##    CONFIG.PSU__SWDT0__RESET__ENABLE {0} \
##    CONFIG.PSU__SWDT1__CLOCK__ENABLE {0} \
##    CONFIG.PSU__SWDT1__PERIPHERAL__ENABLE {1} \
##    CONFIG.PSU__SWDT1__PERIPHERAL__IO {NA} \
##    CONFIG.PSU__SWDT1__RESET__ENABLE {0} \
##    CONFIG.PSU__TCM0A__POWER__ON {1} \
##    CONFIG.PSU__TCM0B__POWER__ON {1} \
##    CONFIG.PSU__TCM1A__POWER__ON {1} \
##    CONFIG.PSU__TCM1B__POWER__ON {1} \
##    CONFIG.PSU__TESTSCAN__PERIPHERAL__ENABLE {0} \
##    CONFIG.PSU__TRACE_PIPELINE_WIDTH {8} \
##    CONFIG.PSU__TRACE__INTERNAL_WIDTH {32} \
##    CONFIG.PSU__TRACE__PERIPHERAL__ENABLE {0} \
##    CONFIG.PSU__TRISTATE__INVERTED {1} \
##    CONFIG.PSU__TSU__BUFG_PORT_PAIR {0} \
##    CONFIG.PSU__TTC0__CLOCK__ENABLE {0} \
##    CONFIG.PSU__TTC0__PERIPHERAL__ENABLE {1} \
##    CONFIG.PSU__TTC0__PERIPHERAL__IO {NA} \
##    CONFIG.PSU__TTC0__WAVEOUT__ENABLE {0} \
##    CONFIG.PSU__TTC1__CLOCK__ENABLE {0} \
##    CONFIG.PSU__TTC1__PERIPHERAL__ENABLE {1} \
##    CONFIG.PSU__TTC1__PERIPHERAL__IO {NA} \
##    CONFIG.PSU__TTC1__WAVEOUT__ENABLE {0} \
##    CONFIG.PSU__TTC2__CLOCK__ENABLE {0} \
##    CONFIG.PSU__TTC2__PERIPHERAL__ENABLE {1} \
##    CONFIG.PSU__TTC2__PERIPHERAL__IO {NA} \
##    CONFIG.PSU__TTC2__WAVEOUT__ENABLE {0} \
##    CONFIG.PSU__TTC3__CLOCK__ENABLE {0} \
##    CONFIG.PSU__TTC3__PERIPHERAL__ENABLE {1} \
##    CONFIG.PSU__TTC3__PERIPHERAL__IO {NA} \
##    CONFIG.PSU__TTC3__WAVEOUT__ENABLE {0} \
##    CONFIG.PSU__UART0_LOOP_UART1__ENABLE {0} \
##    CONFIG.PSU__UART0__BAUD_RATE {115200} \
##    CONFIG.PSU__UART0__MODEM__ENABLE {0} \
##    CONFIG.PSU__UART0__PERIPHERAL__ENABLE {1} \
##    CONFIG.PSU__UART0__PERIPHERAL__IO {MIO 18 .. 19} \
##    CONFIG.PSU__UART1__BAUD_RATE {<Select>} \
##    CONFIG.PSU__UART1__MODEM__ENABLE {0} \
##    CONFIG.PSU__UART1__PERIPHERAL__ENABLE {0} \
##    CONFIG.PSU__UART1__PERIPHERAL__IO {<Select>} \
##    CONFIG.PSU__USB0_COHERENCY {0} \
##    CONFIG.PSU__USB0__PERIPHERAL__ENABLE {1} \
##    CONFIG.PSU__USB0__PERIPHERAL__IO {MIO 52 .. 63} \
##    CONFIG.PSU__USB0__REF_CLK_FREQ {26} \
##    CONFIG.PSU__USB0__REF_CLK_SEL {Ref Clk2} \
##    CONFIG.PSU__USB0__RESET__ENABLE {0} \
##    CONFIG.PSU__USB1_COHERENCY {0} \
##    CONFIG.PSU__USB1__PERIPHERAL__ENABLE {0} \
##    CONFIG.PSU__USB1__RESET__ENABLE {0} \
##    CONFIG.PSU__USB2_0__EMIO__ENABLE {0} \
##    CONFIG.PSU__USB2_1__EMIO__ENABLE {0} \
##    CONFIG.PSU__USB3_0__EMIO__ENABLE {0} \
##    CONFIG.PSU__USB3_0__PERIPHERAL__ENABLE {1} \
##    CONFIG.PSU__USB3_0__PERIPHERAL__IO {GT Lane2} \
##    CONFIG.PSU__USB3_1__EMIO__ENABLE {0} \
##    CONFIG.PSU__USB3_1__PERIPHERAL__ENABLE {0} \
##    CONFIG.PSU__USB__RESET__MODE {Boot Pin} \
##    CONFIG.PSU__USB__RESET__POLARITY {Active Low} \
##    CONFIG.PSU__USE_DIFF_RW_CLK_GP0 {0} \
##    CONFIG.PSU__USE_DIFF_RW_CLK_GP1 {0} \
##    CONFIG.PSU__USE_DIFF_RW_CLK_GP2 {0} \
##    CONFIG.PSU__USE_DIFF_RW_CLK_GP3 {0} \
##    CONFIG.PSU__USE_DIFF_RW_CLK_GP4 {0} \
##    CONFIG.PSU__USE_DIFF_RW_CLK_GP5 {0} \
##    CONFIG.PSU__USE_DIFF_RW_CLK_GP6 {0} \
##    CONFIG.PSU__USE__ADMA {0} \
##    CONFIG.PSU__USE__APU_LEGACY_INTERRUPT {0} \
##    CONFIG.PSU__USE__AUDIO {0} \
##    CONFIG.PSU__USE__CLK {0} \
##    CONFIG.PSU__USE__CLK0 {0} \
##    CONFIG.PSU__USE__CLK1 {0} \
##    CONFIG.PSU__USE__CLK2 {0} \
##    CONFIG.PSU__USE__CLK3 {0} \
##    CONFIG.PSU__USE__CROSS_TRIGGER {0} \
##    CONFIG.PSU__USE__DDR_INTF_REQUESTED {0} \
##    CONFIG.PSU__USE__DEBUG__TEST {0} \
##    CONFIG.PSU__USE__EVENT_RPU {0} \
##    CONFIG.PSU__USE__FABRIC__RST {1} \
##    CONFIG.PSU__USE__FTM {0} \
##    CONFIG.PSU__USE__GDMA {0} \
##    CONFIG.PSU__USE__IRQ {0} \
##    CONFIG.PSU__USE__IRQ0 {1} \
##    CONFIG.PSU__USE__IRQ1 {1} \
##    CONFIG.PSU__USE__M_AXI_GP0 {1} \
##    CONFIG.PSU__USE__M_AXI_GP1 {1} \
##    CONFIG.PSU__USE__M_AXI_GP2 {0} \
##    CONFIG.PSU__USE__PROC_EVENT_BUS {0} \
##    CONFIG.PSU__USE__RPU_LEGACY_INTERRUPT {0} \
##    CONFIG.PSU__USE__RST0 {0} \
##    CONFIG.PSU__USE__RST1 {0} \
##    CONFIG.PSU__USE__RST2 {0} \
##    CONFIG.PSU__USE__RST3 {0} \
##    CONFIG.PSU__USE__RTC {0} \
##    CONFIG.PSU__USE__STM {0} \
##    CONFIG.PSU__USE__S_AXI_ACE {0} \
##    CONFIG.PSU__USE__S_AXI_ACP {0} \
##    CONFIG.PSU__USE__S_AXI_GP0 {0} \
##    CONFIG.PSU__USE__S_AXI_GP1 {0} \
##    CONFIG.PSU__USE__S_AXI_GP2 {1} \
##    CONFIG.PSU__USE__S_AXI_GP3 {1} \
##    CONFIG.PSU__USE__S_AXI_GP4 {0} \
##    CONFIG.PSU__USE__S_AXI_GP5 {0} \
##    CONFIG.PSU__USE__S_AXI_GP6 {0} \
##    CONFIG.PSU__USE__USB3_0_HUB {0} \
##    CONFIG.PSU__USE__USB3_1_HUB {0} \
##    CONFIG.PSU__USE__VIDEO {0} \
##    CONFIG.PSU__VIDEO_REF_CLK__ENABLE {0} \
##    CONFIG.PSU__VIDEO_REF_CLK__FREQMHZ {33.333} \
##    CONFIG.QSPI_BOARD_INTERFACE {custom} \
##    CONFIG.SATA_BOARD_INTERFACE {custom} \
##    CONFIG.SD0_BOARD_INTERFACE {custom} \
##    CONFIG.SD1_BOARD_INTERFACE {custom} \
##    CONFIG.SPI0_BOARD_INTERFACE {custom} \
##    CONFIG.SPI1_BOARD_INTERFACE {custom} \
##    CONFIG.SUBPRESET1 {Custom} \
##    CONFIG.SUBPRESET2 {Custom} \
##    CONFIG.SWDT0_BOARD_INTERFACE {custom} \
##    CONFIG.SWDT1_BOARD_INTERFACE {custom} \
##    CONFIG.TRACE_BOARD_INTERFACE {custom} \
##    CONFIG.TTC0_BOARD_INTERFACE {custom} \
##    CONFIG.TTC1_BOARD_INTERFACE {custom} \
##    CONFIG.TTC2_BOARD_INTERFACE {custom} \
##    CONFIG.TTC3_BOARD_INTERFACE {custom} \
##    CONFIG.UART0_BOARD_INTERFACE {custom} \
##    CONFIG.UART1_BOARD_INTERFACE {custom} \
##    CONFIG.USB0_BOARD_INTERFACE {custom} \
##    CONFIG.USB1_BOARD_INTERFACE {custom} \
##  ] $zynq_ultra_ps
INFO: [PSU-1]  DP_AUDIO clock source: RPLL is also being used by other peripheral clocks. Their outputs may get impacted if any driver changes DP_AUDIO PLL source to support runtime audio change 
INFO: Ultrascale+ RF Data Converter instance: Clock port 'adc0_clk' frequency is set to 15625000
## set RFDataConverter [create_bd_cell -type ip -vlnv xilinx.com:ip:usp_rf_data_converter:2.6 RFDataConverter]
## set_property -dict [list \
##  CONFIG.Axiclk_Freq 50 \
##  CONFIG.ADC0_Enable {1} \
##  CONFIG.ADC0_Sampling_Rate 2.04800000 \
##  CONFIG.ADC0_PLL_Enable {true} \
##  CONFIG.ADC0_Outclk_Freq 128.000 \
##  CONFIG.ADC0_PLL_Enable {true} \
##  CONFIG.ADC0_Outclk_Freq 128.000 \
##  CONFIG.ADC0_Multi_Tile_Sync {false} \
##  CONFIG.ADC1_Enable {1} \
##  CONFIG.ADC1_Sampling_Rate 2.04800000 \
##  CONFIG.ADC1_PLL_Enable {true} \
##  CONFIG.ADC1_Outclk_Freq 128.000 \
##  CONFIG.ADC1_PLL_Enable {true} \
##  CONFIG.ADC1_Outclk_Freq 128.000 \
##  CONFIG.ADC1_Multi_Tile_Sync {false} \
##  CONFIG.ADC2_Enable {1} \
##  CONFIG.ADC2_Sampling_Rate 2.04800000 \
##  CONFIG.ADC2_PLL_Enable {true} \
##  CONFIG.ADC2_Outclk_Freq 128.000 \
##  CONFIG.ADC2_PLL_Enable {true} \
##  CONFIG.ADC2_Outclk_Freq 128.000 \
##  CONFIG.ADC2_Multi_Tile_Sync {false} \
##  CONFIG.ADC3_Enable {1} \
##  CONFIG.ADC3_Sampling_Rate 2.04800000 \
##  CONFIG.ADC3_PLL_Enable {true} \
##  CONFIG.ADC3_Outclk_Freq 128.000 \
##  CONFIG.ADC3_PLL_Enable {true} \
##  CONFIG.ADC3_Outclk_Freq 128.000 \
##  CONFIG.ADC3_Multi_Tile_Sync {false} \
##  CONFIG.ADC_Slice00_Enable {true} \
##  CONFIG.ADC_Data_Type00 I/Q \
##  CONFIG.ADC_Decimation_Mode00 4 \
##  CONFIG.ADC_Mixer_Type00 Fine \
##  CONFIG.ADC_Mixer_Mode00 Real->I/Q \
##  CONFIG.ADC_Data_Width00 4 \
##  CONFIG.ADC_NCO_Freq00 -0.86 \
##  CONFIG.ADC_NCO_Phase00 0 \
##  CONFIG.ADC_Slice01_Enable {true} \
##  CONFIG.ADC_Data_Type01 I/Q \
##  CONFIG.ADC_Decimation_Mode01 4 \
##  CONFIG.ADC_Mixer_Type01 Fine \
##  CONFIG.ADC_Mixer_Mode01 Real->I/Q \
##  CONFIG.ADC_Data_Width01 4 \
##  CONFIG.ADC_NCO_Freq01 -0.86 \
##  CONFIG.ADC_NCO_Phase01 0 \
##  CONFIG.ADC_Slice02_Enable {true} \
##  CONFIG.ADC_Data_Type02 I/Q \
##  CONFIG.ADC_Decimation_Mode02 4 \
##  CONFIG.ADC_Mixer_Type02 Fine \
##  CONFIG.ADC_Mixer_Mode02 Real->I/Q \
##  CONFIG.ADC_Data_Width02 4 \
##  CONFIG.ADC_NCO_Freq02 0 \
##  CONFIG.ADC_NCO_Phase02 0 \
##  CONFIG.ADC_Slice03_Enable {true} \
##  CONFIG.ADC_Data_Type03 I/Q \
##  CONFIG.ADC_Decimation_Mode03 4 \
##  CONFIG.ADC_Mixer_Type03 Fine \
##  CONFIG.ADC_Mixer_Mode03 Real->I/Q \
##  CONFIG.ADC_Data_Width03 4 \
##  CONFIG.ADC_NCO_Freq03 0 \
##  CONFIG.ADC_NCO_Phase03 0 \
##  CONFIG.ADC_Slice10_Enable {true} \
##  CONFIG.ADC_Data_Type10 I/Q \
##  CONFIG.ADC_Decimation_Mode10 4 \
##  CONFIG.ADC_Mixer_Type10 Fine \
##  CONFIG.ADC_Mixer_Mode10 Real->I/Q \
##  CONFIG.ADC_Data_Width10 4 \
##  CONFIG.ADC_NCO_Freq10 0 \
##  CONFIG.ADC_NCO_Phase10 0 \
##  CONFIG.ADC_Slice11_Enable {true} \
##  CONFIG.ADC_Data_Type11 I/Q \
##  CONFIG.ADC_Decimation_Mode11 4 \
##  CONFIG.ADC_Mixer_Type11 Fine \
##  CONFIG.ADC_Mixer_Mode11 Real->I/Q \
##  CONFIG.ADC_Data_Width11 4 \
##  CONFIG.ADC_NCO_Freq11 0 \
##  CONFIG.ADC_NCO_Phase11 0 \
##  CONFIG.ADC_Slice12_Enable {true} \
##  CONFIG.ADC_Data_Type12 I/Q \
##  CONFIG.ADC_Decimation_Mode12 4 \
##  CONFIG.ADC_Mixer_Type12 Fine \
##  CONFIG.ADC_Mixer_Mode12 Real->I/Q \
##  CONFIG.ADC_Data_Width12 4 \
##  CONFIG.ADC_NCO_Freq12 0 \
##  CONFIG.ADC_NCO_Phase12 0 \
##  CONFIG.ADC_Slice13_Enable {true} \
##  CONFIG.ADC_Data_Type13 I/Q \
##  CONFIG.ADC_Decimation_Mode13 4 \
##  CONFIG.ADC_Mixer_Type13 Fine \
##  CONFIG.ADC_Mixer_Mode13 Real->I/Q \
##  CONFIG.ADC_Data_Width13 4 \
##  CONFIG.ADC_NCO_Freq13 0 \
##  CONFIG.ADC_NCO_Phase13 0 \
##  CONFIG.ADC_Slice20_Enable {true} \
##  CONFIG.ADC_Data_Type20 I/Q \
##  CONFIG.ADC_Decimation_Mode20 4 \
##  CONFIG.ADC_Mixer_Type20 Fine \
##  CONFIG.ADC_Mixer_Mode20 Real->I/Q \
##  CONFIG.ADC_Data_Width20 4 \
##  CONFIG.ADC_NCO_Freq20 0 \
##  CONFIG.ADC_NCO_Phase20 0 \
##  CONFIG.ADC_Slice21_Enable {true} \
##  CONFIG.ADC_Data_Type21 I/Q \
##  CONFIG.ADC_Decimation_Mode21 4 \
##  CONFIG.ADC_Mixer_Type21 Fine \
##  CONFIG.ADC_Mixer_Mode21 Real->I/Q \
##  CONFIG.ADC_Data_Width21 4 \
##  CONFIG.ADC_NCO_Freq21 0 \
##  CONFIG.ADC_NCO_Phase21 0 \
##  CONFIG.ADC_Slice22_Enable {true} \
##  CONFIG.ADC_Data_Type22 I/Q \
##  CONFIG.ADC_Decimation_Mode22 4 \
##  CONFIG.ADC_Mixer_Type22 Fine \
##  CONFIG.ADC_Mixer_Mode22 Real->I/Q \
##  CONFIG.ADC_Data_Width22 4 \
##  CONFIG.ADC_NCO_Freq22 0 \
##  CONFIG.ADC_NCO_Phase22 0 \
##  CONFIG.ADC_Slice23_Enable {true} \
##  CONFIG.ADC_Data_Type23 I/Q \
##  CONFIG.ADC_Decimation_Mode23 4 \
##  CONFIG.ADC_Mixer_Type23 Fine \
##  CONFIG.ADC_Mixer_Mode23 Real->I/Q \
##  CONFIG.ADC_Data_Width23 4 \
##  CONFIG.ADC_NCO_Freq23 0 \
##  CONFIG.ADC_NCO_Phase23 0 \
##  CONFIG.ADC_Slice30_Enable {true} \
##  CONFIG.ADC_Data_Type30 I/Q \
##  CONFIG.ADC_Decimation_Mode30 4 \
##  CONFIG.ADC_Mixer_Type30 Fine \
##  CONFIG.ADC_Mixer_Mode30 Real->I/Q \
##  CONFIG.ADC_Data_Width30 4 \
##  CONFIG.ADC_NCO_Freq30 0 \
##  CONFIG.ADC_NCO_Phase30 0 \
##  CONFIG.ADC_Slice31_Enable {true} \
##  CONFIG.ADC_Data_Type31 I/Q \
##  CONFIG.ADC_Decimation_Mode31 4 \
##  CONFIG.ADC_Mixer_Type31 Fine \
##  CONFIG.ADC_Mixer_Mode31 Real->I/Q \
##  CONFIG.ADC_Data_Width31 4 \
##  CONFIG.ADC_NCO_Freq31 0 \
##  CONFIG.ADC_NCO_Phase31 0 \
##  CONFIG.ADC_Slice32_Enable {true} \
##  CONFIG.ADC_Data_Type32 I/Q \
##  CONFIG.ADC_Decimation_Mode32 4 \
##  CONFIG.ADC_Mixer_Type32 Fine \
##  CONFIG.ADC_Mixer_Mode32 Real->I/Q \
##  CONFIG.ADC_Data_Width32 4 \
##  CONFIG.ADC_NCO_Freq32 0 \
##  CONFIG.ADC_NCO_Phase32 0 \
##  CONFIG.ADC_Slice33_Enable {true} \
##  CONFIG.ADC_Data_Type33 I/Q \
##  CONFIG.ADC_Decimation_Mode33 4 \
##  CONFIG.ADC_Mixer_Type33 Fine \
##  CONFIG.ADC_Mixer_Mode33 Real->I/Q \
##  CONFIG.ADC_Data_Width33 4 \
##  CONFIG.ADC_NCO_Freq33 0 \
##  CONFIG.ADC_NCO_Phase33 0 \
##  CONFIG.DAC0_Enable {1} \
##  CONFIG.DAC0_Sampling_Rate 2.04800000 \
##  CONFIG.DAC0_PLL_Enable {true} \
##  CONFIG.DAC0_Outclk_Freq 128.000 \
##  CONFIG.DAC0_PLL_Enable {true} \
##  CONFIG.DAC0_Outclk_Freq 128.000 \
##  CONFIG.DAC0_Multi_Tile_Sync {false} \
##  CONFIG.DAC1_Enable {1} \
##  CONFIG.DAC1_Sampling_Rate 2.04800000 \
##  CONFIG.DAC1_PLL_Enable {true} \
##  CONFIG.DAC1_Outclk_Freq 128.000 \
##  CONFIG.DAC1_PLL_Enable {true} \
##  CONFIG.DAC1_Outclk_Freq 128.000 \
##  CONFIG.DAC1_Multi_Tile_Sync {false} \
##  CONFIG.DAC_Slice00_Enable {true} \
##  CONFIG.DAC_Data_Type00 Real \
##  CONFIG.DAC_Interpolation_Mode00 4 \
##  CONFIG.DAC_Mixer_Type00 Fine \
##  CONFIG.DAC_Mixer_Mode00 I/Q->Real \
##  CONFIG.DAC_Data_Width00 8 \
##  CONFIG.DAC_NCO_Freq00 0.86 \
##  CONFIG.DAC_NCO_Phase00 0 \
##  CONFIG.DAC_Invsinc_Ctrl00 {false} \
##  CONFIG.DAC_Slice01_Enable {true} \
##  CONFIG.DAC_Data_Type01 Real \
##  CONFIG.DAC_Interpolation_Mode01 4 \
##  CONFIG.DAC_Mixer_Type01 Fine \
##  CONFIG.DAC_Mixer_Mode01 I/Q->Real \
##  CONFIG.DAC_Data_Width01 8 \
##  CONFIG.DAC_NCO_Freq01 0.86 \
##  CONFIG.DAC_NCO_Phase01 0 \
##  CONFIG.DAC_Invsinc_Ctrl01 {false} \
##  CONFIG.DAC_Slice02_Enable {true} \
##  CONFIG.DAC_Data_Type02 Real \
##  CONFIG.DAC_Interpolation_Mode02 4 \
##  CONFIG.DAC_Mixer_Type02 Fine \
##  CONFIG.DAC_Mixer_Mode02 I/Q->Real \
##  CONFIG.DAC_Data_Width02 8 \
##  CONFIG.DAC_NCO_Freq02 0.86 \
##  CONFIG.DAC_NCO_Phase02 0 \
##  CONFIG.DAC_Invsinc_Ctrl02 {false} \
##  CONFIG.DAC_Slice03_Enable {true} \
##  CONFIG.DAC_Data_Type03 Real \
##  CONFIG.DAC_Interpolation_Mode03 4 \
##  CONFIG.DAC_Mixer_Type03 Fine \
##  CONFIG.DAC_Mixer_Mode03 I/Q->Real \
##  CONFIG.DAC_Data_Width03 8 \
##  CONFIG.DAC_NCO_Freq03 0.86 \
##  CONFIG.DAC_NCO_Phase03 0 \
##  CONFIG.DAC_Invsinc_Ctrl03 {false} \
##  CONFIG.DAC_Slice10_Enable {true} \
##  CONFIG.DAC_Data_Type10 Real \
##  CONFIG.DAC_Interpolation_Mode10 4 \
##  CONFIG.DAC_Mixer_Type10 Fine \
##  CONFIG.DAC_Mixer_Mode10 I/Q->Real \
##  CONFIG.DAC_Data_Width10 8 \
##  CONFIG.DAC_NCO_Freq10 0.86 \
##  CONFIG.DAC_NCO_Phase10 0 \
##  CONFIG.DAC_Invsinc_Ctrl10 {false} \
##  CONFIG.DAC_Slice11_Enable {true} \
##  CONFIG.DAC_Data_Type11 Real \
##  CONFIG.DAC_Interpolation_Mode11 4 \
##  CONFIG.DAC_Mixer_Type11 Fine \
##  CONFIG.DAC_Mixer_Mode11 I/Q->Real \
##  CONFIG.DAC_Data_Width11 8 \
##  CONFIG.DAC_NCO_Freq11 0.86 \
##  CONFIG.DAC_NCO_Phase11 0 \
##  CONFIG.DAC_Invsinc_Ctrl11 {false} \
##  CONFIG.DAC_Slice12_Enable {true} \
##  CONFIG.DAC_Data_Type12 Real \
##  CONFIG.DAC_Interpolation_Mode12 4 \
##  CONFIG.DAC_Mixer_Type12 Fine \
##  CONFIG.DAC_Mixer_Mode12 I/Q->Real \
##  CONFIG.DAC_Data_Width12 8 \
##  CONFIG.DAC_NCO_Freq12 0.86 \
##  CONFIG.DAC_NCO_Phase12 0 \
##  CONFIG.DAC_Invsinc_Ctrl12 {false} \
##  CONFIG.DAC_Slice13_Enable {true} \
##  CONFIG.DAC_Data_Type13 Real \
##  CONFIG.DAC_Interpolation_Mode13 4 \
##  CONFIG.DAC_Mixer_Type13 Fine \
##  CONFIG.DAC_Mixer_Mode13 I/Q->Real \
##  CONFIG.DAC_Data_Width13 8 \
##  CONFIG.DAC_NCO_Freq13 0.86 \
##  CONFIG.DAC_NCO_Phase13 0 \
##  CONFIG.DAC_Invsinc_Ctrl13 {false} \
##  CONFIG.DAC_NCO_RTS {false} \
##  CONFIG.ADC_NCO_RTS {false} \
##  CONFIG.ADC_RTS {false} \
##  ] $RFDataConverter
WARNING: [IP_Flow 19-3374] An attempt to modify the value of disabled parameter 'ADC_Data_Type21' from '1' to 'I/Q' has been ignored for IP 'RFDataConverter'
WARNING: [IP_Flow 19-3374] An attempt to modify the value of disabled parameter 'ADC_Data_Type23' from '1' to 'I/Q' has been ignored for IP 'RFDataConverter'
WARNING: [IP_Flow 19-3374] An attempt to modify the value of disabled parameter 'ADC_Mixer_Type23' from '2' to 'Fine' has been ignored for IP 'RFDataConverter'
WARNING: [IP_Flow 19-3374] An attempt to modify the value of disabled parameter 'ADC_Mixer_Mode23' from '0' to 'Real->I/Q' has been ignored for IP 'RFDataConverter'
WARNING: [IP_Flow 19-3374] An attempt to modify the value of disabled parameter 'ADC_Mixer_Type21' from '2' to 'Fine' has been ignored for IP 'RFDataConverter'
WARNING: [IP_Flow 19-3374] An attempt to modify the value of disabled parameter 'ADC_Mixer_Mode21' from '0' to 'Real->I/Q' has been ignored for IP 'RFDataConverter'
WARNING: [IP_Flow 19-3374] An attempt to modify the value of disabled parameter 'ADC_Data_Type11' from '1' to 'I/Q' has been ignored for IP 'RFDataConverter'
WARNING: [IP_Flow 19-3374] An attempt to modify the value of disabled parameter 'ADC_Data_Type13' from '1' to 'I/Q' has been ignored for IP 'RFDataConverter'
WARNING: [IP_Flow 19-3374] An attempt to modify the value of disabled parameter 'ADC_Mixer_Type13' from '2' to 'Fine' has been ignored for IP 'RFDataConverter'
WARNING: [IP_Flow 19-3374] An attempt to modify the value of disabled parameter 'ADC_Mixer_Mode13' from '0' to 'Real->I/Q' has been ignored for IP 'RFDataConverter'
WARNING: [IP_Flow 19-3374] An attempt to modify the value of disabled parameter 'ADC_Mixer_Type11' from '2' to 'Fine' has been ignored for IP 'RFDataConverter'
WARNING: [IP_Flow 19-3374] An attempt to modify the value of disabled parameter 'ADC_Mixer_Mode11' from '0' to 'Real->I/Q' has been ignored for IP 'RFDataConverter'
WARNING: [IP_Flow 19-3374] An attempt to modify the value of disabled parameter 'ADC_Data_Type33' from '1' to 'I/Q' has been ignored for IP 'RFDataConverter'
WARNING: [IP_Flow 19-3374] An attempt to modify the value of disabled parameter 'ADC_Mixer_Type33' from '2' to 'Fine' has been ignored for IP 'RFDataConverter'
WARNING: [IP_Flow 19-3374] An attempt to modify the value of disabled parameter 'ADC_Mixer_Mode33' from '0' to 'Real->I/Q' has been ignored for IP 'RFDataConverter'
WARNING: [IP_Flow 19-3374] An attempt to modify the value of disabled parameter 'ADC_Data_Type31' from '1' to 'I/Q' has been ignored for IP 'RFDataConverter'
WARNING: [IP_Flow 19-3374] An attempt to modify the value of disabled parameter 'ADC_Mixer_Type31' from '2' to 'Fine' has been ignored for IP 'RFDataConverter'
WARNING: [IP_Flow 19-3374] An attempt to modify the value of disabled parameter 'ADC_Mixer_Mode31' from '0' to 'Real->I/Q' has been ignored for IP 'RFDataConverter'
WARNING: [IP_Flow 19-3374] An attempt to modify the value of disabled parameter 'ADC_Data_Type01' from '1' to 'I/Q' has been ignored for IP 'RFDataConverter'
WARNING: [IP_Flow 19-3374] An attempt to modify the value of disabled parameter 'ADC_Data_Type03' from '1' to 'I/Q' has been ignored for IP 'RFDataConverter'
WARNING: [IP_Flow 19-3374] An attempt to modify the value of disabled parameter 'ADC_Mixer_Type03' from '2' to 'Fine' has been ignored for IP 'RFDataConverter'
WARNING: [IP_Flow 19-3374] An attempt to modify the value of disabled parameter 'ADC_Mixer_Mode03' from '0' to 'Real->I/Q' has been ignored for IP 'RFDataConverter'
WARNING: [IP_Flow 19-3374] An attempt to modify the value of disabled parameter 'ADC_Mixer_Type01' from '2' to 'Fine' has been ignored for IP 'RFDataConverter'
WARNING: [IP_Flow 19-3374] An attempt to modify the value of disabled parameter 'ADC_Mixer_Mode01' from '0' to 'Real->I/Q' has been ignored for IP 'RFDataConverter'
INFO: Ultrascale+ RF Data Converter instance: Clock port 'adc0_clk' frequency is set to 128000000
INFO: Ultrascale+ RF Data Converter instance: Clock port 'adc1_clk' frequency is set to 128000000
INFO: Ultrascale+ RF Data Converter instance: Clock port 'adc2_clk' frequency is set to 128000000
INFO: Ultrascale+ RF Data Converter instance: Clock port 'adc3_clk' frequency is set to 128000000
INFO: Ultrascale+ RF Data Converter instance: Clock port 'dac0_clk' frequency is set to 128000000
INFO: Ultrascale+ RF Data Converter instance: Clock port 'dac1_clk' frequency is set to 128000000
## create_bd_intf_port -mode Slave -vlnv xilinx.com:interface:diff_clock_rtl:1.0 adc0_clk
## hsb_connect adc0_clk RFDataConverter/adc0_clk
## create_bd_intf_port -mode Slave -vlnv xilinx.com:interface:diff_clock_rtl:1.0 adc1_clk
## hsb_connect adc1_clk RFDataConverter/adc1_clk
## create_bd_intf_port -mode Slave -vlnv xilinx.com:interface:diff_clock_rtl:1.0 adc2_clk
## hsb_connect adc2_clk RFDataConverter/adc2_clk
## create_bd_intf_port -mode Slave -vlnv xilinx.com:interface:diff_clock_rtl:1.0 adc3_clk
## hsb_connect adc3_clk RFDataConverter/adc3_clk
## create_bd_intf_port -mode Slave -vlnv xilinx.com:interface:diff_analog_io_rtl:1.0 vin0_01
## hsb_connect vin0_01 RFDataConverter/vin0_01
## create_bd_intf_port -mode Slave -vlnv xilinx.com:interface:diff_analog_io_rtl:1.0 vin0_23
## hsb_connect vin0_23 RFDataConverter/vin0_23
## create_bd_intf_port -mode Slave -vlnv xilinx.com:interface:diff_analog_io_rtl:1.0 vin1_01
## hsb_connect vin1_01 RFDataConverter/vin1_01
## create_bd_intf_port -mode Slave -vlnv xilinx.com:interface:diff_analog_io_rtl:1.0 vin1_23
## hsb_connect vin1_23 RFDataConverter/vin1_23
## create_bd_intf_port -mode Slave -vlnv xilinx.com:interface:diff_analog_io_rtl:1.0 vin2_01
## hsb_connect vin2_01 RFDataConverter/vin2_01
## create_bd_intf_port -mode Slave -vlnv xilinx.com:interface:diff_analog_io_rtl:1.0 vin2_23
## hsb_connect vin2_23 RFDataConverter/vin2_23
## create_bd_intf_port -mode Slave -vlnv xilinx.com:interface:diff_analog_io_rtl:1.0 vin3_01
## hsb_connect vin3_01 RFDataConverter/vin3_01
## create_bd_intf_port -mode Slave -vlnv xilinx.com:interface:diff_analog_io_rtl:1.0 vin3_23
## hsb_connect vin3_23 RFDataConverter/vin3_23
## create_bd_intf_port -mode Slave -vlnv xilinx.com:interface:diff_clock_rtl:1.0 dac0_clk
## hsb_connect dac0_clk RFDataConverter/dac0_clk
## create_bd_intf_port -mode Slave -vlnv xilinx.com:interface:diff_clock_rtl:1.0 dac1_clk
## hsb_connect dac1_clk RFDataConverter/dac1_clk
## create_bd_intf_port -mode Master -vlnv xilinx.com:interface:diff_analog_io_rtl:1.0 vout00
## hsb_connect vout00 RFDataConverter/vout00
## create_bd_intf_port -mode Master -vlnv xilinx.com:interface:diff_analog_io_rtl:1.0 vout01
## hsb_connect vout01 RFDataConverter/vout01
## create_bd_intf_port -mode Master -vlnv xilinx.com:interface:diff_analog_io_rtl:1.0 vout02
## hsb_connect vout02 RFDataConverter/vout02
## create_bd_intf_port -mode Master -vlnv xilinx.com:interface:diff_analog_io_rtl:1.0 vout03
## hsb_connect vout03 RFDataConverter/vout03
## create_bd_intf_port -mode Master -vlnv xilinx.com:interface:diff_analog_io_rtl:1.0 vout10
## hsb_connect vout10 RFDataConverter/vout10
## create_bd_intf_port -mode Master -vlnv xilinx.com:interface:diff_analog_io_rtl:1.0 vout11
## hsb_connect vout11 RFDataConverter/vout11
## create_bd_intf_port -mode Master -vlnv xilinx.com:interface:diff_analog_io_rtl:1.0 vout12
## hsb_connect vout12 RFDataConverter/vout12
## create_bd_intf_port -mode Master -vlnv xilinx.com:interface:diff_analog_io_rtl:1.0 vout13
## hsb_connect vout13 RFDataConverter/vout13
INFO: [Device 21-403] Loading part xczu28dr-ffvg1517-2-e
create_bd_cell: Time (s): cpu = 00:00:13 ; elapsed = 00:00:38 . Memory (MB): peak = 2272.160 ; gain = 1424.844
## set rfDCStreamClkGen [create_bd_cell -vlnv xilinx.com:ip:clk_wiz:6.0 rfDCStreamClkGen]
## set_property -dict [list CONFIG.USE_LOCKED {false} CONFIG.USE_RESET {false} CONFIG.CLKOUT1_REQUESTED_OUT_FREQ 128] $rfDCStreamClkGen
## hsb_connect RFDataConverter/clk_adc0 rfDCStreamClkGen/clk_in1
## create_bd_cell -type ip -vlnv mathworks.com:user:DAC_Muxer:1.0 DAC_Muxer_0
## set_property -dict [list CONFIG.SAMPLESPERCLOCK 4 CONFIG.IQMODE {true}] [get_bd_cells DAC_Muxer_0]
## hsb_connect DAC_Muxer_0/DAC RFDataConverter/s00_axis_tdata
WARNING: [BD 41-1306] The connection to interface pin </RFDataConverter/s00_axis_tdata> is being overridden by the user with net <DAC_Muxer_0_DAC>. This pin will not be connected as a part of interface connection <s00_axis>.
## hsb_connect DAC_Muxer_0/ValidOut RFDataConverter/s00_axis_tvalid
WARNING: [BD 41-1306] The connection to interface pin </RFDataConverter/s00_axis_tvalid> is being overridden by the user with net <DAC_Muxer_0_ValidOut>. This pin will not be connected as a part of interface connection <s00_axis>.
## create_bd_cell -type ip -vlnv mathworks.com:user:DAC_Muxer:1.0 DAC_Muxer_1
## set_property -dict [list CONFIG.SAMPLESPERCLOCK 4 CONFIG.IQMODE {true}] [get_bd_cells DAC_Muxer_1]
## hsb_connect DAC_Muxer_1/DAC RFDataConverter/s01_axis_tdata
WARNING: [BD 41-1306] The connection to interface pin </RFDataConverter/s01_axis_tdata> is being overridden by the user with net <DAC_Muxer_1_DAC>. This pin will not be connected as a part of interface connection <s01_axis>.
## hsb_connect DAC_Muxer_1/ValidOut RFDataConverter/s01_axis_tvalid
WARNING: [BD 41-1306] The connection to interface pin </RFDataConverter/s01_axis_tvalid> is being overridden by the user with net <DAC_Muxer_1_ValidOut>. This pin will not be connected as a part of interface connection <s01_axis>.
## create_bd_cell -type ip -vlnv mathworks.com:user:DAC_Muxer:1.0 DAC_Muxer_2
## set_property -dict [list CONFIG.SAMPLESPERCLOCK 4 CONFIG.IQMODE {true}] [get_bd_cells DAC_Muxer_2]
## hsb_connect DAC_Muxer_2/DAC RFDataConverter/s02_axis_tdata
WARNING: [BD 41-1306] The connection to interface pin </RFDataConverter/s02_axis_tdata> is being overridden by the user with net <DAC_Muxer_2_DAC>. This pin will not be connected as a part of interface connection <s02_axis>.
## hsb_connect DAC_Muxer_2/ValidOut RFDataConverter/s02_axis_tvalid
WARNING: [BD 41-1306] The connection to interface pin </RFDataConverter/s02_axis_tvalid> is being overridden by the user with net <DAC_Muxer_2_ValidOut>. This pin will not be connected as a part of interface connection <s02_axis>.
## create_bd_cell -type ip -vlnv mathworks.com:user:DAC_Muxer:1.0 DAC_Muxer_3
## set_property -dict [list CONFIG.SAMPLESPERCLOCK 4 CONFIG.IQMODE {true}] [get_bd_cells DAC_Muxer_3]
## hsb_connect DAC_Muxer_3/DAC RFDataConverter/s03_axis_tdata
WARNING: [BD 41-1306] The connection to interface pin </RFDataConverter/s03_axis_tdata> is being overridden by the user with net <DAC_Muxer_3_DAC>. This pin will not be connected as a part of interface connection <s03_axis>.
## hsb_connect DAC_Muxer_3/ValidOut RFDataConverter/s03_axis_tvalid
WARNING: [BD 41-1306] The connection to interface pin </RFDataConverter/s03_axis_tvalid> is being overridden by the user with net <DAC_Muxer_3_ValidOut>. This pin will not be connected as a part of interface connection <s03_axis>.
## create_bd_cell -type ip -vlnv mathworks.com:user:DAC_Muxer:1.0 DAC_Muxer_4
## set_property -dict [list CONFIG.SAMPLESPERCLOCK 4 CONFIG.IQMODE {true}] [get_bd_cells DAC_Muxer_4]
## hsb_connect DAC_Muxer_4/DAC RFDataConverter/s10_axis_tdata
WARNING: [BD 41-1306] The connection to interface pin </RFDataConverter/s10_axis_tdata> is being overridden by the user with net <DAC_Muxer_4_DAC>. This pin will not be connected as a part of interface connection <s10_axis>.
## hsb_connect DAC_Muxer_4/ValidOut RFDataConverter/s10_axis_tvalid
WARNING: [BD 41-1306] The connection to interface pin </RFDataConverter/s10_axis_tvalid> is being overridden by the user with net <DAC_Muxer_4_ValidOut>. This pin will not be connected as a part of interface connection <s10_axis>.
## create_bd_cell -type ip -vlnv mathworks.com:user:DAC_Muxer:1.0 DAC_Muxer_5
## set_property -dict [list CONFIG.SAMPLESPERCLOCK 4 CONFIG.IQMODE {true}] [get_bd_cells DAC_Muxer_5]
## hsb_connect DAC_Muxer_5/DAC RFDataConverter/s11_axis_tdata
WARNING: [BD 41-1306] The connection to interface pin </RFDataConverter/s11_axis_tdata> is being overridden by the user with net <DAC_Muxer_5_DAC>. This pin will not be connected as a part of interface connection <s11_axis>.
## hsb_connect DAC_Muxer_5/ValidOut RFDataConverter/s11_axis_tvalid
WARNING: [BD 41-1306] The connection to interface pin </RFDataConverter/s11_axis_tvalid> is being overridden by the user with net <DAC_Muxer_5_ValidOut>. This pin will not be connected as a part of interface connection <s11_axis>.
## create_bd_cell -type ip -vlnv mathworks.com:user:DAC_Muxer:1.0 DAC_Muxer_6
## set_property -dict [list CONFIG.SAMPLESPERCLOCK 4 CONFIG.IQMODE {true}] [get_bd_cells DAC_Muxer_6]
## hsb_connect DAC_Muxer_6/DAC RFDataConverter/s12_axis_tdata
WARNING: [BD 41-1306] The connection to interface pin </RFDataConverter/s12_axis_tdata> is being overridden by the user with net <DAC_Muxer_6_DAC>. This pin will not be connected as a part of interface connection <s12_axis>.
## hsb_connect DAC_Muxer_6/ValidOut RFDataConverter/s12_axis_tvalid
WARNING: [BD 41-1306] The connection to interface pin </RFDataConverter/s12_axis_tvalid> is being overridden by the user with net <DAC_Muxer_6_ValidOut>. This pin will not be connected as a part of interface connection <s12_axis>.
## create_bd_cell -type ip -vlnv mathworks.com:user:DAC_Muxer:1.0 DAC_Muxer_7
## set_property -dict [list CONFIG.SAMPLESPERCLOCK 4 CONFIG.IQMODE {true}] [get_bd_cells DAC_Muxer_7]
## hsb_connect DAC_Muxer_7/DAC RFDataConverter/s13_axis_tdata
WARNING: [BD 41-1306] The connection to interface pin </RFDataConverter/s13_axis_tdata> is being overridden by the user with net <DAC_Muxer_7_DAC>. This pin will not be connected as a part of interface connection <s13_axis>.
## hsb_connect DAC_Muxer_7/ValidOut RFDataConverter/s13_axis_tvalid
WARNING: [BD 41-1306] The connection to interface pin </RFDataConverter/s13_axis_tvalid> is being overridden by the user with net <DAC_Muxer_7_ValidOut>. This pin will not be connected as a part of interface connection <s13_axis>.
## create_bd_cell -type ip -vlnv mathworks.com:user:ADC_Demuxer:1.0 ADC_Demuxer_0
## set_property -dict [list CONFIG.SAMPLESPERCLOCK 4 CONFIG.IQMODE {true}] [get_bd_cells ADC_Demuxer_0]
## hsb_connect RFDataConverter/m00_axis_tdata ADC_Demuxer_0/I_In
WARNING: [BD 41-1306] The connection to interface pin </RFDataConverter/m00_axis_tdata> is being overridden by the user with net <RFDataConverter_m00_axis_tdata>. This pin will not be connected as a part of interface connection <m00_axis>.
## hsb_connect RFDataConverter/m00_axis_tvalid ADC_Demuxer_0/I_Valid
WARNING: [BD 41-1306] The connection to interface pin </RFDataConverter/m00_axis_tvalid> is being overridden by the user with net <RFDataConverter_m00_axis_tvalid>. This pin will not be connected as a part of interface connection <m00_axis>.
## hsb_connect RFDataConverter/m01_axis_tdata ADC_Demuxer_0/Q_in
WARNING: [BD 41-1306] The connection to interface pin </RFDataConverter/m01_axis_tdata> is being overridden by the user with net <RFDataConverter_m01_axis_tdata>. This pin will not be connected as a part of interface connection <m01_axis>.
## hsb_connect RFDataConverter/m01_axis_tvalid ADC_Demuxer_0/Q_Valid
WARNING: [BD 41-1306] The connection to interface pin </RFDataConverter/m01_axis_tvalid> is being overridden by the user with net <RFDataConverter_m01_axis_tvalid>. This pin will not be connected as a part of interface connection <m01_axis>.
## create_bd_cell -type ip -vlnv mathworks.com:user:ADC_Demuxer:1.0 ADC_Demuxer_1
## set_property -dict [list CONFIG.SAMPLESPERCLOCK 4 CONFIG.IQMODE {true}] [get_bd_cells ADC_Demuxer_1]
## hsb_connect RFDataConverter/m02_axis_tdata ADC_Demuxer_1/I_In
WARNING: [BD 41-1306] The connection to interface pin </RFDataConverter/m02_axis_tdata> is being overridden by the user with net <RFDataConverter_m02_axis_tdata>. This pin will not be connected as a part of interface connection <m02_axis>.
## hsb_connect RFDataConverter/m02_axis_tvalid ADC_Demuxer_1/I_Valid
WARNING: [BD 41-1306] The connection to interface pin </RFDataConverter/m02_axis_tvalid> is being overridden by the user with net <RFDataConverter_m02_axis_tvalid>. This pin will not be connected as a part of interface connection <m02_axis>.
## hsb_connect RFDataConverter/m03_axis_tdata ADC_Demuxer_1/Q_in
WARNING: [BD 41-1306] The connection to interface pin </RFDataConverter/m03_axis_tdata> is being overridden by the user with net <RFDataConverter_m03_axis_tdata>. This pin will not be connected as a part of interface connection <m03_axis>.
## hsb_connect RFDataConverter/m03_axis_tvalid ADC_Demuxer_1/Q_Valid
WARNING: [BD 41-1306] The connection to interface pin </RFDataConverter/m03_axis_tvalid> is being overridden by the user with net <RFDataConverter_m03_axis_tvalid>. This pin will not be connected as a part of interface connection <m03_axis>.
## create_bd_cell -type ip -vlnv mathworks.com:user:ADC_Demuxer:1.0 ADC_Demuxer_2
## set_property -dict [list CONFIG.SAMPLESPERCLOCK 4 CONFIG.IQMODE {true}] [get_bd_cells ADC_Demuxer_2]
## hsb_connect RFDataConverter/m10_axis_tdata ADC_Demuxer_2/I_In
WARNING: [BD 41-1306] The connection to interface pin </RFDataConverter/m10_axis_tdata> is being overridden by the user with net <RFDataConverter_m10_axis_tdata>. This pin will not be connected as a part of interface connection <m10_axis>.
## hsb_connect RFDataConverter/m10_axis_tvalid ADC_Demuxer_2/I_Valid
WARNING: [BD 41-1306] The connection to interface pin </RFDataConverter/m10_axis_tvalid> is being overridden by the user with net <RFDataConverter_m10_axis_tvalid>. This pin will not be connected as a part of interface connection <m10_axis>.
## hsb_connect RFDataConverter/m11_axis_tdata ADC_Demuxer_2/Q_in
WARNING: [BD 41-1306] The connection to interface pin </RFDataConverter/m11_axis_tdata> is being overridden by the user with net <RFDataConverter_m11_axis_tdata>. This pin will not be connected as a part of interface connection <m11_axis>.
## hsb_connect RFDataConverter/m11_axis_tvalid ADC_Demuxer_2/Q_Valid
WARNING: [BD 41-1306] The connection to interface pin </RFDataConverter/m11_axis_tvalid> is being overridden by the user with net <RFDataConverter_m11_axis_tvalid>. This pin will not be connected as a part of interface connection <m11_axis>.
## create_bd_cell -type ip -vlnv mathworks.com:user:ADC_Demuxer:1.0 ADC_Demuxer_3
## set_property -dict [list CONFIG.SAMPLESPERCLOCK 4 CONFIG.IQMODE {true}] [get_bd_cells ADC_Demuxer_3]
## hsb_connect RFDataConverter/m12_axis_tdata ADC_Demuxer_3/I_In
WARNING: [BD 41-1306] The connection to interface pin </RFDataConverter/m12_axis_tdata> is being overridden by the user with net <RFDataConverter_m12_axis_tdata>. This pin will not be connected as a part of interface connection <m12_axis>.
## hsb_connect RFDataConverter/m12_axis_tvalid ADC_Demuxer_3/I_Valid
WARNING: [BD 41-1306] The connection to interface pin </RFDataConverter/m12_axis_tvalid> is being overridden by the user with net <RFDataConverter_m12_axis_tvalid>. This pin will not be connected as a part of interface connection <m12_axis>.
## hsb_connect RFDataConverter/m13_axis_tdata ADC_Demuxer_3/Q_in
WARNING: [BD 41-1306] The connection to interface pin </RFDataConverter/m13_axis_tdata> is being overridden by the user with net <RFDataConverter_m13_axis_tdata>. This pin will not be connected as a part of interface connection <m13_axis>.
## hsb_connect RFDataConverter/m13_axis_tvalid ADC_Demuxer_3/Q_Valid
WARNING: [BD 41-1306] The connection to interface pin </RFDataConverter/m13_axis_tvalid> is being overridden by the user with net <RFDataConverter_m13_axis_tvalid>. This pin will not be connected as a part of interface connection <m13_axis>.
## create_bd_cell -type ip -vlnv mathworks.com:user:ADC_Demuxer:1.0 ADC_Demuxer_4
## set_property -dict [list CONFIG.SAMPLESPERCLOCK 4 CONFIG.IQMODE {true}] [get_bd_cells ADC_Demuxer_4]
## hsb_connect RFDataConverter/m20_axis_tdata ADC_Demuxer_4/I_In
WARNING: [BD 41-1306] The connection to interface pin </RFDataConverter/m20_axis_tdata> is being overridden by the user with net <RFDataConverter_m20_axis_tdata>. This pin will not be connected as a part of interface connection <m20_axis>.
## hsb_connect RFDataConverter/m20_axis_tvalid ADC_Demuxer_4/I_Valid
WARNING: [BD 41-1306] The connection to interface pin </RFDataConverter/m20_axis_tvalid> is being overridden by the user with net <RFDataConverter_m20_axis_tvalid>. This pin will not be connected as a part of interface connection <m20_axis>.
## hsb_connect RFDataConverter/m21_axis_tdata ADC_Demuxer_4/Q_in
WARNING: [BD 41-1306] The connection to interface pin </RFDataConverter/m21_axis_tdata> is being overridden by the user with net <RFDataConverter_m21_axis_tdata>. This pin will not be connected as a part of interface connection <m21_axis>.
## hsb_connect RFDataConverter/m21_axis_tvalid ADC_Demuxer_4/Q_Valid
WARNING: [BD 41-1306] The connection to interface pin </RFDataConverter/m21_axis_tvalid> is being overridden by the user with net <RFDataConverter_m21_axis_tvalid>. This pin will not be connected as a part of interface connection <m21_axis>.
## create_bd_cell -type ip -vlnv mathworks.com:user:ADC_Demuxer:1.0 ADC_Demuxer_5
## set_property -dict [list CONFIG.SAMPLESPERCLOCK 4 CONFIG.IQMODE {true}] [get_bd_cells ADC_Demuxer_5]
## hsb_connect RFDataConverter/m22_axis_tdata ADC_Demuxer_5/I_In
WARNING: [BD 41-1306] The connection to interface pin </RFDataConverter/m22_axis_tdata> is being overridden by the user with net <RFDataConverter_m22_axis_tdata>. This pin will not be connected as a part of interface connection <m22_axis>.
## hsb_connect RFDataConverter/m22_axis_tvalid ADC_Demuxer_5/I_Valid
WARNING: [BD 41-1306] The connection to interface pin </RFDataConverter/m22_axis_tvalid> is being overridden by the user with net <RFDataConverter_m22_axis_tvalid>. This pin will not be connected as a part of interface connection <m22_axis>.
## hsb_connect RFDataConverter/m23_axis_tdata ADC_Demuxer_5/Q_in
WARNING: [BD 41-1306] The connection to interface pin </RFDataConverter/m23_axis_tdata> is being overridden by the user with net <RFDataConverter_m23_axis_tdata>. This pin will not be connected as a part of interface connection <m23_axis>.
## hsb_connect RFDataConverter/m23_axis_tvalid ADC_Demuxer_5/Q_Valid
WARNING: [BD 41-1306] The connection to interface pin </RFDataConverter/m23_axis_tvalid> is being overridden by the user with net <RFDataConverter_m23_axis_tvalid>. This pin will not be connected as a part of interface connection <m23_axis>.
## create_bd_cell -type ip -vlnv mathworks.com:user:ADC_Demuxer:1.0 ADC_Demuxer_6
## set_property -dict [list CONFIG.SAMPLESPERCLOCK 4 CONFIG.IQMODE {true}] [get_bd_cells ADC_Demuxer_6]
## hsb_connect RFDataConverter/m30_axis_tdata ADC_Demuxer_6/I_In
WARNING: [BD 41-1306] The connection to interface pin </RFDataConverter/m30_axis_tdata> is being overridden by the user with net <RFDataConverter_m30_axis_tdata>. This pin will not be connected as a part of interface connection <m30_axis>.
## hsb_connect RFDataConverter/m30_axis_tvalid ADC_Demuxer_6/I_Valid
WARNING: [BD 41-1306] The connection to interface pin </RFDataConverter/m30_axis_tvalid> is being overridden by the user with net <RFDataConverter_m30_axis_tvalid>. This pin will not be connected as a part of interface connection <m30_axis>.
## hsb_connect RFDataConverter/m31_axis_tdata ADC_Demuxer_6/Q_in
WARNING: [BD 41-1306] The connection to interface pin </RFDataConverter/m31_axis_tdata> is being overridden by the user with net <RFDataConverter_m31_axis_tdata>. This pin will not be connected as a part of interface connection <m31_axis>.
## hsb_connect RFDataConverter/m31_axis_tvalid ADC_Demuxer_6/Q_Valid
WARNING: [BD 41-1306] The connection to interface pin </RFDataConverter/m31_axis_tvalid> is being overridden by the user with net <RFDataConverter_m31_axis_tvalid>. This pin will not be connected as a part of interface connection <m31_axis>.
## create_bd_cell -type ip -vlnv mathworks.com:user:ADC_Demuxer:1.0 ADC_Demuxer_7
## set_property -dict [list CONFIG.SAMPLESPERCLOCK 4 CONFIG.IQMODE {true}] [get_bd_cells ADC_Demuxer_7]
## hsb_connect RFDataConverter/m32_axis_tdata ADC_Demuxer_7/I_In
WARNING: [BD 41-1306] The connection to interface pin </RFDataConverter/m32_axis_tdata> is being overridden by the user with net <RFDataConverter_m32_axis_tdata>. This pin will not be connected as a part of interface connection <m32_axis>.
## hsb_connect RFDataConverter/m32_axis_tvalid ADC_Demuxer_7/I_Valid
WARNING: [BD 41-1306] The connection to interface pin </RFDataConverter/m32_axis_tvalid> is being overridden by the user with net <RFDataConverter_m32_axis_tvalid>. This pin will not be connected as a part of interface connection <m32_axis>.
## hsb_connect RFDataConverter/m33_axis_tdata ADC_Demuxer_7/Q_in
WARNING: [BD 41-1306] The connection to interface pin </RFDataConverter/m33_axis_tdata> is being overridden by the user with net <RFDataConverter_m33_axis_tdata>. This pin will not be connected as a part of interface connection <m33_axis>.
## hsb_connect RFDataConverter/m33_axis_tvalid ADC_Demuxer_7/Q_Valid
WARNING: [BD 41-1306] The connection to interface pin </RFDataConverter/m33_axis_tvalid> is being overridden by the user with net <RFDataConverter_m33_axis_tvalid>. This pin will not be connected as a part of interface connection <m33_axis>.
## set clkgen [create_bd_cell -vlnv xilinx.com:ip:clk_wiz:6.0 clkgen]
## hsb_connect zynq_ultra_ps/pl_clk0 clkgen/clk_in1
## set_property -dict [list CONFIG.CLKOUT2_USED {true}] $clkgen
## set_property -dict [list CONFIG.USE_LOCKED {false}] $clkgen
## set_property -dict [list CONFIG.USE_RESET {false}] $clkgen
## set_property -dict [list CONFIG.PRIM_IN_FREQ {99.9990010000}] $clkgen
## set_property -dict [list CONFIG.CLKOUT1_REQUESTED_OUT_FREQ {50}] $clkgen
## set_property -dict [list CONFIG.CLKOUT2_REQUESTED_OUT_FREQ {300}] $clkgen
## set sys_rstgen [create_bd_cell -vlnv xilinx.com:ip:proc_sys_reset:5.0 sys_rstgen]
## set_property -dict [list CONFIG.C_EXT_RST_WIDTH {1}] $sys_rstgen
## hsb_connect clkgen/clk_out1 sys_rstgen/slowest_sync_clk
## hsb_connect zynq_ultra_ps/pl_resetn0 sys_rstgen/ext_reset_in
## set ipcore_rstgen [create_bd_cell -vlnv xilinx.com:ip:proc_sys_reset:5.0 ipcore_rstgen]
## set_property -dict [list CONFIG.C_EXT_RST_WIDTH {1}] $ipcore_rstgen
## hsb_connect rfDCStreamClkGen/clk_out1 ipcore_rstgen/slowest_sync_clk
## hsb_connect zynq_ultra_ps/pl_resetn0 ipcore_rstgen/ext_reset_in
## set mem_rstgen [create_bd_cell -vlnv xilinx.com:ip:proc_sys_reset:5.0 mem_rstgen]
## set_property -dict [list CONFIG.C_EXT_RST_WIDTH {1}] $mem_rstgen
## hsb_connect clkgen/clk_out2 mem_rstgen/slowest_sync_clk
## hsb_connect zynq_ultra_ps/pl_resetn0 mem_rstgen/ext_reset_in
WARNING: [BD 41-1753] The name 'axi4_stream_to_software_dma_s2mm' you have specified is long. The Windows OS has path length limitations. It is recommended you use shorter names(less than 25 characters) to reduce the likelihood of issues when/if running on windows OS.
## set axi4_stream_to_software_dma_s2mm [create_bd_cell -type ip -vlnv analog.com:user:axi_dmac:1.0 axi4_stream_to_software_dma_s2mm]
## set_property -dict [list CONFIG.AXI_SLICE_DEST {0} CONFIG.AXI_SLICE_SRC {0} CONFIG.CYCLIC {0} CONFIG.DMA_2D_TRANSFER {0} CONFIG.DMA_DATA_WIDTH_DEST 64 CONFIG.DMA_DATA_WIDTH_SRC 32 CONFIG.DMA_LENGTH_WIDTH {24} CONFIG.DMA_TYPE_DEST {0} CONFIG.DMA_TYPE_SRC {1} CONFIG.DMA_AXI_PROTOCOL_DEST {0} CONFIG.FIFO_SIZE 8 CONFIG.ID {0}  CONFIG.SYNC_TRANSFER_START {0} CONFIG.MAX_BYTES_PER_BURST 1024 CONFIG.ENABLE_DIAGNOSTICS_IF 1] $axi4_stream_to_software_dma_s2mm
## set dvbs2_ip [create_bd_cell -vlnv mathworks.com:ip:dvbs2_ip:1.0 dvbs2_ip]
## set jtag_axi [ create_bd_cell -vlnv mathworks.com:ip:hdlverifier_axi_manager:*.* jtag_axi ]
## set_property -dict [list \
## CONFIG.ID_WIDTH {1} \
## CONFIG.AXI_ADDR_WIDTH {40} \
## CONFIG.AXI_DATA_WIDTH {32} \
##  ] $jtag_axi
## hsb_connect clkgen/clk_out1 axi4_stream_to_software_dma_s2mm/s_axi_aclk
## hsb_connect clkgen/clk_out2 axi4_stream_to_software_dma_s2mm/m_dest_axi_aclk
## hsb_connect rfDCStreamClkGen/clk_out1 axi4_stream_to_software_dma_s2mm/s_axis_aclk
## hsb_connect sys_rstgen/peripheral_aresetn axi4_stream_to_software_dma_s2mm/s_axi_aresetn
## hsb_connect mem_rstgen/peripheral_aresetn axi4_stream_to_software_dma_s2mm/m_dest_axi_aresetn
## hsb_connect rfDCStreamClkGen/clk_out1 dvbs2_ip/IPCORE_CLK
## hsb_connect rfDCStreamClkGen/clk_out1 dvbs2_ip/AXI4_Lite_ACLK
## hsb_connect ipcore_rstgen/peripheral_aresetn dvbs2_ip/IPCORE_RESETN
## hsb_connect ipcore_rstgen/peripheral_aresetn dvbs2_ip/AXI4_Lite_ARESETN
## hsb_connect clkgen/clk_out1 jtag_axi/aclk
## hsb_connect sys_rstgen/peripheral_aresetn jtag_axi/aresetn
## hsb_connect clkgen/clk_out1 zynq_ultra_ps/maxihpm0_fpd_aclk
## hsb_connect clkgen/clk_out1 zynq_ultra_ps/maxihpm1_fpd_aclk
## hsb_connect clkgen/clk_out2 zynq_ultra_ps/saxihp0_fpd_aclk
## hsb_connect clkgen/clk_out2 zynq_ultra_ps/saxihp1_fpd_aclk
## hsb_connect clkgen/clk_out1 RFDataConverter/s_axi_aclk
## hsb_connect rfDCStreamClkGen/clk_out1 RFDataConverter/m0_axis_aclk
## hsb_connect rfDCStreamClkGen/clk_out1 RFDataConverter/m1_axis_aclk
## hsb_connect rfDCStreamClkGen/clk_out1 RFDataConverter/m2_axis_aclk
## hsb_connect rfDCStreamClkGen/clk_out1 RFDataConverter/m3_axis_aclk
## hsb_connect rfDCStreamClkGen/clk_out1 RFDataConverter/s0_axis_aclk
## hsb_connect rfDCStreamClkGen/clk_out1 RFDataConverter/s1_axis_aclk
## hsb_connect sys_rstgen/peripheral_aresetn RFDataConverter/s_axi_aresetn
## hsb_connect ipcore_rstgen/peripheral_aresetn RFDataConverter/m0_axis_aresetn
## hsb_connect ipcore_rstgen/peripheral_aresetn RFDataConverter/m1_axis_aresetn
## hsb_connect ipcore_rstgen/peripheral_aresetn RFDataConverter/m2_axis_aresetn
## hsb_connect ipcore_rstgen/peripheral_aresetn RFDataConverter/m3_axis_aresetn
## hsb_connect ipcore_rstgen/peripheral_aresetn RFDataConverter/s0_axis_aresetn
## hsb_connect ipcore_rstgen/peripheral_aresetn RFDataConverter/s1_axis_aresetn
## set axi_intc_reg [create_bd_cell -vlnv xilinx.com:ip:axi_interconnect:2.1 axi_intc_reg]
## set_property -dict [list CONFIG.NUM_MI {3}] $axi_intc_reg
## set_property -dict [list CONFIG.NUM_SI {2}] $axi_intc_reg
## set_property -dict [list CONFIG.ENABLE_ADVANCED_OPTIONS {1}] $axi_intc_reg
## set_property -dict [list CONFIG.XBAR_DATA_WIDTH {32}] $axi_intc_reg
## hsb_connect clkgen/clk_out1 axi_intc_reg/ACLK
## set intc_rstn [get_bd_pins -of_objects  [get_bd_cells -of_objects [get_bd_pins sys_rstgen/peripheral_aresetn]] -filter {CONFIG.TYPE == INTERCONNECT && CONFIG.POLARITY == ACTIVE_LOW}]
## hsb_connect $intc_rstn axi_intc_reg/ARESETN
## hsb_connect zynq_ultra_ps/M_AXI_HPM0_FPD axi_intc_reg/S00_AXI
## hsb_connect clkgen/clk_out1 axi_intc_reg/S00_ACLK
## hsb_connect sys_rstgen/peripheral_aresetn axi_intc_reg/S00_ARESETN
## set_property -dict [list CONFIG.S00_HAS_REGSLICE {3}] [get_bd_cells axi_intc_reg]
## hsb_connect jtag_axi/axi4m axi_intc_reg/S01_AXI
## hsb_connect clkgen/clk_out1 axi_intc_reg/S01_ACLK
## hsb_connect sys_rstgen/peripheral_aresetn axi_intc_reg/S01_ARESETN
## set_property -dict [list CONFIG.S01_HAS_REGSLICE {3}] [get_bd_cells axi_intc_reg]
## hsb_connect axi4_stream_to_software_dma_s2mm/s_axi axi_intc_reg/M00_AXI
## hsb_connect clkgen/clk_out1 axi_intc_reg/M00_ACLK
## hsb_connect sys_rstgen/peripheral_aresetn axi_intc_reg/M00_ARESETN
## set_property -dict [list CONFIG.M00_HAS_REGSLICE {3}] [get_bd_cells axi_intc_reg]
## hsb_connect dvbs2_ip/AXI4_Lite axi_intc_reg/M01_AXI
## hsb_connect rfDCStreamClkGen/clk_out1 axi_intc_reg/M01_ACLK
## hsb_connect ipcore_rstgen/peripheral_aresetn axi_intc_reg/M01_ARESETN
## set_property -dict [list CONFIG.M01_HAS_REGSLICE {3}] [get_bd_cells axi_intc_reg]
## hsb_connect RFDataConverter/s_axi axi_intc_reg/M02_AXI
## hsb_connect clkgen/clk_out1 axi_intc_reg/M02_ACLK
## hsb_connect sys_rstgen/peripheral_aresetn axi_intc_reg/M02_ARESETN
## set_property -dict [list CONFIG.M02_HAS_REGSLICE {3}] [get_bd_cells axi_intc_reg]
## set seg_name [get_bd_addr_segs -of [get_bd_intf_pins axi4_stream_to_software_dma_s2mm/s_axi]]
## set seg_name [lindex $seg_name 0]
## if {$seg_name eq ""} {
## set seg_name [get_bd_addr_segs -of [get_bd_intf_pins -of [get_bd_intf_nets  -of [get_bd_intf_pins axi4_stream_to_software_dma_s2mm/s_axi] -boundary_type lower] -filter {PATH != /axi4_stream_to_software_dma_s2mm/s_axi}]]
## }
## set space_name [get_bd_addr_spaces -of_objects [get_bd_intf_pins zynq_ultra_ps/M_AXI_HPM0_FPD]]
## foreach {thisSpace} [split $space_name] {
## 	create_bd_addr_seg -range 64K -offset 0xA0010000 $thisSpace $seg_name SEG0
## }
## set seg_name [get_bd_addr_segs -of [get_bd_intf_pins axi4_stream_to_software_dma_s2mm/s_axi]]
## set seg_name [lindex $seg_name 0]
## if {$seg_name eq ""} {
## set seg_name [get_bd_addr_segs -of [get_bd_intf_pins -of [get_bd_intf_nets  -of [get_bd_intf_pins axi4_stream_to_software_dma_s2mm/s_axi] -boundary_type lower] -filter {PATH != /axi4_stream_to_software_dma_s2mm/s_axi}]]
## }
## set space_name [get_bd_addr_spaces -of_objects [get_bd_intf_pins jtag_axi/axi4m]]
## foreach {thisSpace} [split $space_name] {
## 	create_bd_addr_seg -range 64K -offset 0xA0010000 $thisSpace $seg_name SEG1
## }
## set seg_name [get_bd_addr_segs -of [get_bd_intf_pins dvbs2_ip/AXI4_Lite]]
## set seg_name [lindex $seg_name 0]
## if {$seg_name eq ""} {
## set seg_name [get_bd_addr_segs -of [get_bd_intf_pins -of [get_bd_intf_nets  -of [get_bd_intf_pins dvbs2_ip/AXI4_Lite] -boundary_type lower] -filter {PATH != /dvbs2_ip/AXI4_Lite}]]
## }
## set space_name [get_bd_addr_spaces -of_objects [get_bd_intf_pins zynq_ultra_ps/M_AXI_HPM0_FPD]]
## foreach {thisSpace} [split $space_name] {
## 	create_bd_addr_seg -range 64K -offset 0xA0000000 $thisSpace $seg_name SEG2
## }
## set seg_name [get_bd_addr_segs -of [get_bd_intf_pins dvbs2_ip/AXI4_Lite]]
## set seg_name [lindex $seg_name 0]
## if {$seg_name eq ""} {
## set seg_name [get_bd_addr_segs -of [get_bd_intf_pins -of [get_bd_intf_nets  -of [get_bd_intf_pins dvbs2_ip/AXI4_Lite] -boundary_type lower] -filter {PATH != /dvbs2_ip/AXI4_Lite}]]
## }
## set space_name [get_bd_addr_spaces -of_objects [get_bd_intf_pins jtag_axi/axi4m]]
## foreach {thisSpace} [split $space_name] {
## 	create_bd_addr_seg -range 64K -offset 0xA0000000 $thisSpace $seg_name SEG3
## }
## set seg_name [get_bd_addr_segs -of [get_bd_intf_pins RFDataConverter/s_axi]]
## set seg_name [lindex $seg_name 0]
## if {$seg_name eq ""} {
## set seg_name [get_bd_addr_segs -of [get_bd_intf_pins -of [get_bd_intf_nets  -of [get_bd_intf_pins RFDataConverter/s_axi] -boundary_type lower] -filter {PATH != /RFDataConverter/s_axi}]]
## }
## set space_name [get_bd_addr_spaces -of_objects [get_bd_intf_pins zynq_ultra_ps/M_AXI_HPM0_FPD]]
## foreach {thisSpace} [split $space_name] {
## 	create_bd_addr_seg -range 256K -offset 0xA3C00000 $thisSpace $seg_name SEG4
## }
## set seg_name [get_bd_addr_segs -of [get_bd_intf_pins RFDataConverter/s_axi]]
## set seg_name [lindex $seg_name 0]
## if {$seg_name eq ""} {
## set seg_name [get_bd_addr_segs -of [get_bd_intf_pins -of [get_bd_intf_nets  -of [get_bd_intf_pins RFDataConverter/s_axi] -boundary_type lower] -filter {PATH != /RFDataConverter/s_axi}]]
## }
## set space_name [get_bd_addr_spaces -of_objects [get_bd_intf_pins jtag_axi/axi4m]]
## foreach {thisSpace} [split $space_name] {
## 	create_bd_addr_seg -range 256K -offset 0xA3C00000 $thisSpace $seg_name SEG5
## }
## set axi_intc_hp0 [create_bd_cell -vlnv xilinx.com:ip:axi_interconnect:2.1 axi_intc_hp0]
## set_property -dict [list CONFIG.NUM_MI {1}] $axi_intc_hp0
## set_property -dict [list CONFIG.NUM_SI {1}] $axi_intc_hp0
## set_property -dict [list CONFIG.ENABLE_ADVANCED_OPTIONS {1}] $axi_intc_hp0
## set_property -dict [list CONFIG.XBAR_DATA_WIDTH {128}] $axi_intc_hp0
## hsb_connect clkgen/clk_out2 axi_intc_hp0/ACLK
## set intc_rstn [get_bd_pins -of_objects  [get_bd_cells -of_objects [get_bd_pins mem_rstgen/peripheral_aresetn]] -filter {CONFIG.TYPE == INTERCONNECT && CONFIG.POLARITY == ACTIVE_LOW}]
## hsb_connect $intc_rstn axi_intc_hp0/ARESETN
## hsb_connect axi4_stream_to_software_dma_s2mm/m_dest_axi axi_intc_hp0/S00_AXI
## hsb_connect clkgen/clk_out2 axi_intc_hp0/S00_ACLK
## hsb_connect mem_rstgen/peripheral_aresetn axi_intc_hp0/S00_ARESETN
## set_property -dict [list CONFIG.S00_HAS_REGSLICE {3}] [get_bd_cells axi_intc_hp0]
## hsb_connect zynq_ultra_ps/S_AXI_HP0_FPD axi_intc_hp0/M00_AXI
## hsb_connect clkgen/clk_out2 axi_intc_hp0/M00_ACLK
## hsb_connect mem_rstgen/peripheral_aresetn axi_intc_hp0/M00_ARESETN
## set_property -dict [list CONFIG.M00_HAS_REGSLICE {3}] [get_bd_cells axi_intc_hp0]
## set seg_name [get_bd_addr_segs -of [get_bd_intf_pins zynq_ultra_ps/S_AXI_HP0_FPD]]
## set seg_name [lindex $seg_name 0]
## if {$seg_name eq ""} {
## set seg_name [get_bd_addr_segs -of [get_bd_intf_pins -of [get_bd_intf_nets  -of [get_bd_intf_pins zynq_ultra_ps/S_AXI_HP0_FPD] -boundary_type lower] -filter {PATH != /zynq_ultra_ps/S_AXI_HP0_FPD}]]
## }
## set space_name [get_bd_addr_spaces -of_objects [get_bd_intf_pins axi4_stream_to_software_dma_s2mm/m_dest_axi]]
## foreach {thisSpace} [split $space_name] {
## 	create_bd_addr_seg -range 2G -offset 0x00000000 $thisSpace $seg_name SEG6
## }
## set interrupt_concat [create_bd_cell -vlnv xilinx.com:ip:xlconcat:2.1 interrupt_concat]
## set_property -dict [list CONFIG.NUM_PORTS {1}] $interrupt_concat
## hsb_connect zynq_ultra_ps/pl_ps_irq0 interrupt_concat/dout
## hsb_connect axi4_stream_to_software_dma_s2mm/irq interrupt_concat/In0
## hsb_connect dvbs2_ip/txdataQOut DAC_Muxer_6/DACLowerBits1
## hsb_connect dvbs2_ip/txdataIOut DAC_Muxer_6/DACLowerBits0
## hsb_connect dvbs2_ip/AXI4_Stream_0_Master axi4_stream_to_software_dma_s2mm/s_axis
## hsb_connect dvbs2_ip/txvalidOut DAC_Muxer_6/ValidIn
## hsb_connect ADC_Demuxer_0/IQ_Valid dvbs2_ip/rxvalidIn
## hsb_connect ADC_Demuxer_0/Q_Out dvbs2_ip/rxdataInQ
## hsb_connect ADC_Demuxer_0/I_Out dvbs2_ip/rxdataInI
# if {$SynOpt == "Global"} {
# set_property GENERATE_SYNTH_CHECKPOINT 0  [get_files  ./[current_project].srcs/sources_1/bd/design_1/design_1.bd]
# }
# validate_bd_design
WARNING: [BD 41-2670] Found an incomplete address path from address space '/zynq_ultra_ps/Data' to master interface '/zynq_ultra_ps/M_AXI_HPM1_FPD'. Please either complete or remove this path to resolve.
INFO: [PSU-1]  DP_AUDIO clock source: RPLL is also being used by other peripheral clocks. Their outputs may get impacted if any driver changes DP_AUDIO PLL source to support runtime audio change 
INFO: [xilinx.com:ip:clk_wiz:6.0-1] /rfDCStreamClkGen clk_wiz propagate
INFO: [xilinx.com:ip:clk_wiz:6.0-1] /clkgen clk_wiz propagate
WARNING: [BD 41-237] Bus Interface property AWUSER_WIDTH does not match between /axi_intc_reg/s00_couplers/auto_ds/S_AXI(0) and /zynq_ultra_ps/M_AXI_HPM0_FPD(16)
WARNING: [BD 41-237] Bus Interface property ARUSER_WIDTH does not match between /axi_intc_reg/s00_couplers/auto_ds/S_AXI(0) and /zynq_ultra_ps/M_AXI_HPM0_FPD(16)
WARNING: [BD 41-237] Bus Interface property AWUSER_WIDTH does not match between /zynq_ultra_ps/S_AXI_HP0_FPD(1) and /axi_intc_hp0/s00_couplers/auto_rs_w/M_AXI(0)
WARNING: [BD 41-237] Bus Interface property ARUSER_WIDTH does not match between /zynq_ultra_ps/S_AXI_HP0_FPD(1) and /axi_intc_hp0/s00_couplers/auto_rs_w/M_AXI(0)
CRITICAL WARNING: [BD 41-759] The input pins (listed below) are either not connected or do not have a source port, and they don't have a tie-off specified. These pins are tied-off to all 0's to avoid error in Implementation flow.
Please check your design and connect them as needed: 
/DAC_Muxer_0/DACLowerBits0
/DAC_Muxer_0/ValidIn
/DAC_Muxer_1/DACLowerBits0
/DAC_Muxer_1/ValidIn
/DAC_Muxer_2/DACLowerBits0
/DAC_Muxer_2/ValidIn
/DAC_Muxer_3/DACLowerBits0
/DAC_Muxer_3/ValidIn
/DAC_Muxer_4/DACLowerBits0
/DAC_Muxer_4/ValidIn
/DAC_Muxer_5/DACLowerBits0
/DAC_Muxer_5/ValidIn
/DAC_Muxer_7/DACLowerBits0
/DAC_Muxer_7/ValidIn

# save_bd_design
Wrote  : <C:\demo\DVBS2ReceiverSoCExample\soc_prj\vivado_prj.srcs\sources_1\bd\design_1\design_1.bd> 
# generate_target all [get_files  ./[current_project].srcs/sources_1/bd/design_1/design_1.bd]
INFO: [BD 41-1662] The design 'design_1.bd' is already validated. Therefore parameter propagation will not be re-run.
CRITICAL WARNING: [BD 41-759] The input pins (listed below) are either not connected or do not have a source port, and they don't have a tie-off specified. These pins are tied-off to all 0's to avoid error in Implementation flow.
Please check your design and connect them as needed: 
/DAC_Muxer_0/DACLowerBits0
/DAC_Muxer_0/ValidIn
/DAC_Muxer_1/DACLowerBits0
/DAC_Muxer_1/ValidIn
/DAC_Muxer_2/DACLowerBits0
/DAC_Muxer_2/ValidIn
/DAC_Muxer_3/DACLowerBits0
/DAC_Muxer_3/ValidIn
/DAC_Muxer_4/DACLowerBits0
/DAC_Muxer_4/ValidIn
/DAC_Muxer_5/DACLowerBits0
/DAC_Muxer_5/ValidIn
/DAC_Muxer_7/DACLowerBits0
/DAC_Muxer_7/ValidIn

VHDL Output written to : C:/demo/DVBS2ReceiverSoCExample/soc_prj/vivado_prj.gen/sources_1/bd/design_1/synth/design_1.vhd
VHDL Output written to : C:/demo/DVBS2ReceiverSoCExample/soc_prj/vivado_prj.gen/sources_1/bd/design_1/sim/design_1.vhd
VHDL Output written to : C:/demo/DVBS2ReceiverSoCExample/soc_prj/vivado_prj.gen/sources_1/bd/design_1/hdl/design_1_wrapper.vhd
INFO: [xilinx.com:ip:zynq_ultra_ps_e:3.5-0] design_1_zynq_ultra_ps_0: 
Changes in your design (including the PCW configuration settings) are not automatically exported from Vivado to Amd's SDK, Petalinux or Yocto.
This is by design to avoid disrupting existing embedded development efforts. To have any changes of your design taking effect in the embedded software flow please export your
design by going through Vivado's main menu, click on File, then Export finally select Export Hardware, please ensure you click on the Include BitStream option.
The auto-generated HDF file is all you need to import in Amd's SDK, Petalinux or Yocto for your changes to be reflected in the Embedded Software Flow.
For more information, please consult PG201, section: Exporting PCW Settings to Embedded Software Flows
INFO: [IP_Flow 19-5611] Unable to find an associated reset port for the interface 'M_AXI_HPM0_FPD'. A default connection has been created.
INFO: [IP_Flow 19-5611] Unable to find an associated reset port for the interface 'M_AXI_HPM1_FPD'. A default connection has been created.
INFO: [IP_Flow 19-5611] Unable to find an associated reset port for the interface 'S_AXI_HP0_FPD'. A default connection has been created.
INFO: [IP_Flow 19-5611] Unable to find an associated reset port for the interface 'S_AXI_HP1_FPD'. A default connection has been created.
INFO: [BD 41-1029] Generation completed for the IP Integrator block zynq_ultra_ps .
INFO: [BD 41-1029] Generation completed for the IP Integrator block RFDataConverter .
INFO: [BD 41-1029] Generation completed for the IP Integrator block rfDCStreamClkGen .
INFO: [BD 41-1029] Generation completed for the IP Integrator block DAC_Muxer_0 .
INFO: [BD 41-1029] Generation completed for the IP Integrator block DAC_Muxer_1 .
INFO: [BD 41-1029] Generation completed for the IP Integrator block DAC_Muxer_2 .
INFO: [BD 41-1029] Generation completed for the IP Integrator block DAC_Muxer_3 .
INFO: [BD 41-1029] Generation completed for the IP Integrator block DAC_Muxer_4 .
INFO: [BD 41-1029] Generation completed for the IP Integrator block DAC_Muxer_5 .
INFO: [BD 41-1029] Generation completed for the IP Integrator block DAC_Muxer_6 .
INFO: [BD 41-1029] Generation completed for the IP Integrator block DAC_Muxer_7 .
INFO: [BD 41-1029] Generation completed for the IP Integrator block ADC_Demuxer_0 .
INFO: [BD 41-1029] Generation completed for the IP Integrator block ADC_Demuxer_1 .
INFO: [BD 41-1029] Generation completed for the IP Integrator block ADC_Demuxer_2 .
INFO: [BD 41-1029] Generation completed for the IP Integrator block ADC_Demuxer_3 .
INFO: [BD 41-1029] Generation completed for the IP Integrator block ADC_Demuxer_4 .
INFO: [BD 41-1029] Generation completed for the IP Integrator block ADC_Demuxer_5 .
INFO: [BD 41-1029] Generation completed for the IP Integrator block ADC_Demuxer_6 .
INFO: [BD 41-1029] Generation completed for the IP Integrator block ADC_Demuxer_7 .
INFO: [BD 41-1029] Generation completed for the IP Integrator block clkgen .
INFO: [BD 41-1029] Generation completed for the IP Integrator block sys_rstgen .
INFO: [BD 41-1029] Generation completed for the IP Integrator block ipcore_rstgen .
INFO: [BD 41-1029] Generation completed for the IP Integrator block mem_rstgen .
INFO: [BD 41-1029] Generation completed for the IP Integrator block axi4_stream_to_software_dma_s2mm .
INFO: [BD 41-1029] Generation completed for the IP Integrator block dvbs2_ip .
INFO: [BD 41-1029] Generation completed for the IP Integrator block jtag_axi .
INFO: [BD 41-1029] Generation completed for the IP Integrator block axi_intc_reg/xbar .
WARNING: [IP_Flow 19-4994] Overwriting existing constraint file 'c:/demo/DVBS2ReceiverSoCExample/soc_prj/vivado_prj.gen/sources_1/bd/design_1/ip/design_1_auto_ds_0/design_1_auto_ds_0_ooc.xdc'
INFO: [IP_Flow 19-5611] Unable to find an associated reset port for the interface 'S_AXI'. A default connection has been created.
INFO: [IP_Flow 19-5611] Unable to find an associated reset port for the interface 'M_AXI'. A default connection has been created.
INFO: [BD 41-1029] Generation completed for the IP Integrator block axi_intc_reg/s00_couplers/auto_ds .
WARNING: [IP_Flow 19-4994] Overwriting existing constraint file 'c:/demo/DVBS2ReceiverSoCExample/soc_prj/vivado_prj.gen/sources_1/bd/design_1/ip/design_1_auto_pc_0/design_1_auto_pc_0_ooc.xdc'
INFO: [BD 41-1029] Generation completed for the IP Integrator block axi_intc_reg/s00_couplers/auto_pc .
INFO: [BD 41-1029] Generation completed for the IP Integrator block axi_intc_reg/s00_couplers/auto_rs .
WARNING: [IP_Flow 19-4994] Overwriting existing constraint file 'c:/demo/DVBS2ReceiverSoCExample/soc_prj/vivado_prj.gen/sources_1/bd/design_1/ip/design_1_auto_pc_1/design_1_auto_pc_1_ooc.xdc'
INFO: [BD 41-1029] Generation completed for the IP Integrator block axi_intc_reg/s01_couplers/auto_pc .
WARNING: [IP_Flow 19-4994] Overwriting existing constraint file 'c:/demo/DVBS2ReceiverSoCExample/soc_prj/vivado_prj.gen/sources_1/bd/design_1/ip/design_1_auto_cc_0/design_1_auto_cc_0_ooc.xdc'
INFO: [BD 41-1029] Generation completed for the IP Integrator block axi_intc_reg/m01_couplers/auto_cc .
WARNING: [IP_Flow 19-4994] Overwriting existing constraint file 'c:/demo/DVBS2ReceiverSoCExample/soc_prj/vivado_prj.gen/sources_1/bd/design_1/ip/design_1_auto_us_0/design_1_auto_us_0_ooc.xdc'
INFO: [IP_Flow 19-5611] Unable to find an associated reset port for the interface 'S_AXI'. A default connection has been created.
INFO: [IP_Flow 19-5611] Unable to find an associated reset port for the interface 'M_AXI'. A default connection has been created.
INFO: [BD 41-1029] Generation completed for the IP Integrator block axi_intc_hp0/s00_couplers/auto_us .
INFO: [BD 41-1029] Generation completed for the IP Integrator block axi_intc_hp0/s00_couplers/auto_rs .
INFO: [BD 41-1029] Generation completed for the IP Integrator block axi_intc_hp0/s00_couplers/auto_rs_w .
INFO: [BD 41-1029] Generation completed for the IP Integrator block interrupt_concat .
Exporting to file C:/demo/DVBS2ReceiverSoCExample/soc_prj/vivado_prj.gen/sources_1/bd/design_1/hw_handoff/design_1.hwh
Generated Hardware Definition File C:/demo/DVBS2ReceiverSoCExample/soc_prj/vivado_prj.gen/sources_1/bd/design_1/synth/design_1.hwdef
generate_target: Time (s): cpu = 00:00:43 ; elapsed = 00:01:23 . Memory (MB): peak = 2475.371 ; gain = 88.188
# make_wrapper -files [get_files ./[current_project].srcs/sources_1/bd/design_1/design_1.bd] -top
# add_files -norecurse ./[current_project].srcs/sources_1/bd/design_1/hdl/design_1_wrapper.vhd
INFO: [Project 1-1716] Could not find the wrapper file ./vivado_prj.srcs/sources_1/bd/design_1/hdl/design_1_wrapper.vhd, checking in project .gen location instead.
INFO: [Vivado 12-12390] Found file ./vivado_prj.gen/sources_1/bd/design_1/hdl/design_1_wrapper.vhd, adding it to Project
# update_compile_order -fileset sources_1
# close_project
# exit
INFO: [Common 17-206] Exiting Vivado at Mon Oct 27 18:20:33 2025...
