Copyright 1986-2022 Xilinx, Inc. All Rights Reserved. Copyright 2022-2024 Advanced Micro Devices, Inc. All Rights Reserved.
------------------------------------------------------------------------------------------------------------------------------------------------------------------------------------------------------------------------------------------------------------------------------
| Tool Version : Vivado v.2024.1 (win64) Build 5076996 Wed May 22 18:37:14 MDT 2024
| Date         : Wed Jan 14 09:11:45 2026
| Host         : TS-93724 running 64-bit major release  (build 9200)
| Command      : report_timing_summary -max_paths 10 -report_unconstrained -file Multichannel_FIR_Filter_fil_timing_summary_routed.rpt -pb Multichannel_FIR_Filter_fil_timing_summary_routed.pb -rpx Multichannel_FIR_Filter_fil_timing_summary_routed.rpx -warn_on_violation
| Design       : Multichannel_FIR_Filter_fil
| Device       : 7a35t-csg324
| Speed File   : -1  PRODUCTION 1.23 2018-06-13
| Design State : Routed
------------------------------------------------------------------------------------------------------------------------------------------------------------------------------------------------------------------------------------------------------------------------------

Timing Summary Report

------------------------------------------------------------------------------------------------
| Timer Settings
| --------------
------------------------------------------------------------------------------------------------

  Enable Multi Corner Analysis               :  Yes
  Enable Pessimism Removal                   :  Yes
  Pessimism Removal Resolution               :  Nearest Common Node
  Enable Input Delay Default Clock           :  No
  Enable Preset / Clear Arcs                 :  No
  Disable Flight Delays                      :  No
  Ignore I/O Paths                           :  No
  Timing Early Launch at Borrowing Latches   :  No
  Borrow Time for Max Delay Exceptions       :  Yes
  Merge Timing Exceptions                    :  Yes
  Inter-SLR Compensation                     :  Conservative

  Corner  Analyze    Analyze    
  Name    Max Paths  Min Paths  
  ------  ---------  ---------  
  Slow    Yes        Yes        
  Fast    Yes        Yes        


------------------------------------------------------------------------------------------------
| Report Methodology
| ------------------
------------------------------------------------------------------------------------------------

Rule       Severity  Description                                             Violations  
---------  --------  ------------------------------------------------------  ----------  
LUTAR-1    Warning   LUT drives async reset alert                            1           
TIMING-9   Warning   Unknown CDC Logic                                       1           
TIMING-16  Warning   Large setup violation                                   76          
TIMING-24  Warning   Overridden Max delay datapath only                      6           
XDCC-1     Warning   Scoped Clock constraint overwritten with the same name  1           
XDCC-7     Warning   Scoped Clock constraint overwritten on the same source  1           

Note: This report is based on the most recent report_methodology run and may not be up-to-date. Run report_methodology on the current design for the latest report.



check_timing report

Table of Contents
-----------------
1. checking no_clock (0)
2. checking constant_clock (0)
3. checking pulse_width_clock (0)
4. checking unconstrained_internal_endpoints (0)
5. checking no_input_delay (0)
6. checking no_output_delay (0)
7. checking multiple_clock (0)
8. checking generated_clocks (0)
9. checking loops (0)
10. checking partial_input_delay (0)
11. checking partial_output_delay (0)
12. checking latch_loops (0)

1. checking no_clock (0)
------------------------
 There are 0 register/latch pins with no clock.


2. checking constant_clock (0)
------------------------------
 There are 0 register/latch pins with constant_clock.


3. checking pulse_width_clock (0)
---------------------------------
 There are 0 register/latch pins which need pulse_width check


4. checking unconstrained_internal_endpoints (0)
------------------------------------------------
 There are 0 pins that are not constrained for maximum delay.

 There are 0 pins that are not constrained for maximum delay due to constant clock.


5. checking no_input_delay (0)
------------------------------
 There are 0 input ports with no input delay specified.

 There are 0 input ports with no input delay but user has a false path constraint.


6. checking no_output_delay (0)
-------------------------------
 There are 0 ports with no output delay specified.

 There are 0 ports with no output delay but user has a false path constraint

 There are 0 ports with no output delay but with a timing clock defined on it or propagating through it


7. checking multiple_clock (0)
------------------------------
 There are 0 register/latch pins with multiple clocks.


8. checking generated_clocks (0)
--------------------------------
 There are 0 generated clocks that are not connected to a clock source.


9. checking loops (0)
---------------------
 There are 0 combinational loops in the design.


10. checking partial_input_delay (0)
------------------------------------
 There are 0 input ports with partial input delay specified.


11. checking partial_output_delay (0)
-------------------------------------
 There are 0 ports with partial output delay specified.


12. checking latch_loops (0)
----------------------------
 There are 0 combinational latch loops in the design through latch input



------------------------------------------------------------------------------------------------
| Design Timing Summary
| ---------------------
------------------------------------------------------------------------------------------------

    WNS(ns)      TNS(ns)  TNS Failing Endpoints  TNS Total Endpoints      WHS(ns)      THS(ns)  THS Failing Endpoints  THS Total Endpoints     WPWS(ns)     TPWS(ns)  TPWS Failing Endpoints  TPWS Total Endpoints  
    -------      -------  ---------------------  -------------------      -------      -------  ---------------------  -------------------     --------     --------  ----------------------  --------------------  
     -5.091     -344.050                     76                 5007        0.023        0.000                      0                 5007        3.000        0.000                       0                  2552  


Timing constraints are not met.


------------------------------------------------------------------------------------------------
| Clock Summary
| -------------
------------------------------------------------------------------------------------------------

Clock                 Waveform(ns)       Period(ns)      Frequency(MHz)
-----                 ------------       ----------      --------------
TCK                   {0.000 7.576}      15.152          65.998          
sysclk                {0.000 5.000}      10.000          100.000         
  clk_out1_clk_wiz_0  {0.000 20.000}     40.000          25.000          
  clkfbout_clk_wiz_0  {0.000 5.000}      10.000          100.000         


------------------------------------------------------------------------------------------------
| Intra Clock Table
| -----------------
------------------------------------------------------------------------------------------------

Clock                     WNS(ns)      TNS(ns)  TNS Failing Endpoints  TNS Total Endpoints      WHS(ns)      THS(ns)  THS Failing Endpoints  THS Total Endpoints     WPWS(ns)     TPWS(ns)  TPWS Failing Endpoints  TPWS Total Endpoints  
-----                     -------      -------  ---------------------  -------------------      -------      -------  ---------------------  -------------------     --------     --------  ----------------------  --------------------  
TCK                         5.308        0.000                      0                  943        0.082        0.000                      0                  943        6.596        0.000                       0                   508  
sysclk                                                                                                                                                                  3.000        0.000                       0                     1  
  clk_out1_clk_wiz_0       -5.091     -344.050                     76                 4064        0.023        0.000                      0                 4064       18.750        0.000                       0                  2040  
  clkfbout_clk_wiz_0                                                                                                                                                    7.845        0.000                       0                     3  


------------------------------------------------------------------------------------------------
| Inter Clock Table
| -----------------
------------------------------------------------------------------------------------------------

From Clock    To Clock          WNS(ns)      TNS(ns)  TNS Failing Endpoints  TNS Total Endpoints      WHS(ns)      THS(ns)  THS Failing Endpoints  THS Total Endpoints  
----------    --------          -------      -------  ---------------------  -------------------      -------      -------  ---------------------  -------------------  


------------------------------------------------------------------------------------------------
| Other Path Groups Table
| -----------------------
------------------------------------------------------------------------------------------------

Path Group    From Clock    To Clock          WNS(ns)      TNS(ns)  TNS Failing Endpoints  TNS Total Endpoints      WHS(ns)      THS(ns)  THS Failing Endpoints  THS Total Endpoints  
----------    ----------    --------          -------      -------  ---------------------  -------------------      -------      -------  ---------------------  -------------------  


------------------------------------------------------------------------------------------------
| User Ignored Path Table
| -----------------------
------------------------------------------------------------------------------------------------

Path Group          From Clock          To Clock          
----------          ----------          --------          
(none)              TCK                 TCK                 
(none)              clk_out1_clk_wiz_0  TCK                 
(none)              TCK                 clk_out1_clk_wiz_0  


------------------------------------------------------------------------------------------------
| Unconstrained Path Table
| ------------------------
------------------------------------------------------------------------------------------------

Path Group          From Clock          To Clock          
----------          ----------          --------          
(none)              clkfbout_clk_wiz_0                      
(none)                                  TCK                 


------------------------------------------------------------------------------------------------
| Timing Details
| --------------
------------------------------------------------------------------------------------------------


---------------------------------------------------------------------------------------------------
From Clock:  TCK
  To Clock:  TCK

Setup :            0  Failing Endpoints,  Worst Slack        5.308ns,  Total Violation        0.000ns
Hold  :            0  Failing Endpoints,  Worst Slack        0.082ns,  Total Violation        0.000ns
PW    :            0  Failing Endpoints,  Worst Slack        6.596ns,  Total Violation        0.000ns
---------------------------------------------------------------------------------------------------


Max Delay Paths
--------------------------------------------------------------------------------------
Slack (MET) :             5.308ns  (required time - arrival time)
  Source:                 u_jtag_mac/sm_cnt_reg[1]/C
                            (rising edge-triggered cell FDRE clocked by TCK  {rise@0.000ns fall@7.576ns period=15.152ns})
  Destination:            u_jtag_mac/act_rd_len_sft_reg[0]/D
                            (rising edge-triggered cell FDRE clocked by TCK  {rise@0.000ns fall@7.576ns period=15.152ns})
  Path Group:             TCK
  Path Type:              Setup (Max at Slow Process Corner)
  Requirement:            15.152ns  (TCK rise@15.152ns - TCK rise@0.000ns)
  Data Path Delay:        9.463ns  (logic 1.164ns (12.301%)  route 8.299ns (87.699%))
  Logic Levels:           5  (LUT3=1 LUT5=2 LUT6=2)
  Clock Path Skew:        -0.039ns (DCD - SCD + CPR)
    Destination Clock Delay (DCD):    2.902ns = ( 18.054 - 15.152 ) 
    Source Clock Delay      (SCD):    3.251ns
    Clock Pessimism Removal (CPR):    0.310ns
  Clock Uncertainty:      0.035ns  ((TSJ^2 + TIJ^2)^1/2 + DJ) / 2 + PE
    Total System Jitter     (TSJ):    0.071ns
    Total Input Jitter      (TIJ):    0.000ns
    Discrete Jitter          (DJ):    0.000ns
    Phase Error              (PE):    0.000ns

    Location             Delay type                Incr(ns)  Path(ns)    Netlist Resource(s)
  -------------------------------------------------------------------    -------------------
                         (clock TCK rise edge)        0.000     0.000 r  
    BSCAN_X0Y0           BSCANE2                      0.000     0.000 r  u_BSCANE2/TCK
                         net (fo=1, routed)           1.588     1.588    TCK
    BUFGCTRL_X0Y0        BUFG (Prop_bufg_I_O)         0.096     1.684 r  TCK_BUFG_inst/O
                         net (fo=507, routed)         1.566     3.251    u_jtag_mac/TCK_BUFG
    SLICE_X42Y45         FDRE                                         r  u_jtag_mac/sm_cnt_reg[1]/C
  -------------------------------------------------------------------    -------------------
    SLICE_X42Y45         FDRE (Prop_fdre_C_Q)         0.518     3.769 r  u_jtag_mac/sm_cnt_reg[1]/Q
                         net (fo=20, routed)          1.611     5.379    u_jtag_mac/sm_cnt_reg_n_0_[1]
    SLICE_X42Y39         LUT6 (Prop_lut6_I3_O)        0.124     5.503 r  u_jtag_mac/FSM_onehot_cs[8]_i_2/O
                         net (fo=12, routed)          1.351     6.854    u_jtag_mac/FSM_onehot_cs[8]_i_2_n_0
    SLICE_X43Y43         LUT5 (Prop_lut5_I0_O)        0.124     6.978 f  u_jtag_mac/ver_output_reg[17]_i_3/O
                         net (fo=14, routed)          0.828     7.806    u_jtag_mac/ver_output_reg[17]_i_3_n_0
    SLICE_X43Y44         LUT3 (Prop_lut3_I2_O)        0.124     7.930 f  u_jtag_mac/act_rd_len[12]_i_3/O
                         net (fo=7, routed)           1.298     9.228    u_jtag_mac/act_rd_len[12]_i_3_n_0
    SLICE_X46Y42         LUT6 (Prop_lut6_I0_O)        0.124     9.352 r  u_jtag_mac/act_rd_len[12]_i_1/O
                         net (fo=26, routed)          1.901    11.253    u_jtag_mac/u_post_chif_fifo/act_rd_len0
    SLICE_X28Y40         LUT5 (Prop_lut5_I3_O)        0.150    11.403 r  u_jtag_mac/u_post_chif_fifo/act_rd_len_sft[0]_i_1/O
                         net (fo=1, routed)           1.311    12.714    u_jtag_mac/u_post_chif_fifo_n_22
    SLICE_X44Y42         FDRE                                         r  u_jtag_mac/act_rd_len_sft_reg[0]/D
  -------------------------------------------------------------------    -------------------

                         (clock TCK rise edge)       15.152    15.152 r  
    BSCAN_X0Y0           BSCANE2                      0.000    15.152 r  u_BSCANE2/TCK
                         net (fo=1, routed)           1.363    16.515    TCK
    BUFGCTRL_X0Y0        BUFG (Prop_bufg_I_O)         0.091    16.606 r  TCK_BUFG_inst/O
                         net (fo=507, routed)         1.447    18.054    u_jtag_mac/TCK_BUFG
    SLICE_X44Y42         FDRE                                         r  u_jtag_mac/act_rd_len_sft_reg[0]/C
                         clock pessimism              0.310    18.364    
                         clock uncertainty           -0.035    18.328    
    SLICE_X44Y42         FDRE (Setup_fdre_C_D)       -0.307    18.021    u_jtag_mac/act_rd_len_sft_reg[0]
  -------------------------------------------------------------------
                         required time                         18.021    
                         arrival time                         -12.714    
  -------------------------------------------------------------------
                         slack                                  5.308    

Slack (MET) :             5.450ns  (required time - arrival time)
  Source:                 u_jtag_mac/sm_cnt_reg[4]/C
                            (rising edge-triggered cell FDRE clocked by TCK  {rise@0.000ns fall@7.576ns period=15.152ns})
  Destination:            u_jtag_mac/sm_cnt_reg[1]/R
                            (rising edge-triggered cell FDRE clocked by TCK  {rise@0.000ns fall@7.576ns period=15.152ns})
  Path Group:             TCK
  Path Type:              Setup (Max at Slow Process Corner)
  Requirement:            15.152ns  (TCK rise@15.152ns - TCK rise@0.000ns)
  Data Path Delay:        9.143ns  (logic 2.483ns (27.158%)  route 6.660ns (72.842%))
  Logic Levels:           6  (CARRY4=1 LUT4=2 LUT5=3)
  Clock Path Skew:        0.000ns (DCD - SCD + CPR)
    Destination Clock Delay (DCD):    2.902ns = ( 18.054 - 15.152 ) 
    Source Clock Delay      (SCD):    3.251ns
    Clock Pessimism Removal (CPR):    0.349ns
  Clock Uncertainty:      0.035ns  ((TSJ^2 + TIJ^2)^1/2 + DJ) / 2 + PE
    Total System Jitter     (TSJ):    0.071ns
    Total Input Jitter      (TIJ):    0.000ns
    Discrete Jitter          (DJ):    0.000ns
    Phase Error              (PE):    0.000ns

    Location             Delay type                Incr(ns)  Path(ns)    Netlist Resource(s)
  -------------------------------------------------------------------    -------------------
                         (clock TCK rise edge)        0.000     0.000 r  
    BSCAN_X0Y0           BSCANE2                      0.000     0.000 r  u_BSCANE2/TCK
                         net (fo=1, routed)           1.588     1.588    TCK
    BUFGCTRL_X0Y0        BUFG (Prop_bufg_I_O)         0.096     1.684 r  TCK_BUFG_inst/O
                         net (fo=507, routed)         1.566     3.251    u_jtag_mac/TCK_BUFG
    SLICE_X42Y45         FDRE                                         r  u_jtag_mac/sm_cnt_reg[4]/C
  -------------------------------------------------------------------    -------------------
    SLICE_X42Y45         FDRE (Prop_fdre_C_Q)         0.518     3.769 r  u_jtag_mac/sm_cnt_reg[4]/Q
                         net (fo=16, routed)          1.904     5.673    u_jtag_mac/sm_cnt_reg_n_0_[4]
    SLICE_X42Y40         LUT5 (Prop_lut5_I4_O)        0.152     5.825 f  u_jtag_mac/FSM_onehot_cs[10]_i_2/O
                         net (fo=10, routed)          1.196     7.021    u_jtag_mac/FSM_onehot_cs[10]_i_2_n_0
    SLICE_X42Y39         LUT4 (Prop_lut4_I0_O)        0.376     7.397 r  u_jtag_mac/FSM_onehot_cs[8]_i_4/O
                         net (fo=5, routed)           1.119     8.515    u_jtag_mac/FSM_onehot_cs[8]_i_4_n_0
    SLICE_X44Y44         LUT4 (Prop_lut4_I0_O)        0.374     8.889 r  u_jtag_mac/sm_cnt1_carry__0_i_2/O
                         net (fo=1, routed)           0.828     9.717    u_jtag_mac/sm_cnt1_carry__0_i_2_n_0
    SLICE_X44Y43         LUT5 (Prop_lut5_I0_O)        0.326    10.043 r  u_jtag_mac/sm_cnt1_carry__0_i_1/O
                         net (fo=1, routed)           0.000    10.043    u_jtag_mac/sm_cnt1_carry__0_i_1_n_0
    SLICE_X44Y43         CARRY4 (Prop_carry4_S[0]_CO[0])
                                                      0.364    10.407 r  u_jtag_mac/sm_cnt1_carry__0/CO[0]
                         net (fo=2, routed)           0.675    11.082    u_jtag_mac/sm_cnt1_carry__0_n_3
    SLICE_X45Y43         LUT5 (Prop_lut5_I0_O)        0.373    11.455 r  u_jtag_mac/sm_cnt[4]_i_1/O
                         net (fo=4, routed)           0.938    12.394    u_jtag_mac/sm_cnt[4]_i_1_n_0
    SLICE_X42Y45         FDRE                                         r  u_jtag_mac/sm_cnt_reg[1]/R
  -------------------------------------------------------------------    -------------------

                         (clock TCK rise edge)       15.152    15.152 r  
    BSCAN_X0Y0           BSCANE2                      0.000    15.152 r  u_BSCANE2/TCK
                         net (fo=1, routed)           1.363    16.515    TCK
    BUFGCTRL_X0Y0        BUFG (Prop_bufg_I_O)         0.091    16.606 r  TCK_BUFG_inst/O
                         net (fo=507, routed)         1.447    18.054    u_jtag_mac/TCK_BUFG
    SLICE_X42Y45         FDRE                                         r  u_jtag_mac/sm_cnt_reg[1]/C
                         clock pessimism              0.349    18.403    
                         clock uncertainty           -0.035    18.367    
    SLICE_X42Y45         FDRE (Setup_fdre_C_R)       -0.524    17.843    u_jtag_mac/sm_cnt_reg[1]
  -------------------------------------------------------------------
                         required time                         17.843    
                         arrival time                         -12.394    
  -------------------------------------------------------------------
                         slack                                  5.450    

Slack (MET) :             5.450ns  (required time - arrival time)
  Source:                 u_jtag_mac/sm_cnt_reg[4]/C
                            (rising edge-triggered cell FDRE clocked by TCK  {rise@0.000ns fall@7.576ns period=15.152ns})
  Destination:            u_jtag_mac/sm_cnt_reg[4]/R
                            (rising edge-triggered cell FDRE clocked by TCK  {rise@0.000ns fall@7.576ns period=15.152ns})
  Path Group:             TCK
  Path Type:              Setup (Max at Slow Process Corner)
  Requirement:            15.152ns  (TCK rise@15.152ns - TCK rise@0.000ns)
  Data Path Delay:        9.143ns  (logic 2.483ns (27.158%)  route 6.660ns (72.842%))
  Logic Levels:           6  (CARRY4=1 LUT4=2 LUT5=3)
  Clock Path Skew:        0.000ns (DCD - SCD + CPR)
    Destination Clock Delay (DCD):    2.902ns = ( 18.054 - 15.152 ) 
    Source Clock Delay      (SCD):    3.251ns
    Clock Pessimism Removal (CPR):    0.349ns
  Clock Uncertainty:      0.035ns  ((TSJ^2 + TIJ^2)^1/2 + DJ) / 2 + PE
    Total System Jitter     (TSJ):    0.071ns
    Total Input Jitter      (TIJ):    0.000ns
    Discrete Jitter          (DJ):    0.000ns
    Phase Error              (PE):    0.000ns

    Location             Delay type                Incr(ns)  Path(ns)    Netlist Resource(s)
  -------------------------------------------------------------------    -------------------
                         (clock TCK rise edge)        0.000     0.000 r  
    BSCAN_X0Y0           BSCANE2                      0.000     0.000 r  u_BSCANE2/TCK
                         net (fo=1, routed)           1.588     1.588    TCK
    BUFGCTRL_X0Y0        BUFG (Prop_bufg_I_O)         0.096     1.684 r  TCK_BUFG_inst/O
                         net (fo=507, routed)         1.566     3.251    u_jtag_mac/TCK_BUFG
    SLICE_X42Y45         FDRE                                         r  u_jtag_mac/sm_cnt_reg[4]/C
  -------------------------------------------------------------------    -------------------
    SLICE_X42Y45         FDRE (Prop_fdre_C_Q)         0.518     3.769 r  u_jtag_mac/sm_cnt_reg[4]/Q
                         net (fo=16, routed)          1.904     5.673    u_jtag_mac/sm_cnt_reg_n_0_[4]
    SLICE_X42Y40         LUT5 (Prop_lut5_I4_O)        0.152     5.825 f  u_jtag_mac/FSM_onehot_cs[10]_i_2/O
                         net (fo=10, routed)          1.196     7.021    u_jtag_mac/FSM_onehot_cs[10]_i_2_n_0
    SLICE_X42Y39         LUT4 (Prop_lut4_I0_O)        0.376     7.397 r  u_jtag_mac/FSM_onehot_cs[8]_i_4/O
                         net (fo=5, routed)           1.119     8.515    u_jtag_mac/FSM_onehot_cs[8]_i_4_n_0
    SLICE_X44Y44         LUT4 (Prop_lut4_I0_O)        0.374     8.889 r  u_jtag_mac/sm_cnt1_carry__0_i_2/O
                         net (fo=1, routed)           0.828     9.717    u_jtag_mac/sm_cnt1_carry__0_i_2_n_0
    SLICE_X44Y43         LUT5 (Prop_lut5_I0_O)        0.326    10.043 r  u_jtag_mac/sm_cnt1_carry__0_i_1/O
                         net (fo=1, routed)           0.000    10.043    u_jtag_mac/sm_cnt1_carry__0_i_1_n_0
    SLICE_X44Y43         CARRY4 (Prop_carry4_S[0]_CO[0])
                                                      0.364    10.407 r  u_jtag_mac/sm_cnt1_carry__0/CO[0]
                         net (fo=2, routed)           0.675    11.082    u_jtag_mac/sm_cnt1_carry__0_n_3
    SLICE_X45Y43         LUT5 (Prop_lut5_I0_O)        0.373    11.455 r  u_jtag_mac/sm_cnt[4]_i_1/O
                         net (fo=4, routed)           0.938    12.394    u_jtag_mac/sm_cnt[4]_i_1_n_0
    SLICE_X42Y45         FDRE                                         r  u_jtag_mac/sm_cnt_reg[4]/R
  -------------------------------------------------------------------    -------------------

                         (clock TCK rise edge)       15.152    15.152 r  
    BSCAN_X0Y0           BSCANE2                      0.000    15.152 r  u_BSCANE2/TCK
                         net (fo=1, routed)           1.363    16.515    TCK
    BUFGCTRL_X0Y0        BUFG (Prop_bufg_I_O)         0.091    16.606 r  TCK_BUFG_inst/O
                         net (fo=507, routed)         1.447    18.054    u_jtag_mac/TCK_BUFG
    SLICE_X42Y45         FDRE                                         r  u_jtag_mac/sm_cnt_reg[4]/C
                         clock pessimism              0.349    18.403    
                         clock uncertainty           -0.035    18.367    
    SLICE_X42Y45         FDRE (Setup_fdre_C_R)       -0.524    17.843    u_jtag_mac/sm_cnt_reg[4]
  -------------------------------------------------------------------
                         required time                         17.843    
                         arrival time                         -12.394    
  -------------------------------------------------------------------
                         slack                                  5.450    

Slack (MET) :             5.895ns  (required time - arrival time)
  Source:                 u_jtag_mac/sm_cnt_reg[1]/C
                            (rising edge-triggered cell FDRE clocked by TCK  {rise@0.000ns fall@7.576ns period=15.152ns})
  Destination:            u_jtag_mac/act_wr_cnt_reg[1]/R
                            (rising edge-triggered cell FDRE clocked by TCK  {rise@0.000ns fall@7.576ns period=15.152ns})
  Path Group:             TCK
  Path Type:              Setup (Max at Slow Process Corner)
  Requirement:            15.152ns  (TCK rise@15.152ns - TCK rise@0.000ns)
  Data Path Delay:        8.763ns  (logic 1.138ns (12.986%)  route 7.625ns (87.014%))
  Logic Levels:           5  (LUT3=1 LUT4=1 LUT5=1 LUT6=2)
  Clock Path Skew:        -0.030ns (DCD - SCD + CPR)
    Destination Clock Delay (DCD):    2.897ns = ( 18.049 - 15.152 ) 
    Source Clock Delay      (SCD):    3.251ns
    Clock Pessimism Removal (CPR):    0.324ns
  Clock Uncertainty:      0.035ns  ((TSJ^2 + TIJ^2)^1/2 + DJ) / 2 + PE
    Total System Jitter     (TSJ):    0.071ns
    Total Input Jitter      (TIJ):    0.000ns
    Discrete Jitter          (DJ):    0.000ns
    Phase Error              (PE):    0.000ns

    Location             Delay type                Incr(ns)  Path(ns)    Netlist Resource(s)
  -------------------------------------------------------------------    -------------------
                         (clock TCK rise edge)        0.000     0.000 r  
    BSCAN_X0Y0           BSCANE2                      0.000     0.000 r  u_BSCANE2/TCK
                         net (fo=1, routed)           1.588     1.588    TCK
    BUFGCTRL_X0Y0        BUFG (Prop_bufg_I_O)         0.096     1.684 r  TCK_BUFG_inst/O
                         net (fo=507, routed)         1.566     3.251    u_jtag_mac/TCK_BUFG
    SLICE_X42Y45         FDRE                                         r  u_jtag_mac/sm_cnt_reg[1]/C
  -------------------------------------------------------------------    -------------------
    SLICE_X42Y45         FDRE (Prop_fdre_C_Q)         0.518     3.769 r  u_jtag_mac/sm_cnt_reg[1]/Q
                         net (fo=20, routed)          1.611     5.379    u_jtag_mac/sm_cnt_reg_n_0_[1]
    SLICE_X42Y39         LUT6 (Prop_lut6_I3_O)        0.124     5.503 f  u_jtag_mac/FSM_onehot_cs[8]_i_2/O
                         net (fo=12, routed)          1.351     6.854    u_jtag_mac/FSM_onehot_cs[8]_i_2_n_0
    SLICE_X43Y43         LUT5 (Prop_lut5_I0_O)        0.124     6.978 r  u_jtag_mac/ver_output_reg[17]_i_3/O
                         net (fo=14, routed)          0.828     7.806    u_jtag_mac/ver_output_reg[17]_i_3_n_0
    SLICE_X43Y44         LUT3 (Prop_lut3_I2_O)        0.124     7.930 r  u_jtag_mac/act_rd_len[12]_i_3/O
                         net (fo=7, routed)           1.307     9.237    u_jtag_mac/act_rd_len[12]_i_3_n_0
    SLICE_X43Y41         LUT4 (Prop_lut4_I2_O)        0.124     9.361 r  u_jtag_mac/ver_act_rd_cnt[15]_i_6/O
                         net (fo=4, routed)           0.989    10.350    u_jtag_mac/ver_act_rd_cnt[15]_i_6_n_0
    SLICE_X40Y42         LUT6 (Prop_lut6_I4_O)        0.124    10.474 r  u_jtag_mac/act_wr_cnt[15]_i_1/O
                         net (fo=15, routed)          1.540    12.014    u_jtag_mac/act_wr_cnt[15]_i_1_n_0
    SLICE_X43Y36         FDRE                                         r  u_jtag_mac/act_wr_cnt_reg[1]/R
  -------------------------------------------------------------------    -------------------

                         (clock TCK rise edge)       15.152    15.152 r  
    BSCAN_X0Y0           BSCANE2                      0.000    15.152 r  u_BSCANE2/TCK
                         net (fo=1, routed)           1.363    16.515    TCK
    BUFGCTRL_X0Y0        BUFG (Prop_bufg_I_O)         0.091    16.606 r  TCK_BUFG_inst/O
                         net (fo=507, routed)         1.442    18.049    u_jtag_mac/TCK_BUFG
    SLICE_X43Y36         FDRE                                         r  u_jtag_mac/act_wr_cnt_reg[1]/C
                         clock pessimism              0.324    18.373    
                         clock uncertainty           -0.035    18.337    
    SLICE_X43Y36         FDRE (Setup_fdre_C_R)       -0.429    17.908    u_jtag_mac/act_wr_cnt_reg[1]
  -------------------------------------------------------------------
                         required time                         17.908    
                         arrival time                         -12.014    
  -------------------------------------------------------------------
                         slack                                  5.895    

Slack (MET) :             5.895ns  (required time - arrival time)
  Source:                 u_jtag_mac/sm_cnt_reg[1]/C
                            (rising edge-triggered cell FDRE clocked by TCK  {rise@0.000ns fall@7.576ns period=15.152ns})
  Destination:            u_jtag_mac/act_wr_cnt_reg[2]/R
                            (rising edge-triggered cell FDRE clocked by TCK  {rise@0.000ns fall@7.576ns period=15.152ns})
  Path Group:             TCK
  Path Type:              Setup (Max at Slow Process Corner)
  Requirement:            15.152ns  (TCK rise@15.152ns - TCK rise@0.000ns)
  Data Path Delay:        8.763ns  (logic 1.138ns (12.986%)  route 7.625ns (87.014%))
  Logic Levels:           5  (LUT3=1 LUT4=1 LUT5=1 LUT6=2)
  Clock Path Skew:        -0.030ns (DCD - SCD + CPR)
    Destination Clock Delay (DCD):    2.897ns = ( 18.049 - 15.152 ) 
    Source Clock Delay      (SCD):    3.251ns
    Clock Pessimism Removal (CPR):    0.324ns
  Clock Uncertainty:      0.035ns  ((TSJ^2 + TIJ^2)^1/2 + DJ) / 2 + PE
    Total System Jitter     (TSJ):    0.071ns
    Total Input Jitter      (TIJ):    0.000ns
    Discrete Jitter          (DJ):    0.000ns
    Phase Error              (PE):    0.000ns

    Location             Delay type                Incr(ns)  Path(ns)    Netlist Resource(s)
  -------------------------------------------------------------------    -------------------
                         (clock TCK rise edge)        0.000     0.000 r  
    BSCAN_X0Y0           BSCANE2                      0.000     0.000 r  u_BSCANE2/TCK
                         net (fo=1, routed)           1.588     1.588    TCK
    BUFGCTRL_X0Y0        BUFG (Prop_bufg_I_O)         0.096     1.684 r  TCK_BUFG_inst/O
                         net (fo=507, routed)         1.566     3.251    u_jtag_mac/TCK_BUFG
    SLICE_X42Y45         FDRE                                         r  u_jtag_mac/sm_cnt_reg[1]/C
  -------------------------------------------------------------------    -------------------
    SLICE_X42Y45         FDRE (Prop_fdre_C_Q)         0.518     3.769 r  u_jtag_mac/sm_cnt_reg[1]/Q
                         net (fo=20, routed)          1.611     5.379    u_jtag_mac/sm_cnt_reg_n_0_[1]
    SLICE_X42Y39         LUT6 (Prop_lut6_I3_O)        0.124     5.503 f  u_jtag_mac/FSM_onehot_cs[8]_i_2/O
                         net (fo=12, routed)          1.351     6.854    u_jtag_mac/FSM_onehot_cs[8]_i_2_n_0
    SLICE_X43Y43         LUT5 (Prop_lut5_I0_O)        0.124     6.978 r  u_jtag_mac/ver_output_reg[17]_i_3/O
                         net (fo=14, routed)          0.828     7.806    u_jtag_mac/ver_output_reg[17]_i_3_n_0
    SLICE_X43Y44         LUT3 (Prop_lut3_I2_O)        0.124     7.930 r  u_jtag_mac/act_rd_len[12]_i_3/O
                         net (fo=7, routed)           1.307     9.237    u_jtag_mac/act_rd_len[12]_i_3_n_0
    SLICE_X43Y41         LUT4 (Prop_lut4_I2_O)        0.124     9.361 r  u_jtag_mac/ver_act_rd_cnt[15]_i_6/O
                         net (fo=4, routed)           0.989    10.350    u_jtag_mac/ver_act_rd_cnt[15]_i_6_n_0
    SLICE_X40Y42         LUT6 (Prop_lut6_I4_O)        0.124    10.474 r  u_jtag_mac/act_wr_cnt[15]_i_1/O
                         net (fo=15, routed)          1.540    12.014    u_jtag_mac/act_wr_cnt[15]_i_1_n_0
    SLICE_X43Y36         FDRE                                         r  u_jtag_mac/act_wr_cnt_reg[2]/R
  -------------------------------------------------------------------    -------------------

                         (clock TCK rise edge)       15.152    15.152 r  
    BSCAN_X0Y0           BSCANE2                      0.000    15.152 r  u_BSCANE2/TCK
                         net (fo=1, routed)           1.363    16.515    TCK
    BUFGCTRL_X0Y0        BUFG (Prop_bufg_I_O)         0.091    16.606 r  TCK_BUFG_inst/O
                         net (fo=507, routed)         1.442    18.049    u_jtag_mac/TCK_BUFG
    SLICE_X43Y36         FDRE                                         r  u_jtag_mac/act_wr_cnt_reg[2]/C
                         clock pessimism              0.324    18.373    
                         clock uncertainty           -0.035    18.337    
    SLICE_X43Y36         FDRE (Setup_fdre_C_R)       -0.429    17.908    u_jtag_mac/act_wr_cnt_reg[2]
  -------------------------------------------------------------------
                         required time                         17.908    
                         arrival time                         -12.014    
  -------------------------------------------------------------------
                         slack                                  5.895    

Slack (MET) :             5.895ns  (required time - arrival time)
  Source:                 u_jtag_mac/sm_cnt_reg[1]/C
                            (rising edge-triggered cell FDRE clocked by TCK  {rise@0.000ns fall@7.576ns period=15.152ns})
  Destination:            u_jtag_mac/act_wr_cnt_reg[3]/R
                            (rising edge-triggered cell FDRE clocked by TCK  {rise@0.000ns fall@7.576ns period=15.152ns})
  Path Group:             TCK
  Path Type:              Setup (Max at Slow Process Corner)
  Requirement:            15.152ns  (TCK rise@15.152ns - TCK rise@0.000ns)
  Data Path Delay:        8.763ns  (logic 1.138ns (12.986%)  route 7.625ns (87.014%))
  Logic Levels:           5  (LUT3=1 LUT4=1 LUT5=1 LUT6=2)
  Clock Path Skew:        -0.030ns (DCD - SCD + CPR)
    Destination Clock Delay (DCD):    2.897ns = ( 18.049 - 15.152 ) 
    Source Clock Delay      (SCD):    3.251ns
    Clock Pessimism Removal (CPR):    0.324ns
  Clock Uncertainty:      0.035ns  ((TSJ^2 + TIJ^2)^1/2 + DJ) / 2 + PE
    Total System Jitter     (TSJ):    0.071ns
    Total Input Jitter      (TIJ):    0.000ns
    Discrete Jitter          (DJ):    0.000ns
    Phase Error              (PE):    0.000ns

    Location             Delay type                Incr(ns)  Path(ns)    Netlist Resource(s)
  -------------------------------------------------------------------    -------------------
                         (clock TCK rise edge)        0.000     0.000 r  
    BSCAN_X0Y0           BSCANE2                      0.000     0.000 r  u_BSCANE2/TCK
                         net (fo=1, routed)           1.588     1.588    TCK
    BUFGCTRL_X0Y0        BUFG (Prop_bufg_I_O)         0.096     1.684 r  TCK_BUFG_inst/O
                         net (fo=507, routed)         1.566     3.251    u_jtag_mac/TCK_BUFG
    SLICE_X42Y45         FDRE                                         r  u_jtag_mac/sm_cnt_reg[1]/C
  -------------------------------------------------------------------    -------------------
    SLICE_X42Y45         FDRE (Prop_fdre_C_Q)         0.518     3.769 r  u_jtag_mac/sm_cnt_reg[1]/Q
                         net (fo=20, routed)          1.611     5.379    u_jtag_mac/sm_cnt_reg_n_0_[1]
    SLICE_X42Y39         LUT6 (Prop_lut6_I3_O)        0.124     5.503 f  u_jtag_mac/FSM_onehot_cs[8]_i_2/O
                         net (fo=12, routed)          1.351     6.854    u_jtag_mac/FSM_onehot_cs[8]_i_2_n_0
    SLICE_X43Y43         LUT5 (Prop_lut5_I0_O)        0.124     6.978 r  u_jtag_mac/ver_output_reg[17]_i_3/O
                         net (fo=14, routed)          0.828     7.806    u_jtag_mac/ver_output_reg[17]_i_3_n_0
    SLICE_X43Y44         LUT3 (Prop_lut3_I2_O)        0.124     7.930 r  u_jtag_mac/act_rd_len[12]_i_3/O
                         net (fo=7, routed)           1.307     9.237    u_jtag_mac/act_rd_len[12]_i_3_n_0
    SLICE_X43Y41         LUT4 (Prop_lut4_I2_O)        0.124     9.361 r  u_jtag_mac/ver_act_rd_cnt[15]_i_6/O
                         net (fo=4, routed)           0.989    10.350    u_jtag_mac/ver_act_rd_cnt[15]_i_6_n_0
    SLICE_X40Y42         LUT6 (Prop_lut6_I4_O)        0.124    10.474 r  u_jtag_mac/act_wr_cnt[15]_i_1/O
                         net (fo=15, routed)          1.540    12.014    u_jtag_mac/act_wr_cnt[15]_i_1_n_0
    SLICE_X43Y36         FDRE                                         r  u_jtag_mac/act_wr_cnt_reg[3]/R
  -------------------------------------------------------------------    -------------------

                         (clock TCK rise edge)       15.152    15.152 r  
    BSCAN_X0Y0           BSCANE2                      0.000    15.152 r  u_BSCANE2/TCK
                         net (fo=1, routed)           1.363    16.515    TCK
    BUFGCTRL_X0Y0        BUFG (Prop_bufg_I_O)         0.091    16.606 r  TCK_BUFG_inst/O
                         net (fo=507, routed)         1.442    18.049    u_jtag_mac/TCK_BUFG
    SLICE_X43Y36         FDRE                                         r  u_jtag_mac/act_wr_cnt_reg[3]/C
                         clock pessimism              0.324    18.373    
                         clock uncertainty           -0.035    18.337    
    SLICE_X43Y36         FDRE (Setup_fdre_C_R)       -0.429    17.908    u_jtag_mac/act_wr_cnt_reg[3]
  -------------------------------------------------------------------
                         required time                         17.908    
                         arrival time                         -12.014    
  -------------------------------------------------------------------
                         slack                                  5.895    

Slack (MET) :             5.908ns  (required time - arrival time)
  Source:                 u_jtag_mac/sm_cnt_reg[1]/C
                            (rising edge-triggered cell FDRE clocked by TCK  {rise@0.000ns fall@7.576ns period=15.152ns})
  Destination:            u_jtag_mac/act_rd_len_sft_reg[5]/D
                            (rising edge-triggered cell FDRE clocked by TCK  {rise@0.000ns fall@7.576ns period=15.152ns})
  Path Group:             TCK
  Path Type:              Setup (Max at Slow Process Corner)
  Requirement:            15.152ns  (TCK rise@15.152ns - TCK rise@0.000ns)
  Data Path Delay:        8.821ns  (logic 1.164ns (13.196%)  route 7.657ns (86.804%))
  Logic Levels:           5  (LUT3=1 LUT5=2 LUT6=2)
  Clock Path Skew:        -0.113ns (DCD - SCD + CPR)
    Destination Clock Delay (DCD):    2.900ns = ( 18.052 - 15.152 ) 
    Source Clock Delay      (SCD):    3.251ns
    Clock Pessimism Removal (CPR):    0.238ns
  Clock Uncertainty:      0.035ns  ((TSJ^2 + TIJ^2)^1/2 + DJ) / 2 + PE
    Total System Jitter     (TSJ):    0.071ns
    Total Input Jitter      (TIJ):    0.000ns
    Discrete Jitter          (DJ):    0.000ns
    Phase Error              (PE):    0.000ns

    Location             Delay type                Incr(ns)  Path(ns)    Netlist Resource(s)
  -------------------------------------------------------------------    -------------------
                         (clock TCK rise edge)        0.000     0.000 r  
    BSCAN_X0Y0           BSCANE2                      0.000     0.000 r  u_BSCANE2/TCK
                         net (fo=1, routed)           1.588     1.588    TCK
    BUFGCTRL_X0Y0        BUFG (Prop_bufg_I_O)         0.096     1.684 r  TCK_BUFG_inst/O
                         net (fo=507, routed)         1.566     3.251    u_jtag_mac/TCK_BUFG
    SLICE_X42Y45         FDRE                                         r  u_jtag_mac/sm_cnt_reg[1]/C
  -------------------------------------------------------------------    -------------------
    SLICE_X42Y45         FDRE (Prop_fdre_C_Q)         0.518     3.769 r  u_jtag_mac/sm_cnt_reg[1]/Q
                         net (fo=20, routed)          1.611     5.379    u_jtag_mac/sm_cnt_reg_n_0_[1]
    SLICE_X42Y39         LUT6 (Prop_lut6_I3_O)        0.124     5.503 r  u_jtag_mac/FSM_onehot_cs[8]_i_2/O
                         net (fo=12, routed)          1.351     6.854    u_jtag_mac/FSM_onehot_cs[8]_i_2_n_0
    SLICE_X43Y43         LUT5 (Prop_lut5_I0_O)        0.124     6.978 f  u_jtag_mac/ver_output_reg[17]_i_3/O
                         net (fo=14, routed)          0.828     7.806    u_jtag_mac/ver_output_reg[17]_i_3_n_0
    SLICE_X43Y44         LUT3 (Prop_lut3_I2_O)        0.124     7.930 f  u_jtag_mac/act_rd_len[12]_i_3/O
                         net (fo=7, routed)           1.298     9.228    u_jtag_mac/act_rd_len[12]_i_3_n_0
    SLICE_X46Y42         LUT6 (Prop_lut6_I0_O)        0.124     9.352 r  u_jtag_mac/act_rd_len[12]_i_1/O
                         net (fo=26, routed)          1.942    11.294    u_jtag_mac/u_post_chif_fifo/act_rd_len0
    SLICE_X29Y39         LUT5 (Prop_lut5_I3_O)        0.150    11.444 r  u_jtag_mac/u_post_chif_fifo/act_rd_len_sft[5]_i_1/O
                         net (fo=1, routed)           0.628    12.072    u_jtag_mac/u_post_chif_fifo_n_17
    SLICE_X29Y40         FDRE                                         r  u_jtag_mac/act_rd_len_sft_reg[5]/D
  -------------------------------------------------------------------    -------------------

                         (clock TCK rise edge)       15.152    15.152 r  
    BSCAN_X0Y0           BSCANE2                      0.000    15.152 r  u_BSCANE2/TCK
                         net (fo=1, routed)           1.363    16.515    TCK
    BUFGCTRL_X0Y0        BUFG (Prop_bufg_I_O)         0.091    16.606 r  TCK_BUFG_inst/O
                         net (fo=507, routed)         1.445    18.052    u_jtag_mac/TCK_BUFG
    SLICE_X29Y40         FDRE                                         r  u_jtag_mac/act_rd_len_sft_reg[5]/C
                         clock pessimism              0.238    18.290    
                         clock uncertainty           -0.035    18.254    
    SLICE_X29Y40         FDRE (Setup_fdre_C_D)       -0.275    17.979    u_jtag_mac/act_rd_len_sft_reg[5]
  -------------------------------------------------------------------
                         required time                         17.979    
                         arrival time                         -12.072    
  -------------------------------------------------------------------
                         slack                                  5.908    

Slack (MET) :             5.908ns  (required time - arrival time)
  Source:                 u_jtag_mac/sm_cnt_reg[4]/C
                            (rising edge-triggered cell FDRE clocked by TCK  {rise@0.000ns fall@7.576ns period=15.152ns})
  Destination:            u_jtag_mac/sm_cnt_reg[2]/R
                            (rising edge-triggered cell FDRE clocked by TCK  {rise@0.000ns fall@7.576ns period=15.152ns})
  Path Group:             TCK
  Path Type:              Setup (Max at Slow Process Corner)
  Requirement:            15.152ns  (TCK rise@15.152ns - TCK rise@0.000ns)
  Data Path Delay:        8.755ns  (logic 2.483ns (28.362%)  route 6.272ns (71.638%))
  Logic Levels:           6  (CARRY4=1 LUT4=2 LUT5=3)
  Clock Path Skew:        -0.025ns (DCD - SCD + CPR)
    Destination Clock Delay (DCD):    2.902ns = ( 18.054 - 15.152 ) 
    Source Clock Delay      (SCD):    3.251ns
    Clock Pessimism Removal (CPR):    0.324ns
  Clock Uncertainty:      0.035ns  ((TSJ^2 + TIJ^2)^1/2 + DJ) / 2 + PE
    Total System Jitter     (TSJ):    0.071ns
    Total Input Jitter      (TIJ):    0.000ns
    Discrete Jitter          (DJ):    0.000ns
    Phase Error              (PE):    0.000ns

    Location             Delay type                Incr(ns)  Path(ns)    Netlist Resource(s)
  -------------------------------------------------------------------    -------------------
                         (clock TCK rise edge)        0.000     0.000 r  
    BSCAN_X0Y0           BSCANE2                      0.000     0.000 r  u_BSCANE2/TCK
                         net (fo=1, routed)           1.588     1.588    TCK
    BUFGCTRL_X0Y0        BUFG (Prop_bufg_I_O)         0.096     1.684 r  TCK_BUFG_inst/O
                         net (fo=507, routed)         1.566     3.251    u_jtag_mac/TCK_BUFG
    SLICE_X42Y45         FDRE                                         r  u_jtag_mac/sm_cnt_reg[4]/C
  -------------------------------------------------------------------    -------------------
    SLICE_X42Y45         FDRE (Prop_fdre_C_Q)         0.518     3.769 r  u_jtag_mac/sm_cnt_reg[4]/Q
                         net (fo=16, routed)          1.904     5.673    u_jtag_mac/sm_cnt_reg_n_0_[4]
    SLICE_X42Y40         LUT5 (Prop_lut5_I4_O)        0.152     5.825 f  u_jtag_mac/FSM_onehot_cs[10]_i_2/O
                         net (fo=10, routed)          1.196     7.021    u_jtag_mac/FSM_onehot_cs[10]_i_2_n_0
    SLICE_X42Y39         LUT4 (Prop_lut4_I0_O)        0.376     7.397 r  u_jtag_mac/FSM_onehot_cs[8]_i_4/O
                         net (fo=5, routed)           1.119     8.515    u_jtag_mac/FSM_onehot_cs[8]_i_4_n_0
    SLICE_X44Y44         LUT4 (Prop_lut4_I0_O)        0.374     8.889 r  u_jtag_mac/sm_cnt1_carry__0_i_2/O
                         net (fo=1, routed)           0.828     9.717    u_jtag_mac/sm_cnt1_carry__0_i_2_n_0
    SLICE_X44Y43         LUT5 (Prop_lut5_I0_O)        0.326    10.043 r  u_jtag_mac/sm_cnt1_carry__0_i_1/O
                         net (fo=1, routed)           0.000    10.043    u_jtag_mac/sm_cnt1_carry__0_i_1_n_0
    SLICE_X44Y43         CARRY4 (Prop_carry4_S[0]_CO[0])
                                                      0.364    10.407 r  u_jtag_mac/sm_cnt1_carry__0/CO[0]
                         net (fo=2, routed)           0.675    11.082    u_jtag_mac/sm_cnt1_carry__0_n_3
    SLICE_X45Y43         LUT5 (Prop_lut5_I0_O)        0.373    11.455 r  u_jtag_mac/sm_cnt[4]_i_1/O
                         net (fo=4, routed)           0.550    12.005    u_jtag_mac/sm_cnt[4]_i_1_n_0
    SLICE_X41Y43         FDRE                                         r  u_jtag_mac/sm_cnt_reg[2]/R
  -------------------------------------------------------------------    -------------------

                         (clock TCK rise edge)       15.152    15.152 r  
    BSCAN_X0Y0           BSCANE2                      0.000    15.152 r  u_BSCANE2/TCK
                         net (fo=1, routed)           1.363    16.515    TCK
    BUFGCTRL_X0Y0        BUFG (Prop_bufg_I_O)         0.091    16.606 r  TCK_BUFG_inst/O
                         net (fo=507, routed)         1.447    18.054    u_jtag_mac/TCK_BUFG
    SLICE_X41Y43         FDRE                                         r  u_jtag_mac/sm_cnt_reg[2]/C
                         clock pessimism              0.324    18.378    
                         clock uncertainty           -0.035    18.342    
    SLICE_X41Y43         FDRE (Setup_fdre_C_R)       -0.429    17.913    u_jtag_mac/sm_cnt_reg[2]
  -------------------------------------------------------------------
                         required time                         17.913    
                         arrival time                         -12.005    
  -------------------------------------------------------------------
                         slack                                  5.908    

Slack (MET) :             5.908ns  (required time - arrival time)
  Source:                 u_jtag_mac/sm_cnt_reg[4]/C
                            (rising edge-triggered cell FDRE clocked by TCK  {rise@0.000ns fall@7.576ns period=15.152ns})
  Destination:            u_jtag_mac/sm_cnt_reg[3]/R
                            (rising edge-triggered cell FDRE clocked by TCK  {rise@0.000ns fall@7.576ns period=15.152ns})
  Path Group:             TCK
  Path Type:              Setup (Max at Slow Process Corner)
  Requirement:            15.152ns  (TCK rise@15.152ns - TCK rise@0.000ns)
  Data Path Delay:        8.755ns  (logic 2.483ns (28.362%)  route 6.272ns (71.638%))
  Logic Levels:           6  (CARRY4=1 LUT4=2 LUT5=3)
  Clock Path Skew:        -0.025ns (DCD - SCD + CPR)
    Destination Clock Delay (DCD):    2.902ns = ( 18.054 - 15.152 ) 
    Source Clock Delay      (SCD):    3.251ns
    Clock Pessimism Removal (CPR):    0.324ns
  Clock Uncertainty:      0.035ns  ((TSJ^2 + TIJ^2)^1/2 + DJ) / 2 + PE
    Total System Jitter     (TSJ):    0.071ns
    Total Input Jitter      (TIJ):    0.000ns
    Discrete Jitter          (DJ):    0.000ns
    Phase Error              (PE):    0.000ns

    Location             Delay type                Incr(ns)  Path(ns)    Netlist Resource(s)
  -------------------------------------------------------------------    -------------------
                         (clock TCK rise edge)        0.000     0.000 r  
    BSCAN_X0Y0           BSCANE2                      0.000     0.000 r  u_BSCANE2/TCK
                         net (fo=1, routed)           1.588     1.588    TCK
    BUFGCTRL_X0Y0        BUFG (Prop_bufg_I_O)         0.096     1.684 r  TCK_BUFG_inst/O
                         net (fo=507, routed)         1.566     3.251    u_jtag_mac/TCK_BUFG
    SLICE_X42Y45         FDRE                                         r  u_jtag_mac/sm_cnt_reg[4]/C
  -------------------------------------------------------------------    -------------------
    SLICE_X42Y45         FDRE (Prop_fdre_C_Q)         0.518     3.769 r  u_jtag_mac/sm_cnt_reg[4]/Q
                         net (fo=16, routed)          1.904     5.673    u_jtag_mac/sm_cnt_reg_n_0_[4]
    SLICE_X42Y40         LUT5 (Prop_lut5_I4_O)        0.152     5.825 f  u_jtag_mac/FSM_onehot_cs[10]_i_2/O
                         net (fo=10, routed)          1.196     7.021    u_jtag_mac/FSM_onehot_cs[10]_i_2_n_0
    SLICE_X42Y39         LUT4 (Prop_lut4_I0_O)        0.376     7.397 r  u_jtag_mac/FSM_onehot_cs[8]_i_4/O
                         net (fo=5, routed)           1.119     8.515    u_jtag_mac/FSM_onehot_cs[8]_i_4_n_0
    SLICE_X44Y44         LUT4 (Prop_lut4_I0_O)        0.374     8.889 r  u_jtag_mac/sm_cnt1_carry__0_i_2/O
                         net (fo=1, routed)           0.828     9.717    u_jtag_mac/sm_cnt1_carry__0_i_2_n_0
    SLICE_X44Y43         LUT5 (Prop_lut5_I0_O)        0.326    10.043 r  u_jtag_mac/sm_cnt1_carry__0_i_1/O
                         net (fo=1, routed)           0.000    10.043    u_jtag_mac/sm_cnt1_carry__0_i_1_n_0
    SLICE_X44Y43         CARRY4 (Prop_carry4_S[0]_CO[0])
                                                      0.364    10.407 r  u_jtag_mac/sm_cnt1_carry__0/CO[0]
                         net (fo=2, routed)           0.675    11.082    u_jtag_mac/sm_cnt1_carry__0_n_3
    SLICE_X45Y43         LUT5 (Prop_lut5_I0_O)        0.373    11.455 r  u_jtag_mac/sm_cnt[4]_i_1/O
                         net (fo=4, routed)           0.550    12.005    u_jtag_mac/sm_cnt[4]_i_1_n_0
    SLICE_X41Y43         FDRE                                         r  u_jtag_mac/sm_cnt_reg[3]/R
  -------------------------------------------------------------------    -------------------

                         (clock TCK rise edge)       15.152    15.152 r  
    BSCAN_X0Y0           BSCANE2                      0.000    15.152 r  u_BSCANE2/TCK
                         net (fo=1, routed)           1.363    16.515    TCK
    BUFGCTRL_X0Y0        BUFG (Prop_bufg_I_O)         0.091    16.606 r  TCK_BUFG_inst/O
                         net (fo=507, routed)         1.447    18.054    u_jtag_mac/TCK_BUFG
    SLICE_X41Y43         FDRE                                         r  u_jtag_mac/sm_cnt_reg[3]/C
                         clock pessimism              0.324    18.378    
                         clock uncertainty           -0.035    18.342    
    SLICE_X41Y43         FDRE (Setup_fdre_C_R)       -0.429    17.913    u_jtag_mac/sm_cnt_reg[3]
  -------------------------------------------------------------------
                         required time                         17.913    
                         arrival time                         -12.005    
  -------------------------------------------------------------------
                         slack                                  5.908    

Slack (MET) :             6.054ns  (required time - arrival time)
  Source:                 u_jtag_mac/sm_cnt_reg[1]/C
                            (rising edge-triggered cell FDRE clocked by TCK  {rise@0.000ns fall@7.576ns period=15.152ns})
  Destination:            u_jtag_mac/act_rd_len_sft_reg[4]/D
                            (rising edge-triggered cell FDRE clocked by TCK  {rise@0.000ns fall@7.576ns period=15.152ns})
  Path Group:             TCK
  Path Type:              Setup (Max at Slow Process Corner)
  Requirement:            15.152ns  (TCK rise@15.152ns - TCK rise@0.000ns)
  Data Path Delay:        8.673ns  (logic 1.164ns (13.421%)  route 7.509ns (86.579%))
  Logic Levels:           5  (LUT3=1 LUT5=2 LUT6=2)
  Clock Path Skew:        -0.115ns (DCD - SCD + CPR)
    Destination Clock Delay (DCD):    2.898ns = ( 18.050 - 15.152 ) 
    Source Clock Delay      (SCD):    3.251ns
    Clock Pessimism Removal (CPR):    0.238ns
  Clock Uncertainty:      0.035ns  ((TSJ^2 + TIJ^2)^1/2 + DJ) / 2 + PE
    Total System Jitter     (TSJ):    0.071ns
    Total Input Jitter      (TIJ):    0.000ns
    Discrete Jitter          (DJ):    0.000ns
    Phase Error              (PE):    0.000ns

    Location             Delay type                Incr(ns)  Path(ns)    Netlist Resource(s)
  -------------------------------------------------------------------    -------------------
                         (clock TCK rise edge)        0.000     0.000 r  
    BSCAN_X0Y0           BSCANE2                      0.000     0.000 r  u_BSCANE2/TCK
                         net (fo=1, routed)           1.588     1.588    TCK
    BUFGCTRL_X0Y0        BUFG (Prop_bufg_I_O)         0.096     1.684 r  TCK_BUFG_inst/O
                         net (fo=507, routed)         1.566     3.251    u_jtag_mac/TCK_BUFG
    SLICE_X42Y45         FDRE                                         r  u_jtag_mac/sm_cnt_reg[1]/C
  -------------------------------------------------------------------    -------------------
    SLICE_X42Y45         FDRE (Prop_fdre_C_Q)         0.518     3.769 r  u_jtag_mac/sm_cnt_reg[1]/Q
                         net (fo=20, routed)          1.611     5.379    u_jtag_mac/sm_cnt_reg_n_0_[1]
    SLICE_X42Y39         LUT6 (Prop_lut6_I3_O)        0.124     5.503 r  u_jtag_mac/FSM_onehot_cs[8]_i_2/O
                         net (fo=12, routed)          1.351     6.854    u_jtag_mac/FSM_onehot_cs[8]_i_2_n_0
    SLICE_X43Y43         LUT5 (Prop_lut5_I0_O)        0.124     6.978 f  u_jtag_mac/ver_output_reg[17]_i_3/O
                         net (fo=14, routed)          0.828     7.806    u_jtag_mac/ver_output_reg[17]_i_3_n_0
    SLICE_X43Y44         LUT3 (Prop_lut3_I2_O)        0.124     7.930 f  u_jtag_mac/act_rd_len[12]_i_3/O
                         net (fo=7, routed)           1.298     9.228    u_jtag_mac/act_rd_len[12]_i_3_n_0
    SLICE_X46Y42         LUT6 (Prop_lut6_I0_O)        0.124     9.352 r  u_jtag_mac/act_rd_len[12]_i_1/O
                         net (fo=26, routed)          1.889    11.241    u_jtag_mac/u_post_chif_fifo/act_rd_len0
    SLICE_X28Y40         LUT5 (Prop_lut5_I3_O)        0.150    11.391 r  u_jtag_mac/u_post_chif_fifo/act_rd_len_sft[4]_i_1/O
                         net (fo=1, routed)           0.532    11.924    u_jtag_mac/u_post_chif_fifo_n_18
    SLICE_X31Y40         FDRE                                         r  u_jtag_mac/act_rd_len_sft_reg[4]/D
  -------------------------------------------------------------------    -------------------

                         (clock TCK rise edge)       15.152    15.152 r  
    BSCAN_X0Y0           BSCANE2                      0.000    15.152 r  u_BSCANE2/TCK
                         net (fo=1, routed)           1.363    16.515    TCK
    BUFGCTRL_X0Y0        BUFG (Prop_bufg_I_O)         0.091    16.606 r  TCK_BUFG_inst/O
                         net (fo=507, routed)         1.443    18.050    u_jtag_mac/TCK_BUFG
    SLICE_X31Y40         FDRE                                         r  u_jtag_mac/act_rd_len_sft_reg[4]/C
                         clock pessimism              0.238    18.288    
                         clock uncertainty           -0.035    18.252    
    SLICE_X31Y40         FDRE (Setup_fdre_C_D)       -0.275    17.977    u_jtag_mac/act_rd_len_sft_reg[4]
  -------------------------------------------------------------------
                         required time                         17.977    
                         arrival time                         -11.924    
  -------------------------------------------------------------------
                         slack                                  6.054    





Min Delay Paths
--------------------------------------------------------------------------------------
Slack (MET) :             0.082ns  (arrival time - required time)
  Source:                 u_jtag_mac/u_simcycle_fifo/u_simcycle_fifo/U0/inst_fifo_gen/gconvfifo.rf/grf.rf/rstblk/ngwrdrst.grst.g7serrst.gsckt_wrst.gic_rst.wr_rst_busy_i_reg/C
                            (rising edge-triggered cell FDRE clocked by TCK  {rise@0.000ns fall@7.576ns period=15.152ns})
  Destination:            u_jtag_mac/u_simcycle_fifo/u_simcycle_fifo/U0/inst_fifo_gen/gconvfifo.rf/grf.rf/rstblk/grstd1.grst_full.grst_f.rst_d1_reg/D
                            (rising edge-triggered cell FDRE clocked by TCK  {rise@0.000ns fall@7.576ns period=15.152ns})
  Path Group:             TCK
  Path Type:              Hold (Min at Fast Process Corner)
  Requirement:            0.000ns  (TCK rise@0.000ns - TCK rise@0.000ns)
  Data Path Delay:        0.414ns  (logic 0.164ns (39.600%)  route 0.250ns (60.400%))
  Logic Levels:           0  
  Clock Path Skew:        0.262ns (DCD - SCD - CPR)
    Destination Clock Delay (DCD):    1.537ns
    Source Clock Delay      (SCD):    1.171ns
    Clock Pessimism Removal (CPR):    0.104ns

    Location             Delay type                Incr(ns)  Path(ns)    Netlist Resource(s)
  -------------------------------------------------------------------    -------------------
                         (clock TCK rise edge)        0.000     0.000 r  
    BSCAN_X0Y0           BSCANE2                      0.000     0.000 r  u_BSCANE2/TCK
                         net (fo=1, routed)           0.586     0.586    TCK
    BUFGCTRL_X0Y0        BUFG (Prop_bufg_I_O)         0.026     0.612 r  TCK_BUFG_inst/O
                         net (fo=507, routed)         0.559     1.171    u_jtag_mac/u_simcycle_fifo/u_simcycle_fifo/U0/inst_fifo_gen/gconvfifo.rf/grf.rf/rstblk/wr_clk
    SLICE_X42Y34         FDRE                                         r  u_jtag_mac/u_simcycle_fifo/u_simcycle_fifo/U0/inst_fifo_gen/gconvfifo.rf/grf.rf/rstblk/ngwrdrst.grst.g7serrst.gsckt_wrst.gic_rst.wr_rst_busy_i_reg/C
  -------------------------------------------------------------------    -------------------
    SLICE_X42Y34         FDRE (Prop_fdre_C_Q)         0.164     1.335 r  u_jtag_mac/u_simcycle_fifo/u_simcycle_fifo/U0/inst_fifo_gen/gconvfifo.rf/grf.rf/rstblk/ngwrdrst.grst.g7serrst.gsckt_wrst.gic_rst.wr_rst_busy_i_reg/Q
                         net (fo=2, routed)           0.250     1.585    u_jtag_mac/u_simcycle_fifo/u_simcycle_fifo/U0/inst_fifo_gen/gconvfifo.rf/grf.rf/rstblk/wr_rst_busy_i
    SLICE_X31Y34         FDRE                                         r  u_jtag_mac/u_simcycle_fifo/u_simcycle_fifo/U0/inst_fifo_gen/gconvfifo.rf/grf.rf/rstblk/grstd1.grst_full.grst_f.rst_d1_reg/D
  -------------------------------------------------------------------    -------------------

                         (clock TCK rise edge)        0.000     0.000 r  
    BSCAN_X0Y0           BSCANE2                      0.000     0.000 r  u_BSCANE2/TCK
                         net (fo=1, routed)           0.682     0.682    TCK
    BUFGCTRL_X0Y0        BUFG (Prop_bufg_I_O)         0.029     0.711 r  TCK_BUFG_inst/O
                         net (fo=507, routed)         0.826     1.537    u_jtag_mac/u_simcycle_fifo/u_simcycle_fifo/U0/inst_fifo_gen/gconvfifo.rf/grf.rf/rstblk/wr_clk
    SLICE_X31Y34         FDRE                                         r  u_jtag_mac/u_simcycle_fifo/u_simcycle_fifo/U0/inst_fifo_gen/gconvfifo.rf/grf.rf/rstblk/grstd1.grst_full.grst_f.rst_d1_reg/C
                         clock pessimism             -0.104     1.433    
    SLICE_X31Y34         FDRE (Hold_fdre_C_D)         0.070     1.503    u_jtag_mac/u_simcycle_fifo/u_simcycle_fifo/U0/inst_fifo_gen/gconvfifo.rf/grf.rf/rstblk/grstd1.grst_full.grst_f.rst_d1_reg
  -------------------------------------------------------------------
                         required time                         -1.503    
                         arrival time                           1.585    
  -------------------------------------------------------------------
                         slack                                  0.082    

Slack (MET) :             0.090ns  (arrival time - required time)
  Source:                 u_jtag_mac/data_buffer_reg[7]/C
                            (rising edge-triggered cell FDRE clocked by TCK  {rise@0.000ns fall@7.576ns period=15.152ns})
  Destination:            u_jtag_mac/wr_len_reg[7]/D
                            (rising edge-triggered cell FDRE clocked by TCK  {rise@0.000ns fall@7.576ns period=15.152ns})
  Path Group:             TCK
  Path Type:              Hold (Min at Fast Process Corner)
  Requirement:            0.000ns  (TCK rise@0.000ns - TCK rise@0.000ns)
  Data Path Delay:        0.423ns  (logic 0.164ns (38.816%)  route 0.259ns (61.184%))
  Logic Levels:           0  
  Clock Path Skew:        0.267ns (DCD - SCD - CPR)
    Destination Clock Delay (DCD):    1.541ns
    Source Clock Delay      (SCD):    1.170ns
    Clock Pessimism Removal (CPR):    0.104ns

    Location             Delay type                Incr(ns)  Path(ns)    Netlist Resource(s)
  -------------------------------------------------------------------    -------------------
                         (clock TCK rise edge)        0.000     0.000 r  
    BSCAN_X0Y0           BSCANE2                      0.000     0.000 r  u_BSCANE2/TCK
                         net (fo=1, routed)           0.586     0.586    TCK
    BUFGCTRL_X0Y0        BUFG (Prop_bufg_I_O)         0.026     0.612 r  TCK_BUFG_inst/O
                         net (fo=507, routed)         0.558     1.170    u_jtag_mac/TCK_BUFG
    SLICE_X34Y36         FDRE                                         r  u_jtag_mac/data_buffer_reg[7]/C
  -------------------------------------------------------------------    -------------------
    SLICE_X34Y36         FDRE (Prop_fdre_C_Q)         0.164     1.334 r  u_jtag_mac/data_buffer_reg[7]/Q
                         net (fo=4, routed)           0.259     1.592    u_jtag_mac/p_1_out[6]
    SLICE_X44Y37         FDRE                                         r  u_jtag_mac/wr_len_reg[7]/D
  -------------------------------------------------------------------    -------------------

                         (clock TCK rise edge)        0.000     0.000 r  
    BSCAN_X0Y0           BSCANE2                      0.000     0.000 r  u_BSCANE2/TCK
                         net (fo=1, routed)           0.682     0.682    TCK
    BUFGCTRL_X0Y0        BUFG (Prop_bufg_I_O)         0.029     0.711 r  TCK_BUFG_inst/O
                         net (fo=507, routed)         0.830     1.541    u_jtag_mac/TCK_BUFG
    SLICE_X44Y37         FDRE                                         r  u_jtag_mac/wr_len_reg[7]/C
                         clock pessimism             -0.104     1.437    
    SLICE_X44Y37         FDRE (Hold_fdre_C_D)         0.066     1.503    u_jtag_mac/wr_len_reg[7]
  -------------------------------------------------------------------
                         required time                         -1.503    
                         arrival time                           1.592    
  -------------------------------------------------------------------
                         slack                                  0.090    

Slack (MET) :             0.104ns  (arrival time - required time)
  Source:                 u_jtag_mac/ver_output_reg_reg[16]/C
                            (rising edge-triggered cell FDRE clocked by TCK  {rise@0.000ns fall@7.576ns period=15.152ns})
  Destination:            u_jtag_mac/ver_output_reg_reg[15]/D
                            (rising edge-triggered cell FDRE clocked by TCK  {rise@0.000ns fall@7.576ns period=15.152ns})
  Path Group:             TCK
  Path Type:              Hold (Min at Fast Process Corner)
  Requirement:            0.000ns  (TCK rise@0.000ns - TCK rise@0.000ns)
  Data Path Delay:        0.238ns  (logic 0.186ns (78.117%)  route 0.052ns (21.883%))
  Logic Levels:           1  (LUT6=1)
  Clock Path Skew:        0.013ns (DCD - SCD - CPR)
    Destination Clock Delay (DCD):    1.545ns
    Source Clock Delay      (SCD):    1.176ns
    Clock Pessimism Removal (CPR):    0.356ns

    Location             Delay type                Incr(ns)  Path(ns)    Netlist Resource(s)
  -------------------------------------------------------------------    -------------------
                         (clock TCK rise edge)        0.000     0.000 r  
    BSCAN_X0Y0           BSCANE2                      0.000     0.000 r  u_BSCANE2/TCK
                         net (fo=1, routed)           0.586     0.586    TCK
    BUFGCTRL_X0Y0        BUFG (Prop_bufg_I_O)         0.026     0.612 r  TCK_BUFG_inst/O
                         net (fo=507, routed)         0.564     1.176    u_jtag_mac/TCK_BUFG
    SLICE_X47Y45         FDRE                                         r  u_jtag_mac/ver_output_reg_reg[16]/C
  -------------------------------------------------------------------    -------------------
    SLICE_X47Y45         FDRE (Prop_fdre_C_Q)         0.141     1.317 r  u_jtag_mac/ver_output_reg_reg[16]/Q
                         net (fo=1, routed)           0.052     1.369    u_jtag_mac/ver_output_reg_reg_n_0_[16]
    SLICE_X46Y45         LUT6 (Prop_lut6_I0_O)        0.045     1.414 r  u_jtag_mac/ver_output_reg[15]_i_1/O
                         net (fo=1, routed)           0.000     1.414    u_jtag_mac/ver_output_reg[15]_i_1_n_0
    SLICE_X46Y45         FDRE                                         r  u_jtag_mac/ver_output_reg_reg[15]/D
  -------------------------------------------------------------------    -------------------

                         (clock TCK rise edge)        0.000     0.000 r  
    BSCAN_X0Y0           BSCANE2                      0.000     0.000 r  u_BSCANE2/TCK
                         net (fo=1, routed)           0.682     0.682    TCK
    BUFGCTRL_X0Y0        BUFG (Prop_bufg_I_O)         0.029     0.711 r  TCK_BUFG_inst/O
                         net (fo=507, routed)         0.834     1.545    u_jtag_mac/TCK_BUFG
    SLICE_X46Y45         FDRE                                         r  u_jtag_mac/ver_output_reg_reg[15]/C
                         clock pessimism             -0.356     1.189    
    SLICE_X46Y45         FDRE (Hold_fdre_C_D)         0.121     1.310    u_jtag_mac/ver_output_reg_reg[15]
  -------------------------------------------------------------------
                         required time                         -1.310    
                         arrival time                           1.414    
  -------------------------------------------------------------------
                         slack                                  0.104    

Slack (MET) :             0.106ns  (arrival time - required time)
  Source:                 u_jtag_mac/ver_output_reg_reg[4]/C
                            (rising edge-triggered cell FDRE clocked by TCK  {rise@0.000ns fall@7.576ns period=15.152ns})
  Destination:            u_jtag_mac/ver_output_reg_reg[3]/D
                            (rising edge-triggered cell FDRE clocked by TCK  {rise@0.000ns fall@7.576ns period=15.152ns})
  Path Group:             TCK
  Path Type:              Hold (Min at Fast Process Corner)
  Requirement:            0.000ns  (TCK rise@0.000ns - TCK rise@0.000ns)
  Data Path Delay:        0.240ns  (logic 0.186ns (77.466%)  route 0.054ns (22.534%))
  Logic Levels:           1  (LUT6=1)
  Clock Path Skew:        0.013ns (DCD - SCD - CPR)
    Destination Clock Delay (DCD):    1.545ns
    Source Clock Delay      (SCD):    1.176ns
    Clock Pessimism Removal (CPR):    0.356ns

    Location             Delay type                Incr(ns)  Path(ns)    Netlist Resource(s)
  -------------------------------------------------------------------    -------------------
                         (clock TCK rise edge)        0.000     0.000 r  
    BSCAN_X0Y0           BSCANE2                      0.000     0.000 r  u_BSCANE2/TCK
                         net (fo=1, routed)           0.586     0.586    TCK
    BUFGCTRL_X0Y0        BUFG (Prop_bufg_I_O)         0.026     0.612 r  TCK_BUFG_inst/O
                         net (fo=507, routed)         0.564     1.176    u_jtag_mac/TCK_BUFG
    SLICE_X47Y46         FDRE                                         r  u_jtag_mac/ver_output_reg_reg[4]/C
  -------------------------------------------------------------------    -------------------
    SLICE_X47Y46         FDRE (Prop_fdre_C_Q)         0.141     1.317 r  u_jtag_mac/ver_output_reg_reg[4]/Q
                         net (fo=1, routed)           0.054     1.371    u_jtag_mac/ver_output_reg_reg_n_0_[4]
    SLICE_X46Y46         LUT6 (Prop_lut6_I0_O)        0.045     1.416 r  u_jtag_mac/ver_output_reg[3]_i_1/O
                         net (fo=1, routed)           0.000     1.416    u_jtag_mac/ver_output_reg[3]_i_1_n_0
    SLICE_X46Y46         FDRE                                         r  u_jtag_mac/ver_output_reg_reg[3]/D
  -------------------------------------------------------------------    -------------------

                         (clock TCK rise edge)        0.000     0.000 r  
    BSCAN_X0Y0           BSCANE2                      0.000     0.000 r  u_BSCANE2/TCK
                         net (fo=1, routed)           0.682     0.682    TCK
    BUFGCTRL_X0Y0        BUFG (Prop_bufg_I_O)         0.029     0.711 r  TCK_BUFG_inst/O
                         net (fo=507, routed)         0.834     1.545    u_jtag_mac/TCK_BUFG
    SLICE_X46Y46         FDRE                                         r  u_jtag_mac/ver_output_reg_reg[3]/C
                         clock pessimism             -0.356     1.189    
    SLICE_X46Y46         FDRE (Hold_fdre_C_D)         0.121     1.310    u_jtag_mac/ver_output_reg_reg[3]
  -------------------------------------------------------------------
                         required time                         -1.310    
                         arrival time                           1.416    
  -------------------------------------------------------------------
                         slack                                  0.106    

Slack (MET) :             0.121ns  (arrival time - required time)
  Source:                 u_jtag_mac/u_post_chif_fifo/u_jtag_mac_fifo/U0/inst_fifo_gen/gconvfifo.rf/grf.rf/gntv_or_sync_fifo.gcx.clkx/wr_pntr_cdc_inst/dest_graysync_ff_reg[0][2]/C
                            (rising edge-triggered cell FDRE clocked by TCK  {rise@0.000ns fall@7.576ns period=15.152ns})
  Destination:            u_jtag_mac/u_post_chif_fifo/u_jtag_mac_fifo/U0/inst_fifo_gen/gconvfifo.rf/grf.rf/gntv_or_sync_fifo.gcx.clkx/wr_pntr_cdc_inst/dest_graysync_ff_reg[1][2]/D
                            (rising edge-triggered cell FDRE clocked by TCK  {rise@0.000ns fall@7.576ns period=15.152ns})
  Path Group:             TCK
  Path Type:              Hold (Min at Fast Process Corner)
  Requirement:            0.000ns  (TCK rise@0.000ns - TCK rise@0.000ns)
  Data Path Delay:        0.197ns  (logic 0.141ns (71.611%)  route 0.056ns (28.389%))
  Logic Levels:           0  
  Clock Path Skew:        0.000ns (DCD - SCD - CPR)
    Destination Clock Delay (DCD):    1.545ns
    Source Clock Delay      (SCD):    1.176ns
    Clock Pessimism Removal (CPR):    0.369ns

    Location             Delay type                Incr(ns)  Path(ns)    Netlist Resource(s)
  -------------------------------------------------------------------    -------------------
                         (clock TCK rise edge)        0.000     0.000 r  
    BSCAN_X0Y0           BSCANE2                      0.000     0.000 r  u_BSCANE2/TCK
                         net (fo=1, routed)           0.586     0.586    TCK
    BUFGCTRL_X0Y0        BUFG (Prop_bufg_I_O)         0.026     0.612 r  TCK_BUFG_inst/O
                         net (fo=507, routed)         0.564     1.176    u_jtag_mac/u_post_chif_fifo/u_jtag_mac_fifo/U0/inst_fifo_gen/gconvfifo.rf/grf.rf/gntv_or_sync_fifo.gcx.clkx/wr_pntr_cdc_inst/dest_clk
    SLICE_X15Y39         FDRE                                         r  u_jtag_mac/u_post_chif_fifo/u_jtag_mac_fifo/U0/inst_fifo_gen/gconvfifo.rf/grf.rf/gntv_or_sync_fifo.gcx.clkx/wr_pntr_cdc_inst/dest_graysync_ff_reg[0][2]/C
  -------------------------------------------------------------------    -------------------
    SLICE_X15Y39         FDRE (Prop_fdre_C_Q)         0.141     1.317 r  u_jtag_mac/u_post_chif_fifo/u_jtag_mac_fifo/U0/inst_fifo_gen/gconvfifo.rf/grf.rf/gntv_or_sync_fifo.gcx.clkx/wr_pntr_cdc_inst/dest_graysync_ff_reg[0][2]/Q
                         net (fo=1, routed)           0.056     1.373    u_jtag_mac/u_post_chif_fifo/u_jtag_mac_fifo/U0/inst_fifo_gen/gconvfifo.rf/grf.rf/gntv_or_sync_fifo.gcx.clkx/wr_pntr_cdc_inst/dest_graysync_ff[0][2]
    SLICE_X15Y39         FDRE                                         r  u_jtag_mac/u_post_chif_fifo/u_jtag_mac_fifo/U0/inst_fifo_gen/gconvfifo.rf/grf.rf/gntv_or_sync_fifo.gcx.clkx/wr_pntr_cdc_inst/dest_graysync_ff_reg[1][2]/D
  -------------------------------------------------------------------    -------------------

                         (clock TCK rise edge)        0.000     0.000 r  
    BSCAN_X0Y0           BSCANE2                      0.000     0.000 r  u_BSCANE2/TCK
                         net (fo=1, routed)           0.682     0.682    TCK
    BUFGCTRL_X0Y0        BUFG (Prop_bufg_I_O)         0.029     0.711 r  TCK_BUFG_inst/O
                         net (fo=507, routed)         0.834     1.545    u_jtag_mac/u_post_chif_fifo/u_jtag_mac_fifo/U0/inst_fifo_gen/gconvfifo.rf/grf.rf/gntv_or_sync_fifo.gcx.clkx/wr_pntr_cdc_inst/dest_clk
    SLICE_X15Y39         FDRE                                         r  u_jtag_mac/u_post_chif_fifo/u_jtag_mac_fifo/U0/inst_fifo_gen/gconvfifo.rf/grf.rf/gntv_or_sync_fifo.gcx.clkx/wr_pntr_cdc_inst/dest_graysync_ff_reg[1][2]/C
                         clock pessimism             -0.369     1.176    
    SLICE_X15Y39         FDRE (Hold_fdre_C_D)         0.076     1.252    u_jtag_mac/u_post_chif_fifo/u_jtag_mac_fifo/U0/inst_fifo_gen/gconvfifo.rf/grf.rf/gntv_or_sync_fifo.gcx.clkx/wr_pntr_cdc_inst/dest_graysync_ff_reg[1][2]
  -------------------------------------------------------------------
                         required time                         -1.252    
                         arrival time                           1.373    
  -------------------------------------------------------------------
                         slack                                  0.121    

Slack (MET) :             0.121ns  (arrival time - required time)
  Source:                 u_jtag_mac/u_pre_chif_fifo/u_jtag_mac_fifo/U0/inst_fifo_gen/gconvfifo.rf/grf.rf/gntv_or_sync_fifo.gcx.clkx/rd_pntr_cdc_inst/dest_graysync_ff_reg[0][2]/C
                            (rising edge-triggered cell FDRE clocked by TCK  {rise@0.000ns fall@7.576ns period=15.152ns})
  Destination:            u_jtag_mac/u_pre_chif_fifo/u_jtag_mac_fifo/U0/inst_fifo_gen/gconvfifo.rf/grf.rf/gntv_or_sync_fifo.gcx.clkx/rd_pntr_cdc_inst/dest_graysync_ff_reg[1][2]/D
                            (rising edge-triggered cell FDRE clocked by TCK  {rise@0.000ns fall@7.576ns period=15.152ns})
  Path Group:             TCK
  Path Type:              Hold (Min at Fast Process Corner)
  Requirement:            0.000ns  (TCK rise@0.000ns - TCK rise@0.000ns)
  Data Path Delay:        0.197ns  (logic 0.141ns (71.611%)  route 0.056ns (28.389%))
  Logic Levels:           0  
  Clock Path Skew:        0.000ns (DCD - SCD - CPR)
    Destination Clock Delay (DCD):    1.536ns
    Source Clock Delay      (SCD):    1.170ns
    Clock Pessimism Removal (CPR):    0.366ns

    Location             Delay type                Incr(ns)  Path(ns)    Netlist Resource(s)
  -------------------------------------------------------------------    -------------------
                         (clock TCK rise edge)        0.000     0.000 r  
    BSCAN_X0Y0           BSCANE2                      0.000     0.000 r  u_BSCANE2/TCK
                         net (fo=1, routed)           0.586     0.586    TCK
    BUFGCTRL_X0Y0        BUFG (Prop_bufg_I_O)         0.026     0.612 r  TCK_BUFG_inst/O
                         net (fo=507, routed)         0.558     1.170    u_jtag_mac/u_pre_chif_fifo/u_jtag_mac_fifo/U0/inst_fifo_gen/gconvfifo.rf/grf.rf/gntv_or_sync_fifo.gcx.clkx/rd_pntr_cdc_inst/dest_clk
    SLICE_X31Y16         FDRE                                         r  u_jtag_mac/u_pre_chif_fifo/u_jtag_mac_fifo/U0/inst_fifo_gen/gconvfifo.rf/grf.rf/gntv_or_sync_fifo.gcx.clkx/rd_pntr_cdc_inst/dest_graysync_ff_reg[0][2]/C
  -------------------------------------------------------------------    -------------------
    SLICE_X31Y16         FDRE (Prop_fdre_C_Q)         0.141     1.311 r  u_jtag_mac/u_pre_chif_fifo/u_jtag_mac_fifo/U0/inst_fifo_gen/gconvfifo.rf/grf.rf/gntv_or_sync_fifo.gcx.clkx/rd_pntr_cdc_inst/dest_graysync_ff_reg[0][2]/Q
                         net (fo=1, routed)           0.056     1.367    u_jtag_mac/u_pre_chif_fifo/u_jtag_mac_fifo/U0/inst_fifo_gen/gconvfifo.rf/grf.rf/gntv_or_sync_fifo.gcx.clkx/rd_pntr_cdc_inst/dest_graysync_ff[0][2]
    SLICE_X31Y16         FDRE                                         r  u_jtag_mac/u_pre_chif_fifo/u_jtag_mac_fifo/U0/inst_fifo_gen/gconvfifo.rf/grf.rf/gntv_or_sync_fifo.gcx.clkx/rd_pntr_cdc_inst/dest_graysync_ff_reg[1][2]/D
  -------------------------------------------------------------------    -------------------

                         (clock TCK rise edge)        0.000     0.000 r  
    BSCAN_X0Y0           BSCANE2                      0.000     0.000 r  u_BSCANE2/TCK
                         net (fo=1, routed)           0.682     0.682    TCK
    BUFGCTRL_X0Y0        BUFG (Prop_bufg_I_O)         0.029     0.711 r  TCK_BUFG_inst/O
                         net (fo=507, routed)         0.825     1.536    u_jtag_mac/u_pre_chif_fifo/u_jtag_mac_fifo/U0/inst_fifo_gen/gconvfifo.rf/grf.rf/gntv_or_sync_fifo.gcx.clkx/rd_pntr_cdc_inst/dest_clk
    SLICE_X31Y16         FDRE                                         r  u_jtag_mac/u_pre_chif_fifo/u_jtag_mac_fifo/U0/inst_fifo_gen/gconvfifo.rf/grf.rf/gntv_or_sync_fifo.gcx.clkx/rd_pntr_cdc_inst/dest_graysync_ff_reg[1][2]/C
                         clock pessimism             -0.366     1.170    
    SLICE_X31Y16         FDRE (Hold_fdre_C_D)         0.076     1.246    u_jtag_mac/u_pre_chif_fifo/u_jtag_mac_fifo/U0/inst_fifo_gen/gconvfifo.rf/grf.rf/gntv_or_sync_fifo.gcx.clkx/rd_pntr_cdc_inst/dest_graysync_ff_reg[1][2]
  -------------------------------------------------------------------
                         required time                         -1.246    
                         arrival time                           1.367    
  -------------------------------------------------------------------
                         slack                                  0.121    

Slack (MET) :             0.122ns  (arrival time - required time)
  Source:                 u_jtag_mac/u_post_chif_fifo/u_jtag_mac_fifo/U0/inst_fifo_gen/gconvfifo.rf/grf.rf/gntv_or_sync_fifo.gcx.clkx/wr_pntr_cdc_inst/dest_graysync_ff_reg[0][10]/C
                            (rising edge-triggered cell FDRE clocked by TCK  {rise@0.000ns fall@7.576ns period=15.152ns})
  Destination:            u_jtag_mac/u_post_chif_fifo/u_jtag_mac_fifo/U0/inst_fifo_gen/gconvfifo.rf/grf.rf/gntv_or_sync_fifo.gcx.clkx/wr_pntr_cdc_inst/dest_graysync_ff_reg[1][10]/D
                            (rising edge-triggered cell FDRE clocked by TCK  {rise@0.000ns fall@7.576ns period=15.152ns})
  Path Group:             TCK
  Path Type:              Hold (Min at Fast Process Corner)
  Requirement:            0.000ns  (TCK rise@0.000ns - TCK rise@0.000ns)
  Data Path Delay:        0.197ns  (logic 0.141ns (71.611%)  route 0.056ns (28.389%))
  Logic Levels:           0  
  Clock Path Skew:        0.000ns (DCD - SCD - CPR)
    Destination Clock Delay (DCD):    1.547ns
    Source Clock Delay      (SCD):    1.178ns
    Clock Pessimism Removal (CPR):    0.369ns

    Location             Delay type                Incr(ns)  Path(ns)    Netlist Resource(s)
  -------------------------------------------------------------------    -------------------
                         (clock TCK rise edge)        0.000     0.000 r  
    BSCAN_X0Y0           BSCANE2                      0.000     0.000 r  u_BSCANE2/TCK
                         net (fo=1, routed)           0.586     0.586    TCK
    BUFGCTRL_X0Y0        BUFG (Prop_bufg_I_O)         0.026     0.612 r  TCK_BUFG_inst/O
                         net (fo=507, routed)         0.566     1.178    u_jtag_mac/u_post_chif_fifo/u_jtag_mac_fifo/U0/inst_fifo_gen/gconvfifo.rf/grf.rf/gntv_or_sync_fifo.gcx.clkx/wr_pntr_cdc_inst/dest_clk
    SLICE_X13Y45         FDRE                                         r  u_jtag_mac/u_post_chif_fifo/u_jtag_mac_fifo/U0/inst_fifo_gen/gconvfifo.rf/grf.rf/gntv_or_sync_fifo.gcx.clkx/wr_pntr_cdc_inst/dest_graysync_ff_reg[0][10]/C
  -------------------------------------------------------------------    -------------------
    SLICE_X13Y45         FDRE (Prop_fdre_C_Q)         0.141     1.319 r  u_jtag_mac/u_post_chif_fifo/u_jtag_mac_fifo/U0/inst_fifo_gen/gconvfifo.rf/grf.rf/gntv_or_sync_fifo.gcx.clkx/wr_pntr_cdc_inst/dest_graysync_ff_reg[0][10]/Q
                         net (fo=1, routed)           0.056     1.375    u_jtag_mac/u_post_chif_fifo/u_jtag_mac_fifo/U0/inst_fifo_gen/gconvfifo.rf/grf.rf/gntv_or_sync_fifo.gcx.clkx/wr_pntr_cdc_inst/dest_graysync_ff[0][10]
    SLICE_X13Y45         FDRE                                         r  u_jtag_mac/u_post_chif_fifo/u_jtag_mac_fifo/U0/inst_fifo_gen/gconvfifo.rf/grf.rf/gntv_or_sync_fifo.gcx.clkx/wr_pntr_cdc_inst/dest_graysync_ff_reg[1][10]/D
  -------------------------------------------------------------------    -------------------

                         (clock TCK rise edge)        0.000     0.000 r  
    BSCAN_X0Y0           BSCANE2                      0.000     0.000 r  u_BSCANE2/TCK
                         net (fo=1, routed)           0.682     0.682    TCK
    BUFGCTRL_X0Y0        BUFG (Prop_bufg_I_O)         0.029     0.711 r  TCK_BUFG_inst/O
                         net (fo=507, routed)         0.836     1.547    u_jtag_mac/u_post_chif_fifo/u_jtag_mac_fifo/U0/inst_fifo_gen/gconvfifo.rf/grf.rf/gntv_or_sync_fifo.gcx.clkx/wr_pntr_cdc_inst/dest_clk
    SLICE_X13Y45         FDRE                                         r  u_jtag_mac/u_post_chif_fifo/u_jtag_mac_fifo/U0/inst_fifo_gen/gconvfifo.rf/grf.rf/gntv_or_sync_fifo.gcx.clkx/wr_pntr_cdc_inst/dest_graysync_ff_reg[1][10]/C
                         clock pessimism             -0.369     1.178    
    SLICE_X13Y45         FDRE (Hold_fdre_C_D)         0.075     1.253    u_jtag_mac/u_post_chif_fifo/u_jtag_mac_fifo/U0/inst_fifo_gen/gconvfifo.rf/grf.rf/gntv_or_sync_fifo.gcx.clkx/wr_pntr_cdc_inst/dest_graysync_ff_reg[1][10]
  -------------------------------------------------------------------
                         required time                         -1.253    
                         arrival time                           1.375    
  -------------------------------------------------------------------
                         slack                                  0.122    

Slack (MET) :             0.122ns  (arrival time - required time)
  Source:                 u_jtag_mac/u_post_chif_fifo/u_jtag_mac_fifo/U0/inst_fifo_gen/gconvfifo.rf/grf.rf/gntv_or_sync_fifo.gcx.clkx/wr_pntr_cdc_inst/dest_graysync_ff_reg[0][3]/C
                            (rising edge-triggered cell FDRE clocked by TCK  {rise@0.000ns fall@7.576ns period=15.152ns})
  Destination:            u_jtag_mac/u_post_chif_fifo/u_jtag_mac_fifo/U0/inst_fifo_gen/gconvfifo.rf/grf.rf/gntv_or_sync_fifo.gcx.clkx/wr_pntr_cdc_inst/dest_graysync_ff_reg[1][3]/D
                            (rising edge-triggered cell FDRE clocked by TCK  {rise@0.000ns fall@7.576ns period=15.152ns})
  Path Group:             TCK
  Path Type:              Hold (Min at Fast Process Corner)
  Requirement:            0.000ns  (TCK rise@0.000ns - TCK rise@0.000ns)
  Data Path Delay:        0.197ns  (logic 0.141ns (71.611%)  route 0.056ns (28.389%))
  Logic Levels:           0  
  Clock Path Skew:        0.000ns (DCD - SCD - CPR)
    Destination Clock Delay (DCD):    1.545ns
    Source Clock Delay      (SCD):    1.176ns
    Clock Pessimism Removal (CPR):    0.369ns

    Location             Delay type                Incr(ns)  Path(ns)    Netlist Resource(s)
  -------------------------------------------------------------------    -------------------
                         (clock TCK rise edge)        0.000     0.000 r  
    BSCAN_X0Y0           BSCANE2                      0.000     0.000 r  u_BSCANE2/TCK
                         net (fo=1, routed)           0.586     0.586    TCK
    BUFGCTRL_X0Y0        BUFG (Prop_bufg_I_O)         0.026     0.612 r  TCK_BUFG_inst/O
                         net (fo=507, routed)         0.564     1.176    u_jtag_mac/u_post_chif_fifo/u_jtag_mac_fifo/U0/inst_fifo_gen/gconvfifo.rf/grf.rf/gntv_or_sync_fifo.gcx.clkx/wr_pntr_cdc_inst/dest_clk
    SLICE_X13Y39         FDRE                                         r  u_jtag_mac/u_post_chif_fifo/u_jtag_mac_fifo/U0/inst_fifo_gen/gconvfifo.rf/grf.rf/gntv_or_sync_fifo.gcx.clkx/wr_pntr_cdc_inst/dest_graysync_ff_reg[0][3]/C
  -------------------------------------------------------------------    -------------------
    SLICE_X13Y39         FDRE (Prop_fdre_C_Q)         0.141     1.317 r  u_jtag_mac/u_post_chif_fifo/u_jtag_mac_fifo/U0/inst_fifo_gen/gconvfifo.rf/grf.rf/gntv_or_sync_fifo.gcx.clkx/wr_pntr_cdc_inst/dest_graysync_ff_reg[0][3]/Q
                         net (fo=1, routed)           0.056     1.373    u_jtag_mac/u_post_chif_fifo/u_jtag_mac_fifo/U0/inst_fifo_gen/gconvfifo.rf/grf.rf/gntv_or_sync_fifo.gcx.clkx/wr_pntr_cdc_inst/dest_graysync_ff[0][3]
    SLICE_X13Y39         FDRE                                         r  u_jtag_mac/u_post_chif_fifo/u_jtag_mac_fifo/U0/inst_fifo_gen/gconvfifo.rf/grf.rf/gntv_or_sync_fifo.gcx.clkx/wr_pntr_cdc_inst/dest_graysync_ff_reg[1][3]/D
  -------------------------------------------------------------------    -------------------

                         (clock TCK rise edge)        0.000     0.000 r  
    BSCAN_X0Y0           BSCANE2                      0.000     0.000 r  u_BSCANE2/TCK
                         net (fo=1, routed)           0.682     0.682    TCK
    BUFGCTRL_X0Y0        BUFG (Prop_bufg_I_O)         0.029     0.711 r  TCK_BUFG_inst/O
                         net (fo=507, routed)         0.834     1.545    u_jtag_mac/u_post_chif_fifo/u_jtag_mac_fifo/U0/inst_fifo_gen/gconvfifo.rf/grf.rf/gntv_or_sync_fifo.gcx.clkx/wr_pntr_cdc_inst/dest_clk
    SLICE_X13Y39         FDRE                                         r  u_jtag_mac/u_post_chif_fifo/u_jtag_mac_fifo/U0/inst_fifo_gen/gconvfifo.rf/grf.rf/gntv_or_sync_fifo.gcx.clkx/wr_pntr_cdc_inst/dest_graysync_ff_reg[1][3]/C
                         clock pessimism             -0.369     1.176    
    SLICE_X13Y39         FDRE (Hold_fdre_C_D)         0.075     1.251    u_jtag_mac/u_post_chif_fifo/u_jtag_mac_fifo/U0/inst_fifo_gen/gconvfifo.rf/grf.rf/gntv_or_sync_fifo.gcx.clkx/wr_pntr_cdc_inst/dest_graysync_ff_reg[1][3]
  -------------------------------------------------------------------
                         required time                         -1.251    
                         arrival time                           1.373    
  -------------------------------------------------------------------
                         slack                                  0.122    

Slack (MET) :             0.122ns  (arrival time - required time)
  Source:                 u_jtag_mac/u_post_chif_fifo/u_jtag_mac_fifo/U0/inst_fifo_gen/gconvfifo.rf/grf.rf/gntv_or_sync_fifo.gcx.clkx/wr_pntr_cdc_inst/dest_graysync_ff_reg[0][4]/C
                            (rising edge-triggered cell FDRE clocked by TCK  {rise@0.000ns fall@7.576ns period=15.152ns})
  Destination:            u_jtag_mac/u_post_chif_fifo/u_jtag_mac_fifo/U0/inst_fifo_gen/gconvfifo.rf/grf.rf/gntv_or_sync_fifo.gcx.clkx/wr_pntr_cdc_inst/dest_graysync_ff_reg[1][4]/D
                            (rising edge-triggered cell FDRE clocked by TCK  {rise@0.000ns fall@7.576ns period=15.152ns})
  Path Group:             TCK
  Path Type:              Hold (Min at Fast Process Corner)
  Requirement:            0.000ns  (TCK rise@0.000ns - TCK rise@0.000ns)
  Data Path Delay:        0.197ns  (logic 0.141ns (71.611%)  route 0.056ns (28.389%))
  Logic Levels:           0  
  Clock Path Skew:        0.000ns (DCD - SCD - CPR)
    Destination Clock Delay (DCD):    1.545ns
    Source Clock Delay      (SCD):    1.176ns
    Clock Pessimism Removal (CPR):    0.369ns

    Location             Delay type                Incr(ns)  Path(ns)    Netlist Resource(s)
  -------------------------------------------------------------------    -------------------
                         (clock TCK rise edge)        0.000     0.000 r  
    BSCAN_X0Y0           BSCANE2                      0.000     0.000 r  u_BSCANE2/TCK
                         net (fo=1, routed)           0.586     0.586    TCK
    BUFGCTRL_X0Y0        BUFG (Prop_bufg_I_O)         0.026     0.612 r  TCK_BUFG_inst/O
                         net (fo=507, routed)         0.564     1.176    u_jtag_mac/u_post_chif_fifo/u_jtag_mac_fifo/U0/inst_fifo_gen/gconvfifo.rf/grf.rf/gntv_or_sync_fifo.gcx.clkx/wr_pntr_cdc_inst/dest_clk
    SLICE_X11Y39         FDRE                                         r  u_jtag_mac/u_post_chif_fifo/u_jtag_mac_fifo/U0/inst_fifo_gen/gconvfifo.rf/grf.rf/gntv_or_sync_fifo.gcx.clkx/wr_pntr_cdc_inst/dest_graysync_ff_reg[0][4]/C
  -------------------------------------------------------------------    -------------------
    SLICE_X11Y39         FDRE (Prop_fdre_C_Q)         0.141     1.317 r  u_jtag_mac/u_post_chif_fifo/u_jtag_mac_fifo/U0/inst_fifo_gen/gconvfifo.rf/grf.rf/gntv_or_sync_fifo.gcx.clkx/wr_pntr_cdc_inst/dest_graysync_ff_reg[0][4]/Q
                         net (fo=1, routed)           0.056     1.373    u_jtag_mac/u_post_chif_fifo/u_jtag_mac_fifo/U0/inst_fifo_gen/gconvfifo.rf/grf.rf/gntv_or_sync_fifo.gcx.clkx/wr_pntr_cdc_inst/dest_graysync_ff[0][4]
    SLICE_X11Y39         FDRE                                         r  u_jtag_mac/u_post_chif_fifo/u_jtag_mac_fifo/U0/inst_fifo_gen/gconvfifo.rf/grf.rf/gntv_or_sync_fifo.gcx.clkx/wr_pntr_cdc_inst/dest_graysync_ff_reg[1][4]/D
  -------------------------------------------------------------------    -------------------

                         (clock TCK rise edge)        0.000     0.000 r  
    BSCAN_X0Y0           BSCANE2                      0.000     0.000 r  u_BSCANE2/TCK
                         net (fo=1, routed)           0.682     0.682    TCK
    BUFGCTRL_X0Y0        BUFG (Prop_bufg_I_O)         0.029     0.711 r  TCK_BUFG_inst/O
                         net (fo=507, routed)         0.834     1.545    u_jtag_mac/u_post_chif_fifo/u_jtag_mac_fifo/U0/inst_fifo_gen/gconvfifo.rf/grf.rf/gntv_or_sync_fifo.gcx.clkx/wr_pntr_cdc_inst/dest_clk
    SLICE_X11Y39         FDRE                                         r  u_jtag_mac/u_post_chif_fifo/u_jtag_mac_fifo/U0/inst_fifo_gen/gconvfifo.rf/grf.rf/gntv_or_sync_fifo.gcx.clkx/wr_pntr_cdc_inst/dest_graysync_ff_reg[1][4]/C
                         clock pessimism             -0.369     1.176    
    SLICE_X11Y39         FDRE (Hold_fdre_C_D)         0.075     1.251    u_jtag_mac/u_post_chif_fifo/u_jtag_mac_fifo/U0/inst_fifo_gen/gconvfifo.rf/grf.rf/gntv_or_sync_fifo.gcx.clkx/wr_pntr_cdc_inst/dest_graysync_ff_reg[1][4]
  -------------------------------------------------------------------
                         required time                         -1.251    
                         arrival time                           1.373    
  -------------------------------------------------------------------
                         slack                                  0.122    

Slack (MET) :             0.122ns  (arrival time - required time)
  Source:                 u_jtag_mac/u_pre_chif_fifo/u_jtag_mac_fifo/U0/inst_fifo_gen/gconvfifo.rf/grf.rf/gntv_or_sync_fifo.gcx.clkx/rd_pntr_cdc_inst/dest_graysync_ff_reg[0][10]/C
                            (rising edge-triggered cell FDRE clocked by TCK  {rise@0.000ns fall@7.576ns period=15.152ns})
  Destination:            u_jtag_mac/u_pre_chif_fifo/u_jtag_mac_fifo/U0/inst_fifo_gen/gconvfifo.rf/grf.rf/gntv_or_sync_fifo.gcx.clkx/rd_pntr_cdc_inst/dest_graysync_ff_reg[1][10]/D
                            (rising edge-triggered cell FDRE clocked by TCK  {rise@0.000ns fall@7.576ns period=15.152ns})
  Path Group:             TCK
  Path Type:              Hold (Min at Fast Process Corner)
  Requirement:            0.000ns  (TCK rise@0.000ns - TCK rise@0.000ns)
  Data Path Delay:        0.197ns  (logic 0.141ns (71.611%)  route 0.056ns (28.389%))
  Logic Levels:           0  
  Clock Path Skew:        0.000ns (DCD - SCD - CPR)
    Destination Clock Delay (DCD):    1.535ns
    Source Clock Delay      (SCD):    1.168ns
    Clock Pessimism Removal (CPR):    0.367ns

    Location             Delay type                Incr(ns)  Path(ns)    Netlist Resource(s)
  -------------------------------------------------------------------    -------------------
                         (clock TCK rise edge)        0.000     0.000 r  
    BSCAN_X0Y0           BSCANE2                      0.000     0.000 r  u_BSCANE2/TCK
                         net (fo=1, routed)           0.586     0.586    TCK
    BUFGCTRL_X0Y0        BUFG (Prop_bufg_I_O)         0.026     0.612 r  TCK_BUFG_inst/O
                         net (fo=507, routed)         0.556     1.168    u_jtag_mac/u_pre_chif_fifo/u_jtag_mac_fifo/U0/inst_fifo_gen/gconvfifo.rf/grf.rf/gntv_or_sync_fifo.gcx.clkx/rd_pntr_cdc_inst/dest_clk
    SLICE_X29Y18         FDRE                                         r  u_jtag_mac/u_pre_chif_fifo/u_jtag_mac_fifo/U0/inst_fifo_gen/gconvfifo.rf/grf.rf/gntv_or_sync_fifo.gcx.clkx/rd_pntr_cdc_inst/dest_graysync_ff_reg[0][10]/C
  -------------------------------------------------------------------    -------------------
    SLICE_X29Y18         FDRE (Prop_fdre_C_Q)         0.141     1.309 r  u_jtag_mac/u_pre_chif_fifo/u_jtag_mac_fifo/U0/inst_fifo_gen/gconvfifo.rf/grf.rf/gntv_or_sync_fifo.gcx.clkx/rd_pntr_cdc_inst/dest_graysync_ff_reg[0][10]/Q
                         net (fo=1, routed)           0.056     1.365    u_jtag_mac/u_pre_chif_fifo/u_jtag_mac_fifo/U0/inst_fifo_gen/gconvfifo.rf/grf.rf/gntv_or_sync_fifo.gcx.clkx/rd_pntr_cdc_inst/dest_graysync_ff[0][10]
    SLICE_X29Y18         FDRE                                         r  u_jtag_mac/u_pre_chif_fifo/u_jtag_mac_fifo/U0/inst_fifo_gen/gconvfifo.rf/grf.rf/gntv_or_sync_fifo.gcx.clkx/rd_pntr_cdc_inst/dest_graysync_ff_reg[1][10]/D
  -------------------------------------------------------------------    -------------------

                         (clock TCK rise edge)        0.000     0.000 r  
    BSCAN_X0Y0           BSCANE2                      0.000     0.000 r  u_BSCANE2/TCK
                         net (fo=1, routed)           0.682     0.682    TCK
    BUFGCTRL_X0Y0        BUFG (Prop_bufg_I_O)         0.029     0.711 r  TCK_BUFG_inst/O
                         net (fo=507, routed)         0.824     1.535    u_jtag_mac/u_pre_chif_fifo/u_jtag_mac_fifo/U0/inst_fifo_gen/gconvfifo.rf/grf.rf/gntv_or_sync_fifo.gcx.clkx/rd_pntr_cdc_inst/dest_clk
    SLICE_X29Y18         FDRE                                         r  u_jtag_mac/u_pre_chif_fifo/u_jtag_mac_fifo/U0/inst_fifo_gen/gconvfifo.rf/grf.rf/gntv_or_sync_fifo.gcx.clkx/rd_pntr_cdc_inst/dest_graysync_ff_reg[1][10]/C
                         clock pessimism             -0.367     1.168    
    SLICE_X29Y18         FDRE (Hold_fdre_C_D)         0.075     1.243    u_jtag_mac/u_pre_chif_fifo/u_jtag_mac_fifo/U0/inst_fifo_gen/gconvfifo.rf/grf.rf/gntv_or_sync_fifo.gcx.clkx/rd_pntr_cdc_inst/dest_graysync_ff_reg[1][10]
  -------------------------------------------------------------------
                         required time                         -1.243    
                         arrival time                           1.365    
  -------------------------------------------------------------------
                         slack                                  0.122    





Pulse Width Checks
--------------------------------------------------------------------------------------
Clock Name:         TCK
Waveform(ns):       { 0.000 7.576 }
Period(ns):         15.152
Sources:            { u_BSCANE2/TCK }

Check Type        Corner  Lib Pin             Reference Pin  Required(ns)  Actual(ns)  Slack(ns)  Location       Pin
Min Period        n/a     RAMB36E1/CLKBWRCLK  n/a            2.576         15.152      12.576     RAMB36_X0Y8    u_jtag_mac/u_post_chif_fifo/u_jtag_mac_fifo/U0/inst_fifo_gen/gconvfifo.rf/grf.rf/gntv_or_sync_fifo.mem/gbm.gbmg.gbmga.ngecc.bmg/inst_blk_mem_gen/gnbram.gnativebmg.native_blk_mem_gen/valid.cstr/ramloop[0].ram.r/prim_noinit.ram/DEVICE_7SERIES.NO_BMM_INFO.SDP.SIMPLE_PRIM36.ram/CLKBWRCLK
Min Period        n/a     RAMB36E1/CLKARDCLK  n/a            2.576         15.152      12.576     RAMB36_X0Y3    u_jtag_mac/u_pre_chif_fifo/u_jtag_mac_fifo/U0/inst_fifo_gen/gconvfifo.rf/grf.rf/gntv_or_sync_fifo.mem/gbm.gbmg.gbmga.ngecc.bmg/inst_blk_mem_gen/gnbram.gnativebmg.native_blk_mem_gen/valid.cstr/ramloop[0].ram.r/prim_noinit.ram/DEVICE_7SERIES.NO_BMM_INFO.SDP.SIMPLE_PRIM36.ram/CLKARDCLK
Min Period        n/a     RAMB18E1/CLKBWRCLK  n/a            2.576         15.152      12.576     RAMB18_X0Y14   u_jtag_mac/u_simcycle_fifo/u_simcycle_fifo/U0/inst_fifo_gen/gconvfifo.rf/grf.rf/gntv_or_sync_fifo.mem/gbm.gbmg.gbmga.ngecc.bmg/inst_blk_mem_gen/gnbram.gnativebmg.native_blk_mem_gen/valid.cstr/ramloop[0].ram.r/prim_noinit.ram/DEVICE_7SERIES.NO_BMM_INFO.SDP.WIDE_PRIM18.ram/CLKBWRCLK
Min Period        n/a     BUFG/I              n/a            2.155         15.152      12.997     BUFGCTRL_X0Y0  TCK_BUFG_inst/I
Min Period        n/a     FDSE/C              n/a            1.000         15.152      14.152     SLICE_X43Y40   u_jtag_mac/FSM_onehot_cs_reg[0]/C
Min Period        n/a     FDRE/C              n/a            1.000         15.152      14.152     SLICE_X42Y42   u_jtag_mac/FSM_onehot_cs_reg[10]/C
Min Period        n/a     FDRE/C              n/a            1.000         15.152      14.152     SLICE_X44Y40   u_jtag_mac/FSM_onehot_cs_reg[11]/C
Min Period        n/a     FDRE/C              n/a            1.000         15.152      14.152     SLICE_X42Y42   u_jtag_mac/FSM_onehot_cs_reg[12]/C
Min Period        n/a     FDRE/C              n/a            1.000         15.152      14.152     SLICE_X44Y41   u_jtag_mac/FSM_onehot_cs_reg[13]/C
Min Period        n/a     FDRE/C              n/a            1.000         15.152      14.152     SLICE_X41Y41   u_jtag_mac/FSM_onehot_cs_reg[14]/C
Low Pulse Width   Slow    SRL16E/CLK          n/a            0.980         7.576       6.596      SLICE_X10Y45   u_jtag_mac/u_post_chif_fifo/u_jtag_mac_fifo/U0/inst_fifo_gen/gconvfifo.rf/grf.rf/gntv_or_sync_fifo.mem/gbm.gbmg.gbmga.ngecc.bmg/inst_blk_mem_gen/gnbram.gnativebmg.native_blk_mem_gen/valid.cstr/ramloop[0].ram.r/SAFETY_CKT_GEN.RSTB_SHFT_REG_reg[3]_srl3/CLK
Low Pulse Width   Fast    SRL16E/CLK          n/a            0.980         7.576       6.596      SLICE_X10Y45   u_jtag_mac/u_post_chif_fifo/u_jtag_mac_fifo/U0/inst_fifo_gen/gconvfifo.rf/grf.rf/gntv_or_sync_fifo.mem/gbm.gbmg.gbmga.ngecc.bmg/inst_blk_mem_gen/gnbram.gnativebmg.native_blk_mem_gen/valid.cstr/ramloop[0].ram.r/SAFETY_CKT_GEN.RSTB_SHFT_REG_reg[3]_srl3/CLK
Low Pulse Width   Slow    SRL16E/CLK          n/a            0.980         7.576       6.596      SLICE_X30Y25   u_jtag_mac/u_pre_chif_fifo/u_jtag_mac_fifo/U0/inst_fifo_gen/gconvfifo.rf/grf.rf/gntv_or_sync_fifo.mem/gbm.gbmg.gbmga.ngecc.bmg/inst_blk_mem_gen/gnbram.gnativebmg.native_blk_mem_gen/valid.cstr/ramloop[0].ram.r/SAFETY_CKT_GEN.RSTA_SHFT_REG_reg[3]_srl3/CLK
Low Pulse Width   Fast    SRL16E/CLK          n/a            0.980         7.576       6.596      SLICE_X30Y25   u_jtag_mac/u_pre_chif_fifo/u_jtag_mac_fifo/U0/inst_fifo_gen/gconvfifo.rf/grf.rf/gntv_or_sync_fifo.mem/gbm.gbmg.gbmga.ngecc.bmg/inst_blk_mem_gen/gnbram.gnativebmg.native_blk_mem_gen/valid.cstr/ramloop[0].ram.r/SAFETY_CKT_GEN.RSTA_SHFT_REG_reg[3]_srl3/CLK
Low Pulse Width   Slow    SRL16E/CLK          n/a            0.980         7.576       6.596      SLICE_X30Y35   u_jtag_mac/u_simcycle_fifo/u_simcycle_fifo/U0/inst_fifo_gen/gconvfifo.rf/grf.rf/gntv_or_sync_fifo.mem/gbm.gbmg.gbmga.ngecc.bmg/inst_blk_mem_gen/gnbram.gnativebmg.native_blk_mem_gen/valid.cstr/ramloop[0].ram.r/SAFETY_CKT_GEN.ENA_NO_REG.ENA_dly_reg_srl2/CLK
Low Pulse Width   Fast    SRL16E/CLK          n/a            0.980         7.576       6.596      SLICE_X30Y35   u_jtag_mac/u_simcycle_fifo/u_simcycle_fifo/U0/inst_fifo_gen/gconvfifo.rf/grf.rf/gntv_or_sync_fifo.mem/gbm.gbmg.gbmga.ngecc.bmg/inst_blk_mem_gen/gnbram.gnativebmg.native_blk_mem_gen/valid.cstr/ramloop[0].ram.r/SAFETY_CKT_GEN.ENA_NO_REG.ENA_dly_reg_srl2/CLK
Low Pulse Width   Slow    SRL16E/CLK          n/a            0.980         7.576       6.596      SLICE_X42Y35   u_jtag_mac/u_simcycle_fifo/u_simcycle_fifo/U0/inst_fifo_gen/gconvfifo.rf/grf.rf/gntv_or_sync_fifo.mem/gbm.gbmg.gbmga.ngecc.bmg/inst_blk_mem_gen/gnbram.gnativebmg.native_blk_mem_gen/valid.cstr/ramloop[0].ram.r/SAFETY_CKT_GEN.RSTA_SHFT_REG_reg[3]_srl3/CLK
Low Pulse Width   Fast    SRL16E/CLK          n/a            0.980         7.576       6.596      SLICE_X42Y35   u_jtag_mac/u_simcycle_fifo/u_simcycle_fifo/U0/inst_fifo_gen/gconvfifo.rf/grf.rf/gntv_or_sync_fifo.mem/gbm.gbmg.gbmga.ngecc.bmg/inst_blk_mem_gen/gnbram.gnativebmg.native_blk_mem_gen/valid.cstr/ramloop[0].ram.r/SAFETY_CKT_GEN.RSTA_SHFT_REG_reg[3]_srl3/CLK
Low Pulse Width   Slow    FDSE/C              n/a            0.500         7.576       7.076      SLICE_X43Y40   u_jtag_mac/FSM_onehot_cs_reg[0]/C
Low Pulse Width   Fast    FDSE/C              n/a            0.500         7.576       7.076      SLICE_X43Y40   u_jtag_mac/FSM_onehot_cs_reg[0]/C
High Pulse Width  Slow    SRL16E/CLK          n/a            0.980         7.576       6.596      SLICE_X10Y45   u_jtag_mac/u_post_chif_fifo/u_jtag_mac_fifo/U0/inst_fifo_gen/gconvfifo.rf/grf.rf/gntv_or_sync_fifo.mem/gbm.gbmg.gbmga.ngecc.bmg/inst_blk_mem_gen/gnbram.gnativebmg.native_blk_mem_gen/valid.cstr/ramloop[0].ram.r/SAFETY_CKT_GEN.RSTB_SHFT_REG_reg[3]_srl3/CLK
High Pulse Width  Fast    SRL16E/CLK          n/a            0.980         7.576       6.596      SLICE_X10Y45   u_jtag_mac/u_post_chif_fifo/u_jtag_mac_fifo/U0/inst_fifo_gen/gconvfifo.rf/grf.rf/gntv_or_sync_fifo.mem/gbm.gbmg.gbmga.ngecc.bmg/inst_blk_mem_gen/gnbram.gnativebmg.native_blk_mem_gen/valid.cstr/ramloop[0].ram.r/SAFETY_CKT_GEN.RSTB_SHFT_REG_reg[3]_srl3/CLK
High Pulse Width  Slow    SRL16E/CLK          n/a            0.980         7.576       6.596      SLICE_X30Y25   u_jtag_mac/u_pre_chif_fifo/u_jtag_mac_fifo/U0/inst_fifo_gen/gconvfifo.rf/grf.rf/gntv_or_sync_fifo.mem/gbm.gbmg.gbmga.ngecc.bmg/inst_blk_mem_gen/gnbram.gnativebmg.native_blk_mem_gen/valid.cstr/ramloop[0].ram.r/SAFETY_CKT_GEN.RSTA_SHFT_REG_reg[3]_srl3/CLK
High Pulse Width  Fast    SRL16E/CLK          n/a            0.980         7.576       6.596      SLICE_X30Y25   u_jtag_mac/u_pre_chif_fifo/u_jtag_mac_fifo/U0/inst_fifo_gen/gconvfifo.rf/grf.rf/gntv_or_sync_fifo.mem/gbm.gbmg.gbmga.ngecc.bmg/inst_blk_mem_gen/gnbram.gnativebmg.native_blk_mem_gen/valid.cstr/ramloop[0].ram.r/SAFETY_CKT_GEN.RSTA_SHFT_REG_reg[3]_srl3/CLK
High Pulse Width  Slow    SRL16E/CLK          n/a            0.980         7.576       6.596      SLICE_X30Y35   u_jtag_mac/u_simcycle_fifo/u_simcycle_fifo/U0/inst_fifo_gen/gconvfifo.rf/grf.rf/gntv_or_sync_fifo.mem/gbm.gbmg.gbmga.ngecc.bmg/inst_blk_mem_gen/gnbram.gnativebmg.native_blk_mem_gen/valid.cstr/ramloop[0].ram.r/SAFETY_CKT_GEN.ENA_NO_REG.ENA_dly_reg_srl2/CLK
High Pulse Width  Fast    SRL16E/CLK          n/a            0.980         7.576       6.596      SLICE_X30Y35   u_jtag_mac/u_simcycle_fifo/u_simcycle_fifo/U0/inst_fifo_gen/gconvfifo.rf/grf.rf/gntv_or_sync_fifo.mem/gbm.gbmg.gbmga.ngecc.bmg/inst_blk_mem_gen/gnbram.gnativebmg.native_blk_mem_gen/valid.cstr/ramloop[0].ram.r/SAFETY_CKT_GEN.ENA_NO_REG.ENA_dly_reg_srl2/CLK
High Pulse Width  Slow    SRL16E/CLK          n/a            0.980         7.576       6.596      SLICE_X42Y35   u_jtag_mac/u_simcycle_fifo/u_simcycle_fifo/U0/inst_fifo_gen/gconvfifo.rf/grf.rf/gntv_or_sync_fifo.mem/gbm.gbmg.gbmga.ngecc.bmg/inst_blk_mem_gen/gnbram.gnativebmg.native_blk_mem_gen/valid.cstr/ramloop[0].ram.r/SAFETY_CKT_GEN.RSTA_SHFT_REG_reg[3]_srl3/CLK
High Pulse Width  Fast    SRL16E/CLK          n/a            0.980         7.576       6.596      SLICE_X42Y35   u_jtag_mac/u_simcycle_fifo/u_simcycle_fifo/U0/inst_fifo_gen/gconvfifo.rf/grf.rf/gntv_or_sync_fifo.mem/gbm.gbmg.gbmga.ngecc.bmg/inst_blk_mem_gen/gnbram.gnativebmg.native_blk_mem_gen/valid.cstr/ramloop[0].ram.r/SAFETY_CKT_GEN.RSTA_SHFT_REG_reg[3]_srl3/CLK
High Pulse Width  Slow    FDSE/C              n/a            0.500         7.576       7.076      SLICE_X43Y40   u_jtag_mac/FSM_onehot_cs_reg[0]/C
High Pulse Width  Fast    FDSE/C              n/a            0.500         7.576       7.076      SLICE_X43Y40   u_jtag_mac/FSM_onehot_cs_reg[0]/C



---------------------------------------------------------------------------------------------------
From Clock:  sysclk
  To Clock:  sysclk

Setup :           NA  Failing Endpoints,  Worst Slack           NA  ,  Total Violation           NA
Hold  :           NA  Failing Endpoints,  Worst Slack           NA  ,  Total Violation           NA
PW    :            0  Failing Endpoints,  Worst Slack        3.000ns,  Total Violation        0.000ns
---------------------------------------------------------------------------------------------------


Pulse Width Checks
--------------------------------------------------------------------------------------
Clock Name:         sysclk
Waveform(ns):       { 0.000 5.000 }
Period(ns):         10.000
Sources:            { sysclk }

Check Type        Corner  Lib Pin            Reference Pin  Required(ns)  Actual(ns)  Slack(ns)  Location         Pin
Min Period        n/a     MMCME2_ADV/CLKIN1  n/a            1.249         10.000      8.751      MMCME2_ADV_X1Y1  u_clk_wiz_0/inst/mmcm_adv_inst/CLKIN1
Max Period        n/a     MMCME2_ADV/CLKIN1  n/a            100.000       10.000      90.000     MMCME2_ADV_X1Y1  u_clk_wiz_0/inst/mmcm_adv_inst/CLKIN1
Low Pulse Width   Slow    MMCME2_ADV/CLKIN1  n/a            2.000         5.000       3.000      MMCME2_ADV_X1Y1  u_clk_wiz_0/inst/mmcm_adv_inst/CLKIN1
Low Pulse Width   Fast    MMCME2_ADV/CLKIN1  n/a            2.000         5.000       3.000      MMCME2_ADV_X1Y1  u_clk_wiz_0/inst/mmcm_adv_inst/CLKIN1
High Pulse Width  Slow    MMCME2_ADV/CLKIN1  n/a            2.000         5.000       3.000      MMCME2_ADV_X1Y1  u_clk_wiz_0/inst/mmcm_adv_inst/CLKIN1
High Pulse Width  Fast    MMCME2_ADV/CLKIN1  n/a            2.000         5.000       3.000      MMCME2_ADV_X1Y1  u_clk_wiz_0/inst/mmcm_adv_inst/CLKIN1



---------------------------------------------------------------------------------------------------
From Clock:  clk_out1_clk_wiz_0
  To Clock:  clk_out1_clk_wiz_0

Setup :           76  Failing Endpoints,  Worst Slack       -5.091ns,  Total Violation     -344.050ns
Hold  :            0  Failing Endpoints,  Worst Slack        0.023ns,  Total Violation        0.000ns
PW    :            0  Failing Endpoints,  Worst Slack       18.750ns,  Total Violation        0.000ns
---------------------------------------------------------------------------------------------------


Max Delay Paths
--------------------------------------------------------------------------------------
Slack (VIOLATED) :        -5.091ns  (required time - arrival time)
  Source:                 u_mwfil_chiftop/u_dut/u_Multichannel_FIR_Filter/u_Discrete_FIR_Filter/delay21_reg[1][0]/C
                            (rising edge-triggered cell FDCE clocked by clk_out1_clk_wiz_0  {rise@0.000ns fall@20.000ns period=40.000ns})
  Destination:            u_mwfil_chiftop/u_mwfil_chifcore/DUT2CHIF.u_d2bfifo/u_dpscram/mem_reg_0/DIPBDIP[2]
                            (rising edge-triggered cell RAMB36E1 clocked by clk_out1_clk_wiz_0  {rise@0.000ns fall@20.000ns period=40.000ns})
  Path Group:             clk_out1_clk_wiz_0
  Path Type:              Setup (Max at Slow Process Corner)
  Requirement:            40.000ns  (clk_out1_clk_wiz_0 rise@40.000ns - clk_out1_clk_wiz_0 rise@0.000ns)
  Data Path Delay:        44.662ns  (logic 41.552ns (93.037%)  route 3.110ns (6.963%))
  Logic Levels:           26  (CARRY4=4 DSP48E1=22)
  Clock Path Skew:        -0.091ns (DCD - SCD + CPR)
    Destination Clock Delay (DCD):    -1.471ns = ( 38.529 - 40.000 ) 
    Source Clock Delay      (SCD):    -0.896ns
    Clock Pessimism Removal (CPR):    0.485ns
  Clock Uncertainty:      0.098ns  ((TSJ^2 + DJ^2)^1/2) / 2 + PE
    Total System Jitter     (TSJ):    0.071ns
    Discrete Jitter          (DJ):    0.182ns
    Phase Error              (PE):    0.000ns

    Location             Delay type                Incr(ns)  Path(ns)    Netlist Resource(s)
  -------------------------------------------------------------------    -------------------
                         (clock clk_out1_clk_wiz_0 rise edge)
                                                      0.000     0.000 r  
    E3                                                0.000     0.000 r  sysclk (IN)
                         net (fo=0)                   0.000     0.000    u_clk_wiz_0/inst/clk_in1
    E3                   IBUF (Prop_ibuf_I_O)         1.489     1.489 r  u_clk_wiz_0/inst/clkin1_ibufg/O
                         net (fo=1, routed)           1.233     2.722    u_clk_wiz_0/inst/clk_in1_clk_wiz_0
    MMCME2_ADV_X1Y1      MMCME2_ADV (Prop_mmcme2_adv_CLKIN1_CLKOUT0)
                                                     -6.946    -4.224 r  u_clk_wiz_0/inst/mmcm_adv_inst/CLKOUT0
                         net (fo=1, routed)           1.661    -2.563    u_clk_wiz_0/inst/clk_out1_clk_wiz_0
    BUFGCTRL_X0Y16       BUFG (Prop_bufg_I_O)         0.096    -2.467 r  u_clk_wiz_0/inst/clkout1_buf/O
                         net (fo=2038, routed)        1.571    -0.896    u_mwfil_chiftop/u_dut/u_Multichannel_FIR_Filter/u_Discrete_FIR_Filter/clk_out1
    SLICE_X15Y4          FDCE                                         r  u_mwfil_chiftop/u_dut/u_Multichannel_FIR_Filter/u_Discrete_FIR_Filter/delay21_reg[1][0]/C
  -------------------------------------------------------------------    -------------------
    SLICE_X15Y4          FDCE (Prop_fdce_C_Q)         0.456    -0.440 r  u_mwfil_chiftop/u_dut/u_Multichannel_FIR_Filter/u_Discrete_FIR_Filter/delay21_reg[1][0]/Q
                         net (fo=3, routed)           0.627     0.187    u_mwfil_chiftop/u_dut/u_Multichannel_FIR_Filter/u_Discrete_FIR_Filter/delay21_reg[1]_63[0]
    SLICE_X12Y4          CARRY4 (Prop_carry4_DI[0]_CO[3])
                                                      0.550     0.737 r  u_mwfil_chiftop/u_dut/u_Multichannel_FIR_Filter/u_Discrete_FIR_Filter/gain21_mul_temp_1_i_4/CO[3]
                         net (fo=1, routed)           0.000     0.737    u_mwfil_chiftop/u_dut/u_Multichannel_FIR_Filter/u_Discrete_FIR_Filter/gain21_mul_temp_1_i_4_n_0
    SLICE_X12Y5          CARRY4 (Prop_carry4_CI_CO[3])
                                                      0.117     0.854 r  u_mwfil_chiftop/u_dut/u_Multichannel_FIR_Filter/u_Discrete_FIR_Filter/gain21_mul_temp_1_i_3/CO[3]
                         net (fo=1, routed)           0.000     0.854    u_mwfil_chiftop/u_dut/u_Multichannel_FIR_Filter/u_Discrete_FIR_Filter/gain21_mul_temp_1_i_3_n_0
    SLICE_X12Y6          CARRY4 (Prop_carry4_CI_CO[3])
                                                      0.117     0.971 r  u_mwfil_chiftop/u_dut/u_Multichannel_FIR_Filter/u_Discrete_FIR_Filter/gain21_mul_temp_1_i_2/CO[3]
                         net (fo=1, routed)           0.000     0.971    u_mwfil_chiftop/u_dut/u_Multichannel_FIR_Filter/u_Discrete_FIR_Filter/gain21_mul_temp_1_i_2_n_0
    SLICE_X12Y7          CARRY4 (Prop_carry4_CI_O[3])
                                                      0.315     1.286 r  u_mwfil_chiftop/u_dut/u_Multichannel_FIR_Filter/u_Discrete_FIR_Filter/gain21_mul_temp_1_i_1/O[3]
                         net (fo=15, routed)          0.817     2.104    u_mwfil_chiftop/u_dut/u_Multichannel_FIR_Filter/u_Discrete_FIR_Filter/gain21_mul_temp_1_i_1_n_4
    DSP48_X0Y2           DSP48E1 (Prop_dsp48e1_A[17]_PCOUT[47])
                                                      4.219     6.323 r  u_mwfil_chiftop/u_dut/u_Multichannel_FIR_Filter/u_Discrete_FIR_Filter/gain21_mul_temp_1/PCOUT[47]
                         net (fo=1, routed)           0.002     6.325    u_mwfil_chiftop/u_dut/u_Multichannel_FIR_Filter/u_Discrete_FIR_Filter/gain21_mul_temp_1_n_106
    DSP48_X0Y3           DSP48E1 (Prop_dsp48e1_PCIN[47]_PCOUT[47])
                                                      1.713     8.038 r  u_mwfil_chiftop/u_dut/u_Multichannel_FIR_Filter/u_Discrete_FIR_Filter/Discrete_FIR_Filter_out_tmp[1]/PCOUT[47]
                         net (fo=1, routed)           0.002     8.040    u_mwfil_chiftop/u_dut/u_Multichannel_FIR_Filter/u_Discrete_FIR_Filter/Discrete_FIR_Filter_out_tmp_n_106_[1]
    DSP48_X0Y4           DSP48E1 (Prop_dsp48e1_PCIN[47]_PCOUT[47])
                                                      1.713     9.753 r  u_mwfil_chiftop/u_dut/u_Multichannel_FIR_Filter/u_Discrete_FIR_Filter/Discrete_FIR_Filter_out_tmp[1]__0/PCOUT[47]
                         net (fo=1, routed)           0.002     9.755    u_mwfil_chiftop/u_dut/u_Multichannel_FIR_Filter/u_Discrete_FIR_Filter/Discrete_FIR_Filter_out_tmp[1]__0_n_106
    DSP48_X0Y5           DSP48E1 (Prop_dsp48e1_PCIN[47]_PCOUT[47])
                                                      1.713    11.468 r  u_mwfil_chiftop/u_dut/u_Multichannel_FIR_Filter/u_Discrete_FIR_Filter/Discrete_FIR_Filter_out_tmp[1]__1/PCOUT[47]
                         net (fo=1, routed)           0.002    11.470    u_mwfil_chiftop/u_dut/u_Multichannel_FIR_Filter/u_Discrete_FIR_Filter/Discrete_FIR_Filter_out_tmp[1]__1_n_106
    DSP48_X0Y6           DSP48E1 (Prop_dsp48e1_PCIN[47]_PCOUT[47])
                                                      1.713    13.183 r  u_mwfil_chiftop/u_dut/u_Multichannel_FIR_Filter/u_Discrete_FIR_Filter/Discrete_FIR_Filter_out_tmp[1]__2/PCOUT[47]
                         net (fo=1, routed)           0.002    13.185    u_mwfil_chiftop/u_dut/u_Multichannel_FIR_Filter/u_Discrete_FIR_Filter/Discrete_FIR_Filter_out_tmp[1]__2_n_106
    DSP48_X0Y7           DSP48E1 (Prop_dsp48e1_PCIN[47]_PCOUT[47])
                                                      1.713    14.898 r  u_mwfil_chiftop/u_dut/u_Multichannel_FIR_Filter/u_Discrete_FIR_Filter/Discrete_FIR_Filter_out_tmp[1]__3/PCOUT[47]
                         net (fo=1, routed)           0.002    14.900    u_mwfil_chiftop/u_dut/u_Multichannel_FIR_Filter/u_Discrete_FIR_Filter/Discrete_FIR_Filter_out_tmp[1]__3_n_106
    DSP48_X0Y8           DSP48E1 (Prop_dsp48e1_PCIN[47]_PCOUT[47])
                                                      1.713    16.613 r  u_mwfil_chiftop/u_dut/u_Multichannel_FIR_Filter/u_Discrete_FIR_Filter/Discrete_FIR_Filter_out_tmp[1]__4/PCOUT[47]
                         net (fo=1, routed)           0.002    16.615    u_mwfil_chiftop/u_dut/u_Multichannel_FIR_Filter/u_Discrete_FIR_Filter/Discrete_FIR_Filter_out_tmp[1]__4_n_106
    DSP48_X0Y9           DSP48E1 (Prop_dsp48e1_PCIN[47]_PCOUT[47])
                                                      1.713    18.328 r  u_mwfil_chiftop/u_dut/u_Multichannel_FIR_Filter/u_Discrete_FIR_Filter/Discrete_FIR_Filter_out_tmp[1]__5/PCOUT[47]
                         net (fo=1, routed)           0.056    18.383    u_mwfil_chiftop/u_dut/u_Multichannel_FIR_Filter/u_Discrete_FIR_Filter/Discrete_FIR_Filter_out_tmp[1]__5_n_106
    DSP48_X0Y10          DSP48E1 (Prop_dsp48e1_PCIN[47]_PCOUT[47])
                                                      1.713    20.096 r  u_mwfil_chiftop/u_dut/u_Multichannel_FIR_Filter/u_Discrete_FIR_Filter/Discrete_FIR_Filter_out_tmp[1]__6/PCOUT[47]
                         net (fo=1, routed)           0.002    20.098    u_mwfil_chiftop/u_dut/u_Multichannel_FIR_Filter/u_Discrete_FIR_Filter/Discrete_FIR_Filter_out_tmp[1]__6_n_106
    DSP48_X0Y11          DSP48E1 (Prop_dsp48e1_PCIN[47]_PCOUT[47])
                                                      1.713    21.811 r  u_mwfil_chiftop/u_dut/u_Multichannel_FIR_Filter/u_Discrete_FIR_Filter/Discrete_FIR_Filter_out_tmp[1]__7/PCOUT[47]
                         net (fo=1, routed)           0.002    21.813    u_mwfil_chiftop/u_dut/u_Multichannel_FIR_Filter/u_Discrete_FIR_Filter/Discrete_FIR_Filter_out_tmp[1]__7_n_106
    DSP48_X0Y12          DSP48E1 (Prop_dsp48e1_PCIN[47]_PCOUT[47])
                                                      1.713    23.526 r  u_mwfil_chiftop/u_dut/u_Multichannel_FIR_Filter/u_Discrete_FIR_Filter/Discrete_FIR_Filter_out_tmp[1]__8/PCOUT[47]
                         net (fo=1, routed)           0.002    23.528    u_mwfil_chiftop/u_dut/u_Multichannel_FIR_Filter/u_Discrete_FIR_Filter/Discrete_FIR_Filter_out_tmp[1]__8_n_106
    DSP48_X0Y13          DSP48E1 (Prop_dsp48e1_PCIN[47]_PCOUT[47])
                                                      1.713    25.241 r  u_mwfil_chiftop/u_dut/u_Multichannel_FIR_Filter/u_Discrete_FIR_Filter/Discrete_FIR_Filter_out_tmp[1]__9/PCOUT[47]
                         net (fo=1, routed)           0.002    25.243    u_mwfil_chiftop/u_dut/u_Multichannel_FIR_Filter/u_Discrete_FIR_Filter/Discrete_FIR_Filter_out_tmp[1]__9_n_106
    DSP48_X0Y14          DSP48E1 (Prop_dsp48e1_PCIN[47]_PCOUT[47])
                                                      1.713    26.956 r  u_mwfil_chiftop/u_dut/u_Multichannel_FIR_Filter/u_Discrete_FIR_Filter/Discrete_FIR_Filter_out_tmp[1]__10/PCOUT[47]
                         net (fo=1, routed)           0.002    26.958    u_mwfil_chiftop/u_dut/u_Multichannel_FIR_Filter/u_Discrete_FIR_Filter/Discrete_FIR_Filter_out_tmp[1]__10_n_106
    DSP48_X0Y15          DSP48E1 (Prop_dsp48e1_PCIN[47]_PCOUT[47])
                                                      1.713    28.671 r  u_mwfil_chiftop/u_dut/u_Multichannel_FIR_Filter/u_Discrete_FIR_Filter/Discrete_FIR_Filter_out_tmp[1]__11/PCOUT[47]
                         net (fo=1, routed)           0.002    28.673    u_mwfil_chiftop/u_dut/u_Multichannel_FIR_Filter/u_Discrete_FIR_Filter/Discrete_FIR_Filter_out_tmp[1]__11_n_106
    DSP48_X0Y16          DSP48E1 (Prop_dsp48e1_PCIN[47]_PCOUT[47])
                                                      1.713    30.386 r  u_mwfil_chiftop/u_dut/u_Multichannel_FIR_Filter/u_Discrete_FIR_Filter/Discrete_FIR_Filter_out_tmp[1]__12/PCOUT[47]
                         net (fo=1, routed)           0.002    30.388    u_mwfil_chiftop/u_dut/u_Multichannel_FIR_Filter/u_Discrete_FIR_Filter/Discrete_FIR_Filter_out_tmp[1]__12_n_106
    DSP48_X0Y17          DSP48E1 (Prop_dsp48e1_PCIN[47]_PCOUT[47])
                                                      1.713    32.101 r  u_mwfil_chiftop/u_dut/u_Multichannel_FIR_Filter/u_Discrete_FIR_Filter/Discrete_FIR_Filter_out_tmp[1]__13/PCOUT[47]
                         net (fo=1, routed)           0.002    32.103    u_mwfil_chiftop/u_dut/u_Multichannel_FIR_Filter/u_Discrete_FIR_Filter/Discrete_FIR_Filter_out_tmp[1]__13_n_106
    DSP48_X0Y18          DSP48E1 (Prop_dsp48e1_PCIN[47]_PCOUT[47])
                                                      1.713    33.816 r  u_mwfil_chiftop/u_dut/u_Multichannel_FIR_Filter/u_Discrete_FIR_Filter/Discrete_FIR_Filter_out_tmp[1]__14/PCOUT[47]
                         net (fo=1, routed)           0.002    33.818    u_mwfil_chiftop/u_dut/u_Multichannel_FIR_Filter/u_Discrete_FIR_Filter/Discrete_FIR_Filter_out_tmp[1]__14_n_106
    DSP48_X0Y19          DSP48E1 (Prop_dsp48e1_PCIN[47]_PCOUT[47])
                                                      1.713    35.531 r  u_mwfil_chiftop/u_dut/u_Multichannel_FIR_Filter/u_Discrete_FIR_Filter/Discrete_FIR_Filter_out_tmp[1]__15/PCOUT[47]
                         net (fo=1, routed)           0.002    35.533    u_mwfil_chiftop/u_dut/u_Multichannel_FIR_Filter/u_Discrete_FIR_Filter/Discrete_FIR_Filter_out_tmp[1]__15_n_106
    DSP48_X0Y20          DSP48E1 (Prop_dsp48e1_PCIN[47]_PCOUT[47])
                                                      1.713    37.246 r  u_mwfil_chiftop/u_dut/u_Multichannel_FIR_Filter/u_Discrete_FIR_Filter/Discrete_FIR_Filter_out_tmp[1]__16/PCOUT[47]
                         net (fo=1, routed)           0.002    37.248    u_mwfil_chiftop/u_dut/u_Multichannel_FIR_Filter/u_Discrete_FIR_Filter/Discrete_FIR_Filter_out_tmp[1]__16_n_106
    DSP48_X0Y21          DSP48E1 (Prop_dsp48e1_PCIN[47]_PCOUT[47])
                                                      1.713    38.961 r  u_mwfil_chiftop/u_dut/u_Multichannel_FIR_Filter/u_Discrete_FIR_Filter/Discrete_FIR_Filter_out_tmp[1]__17/PCOUT[47]
                         net (fo=1, routed)           0.002    38.963    u_mwfil_chiftop/u_dut/u_Multichannel_FIR_Filter/u_Discrete_FIR_Filter/Discrete_FIR_Filter_out_tmp[1]__17_n_106
    DSP48_X0Y22          DSP48E1 (Prop_dsp48e1_PCIN[47]_PCOUT[47])
                                                      1.713    40.676 r  u_mwfil_chiftop/u_dut/u_Multichannel_FIR_Filter/u_Discrete_FIR_Filter/Discrete_FIR_Filter_out_tmp[1]__18/PCOUT[47]
                         net (fo=1, routed)           0.002    40.678    u_mwfil_chiftop/u_dut/u_Multichannel_FIR_Filter/u_Discrete_FIR_Filter/Discrete_FIR_Filter_out_tmp[1]__18_n_106
    DSP48_X0Y23          DSP48E1 (Prop_dsp48e1_PCIN[47]_P[22])
                                                      1.518    42.196 r  u_mwfil_chiftop/u_dut/u_Multichannel_FIR_Filter/u_Discrete_FIR_Filter/Discrete_FIR_Filter_out_tmp[1]__19/P[22]
                         net (fo=1, routed)           1.570    43.766    u_mwfil_chiftop/u_mwfil_chifcore/DUT2CHIF.u_d2bfifo/u_dpscram/wr_din[61]
    RAMB36_X1Y11         RAMB36E1                                     r  u_mwfil_chiftop/u_mwfil_chifcore/DUT2CHIF.u_d2bfifo/u_dpscram/mem_reg_0/DIPBDIP[2]
  -------------------------------------------------------------------    -------------------

                         (clock clk_out1_clk_wiz_0 rise edge)
                                                     40.000    40.000 r  
    E3                                                0.000    40.000 r  sysclk (IN)
                         net (fo=0)                   0.000    40.000    u_clk_wiz_0/inst/clk_in1
    E3                   IBUF (Prop_ibuf_I_O)         1.418    41.418 r  u_clk_wiz_0/inst/clkin1_ibufg/O
                         net (fo=1, routed)           1.162    42.580    u_clk_wiz_0/inst/clk_in1_clk_wiz_0
    MMCME2_ADV_X1Y1      MMCME2_ADV (Prop_mmcme2_adv_CLKIN1_CLKOUT0)
                                                     -7.204    35.376 r  u_clk_wiz_0/inst/mmcm_adv_inst/CLKOUT0
                         net (fo=1, routed)           1.581    36.957    u_clk_wiz_0/inst/clk_out1_clk_wiz_0
    BUFGCTRL_X0Y16       BUFG (Prop_bufg_I_O)         0.091    37.048 r  u_clk_wiz_0/inst/clkout1_buf/O
                         net (fo=2038, routed)        1.480    38.529    u_mwfil_chiftop/u_mwfil_chifcore/DUT2CHIF.u_d2bfifo/u_dpscram/clk_out1
    RAMB36_X1Y11         RAMB36E1                                     r  u_mwfil_chiftop/u_mwfil_chifcore/DUT2CHIF.u_d2bfifo/u_dpscram/mem_reg_0/CLKBWRCLK
                         clock pessimism              0.485    39.013    
                         clock uncertainty           -0.098    38.916    
    RAMB36_X1Y11         RAMB36E1 (Setup_ramb36e1_CLKBWRCLK_DIPBDIP[2])
                                                     -0.241    38.675    u_mwfil_chiftop/u_mwfil_chifcore/DUT2CHIF.u_d2bfifo/u_dpscram/mem_reg_0
  -------------------------------------------------------------------
                         required time                         38.675    
                         arrival time                         -43.766    
  -------------------------------------------------------------------
                         slack                                 -5.091    

Slack (VIOLATED) :        -5.091ns  (required time - arrival time)
  Source:                 u_mwfil_chiftop/u_dut/u_Multichannel_FIR_Filter/u_Discrete_FIR_Filter/delay21_reg[1][0]/C
                            (rising edge-triggered cell FDCE clocked by clk_out1_clk_wiz_0  {rise@0.000ns fall@20.000ns period=40.000ns})
  Destination:            u_mwfil_chiftop/u_mwfil_chifcore/DUT2CHIF.u_d2bfifo/u_dpscram/mem_reg_0/DIBDI[17]
                            (rising edge-triggered cell RAMB36E1 clocked by clk_out1_clk_wiz_0  {rise@0.000ns fall@20.000ns period=40.000ns})
  Path Group:             clk_out1_clk_wiz_0
  Path Type:              Setup (Max at Slow Process Corner)
  Requirement:            40.000ns  (clk_out1_clk_wiz_0 rise@40.000ns - clk_out1_clk_wiz_0 rise@0.000ns)
  Data Path Delay:        44.661ns  (logic 41.552ns (93.038%)  route 3.109ns (6.962%))
  Logic Levels:           26  (CARRY4=4 DSP48E1=22)
  Clock Path Skew:        -0.091ns (DCD - SCD + CPR)
    Destination Clock Delay (DCD):    -1.471ns = ( 38.529 - 40.000 ) 
    Source Clock Delay      (SCD):    -0.896ns
    Clock Pessimism Removal (CPR):    0.485ns
  Clock Uncertainty:      0.098ns  ((TSJ^2 + DJ^2)^1/2) / 2 + PE
    Total System Jitter     (TSJ):    0.071ns
    Discrete Jitter          (DJ):    0.182ns
    Phase Error              (PE):    0.000ns

    Location             Delay type                Incr(ns)  Path(ns)    Netlist Resource(s)
  -------------------------------------------------------------------    -------------------
                         (clock clk_out1_clk_wiz_0 rise edge)
                                                      0.000     0.000 r  
    E3                                                0.000     0.000 r  sysclk (IN)
                         net (fo=0)                   0.000     0.000    u_clk_wiz_0/inst/clk_in1
    E3                   IBUF (Prop_ibuf_I_O)         1.489     1.489 r  u_clk_wiz_0/inst/clkin1_ibufg/O
                         net (fo=1, routed)           1.233     2.722    u_clk_wiz_0/inst/clk_in1_clk_wiz_0
    MMCME2_ADV_X1Y1      MMCME2_ADV (Prop_mmcme2_adv_CLKIN1_CLKOUT0)
                                                     -6.946    -4.224 r  u_clk_wiz_0/inst/mmcm_adv_inst/CLKOUT0
                         net (fo=1, routed)           1.661    -2.563    u_clk_wiz_0/inst/clk_out1_clk_wiz_0
    BUFGCTRL_X0Y16       BUFG (Prop_bufg_I_O)         0.096    -2.467 r  u_clk_wiz_0/inst/clkout1_buf/O
                         net (fo=2038, routed)        1.571    -0.896    u_mwfil_chiftop/u_dut/u_Multichannel_FIR_Filter/u_Discrete_FIR_Filter/clk_out1
    SLICE_X15Y4          FDCE                                         r  u_mwfil_chiftop/u_dut/u_Multichannel_FIR_Filter/u_Discrete_FIR_Filter/delay21_reg[1][0]/C
  -------------------------------------------------------------------    -------------------
    SLICE_X15Y4          FDCE (Prop_fdce_C_Q)         0.456    -0.440 r  u_mwfil_chiftop/u_dut/u_Multichannel_FIR_Filter/u_Discrete_FIR_Filter/delay21_reg[1][0]/Q
                         net (fo=3, routed)           0.627     0.187    u_mwfil_chiftop/u_dut/u_Multichannel_FIR_Filter/u_Discrete_FIR_Filter/delay21_reg[1]_63[0]
    SLICE_X12Y4          CARRY4 (Prop_carry4_DI[0]_CO[3])
                                                      0.550     0.737 r  u_mwfil_chiftop/u_dut/u_Multichannel_FIR_Filter/u_Discrete_FIR_Filter/gain21_mul_temp_1_i_4/CO[3]
                         net (fo=1, routed)           0.000     0.737    u_mwfil_chiftop/u_dut/u_Multichannel_FIR_Filter/u_Discrete_FIR_Filter/gain21_mul_temp_1_i_4_n_0
    SLICE_X12Y5          CARRY4 (Prop_carry4_CI_CO[3])
                                                      0.117     0.854 r  u_mwfil_chiftop/u_dut/u_Multichannel_FIR_Filter/u_Discrete_FIR_Filter/gain21_mul_temp_1_i_3/CO[3]
                         net (fo=1, routed)           0.000     0.854    u_mwfil_chiftop/u_dut/u_Multichannel_FIR_Filter/u_Discrete_FIR_Filter/gain21_mul_temp_1_i_3_n_0
    SLICE_X12Y6          CARRY4 (Prop_carry4_CI_CO[3])
                                                      0.117     0.971 r  u_mwfil_chiftop/u_dut/u_Multichannel_FIR_Filter/u_Discrete_FIR_Filter/gain21_mul_temp_1_i_2/CO[3]
                         net (fo=1, routed)           0.000     0.971    u_mwfil_chiftop/u_dut/u_Multichannel_FIR_Filter/u_Discrete_FIR_Filter/gain21_mul_temp_1_i_2_n_0
    SLICE_X12Y7          CARRY4 (Prop_carry4_CI_O[3])
                                                      0.315     1.286 r  u_mwfil_chiftop/u_dut/u_Multichannel_FIR_Filter/u_Discrete_FIR_Filter/gain21_mul_temp_1_i_1/O[3]
                         net (fo=15, routed)          0.817     2.104    u_mwfil_chiftop/u_dut/u_Multichannel_FIR_Filter/u_Discrete_FIR_Filter/gain21_mul_temp_1_i_1_n_4
    DSP48_X0Y2           DSP48E1 (Prop_dsp48e1_A[17]_PCOUT[47])
                                                      4.219     6.323 r  u_mwfil_chiftop/u_dut/u_Multichannel_FIR_Filter/u_Discrete_FIR_Filter/gain21_mul_temp_1/PCOUT[47]
                         net (fo=1, routed)           0.002     6.325    u_mwfil_chiftop/u_dut/u_Multichannel_FIR_Filter/u_Discrete_FIR_Filter/gain21_mul_temp_1_n_106
    DSP48_X0Y3           DSP48E1 (Prop_dsp48e1_PCIN[47]_PCOUT[47])
                                                      1.713     8.038 r  u_mwfil_chiftop/u_dut/u_Multichannel_FIR_Filter/u_Discrete_FIR_Filter/Discrete_FIR_Filter_out_tmp[1]/PCOUT[47]
                         net (fo=1, routed)           0.002     8.040    u_mwfil_chiftop/u_dut/u_Multichannel_FIR_Filter/u_Discrete_FIR_Filter/Discrete_FIR_Filter_out_tmp_n_106_[1]
    DSP48_X0Y4           DSP48E1 (Prop_dsp48e1_PCIN[47]_PCOUT[47])
                                                      1.713     9.753 r  u_mwfil_chiftop/u_dut/u_Multichannel_FIR_Filter/u_Discrete_FIR_Filter/Discrete_FIR_Filter_out_tmp[1]__0/PCOUT[47]
                         net (fo=1, routed)           0.002     9.755    u_mwfil_chiftop/u_dut/u_Multichannel_FIR_Filter/u_Discrete_FIR_Filter/Discrete_FIR_Filter_out_tmp[1]__0_n_106
    DSP48_X0Y5           DSP48E1 (Prop_dsp48e1_PCIN[47]_PCOUT[47])
                                                      1.713    11.468 r  u_mwfil_chiftop/u_dut/u_Multichannel_FIR_Filter/u_Discrete_FIR_Filter/Discrete_FIR_Filter_out_tmp[1]__1/PCOUT[47]
                         net (fo=1, routed)           0.002    11.470    u_mwfil_chiftop/u_dut/u_Multichannel_FIR_Filter/u_Discrete_FIR_Filter/Discrete_FIR_Filter_out_tmp[1]__1_n_106
    DSP48_X0Y6           DSP48E1 (Prop_dsp48e1_PCIN[47]_PCOUT[47])
                                                      1.713    13.183 r  u_mwfil_chiftop/u_dut/u_Multichannel_FIR_Filter/u_Discrete_FIR_Filter/Discrete_FIR_Filter_out_tmp[1]__2/PCOUT[47]
                         net (fo=1, routed)           0.002    13.185    u_mwfil_chiftop/u_dut/u_Multichannel_FIR_Filter/u_Discrete_FIR_Filter/Discrete_FIR_Filter_out_tmp[1]__2_n_106
    DSP48_X0Y7           DSP48E1 (Prop_dsp48e1_PCIN[47]_PCOUT[47])
                                                      1.713    14.898 r  u_mwfil_chiftop/u_dut/u_Multichannel_FIR_Filter/u_Discrete_FIR_Filter/Discrete_FIR_Filter_out_tmp[1]__3/PCOUT[47]
                         net (fo=1, routed)           0.002    14.900    u_mwfil_chiftop/u_dut/u_Multichannel_FIR_Filter/u_Discrete_FIR_Filter/Discrete_FIR_Filter_out_tmp[1]__3_n_106
    DSP48_X0Y8           DSP48E1 (Prop_dsp48e1_PCIN[47]_PCOUT[47])
                                                      1.713    16.613 r  u_mwfil_chiftop/u_dut/u_Multichannel_FIR_Filter/u_Discrete_FIR_Filter/Discrete_FIR_Filter_out_tmp[1]__4/PCOUT[47]
                         net (fo=1, routed)           0.002    16.615    u_mwfil_chiftop/u_dut/u_Multichannel_FIR_Filter/u_Discrete_FIR_Filter/Discrete_FIR_Filter_out_tmp[1]__4_n_106
    DSP48_X0Y9           DSP48E1 (Prop_dsp48e1_PCIN[47]_PCOUT[47])
                                                      1.713    18.328 r  u_mwfil_chiftop/u_dut/u_Multichannel_FIR_Filter/u_Discrete_FIR_Filter/Discrete_FIR_Filter_out_tmp[1]__5/PCOUT[47]
                         net (fo=1, routed)           0.056    18.383    u_mwfil_chiftop/u_dut/u_Multichannel_FIR_Filter/u_Discrete_FIR_Filter/Discrete_FIR_Filter_out_tmp[1]__5_n_106
    DSP48_X0Y10          DSP48E1 (Prop_dsp48e1_PCIN[47]_PCOUT[47])
                                                      1.713    20.096 r  u_mwfil_chiftop/u_dut/u_Multichannel_FIR_Filter/u_Discrete_FIR_Filter/Discrete_FIR_Filter_out_tmp[1]__6/PCOUT[47]
                         net (fo=1, routed)           0.002    20.098    u_mwfil_chiftop/u_dut/u_Multichannel_FIR_Filter/u_Discrete_FIR_Filter/Discrete_FIR_Filter_out_tmp[1]__6_n_106
    DSP48_X0Y11          DSP48E1 (Prop_dsp48e1_PCIN[47]_PCOUT[47])
                                                      1.713    21.811 r  u_mwfil_chiftop/u_dut/u_Multichannel_FIR_Filter/u_Discrete_FIR_Filter/Discrete_FIR_Filter_out_tmp[1]__7/PCOUT[47]
                         net (fo=1, routed)           0.002    21.813    u_mwfil_chiftop/u_dut/u_Multichannel_FIR_Filter/u_Discrete_FIR_Filter/Discrete_FIR_Filter_out_tmp[1]__7_n_106
    DSP48_X0Y12          DSP48E1 (Prop_dsp48e1_PCIN[47]_PCOUT[47])
                                                      1.713    23.526 r  u_mwfil_chiftop/u_dut/u_Multichannel_FIR_Filter/u_Discrete_FIR_Filter/Discrete_FIR_Filter_out_tmp[1]__8/PCOUT[47]
                         net (fo=1, routed)           0.002    23.528    u_mwfil_chiftop/u_dut/u_Multichannel_FIR_Filter/u_Discrete_FIR_Filter/Discrete_FIR_Filter_out_tmp[1]__8_n_106
    DSP48_X0Y13          DSP48E1 (Prop_dsp48e1_PCIN[47]_PCOUT[47])
                                                      1.713    25.241 r  u_mwfil_chiftop/u_dut/u_Multichannel_FIR_Filter/u_Discrete_FIR_Filter/Discrete_FIR_Filter_out_tmp[1]__9/PCOUT[47]
                         net (fo=1, routed)           0.002    25.243    u_mwfil_chiftop/u_dut/u_Multichannel_FIR_Filter/u_Discrete_FIR_Filter/Discrete_FIR_Filter_out_tmp[1]__9_n_106
    DSP48_X0Y14          DSP48E1 (Prop_dsp48e1_PCIN[47]_PCOUT[47])
                                                      1.713    26.956 r  u_mwfil_chiftop/u_dut/u_Multichannel_FIR_Filter/u_Discrete_FIR_Filter/Discrete_FIR_Filter_out_tmp[1]__10/PCOUT[47]
                         net (fo=1, routed)           0.002    26.958    u_mwfil_chiftop/u_dut/u_Multichannel_FIR_Filter/u_Discrete_FIR_Filter/Discrete_FIR_Filter_out_tmp[1]__10_n_106
    DSP48_X0Y15          DSP48E1 (Prop_dsp48e1_PCIN[47]_PCOUT[47])
                                                      1.713    28.671 r  u_mwfil_chiftop/u_dut/u_Multichannel_FIR_Filter/u_Discrete_FIR_Filter/Discrete_FIR_Filter_out_tmp[1]__11/PCOUT[47]
                         net (fo=1, routed)           0.002    28.673    u_mwfil_chiftop/u_dut/u_Multichannel_FIR_Filter/u_Discrete_FIR_Filter/Discrete_FIR_Filter_out_tmp[1]__11_n_106
    DSP48_X0Y16          DSP48E1 (Prop_dsp48e1_PCIN[47]_PCOUT[47])
                                                      1.713    30.386 r  u_mwfil_chiftop/u_dut/u_Multichannel_FIR_Filter/u_Discrete_FIR_Filter/Discrete_FIR_Filter_out_tmp[1]__12/PCOUT[47]
                         net (fo=1, routed)           0.002    30.388    u_mwfil_chiftop/u_dut/u_Multichannel_FIR_Filter/u_Discrete_FIR_Filter/Discrete_FIR_Filter_out_tmp[1]__12_n_106
    DSP48_X0Y17          DSP48E1 (Prop_dsp48e1_PCIN[47]_PCOUT[47])
                                                      1.713    32.101 r  u_mwfil_chiftop/u_dut/u_Multichannel_FIR_Filter/u_Discrete_FIR_Filter/Discrete_FIR_Filter_out_tmp[1]__13/PCOUT[47]
                         net (fo=1, routed)           0.002    32.103    u_mwfil_chiftop/u_dut/u_Multichannel_FIR_Filter/u_Discrete_FIR_Filter/Discrete_FIR_Filter_out_tmp[1]__13_n_106
    DSP48_X0Y18          DSP48E1 (Prop_dsp48e1_PCIN[47]_PCOUT[47])
                                                      1.713    33.816 r  u_mwfil_chiftop/u_dut/u_Multichannel_FIR_Filter/u_Discrete_FIR_Filter/Discrete_FIR_Filter_out_tmp[1]__14/PCOUT[47]
                         net (fo=1, routed)           0.002    33.818    u_mwfil_chiftop/u_dut/u_Multichannel_FIR_Filter/u_Discrete_FIR_Filter/Discrete_FIR_Filter_out_tmp[1]__14_n_106
    DSP48_X0Y19          DSP48E1 (Prop_dsp48e1_PCIN[47]_PCOUT[47])
                                                      1.713    35.531 r  u_mwfil_chiftop/u_dut/u_Multichannel_FIR_Filter/u_Discrete_FIR_Filter/Discrete_FIR_Filter_out_tmp[1]__15/PCOUT[47]
                         net (fo=1, routed)           0.002    35.533    u_mwfil_chiftop/u_dut/u_Multichannel_FIR_Filter/u_Discrete_FIR_Filter/Discrete_FIR_Filter_out_tmp[1]__15_n_106
    DSP48_X0Y20          DSP48E1 (Prop_dsp48e1_PCIN[47]_PCOUT[47])
                                                      1.713    37.246 r  u_mwfil_chiftop/u_dut/u_Multichannel_FIR_Filter/u_Discrete_FIR_Filter/Discrete_FIR_Filter_out_tmp[1]__16/PCOUT[47]
                         net (fo=1, routed)           0.002    37.248    u_mwfil_chiftop/u_dut/u_Multichannel_FIR_Filter/u_Discrete_FIR_Filter/Discrete_FIR_Filter_out_tmp[1]__16_n_106
    DSP48_X0Y21          DSP48E1 (Prop_dsp48e1_PCIN[47]_PCOUT[47])
                                                      1.713    38.961 r  u_mwfil_chiftop/u_dut/u_Multichannel_FIR_Filter/u_Discrete_FIR_Filter/Discrete_FIR_Filter_out_tmp[1]__17/PCOUT[47]
                         net (fo=1, routed)           0.002    38.963    u_mwfil_chiftop/u_dut/u_Multichannel_FIR_Filter/u_Discrete_FIR_Filter/Discrete_FIR_Filter_out_tmp[1]__17_n_106
    DSP48_X0Y22          DSP48E1 (Prop_dsp48e1_PCIN[47]_PCOUT[47])
                                                      1.713    40.676 r  u_mwfil_chiftop/u_dut/u_Multichannel_FIR_Filter/u_Discrete_FIR_Filter/Discrete_FIR_Filter_out_tmp[1]__18/PCOUT[47]
                         net (fo=1, routed)           0.002    40.678    u_mwfil_chiftop/u_dut/u_Multichannel_FIR_Filter/u_Discrete_FIR_Filter/Discrete_FIR_Filter_out_tmp[1]__18_n_106
    DSP48_X0Y23          DSP48E1 (Prop_dsp48e1_PCIN[47]_P[1])
                                                      1.518    42.196 r  u_mwfil_chiftop/u_dut/u_Multichannel_FIR_Filter/u_Discrete_FIR_Filter/Discrete_FIR_Filter_out_tmp[1]__19/P[1]
                         net (fo=1, routed)           1.569    43.766    u_mwfil_chiftop/u_mwfil_chifcore/DUT2CHIF.u_d2bfifo/u_dpscram/wr_din[40]
    RAMB36_X1Y11         RAMB36E1                                     r  u_mwfil_chiftop/u_mwfil_chifcore/DUT2CHIF.u_d2bfifo/u_dpscram/mem_reg_0/DIBDI[17]
  -------------------------------------------------------------------    -------------------

                         (clock clk_out1_clk_wiz_0 rise edge)
                                                     40.000    40.000 r  
    E3                                                0.000    40.000 r  sysclk (IN)
                         net (fo=0)                   0.000    40.000    u_clk_wiz_0/inst/clk_in1
    E3                   IBUF (Prop_ibuf_I_O)         1.418    41.418 r  u_clk_wiz_0/inst/clkin1_ibufg/O
                         net (fo=1, routed)           1.162    42.580    u_clk_wiz_0/inst/clk_in1_clk_wiz_0
    MMCME2_ADV_X1Y1      MMCME2_ADV (Prop_mmcme2_adv_CLKIN1_CLKOUT0)
                                                     -7.204    35.376 r  u_clk_wiz_0/inst/mmcm_adv_inst/CLKOUT0
                         net (fo=1, routed)           1.581    36.957    u_clk_wiz_0/inst/clk_out1_clk_wiz_0
    BUFGCTRL_X0Y16       BUFG (Prop_bufg_I_O)         0.091    37.048 r  u_clk_wiz_0/inst/clkout1_buf/O
                         net (fo=2038, routed)        1.480    38.529    u_mwfil_chiftop/u_mwfil_chifcore/DUT2CHIF.u_d2bfifo/u_dpscram/clk_out1
    RAMB36_X1Y11         RAMB36E1                                     r  u_mwfil_chiftop/u_mwfil_chifcore/DUT2CHIF.u_d2bfifo/u_dpscram/mem_reg_0/CLKBWRCLK
                         clock pessimism              0.485    39.013    
                         clock uncertainty           -0.098    38.916    
    RAMB36_X1Y11         RAMB36E1 (Setup_ramb36e1_CLKBWRCLK_DIBDI[17])
                                                     -0.241    38.675    u_mwfil_chiftop/u_mwfil_chifcore/DUT2CHIF.u_d2bfifo/u_dpscram/mem_reg_0
  -------------------------------------------------------------------
                         required time                         38.675    
                         arrival time                         -43.766    
  -------------------------------------------------------------------
                         slack                                 -5.091    

Slack (VIOLATED) :        -5.067ns  (required time - arrival time)
  Source:                 u_mwfil_chiftop/u_dut/u_Multichannel_FIR_Filter/u_Discrete_FIR_Filter/delay21_reg[1][0]/C
                            (rising edge-triggered cell FDCE clocked by clk_out1_clk_wiz_0  {rise@0.000ns fall@20.000ns period=40.000ns})
  Destination:            u_mwfil_chiftop/u_mwfil_chifcore/DUT2CHIF.u_d2bfifo/u_dpscram/mem_reg_0/DIPADIP[2]
                            (rising edge-triggered cell RAMB36E1 clocked by clk_out1_clk_wiz_0  {rise@0.000ns fall@20.000ns period=40.000ns})
  Path Group:             clk_out1_clk_wiz_0
  Path Type:              Setup (Max at Slow Process Corner)
  Requirement:            40.000ns  (clk_out1_clk_wiz_0 rise@40.000ns - clk_out1_clk_wiz_0 rise@0.000ns)
  Data Path Delay:        44.637ns  (logic 41.552ns (93.088%)  route 3.085ns (6.912%))
  Logic Levels:           26  (CARRY4=4 DSP48E1=22)
  Clock Path Skew:        -0.091ns (DCD - SCD + CPR)
    Destination Clock Delay (DCD):    -1.471ns = ( 38.529 - 40.000 ) 
    Source Clock Delay      (SCD):    -0.896ns
    Clock Pessimism Removal (CPR):    0.485ns
  Clock Uncertainty:      0.098ns  ((TSJ^2 + DJ^2)^1/2) / 2 + PE
    Total System Jitter     (TSJ):    0.071ns
    Discrete Jitter          (DJ):    0.182ns
    Phase Error              (PE):    0.000ns

    Location             Delay type                Incr(ns)  Path(ns)    Netlist Resource(s)
  -------------------------------------------------------------------    -------------------
                         (clock clk_out1_clk_wiz_0 rise edge)
                                                      0.000     0.000 r  
    E3                                                0.000     0.000 r  sysclk (IN)
                         net (fo=0)                   0.000     0.000    u_clk_wiz_0/inst/clk_in1
    E3                   IBUF (Prop_ibuf_I_O)         1.489     1.489 r  u_clk_wiz_0/inst/clkin1_ibufg/O
                         net (fo=1, routed)           1.233     2.722    u_clk_wiz_0/inst/clk_in1_clk_wiz_0
    MMCME2_ADV_X1Y1      MMCME2_ADV (Prop_mmcme2_adv_CLKIN1_CLKOUT0)
                                                     -6.946    -4.224 r  u_clk_wiz_0/inst/mmcm_adv_inst/CLKOUT0
                         net (fo=1, routed)           1.661    -2.563    u_clk_wiz_0/inst/clk_out1_clk_wiz_0
    BUFGCTRL_X0Y16       BUFG (Prop_bufg_I_O)         0.096    -2.467 r  u_clk_wiz_0/inst/clkout1_buf/O
                         net (fo=2038, routed)        1.571    -0.896    u_mwfil_chiftop/u_dut/u_Multichannel_FIR_Filter/u_Discrete_FIR_Filter/clk_out1
    SLICE_X15Y4          FDCE                                         r  u_mwfil_chiftop/u_dut/u_Multichannel_FIR_Filter/u_Discrete_FIR_Filter/delay21_reg[1][0]/C
  -------------------------------------------------------------------    -------------------
    SLICE_X15Y4          FDCE (Prop_fdce_C_Q)         0.456    -0.440 r  u_mwfil_chiftop/u_dut/u_Multichannel_FIR_Filter/u_Discrete_FIR_Filter/delay21_reg[1][0]/Q
                         net (fo=3, routed)           0.627     0.187    u_mwfil_chiftop/u_dut/u_Multichannel_FIR_Filter/u_Discrete_FIR_Filter/delay21_reg[1]_63[0]
    SLICE_X12Y4          CARRY4 (Prop_carry4_DI[0]_CO[3])
                                                      0.550     0.737 r  u_mwfil_chiftop/u_dut/u_Multichannel_FIR_Filter/u_Discrete_FIR_Filter/gain21_mul_temp_1_i_4/CO[3]
                         net (fo=1, routed)           0.000     0.737    u_mwfil_chiftop/u_dut/u_Multichannel_FIR_Filter/u_Discrete_FIR_Filter/gain21_mul_temp_1_i_4_n_0
    SLICE_X12Y5          CARRY4 (Prop_carry4_CI_CO[3])
                                                      0.117     0.854 r  u_mwfil_chiftop/u_dut/u_Multichannel_FIR_Filter/u_Discrete_FIR_Filter/gain21_mul_temp_1_i_3/CO[3]
                         net (fo=1, routed)           0.000     0.854    u_mwfil_chiftop/u_dut/u_Multichannel_FIR_Filter/u_Discrete_FIR_Filter/gain21_mul_temp_1_i_3_n_0
    SLICE_X12Y6          CARRY4 (Prop_carry4_CI_CO[3])
                                                      0.117     0.971 r  u_mwfil_chiftop/u_dut/u_Multichannel_FIR_Filter/u_Discrete_FIR_Filter/gain21_mul_temp_1_i_2/CO[3]
                         net (fo=1, routed)           0.000     0.971    u_mwfil_chiftop/u_dut/u_Multichannel_FIR_Filter/u_Discrete_FIR_Filter/gain21_mul_temp_1_i_2_n_0
    SLICE_X12Y7          CARRY4 (Prop_carry4_CI_O[3])
                                                      0.315     1.286 r  u_mwfil_chiftop/u_dut/u_Multichannel_FIR_Filter/u_Discrete_FIR_Filter/gain21_mul_temp_1_i_1/O[3]
                         net (fo=15, routed)          0.817     2.104    u_mwfil_chiftop/u_dut/u_Multichannel_FIR_Filter/u_Discrete_FIR_Filter/gain21_mul_temp_1_i_1_n_4
    DSP48_X0Y2           DSP48E1 (Prop_dsp48e1_A[17]_PCOUT[47])
                                                      4.219     6.323 r  u_mwfil_chiftop/u_dut/u_Multichannel_FIR_Filter/u_Discrete_FIR_Filter/gain21_mul_temp_1/PCOUT[47]
                         net (fo=1, routed)           0.002     6.325    u_mwfil_chiftop/u_dut/u_Multichannel_FIR_Filter/u_Discrete_FIR_Filter/gain21_mul_temp_1_n_106
    DSP48_X0Y3           DSP48E1 (Prop_dsp48e1_PCIN[47]_PCOUT[47])
                                                      1.713     8.038 r  u_mwfil_chiftop/u_dut/u_Multichannel_FIR_Filter/u_Discrete_FIR_Filter/Discrete_FIR_Filter_out_tmp[1]/PCOUT[47]
                         net (fo=1, routed)           0.002     8.040    u_mwfil_chiftop/u_dut/u_Multichannel_FIR_Filter/u_Discrete_FIR_Filter/Discrete_FIR_Filter_out_tmp_n_106_[1]
    DSP48_X0Y4           DSP48E1 (Prop_dsp48e1_PCIN[47]_PCOUT[47])
                                                      1.713     9.753 r  u_mwfil_chiftop/u_dut/u_Multichannel_FIR_Filter/u_Discrete_FIR_Filter/Discrete_FIR_Filter_out_tmp[1]__0/PCOUT[47]
                         net (fo=1, routed)           0.002     9.755    u_mwfil_chiftop/u_dut/u_Multichannel_FIR_Filter/u_Discrete_FIR_Filter/Discrete_FIR_Filter_out_tmp[1]__0_n_106
    DSP48_X0Y5           DSP48E1 (Prop_dsp48e1_PCIN[47]_PCOUT[47])
                                                      1.713    11.468 r  u_mwfil_chiftop/u_dut/u_Multichannel_FIR_Filter/u_Discrete_FIR_Filter/Discrete_FIR_Filter_out_tmp[1]__1/PCOUT[47]
                         net (fo=1, routed)           0.002    11.470    u_mwfil_chiftop/u_dut/u_Multichannel_FIR_Filter/u_Discrete_FIR_Filter/Discrete_FIR_Filter_out_tmp[1]__1_n_106
    DSP48_X0Y6           DSP48E1 (Prop_dsp48e1_PCIN[47]_PCOUT[47])
                                                      1.713    13.183 r  u_mwfil_chiftop/u_dut/u_Multichannel_FIR_Filter/u_Discrete_FIR_Filter/Discrete_FIR_Filter_out_tmp[1]__2/PCOUT[47]
                         net (fo=1, routed)           0.002    13.185    u_mwfil_chiftop/u_dut/u_Multichannel_FIR_Filter/u_Discrete_FIR_Filter/Discrete_FIR_Filter_out_tmp[1]__2_n_106
    DSP48_X0Y7           DSP48E1 (Prop_dsp48e1_PCIN[47]_PCOUT[47])
                                                      1.713    14.898 r  u_mwfil_chiftop/u_dut/u_Multichannel_FIR_Filter/u_Discrete_FIR_Filter/Discrete_FIR_Filter_out_tmp[1]__3/PCOUT[47]
                         net (fo=1, routed)           0.002    14.900    u_mwfil_chiftop/u_dut/u_Multichannel_FIR_Filter/u_Discrete_FIR_Filter/Discrete_FIR_Filter_out_tmp[1]__3_n_106
    DSP48_X0Y8           DSP48E1 (Prop_dsp48e1_PCIN[47]_PCOUT[47])
                                                      1.713    16.613 r  u_mwfil_chiftop/u_dut/u_Multichannel_FIR_Filter/u_Discrete_FIR_Filter/Discrete_FIR_Filter_out_tmp[1]__4/PCOUT[47]
                         net (fo=1, routed)           0.002    16.615    u_mwfil_chiftop/u_dut/u_Multichannel_FIR_Filter/u_Discrete_FIR_Filter/Discrete_FIR_Filter_out_tmp[1]__4_n_106
    DSP48_X0Y9           DSP48E1 (Prop_dsp48e1_PCIN[47]_PCOUT[47])
                                                      1.713    18.328 r  u_mwfil_chiftop/u_dut/u_Multichannel_FIR_Filter/u_Discrete_FIR_Filter/Discrete_FIR_Filter_out_tmp[1]__5/PCOUT[47]
                         net (fo=1, routed)           0.056    18.383    u_mwfil_chiftop/u_dut/u_Multichannel_FIR_Filter/u_Discrete_FIR_Filter/Discrete_FIR_Filter_out_tmp[1]__5_n_106
    DSP48_X0Y10          DSP48E1 (Prop_dsp48e1_PCIN[47]_PCOUT[47])
                                                      1.713    20.096 r  u_mwfil_chiftop/u_dut/u_Multichannel_FIR_Filter/u_Discrete_FIR_Filter/Discrete_FIR_Filter_out_tmp[1]__6/PCOUT[47]
                         net (fo=1, routed)           0.002    20.098    u_mwfil_chiftop/u_dut/u_Multichannel_FIR_Filter/u_Discrete_FIR_Filter/Discrete_FIR_Filter_out_tmp[1]__6_n_106
    DSP48_X0Y11          DSP48E1 (Prop_dsp48e1_PCIN[47]_PCOUT[47])
                                                      1.713    21.811 r  u_mwfil_chiftop/u_dut/u_Multichannel_FIR_Filter/u_Discrete_FIR_Filter/Discrete_FIR_Filter_out_tmp[1]__7/PCOUT[47]
                         net (fo=1, routed)           0.002    21.813    u_mwfil_chiftop/u_dut/u_Multichannel_FIR_Filter/u_Discrete_FIR_Filter/Discrete_FIR_Filter_out_tmp[1]__7_n_106
    DSP48_X0Y12          DSP48E1 (Prop_dsp48e1_PCIN[47]_PCOUT[47])
                                                      1.713    23.526 r  u_mwfil_chiftop/u_dut/u_Multichannel_FIR_Filter/u_Discrete_FIR_Filter/Discrete_FIR_Filter_out_tmp[1]__8/PCOUT[47]
                         net (fo=1, routed)           0.002    23.528    u_mwfil_chiftop/u_dut/u_Multichannel_FIR_Filter/u_Discrete_FIR_Filter/Discrete_FIR_Filter_out_tmp[1]__8_n_106
    DSP48_X0Y13          DSP48E1 (Prop_dsp48e1_PCIN[47]_PCOUT[47])
                                                      1.713    25.241 r  u_mwfil_chiftop/u_dut/u_Multichannel_FIR_Filter/u_Discrete_FIR_Filter/Discrete_FIR_Filter_out_tmp[1]__9/PCOUT[47]
                         net (fo=1, routed)           0.002    25.243    u_mwfil_chiftop/u_dut/u_Multichannel_FIR_Filter/u_Discrete_FIR_Filter/Discrete_FIR_Filter_out_tmp[1]__9_n_106
    DSP48_X0Y14          DSP48E1 (Prop_dsp48e1_PCIN[47]_PCOUT[47])
                                                      1.713    26.956 r  u_mwfil_chiftop/u_dut/u_Multichannel_FIR_Filter/u_Discrete_FIR_Filter/Discrete_FIR_Filter_out_tmp[1]__10/PCOUT[47]
                         net (fo=1, routed)           0.002    26.958    u_mwfil_chiftop/u_dut/u_Multichannel_FIR_Filter/u_Discrete_FIR_Filter/Discrete_FIR_Filter_out_tmp[1]__10_n_106
    DSP48_X0Y15          DSP48E1 (Prop_dsp48e1_PCIN[47]_PCOUT[47])
                                                      1.713    28.671 r  u_mwfil_chiftop/u_dut/u_Multichannel_FIR_Filter/u_Discrete_FIR_Filter/Discrete_FIR_Filter_out_tmp[1]__11/PCOUT[47]
                         net (fo=1, routed)           0.002    28.673    u_mwfil_chiftop/u_dut/u_Multichannel_FIR_Filter/u_Discrete_FIR_Filter/Discrete_FIR_Filter_out_tmp[1]__11_n_106
    DSP48_X0Y16          DSP48E1 (Prop_dsp48e1_PCIN[47]_PCOUT[47])
                                                      1.713    30.386 r  u_mwfil_chiftop/u_dut/u_Multichannel_FIR_Filter/u_Discrete_FIR_Filter/Discrete_FIR_Filter_out_tmp[1]__12/PCOUT[47]
                         net (fo=1, routed)           0.002    30.388    u_mwfil_chiftop/u_dut/u_Multichannel_FIR_Filter/u_Discrete_FIR_Filter/Discrete_FIR_Filter_out_tmp[1]__12_n_106
    DSP48_X0Y17          DSP48E1 (Prop_dsp48e1_PCIN[47]_PCOUT[47])
                                                      1.713    32.101 r  u_mwfil_chiftop/u_dut/u_Multichannel_FIR_Filter/u_Discrete_FIR_Filter/Discrete_FIR_Filter_out_tmp[1]__13/PCOUT[47]
                         net (fo=1, routed)           0.002    32.103    u_mwfil_chiftop/u_dut/u_Multichannel_FIR_Filter/u_Discrete_FIR_Filter/Discrete_FIR_Filter_out_tmp[1]__13_n_106
    DSP48_X0Y18          DSP48E1 (Prop_dsp48e1_PCIN[47]_PCOUT[47])
                                                      1.713    33.816 r  u_mwfil_chiftop/u_dut/u_Multichannel_FIR_Filter/u_Discrete_FIR_Filter/Discrete_FIR_Filter_out_tmp[1]__14/PCOUT[47]
                         net (fo=1, routed)           0.002    33.818    u_mwfil_chiftop/u_dut/u_Multichannel_FIR_Filter/u_Discrete_FIR_Filter/Discrete_FIR_Filter_out_tmp[1]__14_n_106
    DSP48_X0Y19          DSP48E1 (Prop_dsp48e1_PCIN[47]_PCOUT[47])
                                                      1.713    35.531 r  u_mwfil_chiftop/u_dut/u_Multichannel_FIR_Filter/u_Discrete_FIR_Filter/Discrete_FIR_Filter_out_tmp[1]__15/PCOUT[47]
                         net (fo=1, routed)           0.002    35.533    u_mwfil_chiftop/u_dut/u_Multichannel_FIR_Filter/u_Discrete_FIR_Filter/Discrete_FIR_Filter_out_tmp[1]__15_n_106
    DSP48_X0Y20          DSP48E1 (Prop_dsp48e1_PCIN[47]_PCOUT[47])
                                                      1.713    37.246 r  u_mwfil_chiftop/u_dut/u_Multichannel_FIR_Filter/u_Discrete_FIR_Filter/Discrete_FIR_Filter_out_tmp[1]__16/PCOUT[47]
                         net (fo=1, routed)           0.002    37.248    u_mwfil_chiftop/u_dut/u_Multichannel_FIR_Filter/u_Discrete_FIR_Filter/Discrete_FIR_Filter_out_tmp[1]__16_n_106
    DSP48_X0Y21          DSP48E1 (Prop_dsp48e1_PCIN[47]_PCOUT[47])
                                                      1.713    38.961 r  u_mwfil_chiftop/u_dut/u_Multichannel_FIR_Filter/u_Discrete_FIR_Filter/Discrete_FIR_Filter_out_tmp[1]__17/PCOUT[47]
                         net (fo=1, routed)           0.002    38.963    u_mwfil_chiftop/u_dut/u_Multichannel_FIR_Filter/u_Discrete_FIR_Filter/Discrete_FIR_Filter_out_tmp[1]__17_n_106
    DSP48_X0Y22          DSP48E1 (Prop_dsp48e1_PCIN[47]_PCOUT[47])
                                                      1.713    40.676 r  u_mwfil_chiftop/u_dut/u_Multichannel_FIR_Filter/u_Discrete_FIR_Filter/Discrete_FIR_Filter_out_tmp[1]__18/PCOUT[47]
                         net (fo=1, routed)           0.002    40.678    u_mwfil_chiftop/u_dut/u_Multichannel_FIR_Filter/u_Discrete_FIR_Filter/Discrete_FIR_Filter_out_tmp[1]__18_n_106
    DSP48_X0Y23          DSP48E1 (Prop_dsp48e1_PCIN[47]_P[18])
                                                      1.518    42.196 r  u_mwfil_chiftop/u_dut/u_Multichannel_FIR_Filter/u_Discrete_FIR_Filter/Discrete_FIR_Filter_out_tmp[1]__19/P[18]
                         net (fo=1, routed)           1.545    43.742    u_mwfil_chiftop/u_mwfil_chifcore/DUT2CHIF.u_d2bfifo/u_dpscram/wr_din[57]
    RAMB36_X1Y11         RAMB36E1                                     r  u_mwfil_chiftop/u_mwfil_chifcore/DUT2CHIF.u_d2bfifo/u_dpscram/mem_reg_0/DIPADIP[2]
  -------------------------------------------------------------------    -------------------

                         (clock clk_out1_clk_wiz_0 rise edge)
                                                     40.000    40.000 r  
    E3                                                0.000    40.000 r  sysclk (IN)
                         net (fo=0)                   0.000    40.000    u_clk_wiz_0/inst/clk_in1
    E3                   IBUF (Prop_ibuf_I_O)         1.418    41.418 r  u_clk_wiz_0/inst/clkin1_ibufg/O
                         net (fo=1, routed)           1.162    42.580    u_clk_wiz_0/inst/clk_in1_clk_wiz_0
    MMCME2_ADV_X1Y1      MMCME2_ADV (Prop_mmcme2_adv_CLKIN1_CLKOUT0)
                                                     -7.204    35.376 r  u_clk_wiz_0/inst/mmcm_adv_inst/CLKOUT0
                         net (fo=1, routed)           1.581    36.957    u_clk_wiz_0/inst/clk_out1_clk_wiz_0
    BUFGCTRL_X0Y16       BUFG (Prop_bufg_I_O)         0.091    37.048 r  u_clk_wiz_0/inst/clkout1_buf/O
                         net (fo=2038, routed)        1.480    38.529    u_mwfil_chiftop/u_mwfil_chifcore/DUT2CHIF.u_d2bfifo/u_dpscram/clk_out1
    RAMB36_X1Y11         RAMB36E1                                     r  u_mwfil_chiftop/u_mwfil_chifcore/DUT2CHIF.u_d2bfifo/u_dpscram/mem_reg_0/CLKBWRCLK
                         clock pessimism              0.485    39.013    
                         clock uncertainty           -0.098    38.916    
    RAMB36_X1Y11         RAMB36E1 (Setup_ramb36e1_CLKBWRCLK_DIPADIP[2])
                                                     -0.241    38.675    u_mwfil_chiftop/u_mwfil_chifcore/DUT2CHIF.u_d2bfifo/u_dpscram/mem_reg_0
  -------------------------------------------------------------------
                         required time                         38.675    
                         arrival time                         -43.742    
  -------------------------------------------------------------------
                         slack                                 -5.067    

Slack (VIOLATED) :        -5.005ns  (required time - arrival time)
  Source:                 u_mwfil_chiftop/u_dut/u_Multichannel_FIR_Filter/u_Discrete_FIR_Filter/delay21_reg[1][0]/C
                            (rising edge-triggered cell FDCE clocked by clk_out1_clk_wiz_0  {rise@0.000ns fall@20.000ns period=40.000ns})
  Destination:            u_mwfil_chiftop/u_mwfil_chifcore/DUT2CHIF.u_d2bfifo/u_dpscram/mem_reg_0/DIBDI[19]
                            (rising edge-triggered cell RAMB36E1 clocked by clk_out1_clk_wiz_0  {rise@0.000ns fall@20.000ns period=40.000ns})
  Path Group:             clk_out1_clk_wiz_0
  Path Type:              Setup (Max at Slow Process Corner)
  Requirement:            40.000ns  (clk_out1_clk_wiz_0 rise@40.000ns - clk_out1_clk_wiz_0 rise@0.000ns)
  Data Path Delay:        44.575ns  (logic 41.552ns (93.219%)  route 3.023ns (6.781%))
  Logic Levels:           26  (CARRY4=4 DSP48E1=22)
  Clock Path Skew:        -0.091ns (DCD - SCD + CPR)
    Destination Clock Delay (DCD):    -1.471ns = ( 38.529 - 40.000 ) 
    Source Clock Delay      (SCD):    -0.896ns
    Clock Pessimism Removal (CPR):    0.485ns
  Clock Uncertainty:      0.098ns  ((TSJ^2 + DJ^2)^1/2) / 2 + PE
    Total System Jitter     (TSJ):    0.071ns
    Discrete Jitter          (DJ):    0.182ns
    Phase Error              (PE):    0.000ns

    Location             Delay type                Incr(ns)  Path(ns)    Netlist Resource(s)
  -------------------------------------------------------------------    -------------------
                         (clock clk_out1_clk_wiz_0 rise edge)
                                                      0.000     0.000 r  
    E3                                                0.000     0.000 r  sysclk (IN)
                         net (fo=0)                   0.000     0.000    u_clk_wiz_0/inst/clk_in1
    E3                   IBUF (Prop_ibuf_I_O)         1.489     1.489 r  u_clk_wiz_0/inst/clkin1_ibufg/O
                         net (fo=1, routed)           1.233     2.722    u_clk_wiz_0/inst/clk_in1_clk_wiz_0
    MMCME2_ADV_X1Y1      MMCME2_ADV (Prop_mmcme2_adv_CLKIN1_CLKOUT0)
                                                     -6.946    -4.224 r  u_clk_wiz_0/inst/mmcm_adv_inst/CLKOUT0
                         net (fo=1, routed)           1.661    -2.563    u_clk_wiz_0/inst/clk_out1_clk_wiz_0
    BUFGCTRL_X0Y16       BUFG (Prop_bufg_I_O)         0.096    -2.467 r  u_clk_wiz_0/inst/clkout1_buf/O
                         net (fo=2038, routed)        1.571    -0.896    u_mwfil_chiftop/u_dut/u_Multichannel_FIR_Filter/u_Discrete_FIR_Filter/clk_out1
    SLICE_X15Y4          FDCE                                         r  u_mwfil_chiftop/u_dut/u_Multichannel_FIR_Filter/u_Discrete_FIR_Filter/delay21_reg[1][0]/C
  -------------------------------------------------------------------    -------------------
    SLICE_X15Y4          FDCE (Prop_fdce_C_Q)         0.456    -0.440 r  u_mwfil_chiftop/u_dut/u_Multichannel_FIR_Filter/u_Discrete_FIR_Filter/delay21_reg[1][0]/Q
                         net (fo=3, routed)           0.627     0.187    u_mwfil_chiftop/u_dut/u_Multichannel_FIR_Filter/u_Discrete_FIR_Filter/delay21_reg[1]_63[0]
    SLICE_X12Y4          CARRY4 (Prop_carry4_DI[0]_CO[3])
                                                      0.550     0.737 r  u_mwfil_chiftop/u_dut/u_Multichannel_FIR_Filter/u_Discrete_FIR_Filter/gain21_mul_temp_1_i_4/CO[3]
                         net (fo=1, routed)           0.000     0.737    u_mwfil_chiftop/u_dut/u_Multichannel_FIR_Filter/u_Discrete_FIR_Filter/gain21_mul_temp_1_i_4_n_0
    SLICE_X12Y5          CARRY4 (Prop_carry4_CI_CO[3])
                                                      0.117     0.854 r  u_mwfil_chiftop/u_dut/u_Multichannel_FIR_Filter/u_Discrete_FIR_Filter/gain21_mul_temp_1_i_3/CO[3]
                         net (fo=1, routed)           0.000     0.854    u_mwfil_chiftop/u_dut/u_Multichannel_FIR_Filter/u_Discrete_FIR_Filter/gain21_mul_temp_1_i_3_n_0
    SLICE_X12Y6          CARRY4 (Prop_carry4_CI_CO[3])
                                                      0.117     0.971 r  u_mwfil_chiftop/u_dut/u_Multichannel_FIR_Filter/u_Discrete_FIR_Filter/gain21_mul_temp_1_i_2/CO[3]
                         net (fo=1, routed)           0.000     0.971    u_mwfil_chiftop/u_dut/u_Multichannel_FIR_Filter/u_Discrete_FIR_Filter/gain21_mul_temp_1_i_2_n_0
    SLICE_X12Y7          CARRY4 (Prop_carry4_CI_O[3])
                                                      0.315     1.286 r  u_mwfil_chiftop/u_dut/u_Multichannel_FIR_Filter/u_Discrete_FIR_Filter/gain21_mul_temp_1_i_1/O[3]
                         net (fo=15, routed)          0.817     2.104    u_mwfil_chiftop/u_dut/u_Multichannel_FIR_Filter/u_Discrete_FIR_Filter/gain21_mul_temp_1_i_1_n_4
    DSP48_X0Y2           DSP48E1 (Prop_dsp48e1_A[17]_PCOUT[47])
                                                      4.219     6.323 r  u_mwfil_chiftop/u_dut/u_Multichannel_FIR_Filter/u_Discrete_FIR_Filter/gain21_mul_temp_1/PCOUT[47]
                         net (fo=1, routed)           0.002     6.325    u_mwfil_chiftop/u_dut/u_Multichannel_FIR_Filter/u_Discrete_FIR_Filter/gain21_mul_temp_1_n_106
    DSP48_X0Y3           DSP48E1 (Prop_dsp48e1_PCIN[47]_PCOUT[47])
                                                      1.713     8.038 r  u_mwfil_chiftop/u_dut/u_Multichannel_FIR_Filter/u_Discrete_FIR_Filter/Discrete_FIR_Filter_out_tmp[1]/PCOUT[47]
                         net (fo=1, routed)           0.002     8.040    u_mwfil_chiftop/u_dut/u_Multichannel_FIR_Filter/u_Discrete_FIR_Filter/Discrete_FIR_Filter_out_tmp_n_106_[1]
    DSP48_X0Y4           DSP48E1 (Prop_dsp48e1_PCIN[47]_PCOUT[47])
                                                      1.713     9.753 r  u_mwfil_chiftop/u_dut/u_Multichannel_FIR_Filter/u_Discrete_FIR_Filter/Discrete_FIR_Filter_out_tmp[1]__0/PCOUT[47]
                         net (fo=1, routed)           0.002     9.755    u_mwfil_chiftop/u_dut/u_Multichannel_FIR_Filter/u_Discrete_FIR_Filter/Discrete_FIR_Filter_out_tmp[1]__0_n_106
    DSP48_X0Y5           DSP48E1 (Prop_dsp48e1_PCIN[47]_PCOUT[47])
                                                      1.713    11.468 r  u_mwfil_chiftop/u_dut/u_Multichannel_FIR_Filter/u_Discrete_FIR_Filter/Discrete_FIR_Filter_out_tmp[1]__1/PCOUT[47]
                         net (fo=1, routed)           0.002    11.470    u_mwfil_chiftop/u_dut/u_Multichannel_FIR_Filter/u_Discrete_FIR_Filter/Discrete_FIR_Filter_out_tmp[1]__1_n_106
    DSP48_X0Y6           DSP48E1 (Prop_dsp48e1_PCIN[47]_PCOUT[47])
                                                      1.713    13.183 r  u_mwfil_chiftop/u_dut/u_Multichannel_FIR_Filter/u_Discrete_FIR_Filter/Discrete_FIR_Filter_out_tmp[1]__2/PCOUT[47]
                         net (fo=1, routed)           0.002    13.185    u_mwfil_chiftop/u_dut/u_Multichannel_FIR_Filter/u_Discrete_FIR_Filter/Discrete_FIR_Filter_out_tmp[1]__2_n_106
    DSP48_X0Y7           DSP48E1 (Prop_dsp48e1_PCIN[47]_PCOUT[47])
                                                      1.713    14.898 r  u_mwfil_chiftop/u_dut/u_Multichannel_FIR_Filter/u_Discrete_FIR_Filter/Discrete_FIR_Filter_out_tmp[1]__3/PCOUT[47]
                         net (fo=1, routed)           0.002    14.900    u_mwfil_chiftop/u_dut/u_Multichannel_FIR_Filter/u_Discrete_FIR_Filter/Discrete_FIR_Filter_out_tmp[1]__3_n_106
    DSP48_X0Y8           DSP48E1 (Prop_dsp48e1_PCIN[47]_PCOUT[47])
                                                      1.713    16.613 r  u_mwfil_chiftop/u_dut/u_Multichannel_FIR_Filter/u_Discrete_FIR_Filter/Discrete_FIR_Filter_out_tmp[1]__4/PCOUT[47]
                         net (fo=1, routed)           0.002    16.615    u_mwfil_chiftop/u_dut/u_Multichannel_FIR_Filter/u_Discrete_FIR_Filter/Discrete_FIR_Filter_out_tmp[1]__4_n_106
    DSP48_X0Y9           DSP48E1 (Prop_dsp48e1_PCIN[47]_PCOUT[47])
                                                      1.713    18.328 r  u_mwfil_chiftop/u_dut/u_Multichannel_FIR_Filter/u_Discrete_FIR_Filter/Discrete_FIR_Filter_out_tmp[1]__5/PCOUT[47]
                         net (fo=1, routed)           0.056    18.383    u_mwfil_chiftop/u_dut/u_Multichannel_FIR_Filter/u_Discrete_FIR_Filter/Discrete_FIR_Filter_out_tmp[1]__5_n_106
    DSP48_X0Y10          DSP48E1 (Prop_dsp48e1_PCIN[47]_PCOUT[47])
                                                      1.713    20.096 r  u_mwfil_chiftop/u_dut/u_Multichannel_FIR_Filter/u_Discrete_FIR_Filter/Discrete_FIR_Filter_out_tmp[1]__6/PCOUT[47]
                         net (fo=1, routed)           0.002    20.098    u_mwfil_chiftop/u_dut/u_Multichannel_FIR_Filter/u_Discrete_FIR_Filter/Discrete_FIR_Filter_out_tmp[1]__6_n_106
    DSP48_X0Y11          DSP48E1 (Prop_dsp48e1_PCIN[47]_PCOUT[47])
                                                      1.713    21.811 r  u_mwfil_chiftop/u_dut/u_Multichannel_FIR_Filter/u_Discrete_FIR_Filter/Discrete_FIR_Filter_out_tmp[1]__7/PCOUT[47]
                         net (fo=1, routed)           0.002    21.813    u_mwfil_chiftop/u_dut/u_Multichannel_FIR_Filter/u_Discrete_FIR_Filter/Discrete_FIR_Filter_out_tmp[1]__7_n_106
    DSP48_X0Y12          DSP48E1 (Prop_dsp48e1_PCIN[47]_PCOUT[47])
                                                      1.713    23.526 r  u_mwfil_chiftop/u_dut/u_Multichannel_FIR_Filter/u_Discrete_FIR_Filter/Discrete_FIR_Filter_out_tmp[1]__8/PCOUT[47]
                         net (fo=1, routed)           0.002    23.528    u_mwfil_chiftop/u_dut/u_Multichannel_FIR_Filter/u_Discrete_FIR_Filter/Discrete_FIR_Filter_out_tmp[1]__8_n_106
    DSP48_X0Y13          DSP48E1 (Prop_dsp48e1_PCIN[47]_PCOUT[47])
                                                      1.713    25.241 r  u_mwfil_chiftop/u_dut/u_Multichannel_FIR_Filter/u_Discrete_FIR_Filter/Discrete_FIR_Filter_out_tmp[1]__9/PCOUT[47]
                         net (fo=1, routed)           0.002    25.243    u_mwfil_chiftop/u_dut/u_Multichannel_FIR_Filter/u_Discrete_FIR_Filter/Discrete_FIR_Filter_out_tmp[1]__9_n_106
    DSP48_X0Y14          DSP48E1 (Prop_dsp48e1_PCIN[47]_PCOUT[47])
                                                      1.713    26.956 r  u_mwfil_chiftop/u_dut/u_Multichannel_FIR_Filter/u_Discrete_FIR_Filter/Discrete_FIR_Filter_out_tmp[1]__10/PCOUT[47]
                         net (fo=1, routed)           0.002    26.958    u_mwfil_chiftop/u_dut/u_Multichannel_FIR_Filter/u_Discrete_FIR_Filter/Discrete_FIR_Filter_out_tmp[1]__10_n_106
    DSP48_X0Y15          DSP48E1 (Prop_dsp48e1_PCIN[47]_PCOUT[47])
                                                      1.713    28.671 r  u_mwfil_chiftop/u_dut/u_Multichannel_FIR_Filter/u_Discrete_FIR_Filter/Discrete_FIR_Filter_out_tmp[1]__11/PCOUT[47]
                         net (fo=1, routed)           0.002    28.673    u_mwfil_chiftop/u_dut/u_Multichannel_FIR_Filter/u_Discrete_FIR_Filter/Discrete_FIR_Filter_out_tmp[1]__11_n_106
    DSP48_X0Y16          DSP48E1 (Prop_dsp48e1_PCIN[47]_PCOUT[47])
                                                      1.713    30.386 r  u_mwfil_chiftop/u_dut/u_Multichannel_FIR_Filter/u_Discrete_FIR_Filter/Discrete_FIR_Filter_out_tmp[1]__12/PCOUT[47]
                         net (fo=1, routed)           0.002    30.388    u_mwfil_chiftop/u_dut/u_Multichannel_FIR_Filter/u_Discrete_FIR_Filter/Discrete_FIR_Filter_out_tmp[1]__12_n_106
    DSP48_X0Y17          DSP48E1 (Prop_dsp48e1_PCIN[47]_PCOUT[47])
                                                      1.713    32.101 r  u_mwfil_chiftop/u_dut/u_Multichannel_FIR_Filter/u_Discrete_FIR_Filter/Discrete_FIR_Filter_out_tmp[1]__13/PCOUT[47]
                         net (fo=1, routed)           0.002    32.103    u_mwfil_chiftop/u_dut/u_Multichannel_FIR_Filter/u_Discrete_FIR_Filter/Discrete_FIR_Filter_out_tmp[1]__13_n_106
    DSP48_X0Y18          DSP48E1 (Prop_dsp48e1_PCIN[47]_PCOUT[47])
                                                      1.713    33.816 r  u_mwfil_chiftop/u_dut/u_Multichannel_FIR_Filter/u_Discrete_FIR_Filter/Discrete_FIR_Filter_out_tmp[1]__14/PCOUT[47]
                         net (fo=1, routed)           0.002    33.818    u_mwfil_chiftop/u_dut/u_Multichannel_FIR_Filter/u_Discrete_FIR_Filter/Discrete_FIR_Filter_out_tmp[1]__14_n_106
    DSP48_X0Y19          DSP48E1 (Prop_dsp48e1_PCIN[47]_PCOUT[47])
                                                      1.713    35.531 r  u_mwfil_chiftop/u_dut/u_Multichannel_FIR_Filter/u_Discrete_FIR_Filter/Discrete_FIR_Filter_out_tmp[1]__15/PCOUT[47]
                         net (fo=1, routed)           0.002    35.533    u_mwfil_chiftop/u_dut/u_Multichannel_FIR_Filter/u_Discrete_FIR_Filter/Discrete_FIR_Filter_out_tmp[1]__15_n_106
    DSP48_X0Y20          DSP48E1 (Prop_dsp48e1_PCIN[47]_PCOUT[47])
                                                      1.713    37.246 r  u_mwfil_chiftop/u_dut/u_Multichannel_FIR_Filter/u_Discrete_FIR_Filter/Discrete_FIR_Filter_out_tmp[1]__16/PCOUT[47]
                         net (fo=1, routed)           0.002    37.248    u_mwfil_chiftop/u_dut/u_Multichannel_FIR_Filter/u_Discrete_FIR_Filter/Discrete_FIR_Filter_out_tmp[1]__16_n_106
    DSP48_X0Y21          DSP48E1 (Prop_dsp48e1_PCIN[47]_PCOUT[47])
                                                      1.713    38.961 r  u_mwfil_chiftop/u_dut/u_Multichannel_FIR_Filter/u_Discrete_FIR_Filter/Discrete_FIR_Filter_out_tmp[1]__17/PCOUT[47]
                         net (fo=1, routed)           0.002    38.963    u_mwfil_chiftop/u_dut/u_Multichannel_FIR_Filter/u_Discrete_FIR_Filter/Discrete_FIR_Filter_out_tmp[1]__17_n_106
    DSP48_X0Y22          DSP48E1 (Prop_dsp48e1_PCIN[47]_PCOUT[47])
                                                      1.713    40.676 r  u_mwfil_chiftop/u_dut/u_Multichannel_FIR_Filter/u_Discrete_FIR_Filter/Discrete_FIR_Filter_out_tmp[1]__18/PCOUT[47]
                         net (fo=1, routed)           0.002    40.678    u_mwfil_chiftop/u_dut/u_Multichannel_FIR_Filter/u_Discrete_FIR_Filter/Discrete_FIR_Filter_out_tmp[1]__18_n_106
    DSP48_X0Y23          DSP48E1 (Prop_dsp48e1_PCIN[47]_P[3])
                                                      1.518    42.196 r  u_mwfil_chiftop/u_dut/u_Multichannel_FIR_Filter/u_Discrete_FIR_Filter/Discrete_FIR_Filter_out_tmp[1]__19/P[3]
                         net (fo=1, routed)           1.483    43.679    u_mwfil_chiftop/u_mwfil_chifcore/DUT2CHIF.u_d2bfifo/u_dpscram/wr_din[42]
    RAMB36_X1Y11         RAMB36E1                                     r  u_mwfil_chiftop/u_mwfil_chifcore/DUT2CHIF.u_d2bfifo/u_dpscram/mem_reg_0/DIBDI[19]
  -------------------------------------------------------------------    -------------------

                         (clock clk_out1_clk_wiz_0 rise edge)
                                                     40.000    40.000 r  
    E3                                                0.000    40.000 r  sysclk (IN)
                         net (fo=0)                   0.000    40.000    u_clk_wiz_0/inst/clk_in1
    E3                   IBUF (Prop_ibuf_I_O)         1.418    41.418 r  u_clk_wiz_0/inst/clkin1_ibufg/O
                         net (fo=1, routed)           1.162    42.580    u_clk_wiz_0/inst/clk_in1_clk_wiz_0
    MMCME2_ADV_X1Y1      MMCME2_ADV (Prop_mmcme2_adv_CLKIN1_CLKOUT0)
                                                     -7.204    35.376 r  u_clk_wiz_0/inst/mmcm_adv_inst/CLKOUT0
                         net (fo=1, routed)           1.581    36.957    u_clk_wiz_0/inst/clk_out1_clk_wiz_0
    BUFGCTRL_X0Y16       BUFG (Prop_bufg_I_O)         0.091    37.048 r  u_clk_wiz_0/inst/clkout1_buf/O
                         net (fo=2038, routed)        1.480    38.529    u_mwfil_chiftop/u_mwfil_chifcore/DUT2CHIF.u_d2bfifo/u_dpscram/clk_out1
    RAMB36_X1Y11         RAMB36E1                                     r  u_mwfil_chiftop/u_mwfil_chifcore/DUT2CHIF.u_d2bfifo/u_dpscram/mem_reg_0/CLKBWRCLK
                         clock pessimism              0.485    39.013    
                         clock uncertainty           -0.098    38.916    
    RAMB36_X1Y11         RAMB36E1 (Setup_ramb36e1_CLKBWRCLK_DIBDI[19])
                                                     -0.241    38.675    u_mwfil_chiftop/u_mwfil_chifcore/DUT2CHIF.u_d2bfifo/u_dpscram/mem_reg_0
  -------------------------------------------------------------------
                         required time                         38.675    
                         arrival time                         -43.679    
  -------------------------------------------------------------------
                         slack                                 -5.005    

Slack (VIOLATED) :        -4.998ns  (required time - arrival time)
  Source:                 u_mwfil_chiftop/u_dut/u_Multichannel_FIR_Filter/u_Discrete_FIR_Filter/delay21_reg[1][0]/C
                            (rising edge-triggered cell FDCE clocked by clk_out1_clk_wiz_0  {rise@0.000ns fall@20.000ns period=40.000ns})
  Destination:            u_mwfil_chiftop/u_mwfil_chifcore/DUT2CHIF.u_d2bfifo/u_dpscram/mem_reg_0/DIBDI[23]
                            (rising edge-triggered cell RAMB36E1 clocked by clk_out1_clk_wiz_0  {rise@0.000ns fall@20.000ns period=40.000ns})
  Path Group:             clk_out1_clk_wiz_0
  Path Type:              Setup (Max at Slow Process Corner)
  Requirement:            40.000ns  (clk_out1_clk_wiz_0 rise@40.000ns - clk_out1_clk_wiz_0 rise@0.000ns)
  Data Path Delay:        44.568ns  (logic 41.552ns (93.232%)  route 3.016ns (6.768%))
  Logic Levels:           26  (CARRY4=4 DSP48E1=22)
  Clock Path Skew:        -0.091ns (DCD - SCD + CPR)
    Destination Clock Delay (DCD):    -1.471ns = ( 38.529 - 40.000 ) 
    Source Clock Delay      (SCD):    -0.896ns
    Clock Pessimism Removal (CPR):    0.485ns
  Clock Uncertainty:      0.098ns  ((TSJ^2 + DJ^2)^1/2) / 2 + PE
    Total System Jitter     (TSJ):    0.071ns
    Discrete Jitter          (DJ):    0.182ns
    Phase Error              (PE):    0.000ns

    Location             Delay type                Incr(ns)  Path(ns)    Netlist Resource(s)
  -------------------------------------------------------------------    -------------------
                         (clock clk_out1_clk_wiz_0 rise edge)
                                                      0.000     0.000 r  
    E3                                                0.000     0.000 r  sysclk (IN)
                         net (fo=0)                   0.000     0.000    u_clk_wiz_0/inst/clk_in1
    E3                   IBUF (Prop_ibuf_I_O)         1.489     1.489 r  u_clk_wiz_0/inst/clkin1_ibufg/O
                         net (fo=1, routed)           1.233     2.722    u_clk_wiz_0/inst/clk_in1_clk_wiz_0
    MMCME2_ADV_X1Y1      MMCME2_ADV (Prop_mmcme2_adv_CLKIN1_CLKOUT0)
                                                     -6.946    -4.224 r  u_clk_wiz_0/inst/mmcm_adv_inst/CLKOUT0
                         net (fo=1, routed)           1.661    -2.563    u_clk_wiz_0/inst/clk_out1_clk_wiz_0
    BUFGCTRL_X0Y16       BUFG (Prop_bufg_I_O)         0.096    -2.467 r  u_clk_wiz_0/inst/clkout1_buf/O
                         net (fo=2038, routed)        1.571    -0.896    u_mwfil_chiftop/u_dut/u_Multichannel_FIR_Filter/u_Discrete_FIR_Filter/clk_out1
    SLICE_X15Y4          FDCE                                         r  u_mwfil_chiftop/u_dut/u_Multichannel_FIR_Filter/u_Discrete_FIR_Filter/delay21_reg[1][0]/C
  -------------------------------------------------------------------    -------------------
    SLICE_X15Y4          FDCE (Prop_fdce_C_Q)         0.456    -0.440 r  u_mwfil_chiftop/u_dut/u_Multichannel_FIR_Filter/u_Discrete_FIR_Filter/delay21_reg[1][0]/Q
                         net (fo=3, routed)           0.627     0.187    u_mwfil_chiftop/u_dut/u_Multichannel_FIR_Filter/u_Discrete_FIR_Filter/delay21_reg[1]_63[0]
    SLICE_X12Y4          CARRY4 (Prop_carry4_DI[0]_CO[3])
                                                      0.550     0.737 r  u_mwfil_chiftop/u_dut/u_Multichannel_FIR_Filter/u_Discrete_FIR_Filter/gain21_mul_temp_1_i_4/CO[3]
                         net (fo=1, routed)           0.000     0.737    u_mwfil_chiftop/u_dut/u_Multichannel_FIR_Filter/u_Discrete_FIR_Filter/gain21_mul_temp_1_i_4_n_0
    SLICE_X12Y5          CARRY4 (Prop_carry4_CI_CO[3])
                                                      0.117     0.854 r  u_mwfil_chiftop/u_dut/u_Multichannel_FIR_Filter/u_Discrete_FIR_Filter/gain21_mul_temp_1_i_3/CO[3]
                         net (fo=1, routed)           0.000     0.854    u_mwfil_chiftop/u_dut/u_Multichannel_FIR_Filter/u_Discrete_FIR_Filter/gain21_mul_temp_1_i_3_n_0
    SLICE_X12Y6          CARRY4 (Prop_carry4_CI_CO[3])
                                                      0.117     0.971 r  u_mwfil_chiftop/u_dut/u_Multichannel_FIR_Filter/u_Discrete_FIR_Filter/gain21_mul_temp_1_i_2/CO[3]
                         net (fo=1, routed)           0.000     0.971    u_mwfil_chiftop/u_dut/u_Multichannel_FIR_Filter/u_Discrete_FIR_Filter/gain21_mul_temp_1_i_2_n_0
    SLICE_X12Y7          CARRY4 (Prop_carry4_CI_O[3])
                                                      0.315     1.286 r  u_mwfil_chiftop/u_dut/u_Multichannel_FIR_Filter/u_Discrete_FIR_Filter/gain21_mul_temp_1_i_1/O[3]
                         net (fo=15, routed)          0.817     2.104    u_mwfil_chiftop/u_dut/u_Multichannel_FIR_Filter/u_Discrete_FIR_Filter/gain21_mul_temp_1_i_1_n_4
    DSP48_X0Y2           DSP48E1 (Prop_dsp48e1_A[17]_PCOUT[47])
                                                      4.219     6.323 r  u_mwfil_chiftop/u_dut/u_Multichannel_FIR_Filter/u_Discrete_FIR_Filter/gain21_mul_temp_1/PCOUT[47]
                         net (fo=1, routed)           0.002     6.325    u_mwfil_chiftop/u_dut/u_Multichannel_FIR_Filter/u_Discrete_FIR_Filter/gain21_mul_temp_1_n_106
    DSP48_X0Y3           DSP48E1 (Prop_dsp48e1_PCIN[47]_PCOUT[47])
                                                      1.713     8.038 r  u_mwfil_chiftop/u_dut/u_Multichannel_FIR_Filter/u_Discrete_FIR_Filter/Discrete_FIR_Filter_out_tmp[1]/PCOUT[47]
                         net (fo=1, routed)           0.002     8.040    u_mwfil_chiftop/u_dut/u_Multichannel_FIR_Filter/u_Discrete_FIR_Filter/Discrete_FIR_Filter_out_tmp_n_106_[1]
    DSP48_X0Y4           DSP48E1 (Prop_dsp48e1_PCIN[47]_PCOUT[47])
                                                      1.713     9.753 r  u_mwfil_chiftop/u_dut/u_Multichannel_FIR_Filter/u_Discrete_FIR_Filter/Discrete_FIR_Filter_out_tmp[1]__0/PCOUT[47]
                         net (fo=1, routed)           0.002     9.755    u_mwfil_chiftop/u_dut/u_Multichannel_FIR_Filter/u_Discrete_FIR_Filter/Discrete_FIR_Filter_out_tmp[1]__0_n_106
    DSP48_X0Y5           DSP48E1 (Prop_dsp48e1_PCIN[47]_PCOUT[47])
                                                      1.713    11.468 r  u_mwfil_chiftop/u_dut/u_Multichannel_FIR_Filter/u_Discrete_FIR_Filter/Discrete_FIR_Filter_out_tmp[1]__1/PCOUT[47]
                         net (fo=1, routed)           0.002    11.470    u_mwfil_chiftop/u_dut/u_Multichannel_FIR_Filter/u_Discrete_FIR_Filter/Discrete_FIR_Filter_out_tmp[1]__1_n_106
    DSP48_X0Y6           DSP48E1 (Prop_dsp48e1_PCIN[47]_PCOUT[47])
                                                      1.713    13.183 r  u_mwfil_chiftop/u_dut/u_Multichannel_FIR_Filter/u_Discrete_FIR_Filter/Discrete_FIR_Filter_out_tmp[1]__2/PCOUT[47]
                         net (fo=1, routed)           0.002    13.185    u_mwfil_chiftop/u_dut/u_Multichannel_FIR_Filter/u_Discrete_FIR_Filter/Discrete_FIR_Filter_out_tmp[1]__2_n_106
    DSP48_X0Y7           DSP48E1 (Prop_dsp48e1_PCIN[47]_PCOUT[47])
                                                      1.713    14.898 r  u_mwfil_chiftop/u_dut/u_Multichannel_FIR_Filter/u_Discrete_FIR_Filter/Discrete_FIR_Filter_out_tmp[1]__3/PCOUT[47]
                         net (fo=1, routed)           0.002    14.900    u_mwfil_chiftop/u_dut/u_Multichannel_FIR_Filter/u_Discrete_FIR_Filter/Discrete_FIR_Filter_out_tmp[1]__3_n_106
    DSP48_X0Y8           DSP48E1 (Prop_dsp48e1_PCIN[47]_PCOUT[47])
                                                      1.713    16.613 r  u_mwfil_chiftop/u_dut/u_Multichannel_FIR_Filter/u_Discrete_FIR_Filter/Discrete_FIR_Filter_out_tmp[1]__4/PCOUT[47]
                         net (fo=1, routed)           0.002    16.615    u_mwfil_chiftop/u_dut/u_Multichannel_FIR_Filter/u_Discrete_FIR_Filter/Discrete_FIR_Filter_out_tmp[1]__4_n_106
    DSP48_X0Y9           DSP48E1 (Prop_dsp48e1_PCIN[47]_PCOUT[47])
                                                      1.713    18.328 r  u_mwfil_chiftop/u_dut/u_Multichannel_FIR_Filter/u_Discrete_FIR_Filter/Discrete_FIR_Filter_out_tmp[1]__5/PCOUT[47]
                         net (fo=1, routed)           0.056    18.383    u_mwfil_chiftop/u_dut/u_Multichannel_FIR_Filter/u_Discrete_FIR_Filter/Discrete_FIR_Filter_out_tmp[1]__5_n_106
    DSP48_X0Y10          DSP48E1 (Prop_dsp48e1_PCIN[47]_PCOUT[47])
                                                      1.713    20.096 r  u_mwfil_chiftop/u_dut/u_Multichannel_FIR_Filter/u_Discrete_FIR_Filter/Discrete_FIR_Filter_out_tmp[1]__6/PCOUT[47]
                         net (fo=1, routed)           0.002    20.098    u_mwfil_chiftop/u_dut/u_Multichannel_FIR_Filter/u_Discrete_FIR_Filter/Discrete_FIR_Filter_out_tmp[1]__6_n_106
    DSP48_X0Y11          DSP48E1 (Prop_dsp48e1_PCIN[47]_PCOUT[47])
                                                      1.713    21.811 r  u_mwfil_chiftop/u_dut/u_Multichannel_FIR_Filter/u_Discrete_FIR_Filter/Discrete_FIR_Filter_out_tmp[1]__7/PCOUT[47]
                         net (fo=1, routed)           0.002    21.813    u_mwfil_chiftop/u_dut/u_Multichannel_FIR_Filter/u_Discrete_FIR_Filter/Discrete_FIR_Filter_out_tmp[1]__7_n_106
    DSP48_X0Y12          DSP48E1 (Prop_dsp48e1_PCIN[47]_PCOUT[47])
                                                      1.713    23.526 r  u_mwfil_chiftop/u_dut/u_Multichannel_FIR_Filter/u_Discrete_FIR_Filter/Discrete_FIR_Filter_out_tmp[1]__8/PCOUT[47]
                         net (fo=1, routed)           0.002    23.528    u_mwfil_chiftop/u_dut/u_Multichannel_FIR_Filter/u_Discrete_FIR_Filter/Discrete_FIR_Filter_out_tmp[1]__8_n_106
    DSP48_X0Y13          DSP48E1 (Prop_dsp48e1_PCIN[47]_PCOUT[47])
                                                      1.713    25.241 r  u_mwfil_chiftop/u_dut/u_Multichannel_FIR_Filter/u_Discrete_FIR_Filter/Discrete_FIR_Filter_out_tmp[1]__9/PCOUT[47]
                         net (fo=1, routed)           0.002    25.243    u_mwfil_chiftop/u_dut/u_Multichannel_FIR_Filter/u_Discrete_FIR_Filter/Discrete_FIR_Filter_out_tmp[1]__9_n_106
    DSP48_X0Y14          DSP48E1 (Prop_dsp48e1_PCIN[47]_PCOUT[47])
                                                      1.713    26.956 r  u_mwfil_chiftop/u_dut/u_Multichannel_FIR_Filter/u_Discrete_FIR_Filter/Discrete_FIR_Filter_out_tmp[1]__10/PCOUT[47]
                         net (fo=1, routed)           0.002    26.958    u_mwfil_chiftop/u_dut/u_Multichannel_FIR_Filter/u_Discrete_FIR_Filter/Discrete_FIR_Filter_out_tmp[1]__10_n_106
    DSP48_X0Y15          DSP48E1 (Prop_dsp48e1_PCIN[47]_PCOUT[47])
                                                      1.713    28.671 r  u_mwfil_chiftop/u_dut/u_Multichannel_FIR_Filter/u_Discrete_FIR_Filter/Discrete_FIR_Filter_out_tmp[1]__11/PCOUT[47]
                         net (fo=1, routed)           0.002    28.673    u_mwfil_chiftop/u_dut/u_Multichannel_FIR_Filter/u_Discrete_FIR_Filter/Discrete_FIR_Filter_out_tmp[1]__11_n_106
    DSP48_X0Y16          DSP48E1 (Prop_dsp48e1_PCIN[47]_PCOUT[47])
                                                      1.713    30.386 r  u_mwfil_chiftop/u_dut/u_Multichannel_FIR_Filter/u_Discrete_FIR_Filter/Discrete_FIR_Filter_out_tmp[1]__12/PCOUT[47]
                         net (fo=1, routed)           0.002    30.388    u_mwfil_chiftop/u_dut/u_Multichannel_FIR_Filter/u_Discrete_FIR_Filter/Discrete_FIR_Filter_out_tmp[1]__12_n_106
    DSP48_X0Y17          DSP48E1 (Prop_dsp48e1_PCIN[47]_PCOUT[47])
                                                      1.713    32.101 r  u_mwfil_chiftop/u_dut/u_Multichannel_FIR_Filter/u_Discrete_FIR_Filter/Discrete_FIR_Filter_out_tmp[1]__13/PCOUT[47]
                         net (fo=1, routed)           0.002    32.103    u_mwfil_chiftop/u_dut/u_Multichannel_FIR_Filter/u_Discrete_FIR_Filter/Discrete_FIR_Filter_out_tmp[1]__13_n_106
    DSP48_X0Y18          DSP48E1 (Prop_dsp48e1_PCIN[47]_PCOUT[47])
                                                      1.713    33.816 r  u_mwfil_chiftop/u_dut/u_Multichannel_FIR_Filter/u_Discrete_FIR_Filter/Discrete_FIR_Filter_out_tmp[1]__14/PCOUT[47]
                         net (fo=1, routed)           0.002    33.818    u_mwfil_chiftop/u_dut/u_Multichannel_FIR_Filter/u_Discrete_FIR_Filter/Discrete_FIR_Filter_out_tmp[1]__14_n_106
    DSP48_X0Y19          DSP48E1 (Prop_dsp48e1_PCIN[47]_PCOUT[47])
                                                      1.713    35.531 r  u_mwfil_chiftop/u_dut/u_Multichannel_FIR_Filter/u_Discrete_FIR_Filter/Discrete_FIR_Filter_out_tmp[1]__15/PCOUT[47]
                         net (fo=1, routed)           0.002    35.533    u_mwfil_chiftop/u_dut/u_Multichannel_FIR_Filter/u_Discrete_FIR_Filter/Discrete_FIR_Filter_out_tmp[1]__15_n_106
    DSP48_X0Y20          DSP48E1 (Prop_dsp48e1_PCIN[47]_PCOUT[47])
                                                      1.713    37.246 r  u_mwfil_chiftop/u_dut/u_Multichannel_FIR_Filter/u_Discrete_FIR_Filter/Discrete_FIR_Filter_out_tmp[1]__16/PCOUT[47]
                         net (fo=1, routed)           0.002    37.248    u_mwfil_chiftop/u_dut/u_Multichannel_FIR_Filter/u_Discrete_FIR_Filter/Discrete_FIR_Filter_out_tmp[1]__16_n_106
    DSP48_X0Y21          DSP48E1 (Prop_dsp48e1_PCIN[47]_PCOUT[47])
                                                      1.713    38.961 r  u_mwfil_chiftop/u_dut/u_Multichannel_FIR_Filter/u_Discrete_FIR_Filter/Discrete_FIR_Filter_out_tmp[1]__17/PCOUT[47]
                         net (fo=1, routed)           0.002    38.963    u_mwfil_chiftop/u_dut/u_Multichannel_FIR_Filter/u_Discrete_FIR_Filter/Discrete_FIR_Filter_out_tmp[1]__17_n_106
    DSP48_X0Y22          DSP48E1 (Prop_dsp48e1_PCIN[47]_PCOUT[47])
                                                      1.713    40.676 r  u_mwfil_chiftop/u_dut/u_Multichannel_FIR_Filter/u_Discrete_FIR_Filter/Discrete_FIR_Filter_out_tmp[1]__18/PCOUT[47]
                         net (fo=1, routed)           0.002    40.678    u_mwfil_chiftop/u_dut/u_Multichannel_FIR_Filter/u_Discrete_FIR_Filter/Discrete_FIR_Filter_out_tmp[1]__18_n_106
    DSP48_X0Y23          DSP48E1 (Prop_dsp48e1_PCIN[47]_P[7])
                                                      1.518    42.196 r  u_mwfil_chiftop/u_dut/u_Multichannel_FIR_Filter/u_Discrete_FIR_Filter/Discrete_FIR_Filter_out_tmp[1]__19/P[7]
                         net (fo=1, routed)           1.476    43.673    u_mwfil_chiftop/u_mwfil_chifcore/DUT2CHIF.u_d2bfifo/u_dpscram/wr_din[46]
    RAMB36_X1Y11         RAMB36E1                                     r  u_mwfil_chiftop/u_mwfil_chifcore/DUT2CHIF.u_d2bfifo/u_dpscram/mem_reg_0/DIBDI[23]
  -------------------------------------------------------------------    -------------------

                         (clock clk_out1_clk_wiz_0 rise edge)
                                                     40.000    40.000 r  
    E3                                                0.000    40.000 r  sysclk (IN)
                         net (fo=0)                   0.000    40.000    u_clk_wiz_0/inst/clk_in1
    E3                   IBUF (Prop_ibuf_I_O)         1.418    41.418 r  u_clk_wiz_0/inst/clkin1_ibufg/O
                         net (fo=1, routed)           1.162    42.580    u_clk_wiz_0/inst/clk_in1_clk_wiz_0
    MMCME2_ADV_X1Y1      MMCME2_ADV (Prop_mmcme2_adv_CLKIN1_CLKOUT0)
                                                     -7.204    35.376 r  u_clk_wiz_0/inst/mmcm_adv_inst/CLKOUT0
                         net (fo=1, routed)           1.581    36.957    u_clk_wiz_0/inst/clk_out1_clk_wiz_0
    BUFGCTRL_X0Y16       BUFG (Prop_bufg_I_O)         0.091    37.048 r  u_clk_wiz_0/inst/clkout1_buf/O
                         net (fo=2038, routed)        1.480    38.529    u_mwfil_chiftop/u_mwfil_chifcore/DUT2CHIF.u_d2bfifo/u_dpscram/clk_out1
    RAMB36_X1Y11         RAMB36E1                                     r  u_mwfil_chiftop/u_mwfil_chifcore/DUT2CHIF.u_d2bfifo/u_dpscram/mem_reg_0/CLKBWRCLK
                         clock pessimism              0.485    39.013    
                         clock uncertainty           -0.098    38.916    
    RAMB36_X1Y11         RAMB36E1 (Setup_ramb36e1_CLKBWRCLK_DIBDI[23])
                                                     -0.241    38.675    u_mwfil_chiftop/u_mwfil_chifcore/DUT2CHIF.u_d2bfifo/u_dpscram/mem_reg_0
  -------------------------------------------------------------------
                         required time                         38.675    
                         arrival time                         -43.673    
  -------------------------------------------------------------------
                         slack                                 -4.998    

Slack (VIOLATED) :        -4.994ns  (required time - arrival time)
  Source:                 u_mwfil_chiftop/u_dut/u_Multichannel_FIR_Filter/u_Discrete_FIR_Filter/delay21_reg[1][0]/C
                            (rising edge-triggered cell FDCE clocked by clk_out1_clk_wiz_0  {rise@0.000ns fall@20.000ns period=40.000ns})
  Destination:            u_mwfil_chiftop/u_mwfil_chifcore/DUT2CHIF.u_d2bfifo/u_dpscram/mem_reg_0/DIPADIP[1]
                            (rising edge-triggered cell RAMB36E1 clocked by clk_out1_clk_wiz_0  {rise@0.000ns fall@20.000ns period=40.000ns})
  Path Group:             clk_out1_clk_wiz_0
  Path Type:              Setup (Max at Slow Process Corner)
  Requirement:            40.000ns  (clk_out1_clk_wiz_0 rise@40.000ns - clk_out1_clk_wiz_0 rise@0.000ns)
  Data Path Delay:        44.564ns  (logic 41.552ns (93.240%)  route 3.012ns (6.760%))
  Logic Levels:           26  (CARRY4=4 DSP48E1=22)
  Clock Path Skew:        -0.091ns (DCD - SCD + CPR)
    Destination Clock Delay (DCD):    -1.471ns = ( 38.529 - 40.000 ) 
    Source Clock Delay      (SCD):    -0.896ns
    Clock Pessimism Removal (CPR):    0.485ns
  Clock Uncertainty:      0.098ns  ((TSJ^2 + DJ^2)^1/2) / 2 + PE
    Total System Jitter     (TSJ):    0.071ns
    Discrete Jitter          (DJ):    0.182ns
    Phase Error              (PE):    0.000ns

    Location             Delay type                Incr(ns)  Path(ns)    Netlist Resource(s)
  -------------------------------------------------------------------    -------------------
                         (clock clk_out1_clk_wiz_0 rise edge)
                                                      0.000     0.000 r  
    E3                                                0.000     0.000 r  sysclk (IN)
                         net (fo=0)                   0.000     0.000    u_clk_wiz_0/inst/clk_in1
    E3                   IBUF (Prop_ibuf_I_O)         1.489     1.489 r  u_clk_wiz_0/inst/clkin1_ibufg/O
                         net (fo=1, routed)           1.233     2.722    u_clk_wiz_0/inst/clk_in1_clk_wiz_0
    MMCME2_ADV_X1Y1      MMCME2_ADV (Prop_mmcme2_adv_CLKIN1_CLKOUT0)
                                                     -6.946    -4.224 r  u_clk_wiz_0/inst/mmcm_adv_inst/CLKOUT0
                         net (fo=1, routed)           1.661    -2.563    u_clk_wiz_0/inst/clk_out1_clk_wiz_0
    BUFGCTRL_X0Y16       BUFG (Prop_bufg_I_O)         0.096    -2.467 r  u_clk_wiz_0/inst/clkout1_buf/O
                         net (fo=2038, routed)        1.571    -0.896    u_mwfil_chiftop/u_dut/u_Multichannel_FIR_Filter/u_Discrete_FIR_Filter/clk_out1
    SLICE_X15Y4          FDCE                                         r  u_mwfil_chiftop/u_dut/u_Multichannel_FIR_Filter/u_Discrete_FIR_Filter/delay21_reg[1][0]/C
  -------------------------------------------------------------------    -------------------
    SLICE_X15Y4          FDCE (Prop_fdce_C_Q)         0.456    -0.440 r  u_mwfil_chiftop/u_dut/u_Multichannel_FIR_Filter/u_Discrete_FIR_Filter/delay21_reg[1][0]/Q
                         net (fo=3, routed)           0.627     0.187    u_mwfil_chiftop/u_dut/u_Multichannel_FIR_Filter/u_Discrete_FIR_Filter/delay21_reg[1]_63[0]
    SLICE_X12Y4          CARRY4 (Prop_carry4_DI[0]_CO[3])
                                                      0.550     0.737 r  u_mwfil_chiftop/u_dut/u_Multichannel_FIR_Filter/u_Discrete_FIR_Filter/gain21_mul_temp_1_i_4/CO[3]
                         net (fo=1, routed)           0.000     0.737    u_mwfil_chiftop/u_dut/u_Multichannel_FIR_Filter/u_Discrete_FIR_Filter/gain21_mul_temp_1_i_4_n_0
    SLICE_X12Y5          CARRY4 (Prop_carry4_CI_CO[3])
                                                      0.117     0.854 r  u_mwfil_chiftop/u_dut/u_Multichannel_FIR_Filter/u_Discrete_FIR_Filter/gain21_mul_temp_1_i_3/CO[3]
                         net (fo=1, routed)           0.000     0.854    u_mwfil_chiftop/u_dut/u_Multichannel_FIR_Filter/u_Discrete_FIR_Filter/gain21_mul_temp_1_i_3_n_0
    SLICE_X12Y6          CARRY4 (Prop_carry4_CI_CO[3])
                                                      0.117     0.971 r  u_mwfil_chiftop/u_dut/u_Multichannel_FIR_Filter/u_Discrete_FIR_Filter/gain21_mul_temp_1_i_2/CO[3]
                         net (fo=1, routed)           0.000     0.971    u_mwfil_chiftop/u_dut/u_Multichannel_FIR_Filter/u_Discrete_FIR_Filter/gain21_mul_temp_1_i_2_n_0
    SLICE_X12Y7          CARRY4 (Prop_carry4_CI_O[3])
                                                      0.315     1.286 r  u_mwfil_chiftop/u_dut/u_Multichannel_FIR_Filter/u_Discrete_FIR_Filter/gain21_mul_temp_1_i_1/O[3]
                         net (fo=15, routed)          0.817     2.104    u_mwfil_chiftop/u_dut/u_Multichannel_FIR_Filter/u_Discrete_FIR_Filter/gain21_mul_temp_1_i_1_n_4
    DSP48_X0Y2           DSP48E1 (Prop_dsp48e1_A[17]_PCOUT[47])
                                                      4.219     6.323 r  u_mwfil_chiftop/u_dut/u_Multichannel_FIR_Filter/u_Discrete_FIR_Filter/gain21_mul_temp_1/PCOUT[47]
                         net (fo=1, routed)           0.002     6.325    u_mwfil_chiftop/u_dut/u_Multichannel_FIR_Filter/u_Discrete_FIR_Filter/gain21_mul_temp_1_n_106
    DSP48_X0Y3           DSP48E1 (Prop_dsp48e1_PCIN[47]_PCOUT[47])
                                                      1.713     8.038 r  u_mwfil_chiftop/u_dut/u_Multichannel_FIR_Filter/u_Discrete_FIR_Filter/Discrete_FIR_Filter_out_tmp[1]/PCOUT[47]
                         net (fo=1, routed)           0.002     8.040    u_mwfil_chiftop/u_dut/u_Multichannel_FIR_Filter/u_Discrete_FIR_Filter/Discrete_FIR_Filter_out_tmp_n_106_[1]
    DSP48_X0Y4           DSP48E1 (Prop_dsp48e1_PCIN[47]_PCOUT[47])
                                                      1.713     9.753 r  u_mwfil_chiftop/u_dut/u_Multichannel_FIR_Filter/u_Discrete_FIR_Filter/Discrete_FIR_Filter_out_tmp[1]__0/PCOUT[47]
                         net (fo=1, routed)           0.002     9.755    u_mwfil_chiftop/u_dut/u_Multichannel_FIR_Filter/u_Discrete_FIR_Filter/Discrete_FIR_Filter_out_tmp[1]__0_n_106
    DSP48_X0Y5           DSP48E1 (Prop_dsp48e1_PCIN[47]_PCOUT[47])
                                                      1.713    11.468 r  u_mwfil_chiftop/u_dut/u_Multichannel_FIR_Filter/u_Discrete_FIR_Filter/Discrete_FIR_Filter_out_tmp[1]__1/PCOUT[47]
                         net (fo=1, routed)           0.002    11.470    u_mwfil_chiftop/u_dut/u_Multichannel_FIR_Filter/u_Discrete_FIR_Filter/Discrete_FIR_Filter_out_tmp[1]__1_n_106
    DSP48_X0Y6           DSP48E1 (Prop_dsp48e1_PCIN[47]_PCOUT[47])
                                                      1.713    13.183 r  u_mwfil_chiftop/u_dut/u_Multichannel_FIR_Filter/u_Discrete_FIR_Filter/Discrete_FIR_Filter_out_tmp[1]__2/PCOUT[47]
                         net (fo=1, routed)           0.002    13.185    u_mwfil_chiftop/u_dut/u_Multichannel_FIR_Filter/u_Discrete_FIR_Filter/Discrete_FIR_Filter_out_tmp[1]__2_n_106
    DSP48_X0Y7           DSP48E1 (Prop_dsp48e1_PCIN[47]_PCOUT[47])
                                                      1.713    14.898 r  u_mwfil_chiftop/u_dut/u_Multichannel_FIR_Filter/u_Discrete_FIR_Filter/Discrete_FIR_Filter_out_tmp[1]__3/PCOUT[47]
                         net (fo=1, routed)           0.002    14.900    u_mwfil_chiftop/u_dut/u_Multichannel_FIR_Filter/u_Discrete_FIR_Filter/Discrete_FIR_Filter_out_tmp[1]__3_n_106
    DSP48_X0Y8           DSP48E1 (Prop_dsp48e1_PCIN[47]_PCOUT[47])
                                                      1.713    16.613 r  u_mwfil_chiftop/u_dut/u_Multichannel_FIR_Filter/u_Discrete_FIR_Filter/Discrete_FIR_Filter_out_tmp[1]__4/PCOUT[47]
                         net (fo=1, routed)           0.002    16.615    u_mwfil_chiftop/u_dut/u_Multichannel_FIR_Filter/u_Discrete_FIR_Filter/Discrete_FIR_Filter_out_tmp[1]__4_n_106
    DSP48_X0Y9           DSP48E1 (Prop_dsp48e1_PCIN[47]_PCOUT[47])
                                                      1.713    18.328 r  u_mwfil_chiftop/u_dut/u_Multichannel_FIR_Filter/u_Discrete_FIR_Filter/Discrete_FIR_Filter_out_tmp[1]__5/PCOUT[47]
                         net (fo=1, routed)           0.056    18.383    u_mwfil_chiftop/u_dut/u_Multichannel_FIR_Filter/u_Discrete_FIR_Filter/Discrete_FIR_Filter_out_tmp[1]__5_n_106
    DSP48_X0Y10          DSP48E1 (Prop_dsp48e1_PCIN[47]_PCOUT[47])
                                                      1.713    20.096 r  u_mwfil_chiftop/u_dut/u_Multichannel_FIR_Filter/u_Discrete_FIR_Filter/Discrete_FIR_Filter_out_tmp[1]__6/PCOUT[47]
                         net (fo=1, routed)           0.002    20.098    u_mwfil_chiftop/u_dut/u_Multichannel_FIR_Filter/u_Discrete_FIR_Filter/Discrete_FIR_Filter_out_tmp[1]__6_n_106
    DSP48_X0Y11          DSP48E1 (Prop_dsp48e1_PCIN[47]_PCOUT[47])
                                                      1.713    21.811 r  u_mwfil_chiftop/u_dut/u_Multichannel_FIR_Filter/u_Discrete_FIR_Filter/Discrete_FIR_Filter_out_tmp[1]__7/PCOUT[47]
                         net (fo=1, routed)           0.002    21.813    u_mwfil_chiftop/u_dut/u_Multichannel_FIR_Filter/u_Discrete_FIR_Filter/Discrete_FIR_Filter_out_tmp[1]__7_n_106
    DSP48_X0Y12          DSP48E1 (Prop_dsp48e1_PCIN[47]_PCOUT[47])
                                                      1.713    23.526 r  u_mwfil_chiftop/u_dut/u_Multichannel_FIR_Filter/u_Discrete_FIR_Filter/Discrete_FIR_Filter_out_tmp[1]__8/PCOUT[47]
                         net (fo=1, routed)           0.002    23.528    u_mwfil_chiftop/u_dut/u_Multichannel_FIR_Filter/u_Discrete_FIR_Filter/Discrete_FIR_Filter_out_tmp[1]__8_n_106
    DSP48_X0Y13          DSP48E1 (Prop_dsp48e1_PCIN[47]_PCOUT[47])
                                                      1.713    25.241 r  u_mwfil_chiftop/u_dut/u_Multichannel_FIR_Filter/u_Discrete_FIR_Filter/Discrete_FIR_Filter_out_tmp[1]__9/PCOUT[47]
                         net (fo=1, routed)           0.002    25.243    u_mwfil_chiftop/u_dut/u_Multichannel_FIR_Filter/u_Discrete_FIR_Filter/Discrete_FIR_Filter_out_tmp[1]__9_n_106
    DSP48_X0Y14          DSP48E1 (Prop_dsp48e1_PCIN[47]_PCOUT[47])
                                                      1.713    26.956 r  u_mwfil_chiftop/u_dut/u_Multichannel_FIR_Filter/u_Discrete_FIR_Filter/Discrete_FIR_Filter_out_tmp[1]__10/PCOUT[47]
                         net (fo=1, routed)           0.002    26.958    u_mwfil_chiftop/u_dut/u_Multichannel_FIR_Filter/u_Discrete_FIR_Filter/Discrete_FIR_Filter_out_tmp[1]__10_n_106
    DSP48_X0Y15          DSP48E1 (Prop_dsp48e1_PCIN[47]_PCOUT[47])
                                                      1.713    28.671 r  u_mwfil_chiftop/u_dut/u_Multichannel_FIR_Filter/u_Discrete_FIR_Filter/Discrete_FIR_Filter_out_tmp[1]__11/PCOUT[47]
                         net (fo=1, routed)           0.002    28.673    u_mwfil_chiftop/u_dut/u_Multichannel_FIR_Filter/u_Discrete_FIR_Filter/Discrete_FIR_Filter_out_tmp[1]__11_n_106
    DSP48_X0Y16          DSP48E1 (Prop_dsp48e1_PCIN[47]_PCOUT[47])
                                                      1.713    30.386 r  u_mwfil_chiftop/u_dut/u_Multichannel_FIR_Filter/u_Discrete_FIR_Filter/Discrete_FIR_Filter_out_tmp[1]__12/PCOUT[47]
                         net (fo=1, routed)           0.002    30.388    u_mwfil_chiftop/u_dut/u_Multichannel_FIR_Filter/u_Discrete_FIR_Filter/Discrete_FIR_Filter_out_tmp[1]__12_n_106
    DSP48_X0Y17          DSP48E1 (Prop_dsp48e1_PCIN[47]_PCOUT[47])
                                                      1.713    32.101 r  u_mwfil_chiftop/u_dut/u_Multichannel_FIR_Filter/u_Discrete_FIR_Filter/Discrete_FIR_Filter_out_tmp[1]__13/PCOUT[47]
                         net (fo=1, routed)           0.002    32.103    u_mwfil_chiftop/u_dut/u_Multichannel_FIR_Filter/u_Discrete_FIR_Filter/Discrete_FIR_Filter_out_tmp[1]__13_n_106
    DSP48_X0Y18          DSP48E1 (Prop_dsp48e1_PCIN[47]_PCOUT[47])
                                                      1.713    33.816 r  u_mwfil_chiftop/u_dut/u_Multichannel_FIR_Filter/u_Discrete_FIR_Filter/Discrete_FIR_Filter_out_tmp[1]__14/PCOUT[47]
                         net (fo=1, routed)           0.002    33.818    u_mwfil_chiftop/u_dut/u_Multichannel_FIR_Filter/u_Discrete_FIR_Filter/Discrete_FIR_Filter_out_tmp[1]__14_n_106
    DSP48_X0Y19          DSP48E1 (Prop_dsp48e1_PCIN[47]_PCOUT[47])
                                                      1.713    35.531 r  u_mwfil_chiftop/u_dut/u_Multichannel_FIR_Filter/u_Discrete_FIR_Filter/Discrete_FIR_Filter_out_tmp[1]__15/PCOUT[47]
                         net (fo=1, routed)           0.002    35.533    u_mwfil_chiftop/u_dut/u_Multichannel_FIR_Filter/u_Discrete_FIR_Filter/Discrete_FIR_Filter_out_tmp[1]__15_n_106
    DSP48_X0Y20          DSP48E1 (Prop_dsp48e1_PCIN[47]_PCOUT[47])
                                                      1.713    37.246 r  u_mwfil_chiftop/u_dut/u_Multichannel_FIR_Filter/u_Discrete_FIR_Filter/Discrete_FIR_Filter_out_tmp[1]__16/PCOUT[47]
                         net (fo=1, routed)           0.002    37.248    u_mwfil_chiftop/u_dut/u_Multichannel_FIR_Filter/u_Discrete_FIR_Filter/Discrete_FIR_Filter_out_tmp[1]__16_n_106
    DSP48_X0Y21          DSP48E1 (Prop_dsp48e1_PCIN[47]_PCOUT[47])
                                                      1.713    38.961 r  u_mwfil_chiftop/u_dut/u_Multichannel_FIR_Filter/u_Discrete_FIR_Filter/Discrete_FIR_Filter_out_tmp[1]__17/PCOUT[47]
                         net (fo=1, routed)           0.002    38.963    u_mwfil_chiftop/u_dut/u_Multichannel_FIR_Filter/u_Discrete_FIR_Filter/Discrete_FIR_Filter_out_tmp[1]__17_n_106
    DSP48_X0Y22          DSP48E1 (Prop_dsp48e1_PCIN[47]_PCOUT[47])
                                                      1.713    40.676 r  u_mwfil_chiftop/u_dut/u_Multichannel_FIR_Filter/u_Discrete_FIR_Filter/Discrete_FIR_Filter_out_tmp[1]__18/PCOUT[47]
                         net (fo=1, routed)           0.002    40.678    u_mwfil_chiftop/u_dut/u_Multichannel_FIR_Filter/u_Discrete_FIR_Filter/Discrete_FIR_Filter_out_tmp[1]__18_n_106
    DSP48_X0Y23          DSP48E1 (Prop_dsp48e1_PCIN[47]_P[17])
                                                      1.518    42.196 r  u_mwfil_chiftop/u_dut/u_Multichannel_FIR_Filter/u_Discrete_FIR_Filter/Discrete_FIR_Filter_out_tmp[1]__19/P[17]
                         net (fo=1, routed)           1.472    43.669    u_mwfil_chiftop/u_mwfil_chifcore/DUT2CHIF.u_d2bfifo/u_dpscram/wr_din[56]
    RAMB36_X1Y11         RAMB36E1                                     r  u_mwfil_chiftop/u_mwfil_chifcore/DUT2CHIF.u_d2bfifo/u_dpscram/mem_reg_0/DIPADIP[1]
  -------------------------------------------------------------------    -------------------

                         (clock clk_out1_clk_wiz_0 rise edge)
                                                     40.000    40.000 r  
    E3                                                0.000    40.000 r  sysclk (IN)
                         net (fo=0)                   0.000    40.000    u_clk_wiz_0/inst/clk_in1
    E3                   IBUF (Prop_ibuf_I_O)         1.418    41.418 r  u_clk_wiz_0/inst/clkin1_ibufg/O
                         net (fo=1, routed)           1.162    42.580    u_clk_wiz_0/inst/clk_in1_clk_wiz_0
    MMCME2_ADV_X1Y1      MMCME2_ADV (Prop_mmcme2_adv_CLKIN1_CLKOUT0)
                                                     -7.204    35.376 r  u_clk_wiz_0/inst/mmcm_adv_inst/CLKOUT0
                         net (fo=1, routed)           1.581    36.957    u_clk_wiz_0/inst/clk_out1_clk_wiz_0
    BUFGCTRL_X0Y16       BUFG (Prop_bufg_I_O)         0.091    37.048 r  u_clk_wiz_0/inst/clkout1_buf/O
                         net (fo=2038, routed)        1.480    38.529    u_mwfil_chiftop/u_mwfil_chifcore/DUT2CHIF.u_d2bfifo/u_dpscram/clk_out1
    RAMB36_X1Y11         RAMB36E1                                     r  u_mwfil_chiftop/u_mwfil_chifcore/DUT2CHIF.u_d2bfifo/u_dpscram/mem_reg_0/CLKBWRCLK
                         clock pessimism              0.485    39.013    
                         clock uncertainty           -0.098    38.916    
    RAMB36_X1Y11         RAMB36E1 (Setup_ramb36e1_CLKBWRCLK_DIPADIP[1])
                                                     -0.241    38.675    u_mwfil_chiftop/u_mwfil_chifcore/DUT2CHIF.u_d2bfifo/u_dpscram/mem_reg_0
  -------------------------------------------------------------------
                         required time                         38.675    
                         arrival time                         -43.669    
  -------------------------------------------------------------------
                         slack                                 -4.994    

Slack (VIOLATED) :        -4.993ns  (required time - arrival time)
  Source:                 u_mwfil_chiftop/u_dut/u_Multichannel_FIR_Filter/u_Discrete_FIR_Filter/delay21_reg[1][0]/C
                            (rising edge-triggered cell FDCE clocked by clk_out1_clk_wiz_0  {rise@0.000ns fall@20.000ns period=40.000ns})
  Destination:            u_mwfil_chiftop/u_mwfil_chifcore/DUT2CHIF.u_d2bfifo/u_dpscram/mem_reg_0/DIPADIP[0]
                            (rising edge-triggered cell RAMB36E1 clocked by clk_out1_clk_wiz_0  {rise@0.000ns fall@20.000ns period=40.000ns})
  Path Group:             clk_out1_clk_wiz_0
  Path Type:              Setup (Max at Slow Process Corner)
  Requirement:            40.000ns  (clk_out1_clk_wiz_0 rise@40.000ns - clk_out1_clk_wiz_0 rise@0.000ns)
  Data Path Delay:        44.564ns  (logic 41.552ns (93.242%)  route 3.012ns (6.758%))
  Logic Levels:           26  (CARRY4=4 DSP48E1=22)
  Clock Path Skew:        -0.091ns (DCD - SCD + CPR)
    Destination Clock Delay (DCD):    -1.471ns = ( 38.529 - 40.000 ) 
    Source Clock Delay      (SCD):    -0.896ns
    Clock Pessimism Removal (CPR):    0.485ns
  Clock Uncertainty:      0.098ns  ((TSJ^2 + DJ^2)^1/2) / 2 + PE
    Total System Jitter     (TSJ):    0.071ns
    Discrete Jitter          (DJ):    0.182ns
    Phase Error              (PE):    0.000ns

    Location             Delay type                Incr(ns)  Path(ns)    Netlist Resource(s)
  -------------------------------------------------------------------    -------------------
                         (clock clk_out1_clk_wiz_0 rise edge)
                                                      0.000     0.000 r  
    E3                                                0.000     0.000 r  sysclk (IN)
                         net (fo=0)                   0.000     0.000    u_clk_wiz_0/inst/clk_in1
    E3                   IBUF (Prop_ibuf_I_O)         1.489     1.489 r  u_clk_wiz_0/inst/clkin1_ibufg/O
                         net (fo=1, routed)           1.233     2.722    u_clk_wiz_0/inst/clk_in1_clk_wiz_0
    MMCME2_ADV_X1Y1      MMCME2_ADV (Prop_mmcme2_adv_CLKIN1_CLKOUT0)
                                                     -6.946    -4.224 r  u_clk_wiz_0/inst/mmcm_adv_inst/CLKOUT0
                         net (fo=1, routed)           1.661    -2.563    u_clk_wiz_0/inst/clk_out1_clk_wiz_0
    BUFGCTRL_X0Y16       BUFG (Prop_bufg_I_O)         0.096    -2.467 r  u_clk_wiz_0/inst/clkout1_buf/O
                         net (fo=2038, routed)        1.571    -0.896    u_mwfil_chiftop/u_dut/u_Multichannel_FIR_Filter/u_Discrete_FIR_Filter/clk_out1
    SLICE_X15Y4          FDCE                                         r  u_mwfil_chiftop/u_dut/u_Multichannel_FIR_Filter/u_Discrete_FIR_Filter/delay21_reg[1][0]/C
  -------------------------------------------------------------------    -------------------
    SLICE_X15Y4          FDCE (Prop_fdce_C_Q)         0.456    -0.440 r  u_mwfil_chiftop/u_dut/u_Multichannel_FIR_Filter/u_Discrete_FIR_Filter/delay21_reg[1][0]/Q
                         net (fo=3, routed)           0.627     0.187    u_mwfil_chiftop/u_dut/u_Multichannel_FIR_Filter/u_Discrete_FIR_Filter/delay21_reg[1]_63[0]
    SLICE_X12Y4          CARRY4 (Prop_carry4_DI[0]_CO[3])
                                                      0.550     0.737 r  u_mwfil_chiftop/u_dut/u_Multichannel_FIR_Filter/u_Discrete_FIR_Filter/gain21_mul_temp_1_i_4/CO[3]
                         net (fo=1, routed)           0.000     0.737    u_mwfil_chiftop/u_dut/u_Multichannel_FIR_Filter/u_Discrete_FIR_Filter/gain21_mul_temp_1_i_4_n_0
    SLICE_X12Y5          CARRY4 (Prop_carry4_CI_CO[3])
                                                      0.117     0.854 r  u_mwfil_chiftop/u_dut/u_Multichannel_FIR_Filter/u_Discrete_FIR_Filter/gain21_mul_temp_1_i_3/CO[3]
                         net (fo=1, routed)           0.000     0.854    u_mwfil_chiftop/u_dut/u_Multichannel_FIR_Filter/u_Discrete_FIR_Filter/gain21_mul_temp_1_i_3_n_0
    SLICE_X12Y6          CARRY4 (Prop_carry4_CI_CO[3])
                                                      0.117     0.971 r  u_mwfil_chiftop/u_dut/u_Multichannel_FIR_Filter/u_Discrete_FIR_Filter/gain21_mul_temp_1_i_2/CO[3]
                         net (fo=1, routed)           0.000     0.971    u_mwfil_chiftop/u_dut/u_Multichannel_FIR_Filter/u_Discrete_FIR_Filter/gain21_mul_temp_1_i_2_n_0
    SLICE_X12Y7          CARRY4 (Prop_carry4_CI_O[3])
                                                      0.315     1.286 r  u_mwfil_chiftop/u_dut/u_Multichannel_FIR_Filter/u_Discrete_FIR_Filter/gain21_mul_temp_1_i_1/O[3]
                         net (fo=15, routed)          0.817     2.104    u_mwfil_chiftop/u_dut/u_Multichannel_FIR_Filter/u_Discrete_FIR_Filter/gain21_mul_temp_1_i_1_n_4
    DSP48_X0Y2           DSP48E1 (Prop_dsp48e1_A[17]_PCOUT[47])
                                                      4.219     6.323 r  u_mwfil_chiftop/u_dut/u_Multichannel_FIR_Filter/u_Discrete_FIR_Filter/gain21_mul_temp_1/PCOUT[47]
                         net (fo=1, routed)           0.002     6.325    u_mwfil_chiftop/u_dut/u_Multichannel_FIR_Filter/u_Discrete_FIR_Filter/gain21_mul_temp_1_n_106
    DSP48_X0Y3           DSP48E1 (Prop_dsp48e1_PCIN[47]_PCOUT[47])
                                                      1.713     8.038 r  u_mwfil_chiftop/u_dut/u_Multichannel_FIR_Filter/u_Discrete_FIR_Filter/Discrete_FIR_Filter_out_tmp[1]/PCOUT[47]
                         net (fo=1, routed)           0.002     8.040    u_mwfil_chiftop/u_dut/u_Multichannel_FIR_Filter/u_Discrete_FIR_Filter/Discrete_FIR_Filter_out_tmp_n_106_[1]
    DSP48_X0Y4           DSP48E1 (Prop_dsp48e1_PCIN[47]_PCOUT[47])
                                                      1.713     9.753 r  u_mwfil_chiftop/u_dut/u_Multichannel_FIR_Filter/u_Discrete_FIR_Filter/Discrete_FIR_Filter_out_tmp[1]__0/PCOUT[47]
                         net (fo=1, routed)           0.002     9.755    u_mwfil_chiftop/u_dut/u_Multichannel_FIR_Filter/u_Discrete_FIR_Filter/Discrete_FIR_Filter_out_tmp[1]__0_n_106
    DSP48_X0Y5           DSP48E1 (Prop_dsp48e1_PCIN[47]_PCOUT[47])
                                                      1.713    11.468 r  u_mwfil_chiftop/u_dut/u_Multichannel_FIR_Filter/u_Discrete_FIR_Filter/Discrete_FIR_Filter_out_tmp[1]__1/PCOUT[47]
                         net (fo=1, routed)           0.002    11.470    u_mwfil_chiftop/u_dut/u_Multichannel_FIR_Filter/u_Discrete_FIR_Filter/Discrete_FIR_Filter_out_tmp[1]__1_n_106
    DSP48_X0Y6           DSP48E1 (Prop_dsp48e1_PCIN[47]_PCOUT[47])
                                                      1.713    13.183 r  u_mwfil_chiftop/u_dut/u_Multichannel_FIR_Filter/u_Discrete_FIR_Filter/Discrete_FIR_Filter_out_tmp[1]__2/PCOUT[47]
                         net (fo=1, routed)           0.002    13.185    u_mwfil_chiftop/u_dut/u_Multichannel_FIR_Filter/u_Discrete_FIR_Filter/Discrete_FIR_Filter_out_tmp[1]__2_n_106
    DSP48_X0Y7           DSP48E1 (Prop_dsp48e1_PCIN[47]_PCOUT[47])
                                                      1.713    14.898 r  u_mwfil_chiftop/u_dut/u_Multichannel_FIR_Filter/u_Discrete_FIR_Filter/Discrete_FIR_Filter_out_tmp[1]__3/PCOUT[47]
                         net (fo=1, routed)           0.002    14.900    u_mwfil_chiftop/u_dut/u_Multichannel_FIR_Filter/u_Discrete_FIR_Filter/Discrete_FIR_Filter_out_tmp[1]__3_n_106
    DSP48_X0Y8           DSP48E1 (Prop_dsp48e1_PCIN[47]_PCOUT[47])
                                                      1.713    16.613 r  u_mwfil_chiftop/u_dut/u_Multichannel_FIR_Filter/u_Discrete_FIR_Filter/Discrete_FIR_Filter_out_tmp[1]__4/PCOUT[47]
                         net (fo=1, routed)           0.002    16.615    u_mwfil_chiftop/u_dut/u_Multichannel_FIR_Filter/u_Discrete_FIR_Filter/Discrete_FIR_Filter_out_tmp[1]__4_n_106
    DSP48_X0Y9           DSP48E1 (Prop_dsp48e1_PCIN[47]_PCOUT[47])
                                                      1.713    18.328 r  u_mwfil_chiftop/u_dut/u_Multichannel_FIR_Filter/u_Discrete_FIR_Filter/Discrete_FIR_Filter_out_tmp[1]__5/PCOUT[47]
                         net (fo=1, routed)           0.056    18.383    u_mwfil_chiftop/u_dut/u_Multichannel_FIR_Filter/u_Discrete_FIR_Filter/Discrete_FIR_Filter_out_tmp[1]__5_n_106
    DSP48_X0Y10          DSP48E1 (Prop_dsp48e1_PCIN[47]_PCOUT[47])
                                                      1.713    20.096 r  u_mwfil_chiftop/u_dut/u_Multichannel_FIR_Filter/u_Discrete_FIR_Filter/Discrete_FIR_Filter_out_tmp[1]__6/PCOUT[47]
                         net (fo=1, routed)           0.002    20.098    u_mwfil_chiftop/u_dut/u_Multichannel_FIR_Filter/u_Discrete_FIR_Filter/Discrete_FIR_Filter_out_tmp[1]__6_n_106
    DSP48_X0Y11          DSP48E1 (Prop_dsp48e1_PCIN[47]_PCOUT[47])
                                                      1.713    21.811 r  u_mwfil_chiftop/u_dut/u_Multichannel_FIR_Filter/u_Discrete_FIR_Filter/Discrete_FIR_Filter_out_tmp[1]__7/PCOUT[47]
                         net (fo=1, routed)           0.002    21.813    u_mwfil_chiftop/u_dut/u_Multichannel_FIR_Filter/u_Discrete_FIR_Filter/Discrete_FIR_Filter_out_tmp[1]__7_n_106
    DSP48_X0Y12          DSP48E1 (Prop_dsp48e1_PCIN[47]_PCOUT[47])
                                                      1.713    23.526 r  u_mwfil_chiftop/u_dut/u_Multichannel_FIR_Filter/u_Discrete_FIR_Filter/Discrete_FIR_Filter_out_tmp[1]__8/PCOUT[47]
                         net (fo=1, routed)           0.002    23.528    u_mwfil_chiftop/u_dut/u_Multichannel_FIR_Filter/u_Discrete_FIR_Filter/Discrete_FIR_Filter_out_tmp[1]__8_n_106
    DSP48_X0Y13          DSP48E1 (Prop_dsp48e1_PCIN[47]_PCOUT[47])
                                                      1.713    25.241 r  u_mwfil_chiftop/u_dut/u_Multichannel_FIR_Filter/u_Discrete_FIR_Filter/Discrete_FIR_Filter_out_tmp[1]__9/PCOUT[47]
                         net (fo=1, routed)           0.002    25.243    u_mwfil_chiftop/u_dut/u_Multichannel_FIR_Filter/u_Discrete_FIR_Filter/Discrete_FIR_Filter_out_tmp[1]__9_n_106
    DSP48_X0Y14          DSP48E1 (Prop_dsp48e1_PCIN[47]_PCOUT[47])
                                                      1.713    26.956 r  u_mwfil_chiftop/u_dut/u_Multichannel_FIR_Filter/u_Discrete_FIR_Filter/Discrete_FIR_Filter_out_tmp[1]__10/PCOUT[47]
                         net (fo=1, routed)           0.002    26.958    u_mwfil_chiftop/u_dut/u_Multichannel_FIR_Filter/u_Discrete_FIR_Filter/Discrete_FIR_Filter_out_tmp[1]__10_n_106
    DSP48_X0Y15          DSP48E1 (Prop_dsp48e1_PCIN[47]_PCOUT[47])
                                                      1.713    28.671 r  u_mwfil_chiftop/u_dut/u_Multichannel_FIR_Filter/u_Discrete_FIR_Filter/Discrete_FIR_Filter_out_tmp[1]__11/PCOUT[47]
                         net (fo=1, routed)           0.002    28.673    u_mwfil_chiftop/u_dut/u_Multichannel_FIR_Filter/u_Discrete_FIR_Filter/Discrete_FIR_Filter_out_tmp[1]__11_n_106
    DSP48_X0Y16          DSP48E1 (Prop_dsp48e1_PCIN[47]_PCOUT[47])
                                                      1.713    30.386 r  u_mwfil_chiftop/u_dut/u_Multichannel_FIR_Filter/u_Discrete_FIR_Filter/Discrete_FIR_Filter_out_tmp[1]__12/PCOUT[47]
                         net (fo=1, routed)           0.002    30.388    u_mwfil_chiftop/u_dut/u_Multichannel_FIR_Filter/u_Discrete_FIR_Filter/Discrete_FIR_Filter_out_tmp[1]__12_n_106
    DSP48_X0Y17          DSP48E1 (Prop_dsp48e1_PCIN[47]_PCOUT[47])
                                                      1.713    32.101 r  u_mwfil_chiftop/u_dut/u_Multichannel_FIR_Filter/u_Discrete_FIR_Filter/Discrete_FIR_Filter_out_tmp[1]__13/PCOUT[47]
                         net (fo=1, routed)           0.002    32.103    u_mwfil_chiftop/u_dut/u_Multichannel_FIR_Filter/u_Discrete_FIR_Filter/Discrete_FIR_Filter_out_tmp[1]__13_n_106
    DSP48_X0Y18          DSP48E1 (Prop_dsp48e1_PCIN[47]_PCOUT[47])
                                                      1.713    33.816 r  u_mwfil_chiftop/u_dut/u_Multichannel_FIR_Filter/u_Discrete_FIR_Filter/Discrete_FIR_Filter_out_tmp[1]__14/PCOUT[47]
                         net (fo=1, routed)           0.002    33.818    u_mwfil_chiftop/u_dut/u_Multichannel_FIR_Filter/u_Discrete_FIR_Filter/Discrete_FIR_Filter_out_tmp[1]__14_n_106
    DSP48_X0Y19          DSP48E1 (Prop_dsp48e1_PCIN[47]_PCOUT[47])
                                                      1.713    35.531 r  u_mwfil_chiftop/u_dut/u_Multichannel_FIR_Filter/u_Discrete_FIR_Filter/Discrete_FIR_Filter_out_tmp[1]__15/PCOUT[47]
                         net (fo=1, routed)           0.002    35.533    u_mwfil_chiftop/u_dut/u_Multichannel_FIR_Filter/u_Discrete_FIR_Filter/Discrete_FIR_Filter_out_tmp[1]__15_n_106
    DSP48_X0Y20          DSP48E1 (Prop_dsp48e1_PCIN[47]_PCOUT[47])
                                                      1.713    37.246 r  u_mwfil_chiftop/u_dut/u_Multichannel_FIR_Filter/u_Discrete_FIR_Filter/Discrete_FIR_Filter_out_tmp[1]__16/PCOUT[47]
                         net (fo=1, routed)           0.002    37.248    u_mwfil_chiftop/u_dut/u_Multichannel_FIR_Filter/u_Discrete_FIR_Filter/Discrete_FIR_Filter_out_tmp[1]__16_n_106
    DSP48_X0Y21          DSP48E1 (Prop_dsp48e1_PCIN[47]_PCOUT[47])
                                                      1.713    38.961 r  u_mwfil_chiftop/u_dut/u_Multichannel_FIR_Filter/u_Discrete_FIR_Filter/Discrete_FIR_Filter_out_tmp[1]__17/PCOUT[47]
                         net (fo=1, routed)           0.002    38.963    u_mwfil_chiftop/u_dut/u_Multichannel_FIR_Filter/u_Discrete_FIR_Filter/Discrete_FIR_Filter_out_tmp[1]__17_n_106
    DSP48_X0Y22          DSP48E1 (Prop_dsp48e1_PCIN[47]_PCOUT[47])
                                                      1.713    40.676 r  u_mwfil_chiftop/u_dut/u_Multichannel_FIR_Filter/u_Discrete_FIR_Filter/Discrete_FIR_Filter_out_tmp[1]__18/PCOUT[47]
                         net (fo=1, routed)           0.002    40.678    u_mwfil_chiftop/u_dut/u_Multichannel_FIR_Filter/u_Discrete_FIR_Filter/Discrete_FIR_Filter_out_tmp[1]__18_n_106
    DSP48_X0Y23          DSP48E1 (Prop_dsp48e1_PCIN[47]_P[16])
                                                      1.518    42.196 r  u_mwfil_chiftop/u_dut/u_Multichannel_FIR_Filter/u_Discrete_FIR_Filter/Discrete_FIR_Filter_out_tmp[1]__19/P[16]
                         net (fo=1, routed)           1.471    43.668    u_mwfil_chiftop/u_mwfil_chifcore/DUT2CHIF.u_d2bfifo/u_dpscram/wr_din[55]
    RAMB36_X1Y11         RAMB36E1                                     r  u_mwfil_chiftop/u_mwfil_chifcore/DUT2CHIF.u_d2bfifo/u_dpscram/mem_reg_0/DIPADIP[0]
  -------------------------------------------------------------------    -------------------

                         (clock clk_out1_clk_wiz_0 rise edge)
                                                     40.000    40.000 r  
    E3                                                0.000    40.000 r  sysclk (IN)
                         net (fo=0)                   0.000    40.000    u_clk_wiz_0/inst/clk_in1
    E3                   IBUF (Prop_ibuf_I_O)         1.418    41.418 r  u_clk_wiz_0/inst/clkin1_ibufg/O
                         net (fo=1, routed)           1.162    42.580    u_clk_wiz_0/inst/clk_in1_clk_wiz_0
    MMCME2_ADV_X1Y1      MMCME2_ADV (Prop_mmcme2_adv_CLKIN1_CLKOUT0)
                                                     -7.204    35.376 r  u_clk_wiz_0/inst/mmcm_adv_inst/CLKOUT0
                         net (fo=1, routed)           1.581    36.957    u_clk_wiz_0/inst/clk_out1_clk_wiz_0
    BUFGCTRL_X0Y16       BUFG (Prop_bufg_I_O)         0.091    37.048 r  u_clk_wiz_0/inst/clkout1_buf/O
                         net (fo=2038, routed)        1.480    38.529    u_mwfil_chiftop/u_mwfil_chifcore/DUT2CHIF.u_d2bfifo/u_dpscram/clk_out1
    RAMB36_X1Y11         RAMB36E1                                     r  u_mwfil_chiftop/u_mwfil_chifcore/DUT2CHIF.u_d2bfifo/u_dpscram/mem_reg_0/CLKBWRCLK
                         clock pessimism              0.485    39.013    
                         clock uncertainty           -0.098    38.916    
    RAMB36_X1Y11         RAMB36E1 (Setup_ramb36e1_CLKBWRCLK_DIPADIP[0])
                                                     -0.241    38.675    u_mwfil_chiftop/u_mwfil_chifcore/DUT2CHIF.u_d2bfifo/u_dpscram/mem_reg_0
  -------------------------------------------------------------------
                         required time                         38.675    
                         arrival time                         -43.668    
  -------------------------------------------------------------------
                         slack                                 -4.993    

Slack (VIOLATED) :        -4.991ns  (required time - arrival time)
  Source:                 u_mwfil_chiftop/u_dut/u_Multichannel_FIR_Filter/u_Discrete_FIR_Filter/delay21_reg[1][0]/C
                            (rising edge-triggered cell FDCE clocked by clk_out1_clk_wiz_0  {rise@0.000ns fall@20.000ns period=40.000ns})
  Destination:            u_mwfil_chiftop/u_mwfil_chifcore/DUT2CHIF.u_d2bfifo/u_dpscram/mem_reg_0/DIPBDIP[0]
                            (rising edge-triggered cell RAMB36E1 clocked by clk_out1_clk_wiz_0  {rise@0.000ns fall@20.000ns period=40.000ns})
  Path Group:             clk_out1_clk_wiz_0
  Path Type:              Setup (Max at Slow Process Corner)
  Requirement:            40.000ns  (clk_out1_clk_wiz_0 rise@40.000ns - clk_out1_clk_wiz_0 rise@0.000ns)
  Data Path Delay:        44.562ns  (logic 41.552ns (93.246%)  route 3.010ns (6.754%))
  Logic Levels:           26  (CARRY4=4 DSP48E1=22)
  Clock Path Skew:        -0.091ns (DCD - SCD + CPR)
    Destination Clock Delay (DCD):    -1.471ns = ( 38.529 - 40.000 ) 
    Source Clock Delay      (SCD):    -0.896ns
    Clock Pessimism Removal (CPR):    0.485ns
  Clock Uncertainty:      0.098ns  ((TSJ^2 + DJ^2)^1/2) / 2 + PE
    Total System Jitter     (TSJ):    0.071ns
    Discrete Jitter          (DJ):    0.182ns
    Phase Error              (PE):    0.000ns

    Location             Delay type                Incr(ns)  Path(ns)    Netlist Resource(s)
  -------------------------------------------------------------------    -------------------
                         (clock clk_out1_clk_wiz_0 rise edge)
                                                      0.000     0.000 r  
    E3                                                0.000     0.000 r  sysclk (IN)
                         net (fo=0)                   0.000     0.000    u_clk_wiz_0/inst/clk_in1
    E3                   IBUF (Prop_ibuf_I_O)         1.489     1.489 r  u_clk_wiz_0/inst/clkin1_ibufg/O
                         net (fo=1, routed)           1.233     2.722    u_clk_wiz_0/inst/clk_in1_clk_wiz_0
    MMCME2_ADV_X1Y1      MMCME2_ADV (Prop_mmcme2_adv_CLKIN1_CLKOUT0)
                                                     -6.946    -4.224 r  u_clk_wiz_0/inst/mmcm_adv_inst/CLKOUT0
                         net (fo=1, routed)           1.661    -2.563    u_clk_wiz_0/inst/clk_out1_clk_wiz_0
    BUFGCTRL_X0Y16       BUFG (Prop_bufg_I_O)         0.096    -2.467 r  u_clk_wiz_0/inst/clkout1_buf/O
                         net (fo=2038, routed)        1.571    -0.896    u_mwfil_chiftop/u_dut/u_Multichannel_FIR_Filter/u_Discrete_FIR_Filter/clk_out1
    SLICE_X15Y4          FDCE                                         r  u_mwfil_chiftop/u_dut/u_Multichannel_FIR_Filter/u_Discrete_FIR_Filter/delay21_reg[1][0]/C
  -------------------------------------------------------------------    -------------------
    SLICE_X15Y4          FDCE (Prop_fdce_C_Q)         0.456    -0.440 r  u_mwfil_chiftop/u_dut/u_Multichannel_FIR_Filter/u_Discrete_FIR_Filter/delay21_reg[1][0]/Q
                         net (fo=3, routed)           0.627     0.187    u_mwfil_chiftop/u_dut/u_Multichannel_FIR_Filter/u_Discrete_FIR_Filter/delay21_reg[1]_63[0]
    SLICE_X12Y4          CARRY4 (Prop_carry4_DI[0]_CO[3])
                                                      0.550     0.737 r  u_mwfil_chiftop/u_dut/u_Multichannel_FIR_Filter/u_Discrete_FIR_Filter/gain21_mul_temp_1_i_4/CO[3]
                         net (fo=1, routed)           0.000     0.737    u_mwfil_chiftop/u_dut/u_Multichannel_FIR_Filter/u_Discrete_FIR_Filter/gain21_mul_temp_1_i_4_n_0
    SLICE_X12Y5          CARRY4 (Prop_carry4_CI_CO[3])
                                                      0.117     0.854 r  u_mwfil_chiftop/u_dut/u_Multichannel_FIR_Filter/u_Discrete_FIR_Filter/gain21_mul_temp_1_i_3/CO[3]
                         net (fo=1, routed)           0.000     0.854    u_mwfil_chiftop/u_dut/u_Multichannel_FIR_Filter/u_Discrete_FIR_Filter/gain21_mul_temp_1_i_3_n_0
    SLICE_X12Y6          CARRY4 (Prop_carry4_CI_CO[3])
                                                      0.117     0.971 r  u_mwfil_chiftop/u_dut/u_Multichannel_FIR_Filter/u_Discrete_FIR_Filter/gain21_mul_temp_1_i_2/CO[3]
                         net (fo=1, routed)           0.000     0.971    u_mwfil_chiftop/u_dut/u_Multichannel_FIR_Filter/u_Discrete_FIR_Filter/gain21_mul_temp_1_i_2_n_0
    SLICE_X12Y7          CARRY4 (Prop_carry4_CI_O[3])
                                                      0.315     1.286 r  u_mwfil_chiftop/u_dut/u_Multichannel_FIR_Filter/u_Discrete_FIR_Filter/gain21_mul_temp_1_i_1/O[3]
                         net (fo=15, routed)          0.817     2.104    u_mwfil_chiftop/u_dut/u_Multichannel_FIR_Filter/u_Discrete_FIR_Filter/gain21_mul_temp_1_i_1_n_4
    DSP48_X0Y2           DSP48E1 (Prop_dsp48e1_A[17]_PCOUT[47])
                                                      4.219     6.323 r  u_mwfil_chiftop/u_dut/u_Multichannel_FIR_Filter/u_Discrete_FIR_Filter/gain21_mul_temp_1/PCOUT[47]
                         net (fo=1, routed)           0.002     6.325    u_mwfil_chiftop/u_dut/u_Multichannel_FIR_Filter/u_Discrete_FIR_Filter/gain21_mul_temp_1_n_106
    DSP48_X0Y3           DSP48E1 (Prop_dsp48e1_PCIN[47]_PCOUT[47])
                                                      1.713     8.038 r  u_mwfil_chiftop/u_dut/u_Multichannel_FIR_Filter/u_Discrete_FIR_Filter/Discrete_FIR_Filter_out_tmp[1]/PCOUT[47]
                         net (fo=1, routed)           0.002     8.040    u_mwfil_chiftop/u_dut/u_Multichannel_FIR_Filter/u_Discrete_FIR_Filter/Discrete_FIR_Filter_out_tmp_n_106_[1]
    DSP48_X0Y4           DSP48E1 (Prop_dsp48e1_PCIN[47]_PCOUT[47])
                                                      1.713     9.753 r  u_mwfil_chiftop/u_dut/u_Multichannel_FIR_Filter/u_Discrete_FIR_Filter/Discrete_FIR_Filter_out_tmp[1]__0/PCOUT[47]
                         net (fo=1, routed)           0.002     9.755    u_mwfil_chiftop/u_dut/u_Multichannel_FIR_Filter/u_Discrete_FIR_Filter/Discrete_FIR_Filter_out_tmp[1]__0_n_106
    DSP48_X0Y5           DSP48E1 (Prop_dsp48e1_PCIN[47]_PCOUT[47])
                                                      1.713    11.468 r  u_mwfil_chiftop/u_dut/u_Multichannel_FIR_Filter/u_Discrete_FIR_Filter/Discrete_FIR_Filter_out_tmp[1]__1/PCOUT[47]
                         net (fo=1, routed)           0.002    11.470    u_mwfil_chiftop/u_dut/u_Multichannel_FIR_Filter/u_Discrete_FIR_Filter/Discrete_FIR_Filter_out_tmp[1]__1_n_106
    DSP48_X0Y6           DSP48E1 (Prop_dsp48e1_PCIN[47]_PCOUT[47])
                                                      1.713    13.183 r  u_mwfil_chiftop/u_dut/u_Multichannel_FIR_Filter/u_Discrete_FIR_Filter/Discrete_FIR_Filter_out_tmp[1]__2/PCOUT[47]
                         net (fo=1, routed)           0.002    13.185    u_mwfil_chiftop/u_dut/u_Multichannel_FIR_Filter/u_Discrete_FIR_Filter/Discrete_FIR_Filter_out_tmp[1]__2_n_106
    DSP48_X0Y7           DSP48E1 (Prop_dsp48e1_PCIN[47]_PCOUT[47])
                                                      1.713    14.898 r  u_mwfil_chiftop/u_dut/u_Multichannel_FIR_Filter/u_Discrete_FIR_Filter/Discrete_FIR_Filter_out_tmp[1]__3/PCOUT[47]
                         net (fo=1, routed)           0.002    14.900    u_mwfil_chiftop/u_dut/u_Multichannel_FIR_Filter/u_Discrete_FIR_Filter/Discrete_FIR_Filter_out_tmp[1]__3_n_106
    DSP48_X0Y8           DSP48E1 (Prop_dsp48e1_PCIN[47]_PCOUT[47])
                                                      1.713    16.613 r  u_mwfil_chiftop/u_dut/u_Multichannel_FIR_Filter/u_Discrete_FIR_Filter/Discrete_FIR_Filter_out_tmp[1]__4/PCOUT[47]
                         net (fo=1, routed)           0.002    16.615    u_mwfil_chiftop/u_dut/u_Multichannel_FIR_Filter/u_Discrete_FIR_Filter/Discrete_FIR_Filter_out_tmp[1]__4_n_106
    DSP48_X0Y9           DSP48E1 (Prop_dsp48e1_PCIN[47]_PCOUT[47])
                                                      1.713    18.328 r  u_mwfil_chiftop/u_dut/u_Multichannel_FIR_Filter/u_Discrete_FIR_Filter/Discrete_FIR_Filter_out_tmp[1]__5/PCOUT[47]
                         net (fo=1, routed)           0.056    18.383    u_mwfil_chiftop/u_dut/u_Multichannel_FIR_Filter/u_Discrete_FIR_Filter/Discrete_FIR_Filter_out_tmp[1]__5_n_106
    DSP48_X0Y10          DSP48E1 (Prop_dsp48e1_PCIN[47]_PCOUT[47])
                                                      1.713    20.096 r  u_mwfil_chiftop/u_dut/u_Multichannel_FIR_Filter/u_Discrete_FIR_Filter/Discrete_FIR_Filter_out_tmp[1]__6/PCOUT[47]
                         net (fo=1, routed)           0.002    20.098    u_mwfil_chiftop/u_dut/u_Multichannel_FIR_Filter/u_Discrete_FIR_Filter/Discrete_FIR_Filter_out_tmp[1]__6_n_106
    DSP48_X0Y11          DSP48E1 (Prop_dsp48e1_PCIN[47]_PCOUT[47])
                                                      1.713    21.811 r  u_mwfil_chiftop/u_dut/u_Multichannel_FIR_Filter/u_Discrete_FIR_Filter/Discrete_FIR_Filter_out_tmp[1]__7/PCOUT[47]
                         net (fo=1, routed)           0.002    21.813    u_mwfil_chiftop/u_dut/u_Multichannel_FIR_Filter/u_Discrete_FIR_Filter/Discrete_FIR_Filter_out_tmp[1]__7_n_106
    DSP48_X0Y12          DSP48E1 (Prop_dsp48e1_PCIN[47]_PCOUT[47])
                                                      1.713    23.526 r  u_mwfil_chiftop/u_dut/u_Multichannel_FIR_Filter/u_Discrete_FIR_Filter/Discrete_FIR_Filter_out_tmp[1]__8/PCOUT[47]
                         net (fo=1, routed)           0.002    23.528    u_mwfil_chiftop/u_dut/u_Multichannel_FIR_Filter/u_Discrete_FIR_Filter/Discrete_FIR_Filter_out_tmp[1]__8_n_106
    DSP48_X0Y13          DSP48E1 (Prop_dsp48e1_PCIN[47]_PCOUT[47])
                                                      1.713    25.241 r  u_mwfil_chiftop/u_dut/u_Multichannel_FIR_Filter/u_Discrete_FIR_Filter/Discrete_FIR_Filter_out_tmp[1]__9/PCOUT[47]
                         net (fo=1, routed)           0.002    25.243    u_mwfil_chiftop/u_dut/u_Multichannel_FIR_Filter/u_Discrete_FIR_Filter/Discrete_FIR_Filter_out_tmp[1]__9_n_106
    DSP48_X0Y14          DSP48E1 (Prop_dsp48e1_PCIN[47]_PCOUT[47])
                                                      1.713    26.956 r  u_mwfil_chiftop/u_dut/u_Multichannel_FIR_Filter/u_Discrete_FIR_Filter/Discrete_FIR_Filter_out_tmp[1]__10/PCOUT[47]
                         net (fo=1, routed)           0.002    26.958    u_mwfil_chiftop/u_dut/u_Multichannel_FIR_Filter/u_Discrete_FIR_Filter/Discrete_FIR_Filter_out_tmp[1]__10_n_106
    DSP48_X0Y15          DSP48E1 (Prop_dsp48e1_PCIN[47]_PCOUT[47])
                                                      1.713    28.671 r  u_mwfil_chiftop/u_dut/u_Multichannel_FIR_Filter/u_Discrete_FIR_Filter/Discrete_FIR_Filter_out_tmp[1]__11/PCOUT[47]
                         net (fo=1, routed)           0.002    28.673    u_mwfil_chiftop/u_dut/u_Multichannel_FIR_Filter/u_Discrete_FIR_Filter/Discrete_FIR_Filter_out_tmp[1]__11_n_106
    DSP48_X0Y16          DSP48E1 (Prop_dsp48e1_PCIN[47]_PCOUT[47])
                                                      1.713    30.386 r  u_mwfil_chiftop/u_dut/u_Multichannel_FIR_Filter/u_Discrete_FIR_Filter/Discrete_FIR_Filter_out_tmp[1]__12/PCOUT[47]
                         net (fo=1, routed)           0.002    30.388    u_mwfil_chiftop/u_dut/u_Multichannel_FIR_Filter/u_Discrete_FIR_Filter/Discrete_FIR_Filter_out_tmp[1]__12_n_106
    DSP48_X0Y17          DSP48E1 (Prop_dsp48e1_PCIN[47]_PCOUT[47])
                                                      1.713    32.101 r  u_mwfil_chiftop/u_dut/u_Multichannel_FIR_Filter/u_Discrete_FIR_Filter/Discrete_FIR_Filter_out_tmp[1]__13/PCOUT[47]
                         net (fo=1, routed)           0.002    32.103    u_mwfil_chiftop/u_dut/u_Multichannel_FIR_Filter/u_Discrete_FIR_Filter/Discrete_FIR_Filter_out_tmp[1]__13_n_106
    DSP48_X0Y18          DSP48E1 (Prop_dsp48e1_PCIN[47]_PCOUT[47])
                                                      1.713    33.816 r  u_mwfil_chiftop/u_dut/u_Multichannel_FIR_Filter/u_Discrete_FIR_Filter/Discrete_FIR_Filter_out_tmp[1]__14/PCOUT[47]
                         net (fo=1, routed)           0.002    33.818    u_mwfil_chiftop/u_dut/u_Multichannel_FIR_Filter/u_Discrete_FIR_Filter/Discrete_FIR_Filter_out_tmp[1]__14_n_106
    DSP48_X0Y19          DSP48E1 (Prop_dsp48e1_PCIN[47]_PCOUT[47])
                                                      1.713    35.531 r  u_mwfil_chiftop/u_dut/u_Multichannel_FIR_Filter/u_Discrete_FIR_Filter/Discrete_FIR_Filter_out_tmp[1]__15/PCOUT[47]
                         net (fo=1, routed)           0.002    35.533    u_mwfil_chiftop/u_dut/u_Multichannel_FIR_Filter/u_Discrete_FIR_Filter/Discrete_FIR_Filter_out_tmp[1]__15_n_106
    DSP48_X0Y20          DSP48E1 (Prop_dsp48e1_PCIN[47]_PCOUT[47])
                                                      1.713    37.246 r  u_mwfil_chiftop/u_dut/u_Multichannel_FIR_Filter/u_Discrete_FIR_Filter/Discrete_FIR_Filter_out_tmp[1]__16/PCOUT[47]
                         net (fo=1, routed)           0.002    37.248    u_mwfil_chiftop/u_dut/u_Multichannel_FIR_Filter/u_Discrete_FIR_Filter/Discrete_FIR_Filter_out_tmp[1]__16_n_106
    DSP48_X0Y21          DSP48E1 (Prop_dsp48e1_PCIN[47]_PCOUT[47])
                                                      1.713    38.961 r  u_mwfil_chiftop/u_dut/u_Multichannel_FIR_Filter/u_Discrete_FIR_Filter/Discrete_FIR_Filter_out_tmp[1]__17/PCOUT[47]
                         net (fo=1, routed)           0.002    38.963    u_mwfil_chiftop/u_dut/u_Multichannel_FIR_Filter/u_Discrete_FIR_Filter/Discrete_FIR_Filter_out_tmp[1]__17_n_106
    DSP48_X0Y22          DSP48E1 (Prop_dsp48e1_PCIN[47]_PCOUT[47])
                                                      1.713    40.676 r  u_mwfil_chiftop/u_dut/u_Multichannel_FIR_Filter/u_Discrete_FIR_Filter/Discrete_FIR_Filter_out_tmp[1]__18/PCOUT[47]
                         net (fo=1, routed)           0.002    40.678    u_mwfil_chiftop/u_dut/u_Multichannel_FIR_Filter/u_Discrete_FIR_Filter/Discrete_FIR_Filter_out_tmp[1]__18_n_106
    DSP48_X0Y23          DSP48E1 (Prop_dsp48e1_PCIN[47]_P[20])
                                                      1.518    42.196 r  u_mwfil_chiftop/u_dut/u_Multichannel_FIR_Filter/u_Discrete_FIR_Filter/Discrete_FIR_Filter_out_tmp[1]__19/P[20]
                         net (fo=1, routed)           1.470    43.666    u_mwfil_chiftop/u_mwfil_chifcore/DUT2CHIF.u_d2bfifo/u_dpscram/wr_din[59]
    RAMB36_X1Y11         RAMB36E1                                     r  u_mwfil_chiftop/u_mwfil_chifcore/DUT2CHIF.u_d2bfifo/u_dpscram/mem_reg_0/DIPBDIP[0]
  -------------------------------------------------------------------    -------------------

                         (clock clk_out1_clk_wiz_0 rise edge)
                                                     40.000    40.000 r  
    E3                                                0.000    40.000 r  sysclk (IN)
                         net (fo=0)                   0.000    40.000    u_clk_wiz_0/inst/clk_in1
    E3                   IBUF (Prop_ibuf_I_O)         1.418    41.418 r  u_clk_wiz_0/inst/clkin1_ibufg/O
                         net (fo=1, routed)           1.162    42.580    u_clk_wiz_0/inst/clk_in1_clk_wiz_0
    MMCME2_ADV_X1Y1      MMCME2_ADV (Prop_mmcme2_adv_CLKIN1_CLKOUT0)
                                                     -7.204    35.376 r  u_clk_wiz_0/inst/mmcm_adv_inst/CLKOUT0
                         net (fo=1, routed)           1.581    36.957    u_clk_wiz_0/inst/clk_out1_clk_wiz_0
    BUFGCTRL_X0Y16       BUFG (Prop_bufg_I_O)         0.091    37.048 r  u_clk_wiz_0/inst/clkout1_buf/O
                         net (fo=2038, routed)        1.480    38.529    u_mwfil_chiftop/u_mwfil_chifcore/DUT2CHIF.u_d2bfifo/u_dpscram/clk_out1
    RAMB36_X1Y11         RAMB36E1                                     r  u_mwfil_chiftop/u_mwfil_chifcore/DUT2CHIF.u_d2bfifo/u_dpscram/mem_reg_0/CLKBWRCLK
                         clock pessimism              0.485    39.013    
                         clock uncertainty           -0.098    38.916    
    RAMB36_X1Y11         RAMB36E1 (Setup_ramb36e1_CLKBWRCLK_DIPBDIP[0])
                                                     -0.241    38.675    u_mwfil_chiftop/u_mwfil_chifcore/DUT2CHIF.u_d2bfifo/u_dpscram/mem_reg_0
  -------------------------------------------------------------------
                         required time                         38.675    
                         arrival time                         -43.666    
  -------------------------------------------------------------------
                         slack                                 -4.991    

Slack (VIOLATED) :        -4.978ns  (required time - arrival time)
  Source:                 u_mwfil_chiftop/u_dut/u_Multichannel_FIR_Filter/u_Discrete_FIR_Filter/delay21_reg[1][0]/C
                            (rising edge-triggered cell FDCE clocked by clk_out1_clk_wiz_0  {rise@0.000ns fall@20.000ns period=40.000ns})
  Destination:            u_mwfil_chiftop/u_mwfil_chifcore/DUT2CHIF.u_d2bfifo/u_dpscram/mem_reg_0/DIPBDIP[1]
                            (rising edge-triggered cell RAMB36E1 clocked by clk_out1_clk_wiz_0  {rise@0.000ns fall@20.000ns period=40.000ns})
  Path Group:             clk_out1_clk_wiz_0
  Path Type:              Setup (Max at Slow Process Corner)
  Requirement:            40.000ns  (clk_out1_clk_wiz_0 rise@40.000ns - clk_out1_clk_wiz_0 rise@0.000ns)
  Data Path Delay:        44.549ns  (logic 41.552ns (93.274%)  route 2.997ns (6.726%))
  Logic Levels:           26  (CARRY4=4 DSP48E1=22)
  Clock Path Skew:        -0.091ns (DCD - SCD + CPR)
    Destination Clock Delay (DCD):    -1.471ns = ( 38.529 - 40.000 ) 
    Source Clock Delay      (SCD):    -0.896ns
    Clock Pessimism Removal (CPR):    0.485ns
  Clock Uncertainty:      0.098ns  ((TSJ^2 + DJ^2)^1/2) / 2 + PE
    Total System Jitter     (TSJ):    0.071ns
    Discrete Jitter          (DJ):    0.182ns
    Phase Error              (PE):    0.000ns

    Location             Delay type                Incr(ns)  Path(ns)    Netlist Resource(s)
  -------------------------------------------------------------------    -------------------
                         (clock clk_out1_clk_wiz_0 rise edge)
                                                      0.000     0.000 r  
    E3                                                0.000     0.000 r  sysclk (IN)
                         net (fo=0)                   0.000     0.000    u_clk_wiz_0/inst/clk_in1
    E3                   IBUF (Prop_ibuf_I_O)         1.489     1.489 r  u_clk_wiz_0/inst/clkin1_ibufg/O
                         net (fo=1, routed)           1.233     2.722    u_clk_wiz_0/inst/clk_in1_clk_wiz_0
    MMCME2_ADV_X1Y1      MMCME2_ADV (Prop_mmcme2_adv_CLKIN1_CLKOUT0)
                                                     -6.946    -4.224 r  u_clk_wiz_0/inst/mmcm_adv_inst/CLKOUT0
                         net (fo=1, routed)           1.661    -2.563    u_clk_wiz_0/inst/clk_out1_clk_wiz_0
    BUFGCTRL_X0Y16       BUFG (Prop_bufg_I_O)         0.096    -2.467 r  u_clk_wiz_0/inst/clkout1_buf/O
                         net (fo=2038, routed)        1.571    -0.896    u_mwfil_chiftop/u_dut/u_Multichannel_FIR_Filter/u_Discrete_FIR_Filter/clk_out1
    SLICE_X15Y4          FDCE                                         r  u_mwfil_chiftop/u_dut/u_Multichannel_FIR_Filter/u_Discrete_FIR_Filter/delay21_reg[1][0]/C
  -------------------------------------------------------------------    -------------------
    SLICE_X15Y4          FDCE (Prop_fdce_C_Q)         0.456    -0.440 r  u_mwfil_chiftop/u_dut/u_Multichannel_FIR_Filter/u_Discrete_FIR_Filter/delay21_reg[1][0]/Q
                         net (fo=3, routed)           0.627     0.187    u_mwfil_chiftop/u_dut/u_Multichannel_FIR_Filter/u_Discrete_FIR_Filter/delay21_reg[1]_63[0]
    SLICE_X12Y4          CARRY4 (Prop_carry4_DI[0]_CO[3])
                                                      0.550     0.737 r  u_mwfil_chiftop/u_dut/u_Multichannel_FIR_Filter/u_Discrete_FIR_Filter/gain21_mul_temp_1_i_4/CO[3]
                         net (fo=1, routed)           0.000     0.737    u_mwfil_chiftop/u_dut/u_Multichannel_FIR_Filter/u_Discrete_FIR_Filter/gain21_mul_temp_1_i_4_n_0
    SLICE_X12Y5          CARRY4 (Prop_carry4_CI_CO[3])
                                                      0.117     0.854 r  u_mwfil_chiftop/u_dut/u_Multichannel_FIR_Filter/u_Discrete_FIR_Filter/gain21_mul_temp_1_i_3/CO[3]
                         net (fo=1, routed)           0.000     0.854    u_mwfil_chiftop/u_dut/u_Multichannel_FIR_Filter/u_Discrete_FIR_Filter/gain21_mul_temp_1_i_3_n_0
    SLICE_X12Y6          CARRY4 (Prop_carry4_CI_CO[3])
                                                      0.117     0.971 r  u_mwfil_chiftop/u_dut/u_Multichannel_FIR_Filter/u_Discrete_FIR_Filter/gain21_mul_temp_1_i_2/CO[3]
                         net (fo=1, routed)           0.000     0.971    u_mwfil_chiftop/u_dut/u_Multichannel_FIR_Filter/u_Discrete_FIR_Filter/gain21_mul_temp_1_i_2_n_0
    SLICE_X12Y7          CARRY4 (Prop_carry4_CI_O[3])
                                                      0.315     1.286 r  u_mwfil_chiftop/u_dut/u_Multichannel_FIR_Filter/u_Discrete_FIR_Filter/gain21_mul_temp_1_i_1/O[3]
                         net (fo=15, routed)          0.817     2.104    u_mwfil_chiftop/u_dut/u_Multichannel_FIR_Filter/u_Discrete_FIR_Filter/gain21_mul_temp_1_i_1_n_4
    DSP48_X0Y2           DSP48E1 (Prop_dsp48e1_A[17]_PCOUT[47])
                                                      4.219     6.323 r  u_mwfil_chiftop/u_dut/u_Multichannel_FIR_Filter/u_Discrete_FIR_Filter/gain21_mul_temp_1/PCOUT[47]
                         net (fo=1, routed)           0.002     6.325    u_mwfil_chiftop/u_dut/u_Multichannel_FIR_Filter/u_Discrete_FIR_Filter/gain21_mul_temp_1_n_106
    DSP48_X0Y3           DSP48E1 (Prop_dsp48e1_PCIN[47]_PCOUT[47])
                                                      1.713     8.038 r  u_mwfil_chiftop/u_dut/u_Multichannel_FIR_Filter/u_Discrete_FIR_Filter/Discrete_FIR_Filter_out_tmp[1]/PCOUT[47]
                         net (fo=1, routed)           0.002     8.040    u_mwfil_chiftop/u_dut/u_Multichannel_FIR_Filter/u_Discrete_FIR_Filter/Discrete_FIR_Filter_out_tmp_n_106_[1]
    DSP48_X0Y4           DSP48E1 (Prop_dsp48e1_PCIN[47]_PCOUT[47])
                                                      1.713     9.753 r  u_mwfil_chiftop/u_dut/u_Multichannel_FIR_Filter/u_Discrete_FIR_Filter/Discrete_FIR_Filter_out_tmp[1]__0/PCOUT[47]
                         net (fo=1, routed)           0.002     9.755    u_mwfil_chiftop/u_dut/u_Multichannel_FIR_Filter/u_Discrete_FIR_Filter/Discrete_FIR_Filter_out_tmp[1]__0_n_106
    DSP48_X0Y5           DSP48E1 (Prop_dsp48e1_PCIN[47]_PCOUT[47])
                                                      1.713    11.468 r  u_mwfil_chiftop/u_dut/u_Multichannel_FIR_Filter/u_Discrete_FIR_Filter/Discrete_FIR_Filter_out_tmp[1]__1/PCOUT[47]
                         net (fo=1, routed)           0.002    11.470    u_mwfil_chiftop/u_dut/u_Multichannel_FIR_Filter/u_Discrete_FIR_Filter/Discrete_FIR_Filter_out_tmp[1]__1_n_106
    DSP48_X0Y6           DSP48E1 (Prop_dsp48e1_PCIN[47]_PCOUT[47])
                                                      1.713    13.183 r  u_mwfil_chiftop/u_dut/u_Multichannel_FIR_Filter/u_Discrete_FIR_Filter/Discrete_FIR_Filter_out_tmp[1]__2/PCOUT[47]
                         net (fo=1, routed)           0.002    13.185    u_mwfil_chiftop/u_dut/u_Multichannel_FIR_Filter/u_Discrete_FIR_Filter/Discrete_FIR_Filter_out_tmp[1]__2_n_106
    DSP48_X0Y7           DSP48E1 (Prop_dsp48e1_PCIN[47]_PCOUT[47])
                                                      1.713    14.898 r  u_mwfil_chiftop/u_dut/u_Multichannel_FIR_Filter/u_Discrete_FIR_Filter/Discrete_FIR_Filter_out_tmp[1]__3/PCOUT[47]
                         net (fo=1, routed)           0.002    14.900    u_mwfil_chiftop/u_dut/u_Multichannel_FIR_Filter/u_Discrete_FIR_Filter/Discrete_FIR_Filter_out_tmp[1]__3_n_106
    DSP48_X0Y8           DSP48E1 (Prop_dsp48e1_PCIN[47]_PCOUT[47])
                                                      1.713    16.613 r  u_mwfil_chiftop/u_dut/u_Multichannel_FIR_Filter/u_Discrete_FIR_Filter/Discrete_FIR_Filter_out_tmp[1]__4/PCOUT[47]
                         net (fo=1, routed)           0.002    16.615    u_mwfil_chiftop/u_dut/u_Multichannel_FIR_Filter/u_Discrete_FIR_Filter/Discrete_FIR_Filter_out_tmp[1]__4_n_106
    DSP48_X0Y9           DSP48E1 (Prop_dsp48e1_PCIN[47]_PCOUT[47])
                                                      1.713    18.328 r  u_mwfil_chiftop/u_dut/u_Multichannel_FIR_Filter/u_Discrete_FIR_Filter/Discrete_FIR_Filter_out_tmp[1]__5/PCOUT[47]
                         net (fo=1, routed)           0.056    18.383    u_mwfil_chiftop/u_dut/u_Multichannel_FIR_Filter/u_Discrete_FIR_Filter/Discrete_FIR_Filter_out_tmp[1]__5_n_106
    DSP48_X0Y10          DSP48E1 (Prop_dsp48e1_PCIN[47]_PCOUT[47])
                                                      1.713    20.096 r  u_mwfil_chiftop/u_dut/u_Multichannel_FIR_Filter/u_Discrete_FIR_Filter/Discrete_FIR_Filter_out_tmp[1]__6/PCOUT[47]
                         net (fo=1, routed)           0.002    20.098    u_mwfil_chiftop/u_dut/u_Multichannel_FIR_Filter/u_Discrete_FIR_Filter/Discrete_FIR_Filter_out_tmp[1]__6_n_106
    DSP48_X0Y11          DSP48E1 (Prop_dsp48e1_PCIN[47]_PCOUT[47])
                                                      1.713    21.811 r  u_mwfil_chiftop/u_dut/u_Multichannel_FIR_Filter/u_Discrete_FIR_Filter/Discrete_FIR_Filter_out_tmp[1]__7/PCOUT[47]
                         net (fo=1, routed)           0.002    21.813    u_mwfil_chiftop/u_dut/u_Multichannel_FIR_Filter/u_Discrete_FIR_Filter/Discrete_FIR_Filter_out_tmp[1]__7_n_106
    DSP48_X0Y12          DSP48E1 (Prop_dsp48e1_PCIN[47]_PCOUT[47])
                                                      1.713    23.526 r  u_mwfil_chiftop/u_dut/u_Multichannel_FIR_Filter/u_Discrete_FIR_Filter/Discrete_FIR_Filter_out_tmp[1]__8/PCOUT[47]
                         net (fo=1, routed)           0.002    23.528    u_mwfil_chiftop/u_dut/u_Multichannel_FIR_Filter/u_Discrete_FIR_Filter/Discrete_FIR_Filter_out_tmp[1]__8_n_106
    DSP48_X0Y13          DSP48E1 (Prop_dsp48e1_PCIN[47]_PCOUT[47])
                                                      1.713    25.241 r  u_mwfil_chiftop/u_dut/u_Multichannel_FIR_Filter/u_Discrete_FIR_Filter/Discrete_FIR_Filter_out_tmp[1]__9/PCOUT[47]
                         net (fo=1, routed)           0.002    25.243    u_mwfil_chiftop/u_dut/u_Multichannel_FIR_Filter/u_Discrete_FIR_Filter/Discrete_FIR_Filter_out_tmp[1]__9_n_106
    DSP48_X0Y14          DSP48E1 (Prop_dsp48e1_PCIN[47]_PCOUT[47])
                                                      1.713    26.956 r  u_mwfil_chiftop/u_dut/u_Multichannel_FIR_Filter/u_Discrete_FIR_Filter/Discrete_FIR_Filter_out_tmp[1]__10/PCOUT[47]
                         net (fo=1, routed)           0.002    26.958    u_mwfil_chiftop/u_dut/u_Multichannel_FIR_Filter/u_Discrete_FIR_Filter/Discrete_FIR_Filter_out_tmp[1]__10_n_106
    DSP48_X0Y15          DSP48E1 (Prop_dsp48e1_PCIN[47]_PCOUT[47])
                                                      1.713    28.671 r  u_mwfil_chiftop/u_dut/u_Multichannel_FIR_Filter/u_Discrete_FIR_Filter/Discrete_FIR_Filter_out_tmp[1]__11/PCOUT[47]
                         net (fo=1, routed)           0.002    28.673    u_mwfil_chiftop/u_dut/u_Multichannel_FIR_Filter/u_Discrete_FIR_Filter/Discrete_FIR_Filter_out_tmp[1]__11_n_106
    DSP48_X0Y16          DSP48E1 (Prop_dsp48e1_PCIN[47]_PCOUT[47])
                                                      1.713    30.386 r  u_mwfil_chiftop/u_dut/u_Multichannel_FIR_Filter/u_Discrete_FIR_Filter/Discrete_FIR_Filter_out_tmp[1]__12/PCOUT[47]
                         net (fo=1, routed)           0.002    30.388    u_mwfil_chiftop/u_dut/u_Multichannel_FIR_Filter/u_Discrete_FIR_Filter/Discrete_FIR_Filter_out_tmp[1]__12_n_106
    DSP48_X0Y17          DSP48E1 (Prop_dsp48e1_PCIN[47]_PCOUT[47])
                                                      1.713    32.101 r  u_mwfil_chiftop/u_dut/u_Multichannel_FIR_Filter/u_Discrete_FIR_Filter/Discrete_FIR_Filter_out_tmp[1]__13/PCOUT[47]
                         net (fo=1, routed)           0.002    32.103    u_mwfil_chiftop/u_dut/u_Multichannel_FIR_Filter/u_Discrete_FIR_Filter/Discrete_FIR_Filter_out_tmp[1]__13_n_106
    DSP48_X0Y18          DSP48E1 (Prop_dsp48e1_PCIN[47]_PCOUT[47])
                                                      1.713    33.816 r  u_mwfil_chiftop/u_dut/u_Multichannel_FIR_Filter/u_Discrete_FIR_Filter/Discrete_FIR_Filter_out_tmp[1]__14/PCOUT[47]
                         net (fo=1, routed)           0.002    33.818    u_mwfil_chiftop/u_dut/u_Multichannel_FIR_Filter/u_Discrete_FIR_Filter/Discrete_FIR_Filter_out_tmp[1]__14_n_106
    DSP48_X0Y19          DSP48E1 (Prop_dsp48e1_PCIN[47]_PCOUT[47])
                                                      1.713    35.531 r  u_mwfil_chiftop/u_dut/u_Multichannel_FIR_Filter/u_Discrete_FIR_Filter/Discrete_FIR_Filter_out_tmp[1]__15/PCOUT[47]
                         net (fo=1, routed)           0.002    35.533    u_mwfil_chiftop/u_dut/u_Multichannel_FIR_Filter/u_Discrete_FIR_Filter/Discrete_FIR_Filter_out_tmp[1]__15_n_106
    DSP48_X0Y20          DSP48E1 (Prop_dsp48e1_PCIN[47]_PCOUT[47])
                                                      1.713    37.246 r  u_mwfil_chiftop/u_dut/u_Multichannel_FIR_Filter/u_Discrete_FIR_Filter/Discrete_FIR_Filter_out_tmp[1]__16/PCOUT[47]
                         net (fo=1, routed)           0.002    37.248    u_mwfil_chiftop/u_dut/u_Multichannel_FIR_Filter/u_Discrete_FIR_Filter/Discrete_FIR_Filter_out_tmp[1]__16_n_106
    DSP48_X0Y21          DSP48E1 (Prop_dsp48e1_PCIN[47]_PCOUT[47])
                                                      1.713    38.961 r  u_mwfil_chiftop/u_dut/u_Multichannel_FIR_Filter/u_Discrete_FIR_Filter/Discrete_FIR_Filter_out_tmp[1]__17/PCOUT[47]
                         net (fo=1, routed)           0.002    38.963    u_mwfil_chiftop/u_dut/u_Multichannel_FIR_Filter/u_Discrete_FIR_Filter/Discrete_FIR_Filter_out_tmp[1]__17_n_106
    DSP48_X0Y22          DSP48E1 (Prop_dsp48e1_PCIN[47]_PCOUT[47])
                                                      1.713    40.676 r  u_mwfil_chiftop/u_dut/u_Multichannel_FIR_Filter/u_Discrete_FIR_Filter/Discrete_FIR_Filter_out_tmp[1]__18/PCOUT[47]
                         net (fo=1, routed)           0.002    40.678    u_mwfil_chiftop/u_dut/u_Multichannel_FIR_Filter/u_Discrete_FIR_Filter/Discrete_FIR_Filter_out_tmp[1]__18_n_106
    DSP48_X0Y23          DSP48E1 (Prop_dsp48e1_PCIN[47]_P[21])
                                                      1.518    42.196 r  u_mwfil_chiftop/u_dut/u_Multichannel_FIR_Filter/u_Discrete_FIR_Filter/Discrete_FIR_Filter_out_tmp[1]__19/P[21]
                         net (fo=1, routed)           1.456    43.653    u_mwfil_chiftop/u_mwfil_chifcore/DUT2CHIF.u_d2bfifo/u_dpscram/wr_din[60]
    RAMB36_X1Y11         RAMB36E1                                     r  u_mwfil_chiftop/u_mwfil_chifcore/DUT2CHIF.u_d2bfifo/u_dpscram/mem_reg_0/DIPBDIP[1]
  -------------------------------------------------------------------    -------------------

                         (clock clk_out1_clk_wiz_0 rise edge)
                                                     40.000    40.000 r  
    E3                                                0.000    40.000 r  sysclk (IN)
                         net (fo=0)                   0.000    40.000    u_clk_wiz_0/inst/clk_in1
    E3                   IBUF (Prop_ibuf_I_O)         1.418    41.418 r  u_clk_wiz_0/inst/clkin1_ibufg/O
                         net (fo=1, routed)           1.162    42.580    u_clk_wiz_0/inst/clk_in1_clk_wiz_0
    MMCME2_ADV_X1Y1      MMCME2_ADV (Prop_mmcme2_adv_CLKIN1_CLKOUT0)
                                                     -7.204    35.376 r  u_clk_wiz_0/inst/mmcm_adv_inst/CLKOUT0
                         net (fo=1, routed)           1.581    36.957    u_clk_wiz_0/inst/clk_out1_clk_wiz_0
    BUFGCTRL_X0Y16       BUFG (Prop_bufg_I_O)         0.091    37.048 r  u_clk_wiz_0/inst/clkout1_buf/O
                         net (fo=2038, routed)        1.480    38.529    u_mwfil_chiftop/u_mwfil_chifcore/DUT2CHIF.u_d2bfifo/u_dpscram/clk_out1
    RAMB36_X1Y11         RAMB36E1                                     r  u_mwfil_chiftop/u_mwfil_chifcore/DUT2CHIF.u_d2bfifo/u_dpscram/mem_reg_0/CLKBWRCLK
                         clock pessimism              0.485    39.013    
                         clock uncertainty           -0.098    38.916    
    RAMB36_X1Y11         RAMB36E1 (Setup_ramb36e1_CLKBWRCLK_DIPBDIP[1])
                                                     -0.241    38.675    u_mwfil_chiftop/u_mwfil_chifcore/DUT2CHIF.u_d2bfifo/u_dpscram/mem_reg_0
  -------------------------------------------------------------------
                         required time                         38.675    
                         arrival time                         -43.653    
  -------------------------------------------------------------------
                         slack                                 -4.978    

Slack (VIOLATED) :        -4.962ns  (required time - arrival time)
  Source:                 u_mwfil_chiftop/u_dut/u_Multichannel_FIR_Filter/u_Discrete_FIR_Filter/delay21_reg[1][0]/C
                            (rising edge-triggered cell FDCE clocked by clk_out1_clk_wiz_0  {rise@0.000ns fall@20.000ns period=40.000ns})
  Destination:            u_mwfil_chiftop/u_mwfil_chifcore/DUT2CHIF.u_d2bfifo/u_dpscram/mem_reg_0/DIBDI[28]
                            (rising edge-triggered cell RAMB36E1 clocked by clk_out1_clk_wiz_0  {rise@0.000ns fall@20.000ns period=40.000ns})
  Path Group:             clk_out1_clk_wiz_0
  Path Type:              Setup (Max at Slow Process Corner)
  Requirement:            40.000ns  (clk_out1_clk_wiz_0 rise@40.000ns - clk_out1_clk_wiz_0 rise@0.000ns)
  Data Path Delay:        44.533ns  (logic 41.552ns (93.307%)  route 2.981ns (6.693%))
  Logic Levels:           26  (CARRY4=4 DSP48E1=22)
  Clock Path Skew:        -0.091ns (DCD - SCD + CPR)
    Destination Clock Delay (DCD):    -1.471ns = ( 38.529 - 40.000 ) 
    Source Clock Delay      (SCD):    -0.896ns
    Clock Pessimism Removal (CPR):    0.485ns
  Clock Uncertainty:      0.098ns  ((TSJ^2 + DJ^2)^1/2) / 2 + PE
    Total System Jitter     (TSJ):    0.071ns
    Discrete Jitter          (DJ):    0.182ns
    Phase Error              (PE):    0.000ns

    Location             Delay type                Incr(ns)  Path(ns)    Netlist Resource(s)
  -------------------------------------------------------------------    -------------------
                         (clock clk_out1_clk_wiz_0 rise edge)
                                                      0.000     0.000 r  
    E3                                                0.000     0.000 r  sysclk (IN)
                         net (fo=0)                   0.000     0.000    u_clk_wiz_0/inst/clk_in1
    E3                   IBUF (Prop_ibuf_I_O)         1.489     1.489 r  u_clk_wiz_0/inst/clkin1_ibufg/O
                         net (fo=1, routed)           1.233     2.722    u_clk_wiz_0/inst/clk_in1_clk_wiz_0
    MMCME2_ADV_X1Y1      MMCME2_ADV (Prop_mmcme2_adv_CLKIN1_CLKOUT0)
                                                     -6.946    -4.224 r  u_clk_wiz_0/inst/mmcm_adv_inst/CLKOUT0
                         net (fo=1, routed)           1.661    -2.563    u_clk_wiz_0/inst/clk_out1_clk_wiz_0
    BUFGCTRL_X0Y16       BUFG (Prop_bufg_I_O)         0.096    -2.467 r  u_clk_wiz_0/inst/clkout1_buf/O
                         net (fo=2038, routed)        1.571    -0.896    u_mwfil_chiftop/u_dut/u_Multichannel_FIR_Filter/u_Discrete_FIR_Filter/clk_out1
    SLICE_X15Y4          FDCE                                         r  u_mwfil_chiftop/u_dut/u_Multichannel_FIR_Filter/u_Discrete_FIR_Filter/delay21_reg[1][0]/C
  -------------------------------------------------------------------    -------------------
    SLICE_X15Y4          FDCE (Prop_fdce_C_Q)         0.456    -0.440 r  u_mwfil_chiftop/u_dut/u_Multichannel_FIR_Filter/u_Discrete_FIR_Filter/delay21_reg[1][0]/Q
                         net (fo=3, routed)           0.627     0.187    u_mwfil_chiftop/u_dut/u_Multichannel_FIR_Filter/u_Discrete_FIR_Filter/delay21_reg[1]_63[0]
    SLICE_X12Y4          CARRY4 (Prop_carry4_DI[0]_CO[3])
                                                      0.550     0.737 r  u_mwfil_chiftop/u_dut/u_Multichannel_FIR_Filter/u_Discrete_FIR_Filter/gain21_mul_temp_1_i_4/CO[3]
                         net (fo=1, routed)           0.000     0.737    u_mwfil_chiftop/u_dut/u_Multichannel_FIR_Filter/u_Discrete_FIR_Filter/gain21_mul_temp_1_i_4_n_0
    SLICE_X12Y5          CARRY4 (Prop_carry4_CI_CO[3])
                                                      0.117     0.854 r  u_mwfil_chiftop/u_dut/u_Multichannel_FIR_Filter/u_Discrete_FIR_Filter/gain21_mul_temp_1_i_3/CO[3]
                         net (fo=1, routed)           0.000     0.854    u_mwfil_chiftop/u_dut/u_Multichannel_FIR_Filter/u_Discrete_FIR_Filter/gain21_mul_temp_1_i_3_n_0
    SLICE_X12Y6          CARRY4 (Prop_carry4_CI_CO[3])
                                                      0.117     0.971 r  u_mwfil_chiftop/u_dut/u_Multichannel_FIR_Filter/u_Discrete_FIR_Filter/gain21_mul_temp_1_i_2/CO[3]
                         net (fo=1, routed)           0.000     0.971    u_mwfil_chiftop/u_dut/u_Multichannel_FIR_Filter/u_Discrete_FIR_Filter/gain21_mul_temp_1_i_2_n_0
    SLICE_X12Y7          CARRY4 (Prop_carry4_CI_O[3])
                                                      0.315     1.286 r  u_mwfil_chiftop/u_dut/u_Multichannel_FIR_Filter/u_Discrete_FIR_Filter/gain21_mul_temp_1_i_1/O[3]
                         net (fo=15, routed)          0.817     2.104    u_mwfil_chiftop/u_dut/u_Multichannel_FIR_Filter/u_Discrete_FIR_Filter/gain21_mul_temp_1_i_1_n_4
    DSP48_X0Y2           DSP48E1 (Prop_dsp48e1_A[17]_PCOUT[47])
                                                      4.219     6.323 r  u_mwfil_chiftop/u_dut/u_Multichannel_FIR_Filter/u_Discrete_FIR_Filter/gain21_mul_temp_1/PCOUT[47]
                         net (fo=1, routed)           0.002     6.325    u_mwfil_chiftop/u_dut/u_Multichannel_FIR_Filter/u_Discrete_FIR_Filter/gain21_mul_temp_1_n_106
    DSP48_X0Y3           DSP48E1 (Prop_dsp48e1_PCIN[47]_PCOUT[47])
                                                      1.713     8.038 r  u_mwfil_chiftop/u_dut/u_Multichannel_FIR_Filter/u_Discrete_FIR_Filter/Discrete_FIR_Filter_out_tmp[1]/PCOUT[47]
                         net (fo=1, routed)           0.002     8.040    u_mwfil_chiftop/u_dut/u_Multichannel_FIR_Filter/u_Discrete_FIR_Filter/Discrete_FIR_Filter_out_tmp_n_106_[1]
    DSP48_X0Y4           DSP48E1 (Prop_dsp48e1_PCIN[47]_PCOUT[47])
                                                      1.713     9.753 r  u_mwfil_chiftop/u_dut/u_Multichannel_FIR_Filter/u_Discrete_FIR_Filter/Discrete_FIR_Filter_out_tmp[1]__0/PCOUT[47]
                         net (fo=1, routed)           0.002     9.755    u_mwfil_chiftop/u_dut/u_Multichannel_FIR_Filter/u_Discrete_FIR_Filter/Discrete_FIR_Filter_out_tmp[1]__0_n_106
    DSP48_X0Y5           DSP48E1 (Prop_dsp48e1_PCIN[47]_PCOUT[47])
                                                      1.713    11.468 r  u_mwfil_chiftop/u_dut/u_Multichannel_FIR_Filter/u_Discrete_FIR_Filter/Discrete_FIR_Filter_out_tmp[1]__1/PCOUT[47]
                         net (fo=1, routed)           0.002    11.470    u_mwfil_chiftop/u_dut/u_Multichannel_FIR_Filter/u_Discrete_FIR_Filter/Discrete_FIR_Filter_out_tmp[1]__1_n_106
    DSP48_X0Y6           DSP48E1 (Prop_dsp48e1_PCIN[47]_PCOUT[47])
                                                      1.713    13.183 r  u_mwfil_chiftop/u_dut/u_Multichannel_FIR_Filter/u_Discrete_FIR_Filter/Discrete_FIR_Filter_out_tmp[1]__2/PCOUT[47]
                         net (fo=1, routed)           0.002    13.185    u_mwfil_chiftop/u_dut/u_Multichannel_FIR_Filter/u_Discrete_FIR_Filter/Discrete_FIR_Filter_out_tmp[1]__2_n_106
    DSP48_X0Y7           DSP48E1 (Prop_dsp48e1_PCIN[47]_PCOUT[47])
                                                      1.713    14.898 r  u_mwfil_chiftop/u_dut/u_Multichannel_FIR_Filter/u_Discrete_FIR_Filter/Discrete_FIR_Filter_out_tmp[1]__3/PCOUT[47]
                         net (fo=1, routed)           0.002    14.900    u_mwfil_chiftop/u_dut/u_Multichannel_FIR_Filter/u_Discrete_FIR_Filter/Discrete_FIR_Filter_out_tmp[1]__3_n_106
    DSP48_X0Y8           DSP48E1 (Prop_dsp48e1_PCIN[47]_PCOUT[47])
                                                      1.713    16.613 r  u_mwfil_chiftop/u_dut/u_Multichannel_FIR_Filter/u_Discrete_FIR_Filter/Discrete_FIR_Filter_out_tmp[1]__4/PCOUT[47]
                         net (fo=1, routed)           0.002    16.615    u_mwfil_chiftop/u_dut/u_Multichannel_FIR_Filter/u_Discrete_FIR_Filter/Discrete_FIR_Filter_out_tmp[1]__4_n_106
    DSP48_X0Y9           DSP48E1 (Prop_dsp48e1_PCIN[47]_PCOUT[47])
                                                      1.713    18.328 r  u_mwfil_chiftop/u_dut/u_Multichannel_FIR_Filter/u_Discrete_FIR_Filter/Discrete_FIR_Filter_out_tmp[1]__5/PCOUT[47]
                         net (fo=1, routed)           0.056    18.383    u_mwfil_chiftop/u_dut/u_Multichannel_FIR_Filter/u_Discrete_FIR_Filter/Discrete_FIR_Filter_out_tmp[1]__5_n_106
    DSP48_X0Y10          DSP48E1 (Prop_dsp48e1_PCIN[47]_PCOUT[47])
                                                      1.713    20.096 r  u_mwfil_chiftop/u_dut/u_Multichannel_FIR_Filter/u_Discrete_FIR_Filter/Discrete_FIR_Filter_out_tmp[1]__6/PCOUT[47]
                         net (fo=1, routed)           0.002    20.098    u_mwfil_chiftop/u_dut/u_Multichannel_FIR_Filter/u_Discrete_FIR_Filter/Discrete_FIR_Filter_out_tmp[1]__6_n_106
    DSP48_X0Y11          DSP48E1 (Prop_dsp48e1_PCIN[47]_PCOUT[47])
                                                      1.713    21.811 r  u_mwfil_chiftop/u_dut/u_Multichannel_FIR_Filter/u_Discrete_FIR_Filter/Discrete_FIR_Filter_out_tmp[1]__7/PCOUT[47]
                         net (fo=1, routed)           0.002    21.813    u_mwfil_chiftop/u_dut/u_Multichannel_FIR_Filter/u_Discrete_FIR_Filter/Discrete_FIR_Filter_out_tmp[1]__7_n_106
    DSP48_X0Y12          DSP48E1 (Prop_dsp48e1_PCIN[47]_PCOUT[47])
                                                      1.713    23.526 r  u_mwfil_chiftop/u_dut/u_Multichannel_FIR_Filter/u_Discrete_FIR_Filter/Discrete_FIR_Filter_out_tmp[1]__8/PCOUT[47]
                         net (fo=1, routed)           0.002    23.528    u_mwfil_chiftop/u_dut/u_Multichannel_FIR_Filter/u_Discrete_FIR_Filter/Discrete_FIR_Filter_out_tmp[1]__8_n_106
    DSP48_X0Y13          DSP48E1 (Prop_dsp48e1_PCIN[47]_PCOUT[47])
                                                      1.713    25.241 r  u_mwfil_chiftop/u_dut/u_Multichannel_FIR_Filter/u_Discrete_FIR_Filter/Discrete_FIR_Filter_out_tmp[1]__9/PCOUT[47]
                         net (fo=1, routed)           0.002    25.243    u_mwfil_chiftop/u_dut/u_Multichannel_FIR_Filter/u_Discrete_FIR_Filter/Discrete_FIR_Filter_out_tmp[1]__9_n_106
    DSP48_X0Y14          DSP48E1 (Prop_dsp48e1_PCIN[47]_PCOUT[47])
                                                      1.713    26.956 r  u_mwfil_chiftop/u_dut/u_Multichannel_FIR_Filter/u_Discrete_FIR_Filter/Discrete_FIR_Filter_out_tmp[1]__10/PCOUT[47]
                         net (fo=1, routed)           0.002    26.958    u_mwfil_chiftop/u_dut/u_Multichannel_FIR_Filter/u_Discrete_FIR_Filter/Discrete_FIR_Filter_out_tmp[1]__10_n_106
    DSP48_X0Y15          DSP48E1 (Prop_dsp48e1_PCIN[47]_PCOUT[47])
                                                      1.713    28.671 r  u_mwfil_chiftop/u_dut/u_Multichannel_FIR_Filter/u_Discrete_FIR_Filter/Discrete_FIR_Filter_out_tmp[1]__11/PCOUT[47]
                         net (fo=1, routed)           0.002    28.673    u_mwfil_chiftop/u_dut/u_Multichannel_FIR_Filter/u_Discrete_FIR_Filter/Discrete_FIR_Filter_out_tmp[1]__11_n_106
    DSP48_X0Y16          DSP48E1 (Prop_dsp48e1_PCIN[47]_PCOUT[47])
                                                      1.713    30.386 r  u_mwfil_chiftop/u_dut/u_Multichannel_FIR_Filter/u_Discrete_FIR_Filter/Discrete_FIR_Filter_out_tmp[1]__12/PCOUT[47]
                         net (fo=1, routed)           0.002    30.388    u_mwfil_chiftop/u_dut/u_Multichannel_FIR_Filter/u_Discrete_FIR_Filter/Discrete_FIR_Filter_out_tmp[1]__12_n_106
    DSP48_X0Y17          DSP48E1 (Prop_dsp48e1_PCIN[47]_PCOUT[47])
                                                      1.713    32.101 r  u_mwfil_chiftop/u_dut/u_Multichannel_FIR_Filter/u_Discrete_FIR_Filter/Discrete_FIR_Filter_out_tmp[1]__13/PCOUT[47]
                         net (fo=1, routed)           0.002    32.103    u_mwfil_chiftop/u_dut/u_Multichannel_FIR_Filter/u_Discrete_FIR_Filter/Discrete_FIR_Filter_out_tmp[1]__13_n_106
    DSP48_X0Y18          DSP48E1 (Prop_dsp48e1_PCIN[47]_PCOUT[47])
                                                      1.713    33.816 r  u_mwfil_chiftop/u_dut/u_Multichannel_FIR_Filter/u_Discrete_FIR_Filter/Discrete_FIR_Filter_out_tmp[1]__14/PCOUT[47]
                         net (fo=1, routed)           0.002    33.818    u_mwfil_chiftop/u_dut/u_Multichannel_FIR_Filter/u_Discrete_FIR_Filter/Discrete_FIR_Filter_out_tmp[1]__14_n_106
    DSP48_X0Y19          DSP48E1 (Prop_dsp48e1_PCIN[47]_PCOUT[47])
                                                      1.713    35.531 r  u_mwfil_chiftop/u_dut/u_Multichannel_FIR_Filter/u_Discrete_FIR_Filter/Discrete_FIR_Filter_out_tmp[1]__15/PCOUT[47]
                         net (fo=1, routed)           0.002    35.533    u_mwfil_chiftop/u_dut/u_Multichannel_FIR_Filter/u_Discrete_FIR_Filter/Discrete_FIR_Filter_out_tmp[1]__15_n_106
    DSP48_X0Y20          DSP48E1 (Prop_dsp48e1_PCIN[47]_PCOUT[47])
                                                      1.713    37.246 r  u_mwfil_chiftop/u_dut/u_Multichannel_FIR_Filter/u_Discrete_FIR_Filter/Discrete_FIR_Filter_out_tmp[1]__16/PCOUT[47]
                         net (fo=1, routed)           0.002    37.248    u_mwfil_chiftop/u_dut/u_Multichannel_FIR_Filter/u_Discrete_FIR_Filter/Discrete_FIR_Filter_out_tmp[1]__16_n_106
    DSP48_X0Y21          DSP48E1 (Prop_dsp48e1_PCIN[47]_PCOUT[47])
                                                      1.713    38.961 r  u_mwfil_chiftop/u_dut/u_Multichannel_FIR_Filter/u_Discrete_FIR_Filter/Discrete_FIR_Filter_out_tmp[1]__17/PCOUT[47]
                         net (fo=1, routed)           0.002    38.963    u_mwfil_chiftop/u_dut/u_Multichannel_FIR_Filter/u_Discrete_FIR_Filter/Discrete_FIR_Filter_out_tmp[1]__17_n_106
    DSP48_X0Y22          DSP48E1 (Prop_dsp48e1_PCIN[47]_PCOUT[47])
                                                      1.713    40.676 r  u_mwfil_chiftop/u_dut/u_Multichannel_FIR_Filter/u_Discrete_FIR_Filter/Discrete_FIR_Filter_out_tmp[1]__18/PCOUT[47]
                         net (fo=1, routed)           0.002    40.678    u_mwfil_chiftop/u_dut/u_Multichannel_FIR_Filter/u_Discrete_FIR_Filter/Discrete_FIR_Filter_out_tmp[1]__18_n_106
    DSP48_X0Y23          DSP48E1 (Prop_dsp48e1_PCIN[47]_P[12])
                                                      1.518    42.196 r  u_mwfil_chiftop/u_dut/u_Multichannel_FIR_Filter/u_Discrete_FIR_Filter/Discrete_FIR_Filter_out_tmp[1]__19/P[12]
                         net (fo=1, routed)           1.441    43.637    u_mwfil_chiftop/u_mwfil_chifcore/DUT2CHIF.u_d2bfifo/u_dpscram/wr_din[51]
    RAMB36_X1Y11         RAMB36E1                                     r  u_mwfil_chiftop/u_mwfil_chifcore/DUT2CHIF.u_d2bfifo/u_dpscram/mem_reg_0/DIBDI[28]
  -------------------------------------------------------------------    -------------------

                         (clock clk_out1_clk_wiz_0 rise edge)
                                                     40.000    40.000 r  
    E3                                                0.000    40.000 r  sysclk (IN)
                         net (fo=0)                   0.000    40.000    u_clk_wiz_0/inst/clk_in1
    E3                   IBUF (Prop_ibuf_I_O)         1.418    41.418 r  u_clk_wiz_0/inst/clkin1_ibufg/O
                         net (fo=1, routed)           1.162    42.580    u_clk_wiz_0/inst/clk_in1_clk_wiz_0
    MMCME2_ADV_X1Y1      MMCME2_ADV (Prop_mmcme2_adv_CLKIN1_CLKOUT0)
                                                     -7.204    35.376 r  u_clk_wiz_0/inst/mmcm_adv_inst/CLKOUT0
                         net (fo=1, routed)           1.581    36.957    u_clk_wiz_0/inst/clk_out1_clk_wiz_0
    BUFGCTRL_X0Y16       BUFG (Prop_bufg_I_O)         0.091    37.048 r  u_clk_wiz_0/inst/clkout1_buf/O
                         net (fo=2038, routed)        1.480    38.529    u_mwfil_chiftop/u_mwfil_chifcore/DUT2CHIF.u_d2bfifo/u_dpscram/clk_out1
    RAMB36_X1Y11         RAMB36E1                                     r  u_mwfil_chiftop/u_mwfil_chifcore/DUT2CHIF.u_d2bfifo/u_dpscram/mem_reg_0/CLKBWRCLK
                         clock pessimism              0.485    39.013    
                         clock uncertainty           -0.098    38.916    
    RAMB36_X1Y11         RAMB36E1 (Setup_ramb36e1_CLKBWRCLK_DIBDI[28])
                                                     -0.241    38.675    u_mwfil_chiftop/u_mwfil_chifcore/DUT2CHIF.u_d2bfifo/u_dpscram/mem_reg_0
  -------------------------------------------------------------------
                         required time                         38.675    
                         arrival time                         -43.637    
  -------------------------------------------------------------------
                         slack                                 -4.962    





Min Delay Paths
--------------------------------------------------------------------------------------
Slack (MET) :             0.023ns  (arrival time - required time)
  Source:                 u_mwfil_chiftop/u_dut/u_Multichannel_FIR_Filter/u_Discrete_FIR_Filter/delay38_reg[0][1]/C
                            (rising edge-triggered cell FDCE clocked by clk_out1_clk_wiz_0  {rise@0.000ns fall@20.000ns period=40.000ns})
  Destination:            u_mwfil_chiftop/u_dut/u_Multichannel_FIR_Filter/u_Discrete_FIR_Filter/delay39_reg[0][1]/D
                            (rising edge-triggered cell FDCE clocked by clk_out1_clk_wiz_0  {rise@0.000ns fall@20.000ns period=40.000ns})
  Path Group:             clk_out1_clk_wiz_0
  Path Type:              Hold (Min at Fast Process Corner)
  Requirement:            0.000ns  (clk_out1_clk_wiz_0 rise@0.000ns - clk_out1_clk_wiz_0 rise@0.000ns)
  Data Path Delay:        0.332ns  (logic 0.141ns (42.427%)  route 0.191ns (57.573%))
  Logic Levels:           0  
  Clock Path Skew:        0.263ns (DCD - SCD - CPR)
    Destination Clock Delay (DCD):    -0.826ns
    Source Clock Delay      (SCD):    -0.581ns
    Clock Pessimism Removal (CPR):    -0.508ns

    Location             Delay type                Incr(ns)  Path(ns)    Netlist Resource(s)
  -------------------------------------------------------------------    -------------------
                         (clock clk_out1_clk_wiz_0 rise edge)
                                                      0.000     0.000 r  
    E3                                                0.000     0.000 r  sysclk (IN)
                         net (fo=0)                   0.000     0.000    u_clk_wiz_0/inst/clk_in1
    E3                   IBUF (Prop_ibuf_I_O)         0.257     0.257 r  u_clk_wiz_0/inst/clkin1_ibufg/O
                         net (fo=1, routed)           0.440     0.697    u_clk_wiz_0/inst/clk_in1_clk_wiz_0
    MMCME2_ADV_X1Y1      MMCME2_ADV (Prop_mmcme2_adv_CLKIN1_CLKOUT0)
                                                     -2.356    -1.659 r  u_clk_wiz_0/inst/mmcm_adv_inst/CLKOUT0
                         net (fo=1, routed)           0.486    -1.173    u_clk_wiz_0/inst/clk_out1_clk_wiz_0
    BUFGCTRL_X0Y16       BUFG (Prop_bufg_I_O)         0.026    -1.147 r  u_clk_wiz_0/inst/clkout1_buf/O
                         net (fo=2038, routed)        0.566    -0.581    u_mwfil_chiftop/u_dut/u_Multichannel_FIR_Filter/u_Discrete_FIR_Filter/clk_out1
    SLICE_X32Y49         FDCE                                         r  u_mwfil_chiftop/u_dut/u_Multichannel_FIR_Filter/u_Discrete_FIR_Filter/delay38_reg[0][1]/C
  -------------------------------------------------------------------    -------------------
    SLICE_X32Y49         FDCE (Prop_fdce_C_Q)         0.141    -0.440 r  u_mwfil_chiftop/u_dut/u_Multichannel_FIR_Filter/u_Discrete_FIR_Filter/delay38_reg[0][1]/Q
                         net (fo=2, routed)           0.191    -0.249    u_mwfil_chiftop/u_dut/u_Multichannel_FIR_Filter/u_Discrete_FIR_Filter/delay38_reg[0]_37[1]
    SLICE_X32Y50         FDCE                                         r  u_mwfil_chiftop/u_dut/u_Multichannel_FIR_Filter/u_Discrete_FIR_Filter/delay39_reg[0][1]/D
  -------------------------------------------------------------------    -------------------

                         (clock clk_out1_clk_wiz_0 rise edge)
                                                      0.000     0.000 r  
    E3                                                0.000     0.000 r  sysclk (IN)
                         net (fo=0)                   0.000     0.000    u_clk_wiz_0/inst/clk_in1
    E3                   IBUF (Prop_ibuf_I_O)         0.445     0.445 r  u_clk_wiz_0/inst/clkin1_ibufg/O
                         net (fo=1, routed)           0.480     0.925    u_clk_wiz_0/inst/clk_in1_clk_wiz_0
    MMCME2_ADV_X1Y1      MMCME2_ADV (Prop_mmcme2_adv_CLKIN1_CLKOUT0)
                                                     -3.138    -2.213 r  u_clk_wiz_0/inst/mmcm_adv_inst/CLKOUT0
                         net (fo=1, routed)           0.530    -1.684    u_clk_wiz_0/inst/clk_out1_clk_wiz_0
    BUFGCTRL_X0Y16       BUFG (Prop_bufg_I_O)         0.029    -1.655 r  u_clk_wiz_0/inst/clkout1_buf/O
                         net (fo=2038, routed)        0.828    -0.826    u_mwfil_chiftop/u_dut/u_Multichannel_FIR_Filter/u_Discrete_FIR_Filter/clk_out1
    SLICE_X32Y50         FDCE                                         r  u_mwfil_chiftop/u_dut/u_Multichannel_FIR_Filter/u_Discrete_FIR_Filter/delay39_reg[0][1]/C
                         clock pessimism              0.508    -0.318    
    SLICE_X32Y50         FDCE (Hold_fdce_C_D)         0.046    -0.272    u_mwfil_chiftop/u_dut/u_Multichannel_FIR_Filter/u_Discrete_FIR_Filter/delay39_reg[0][1]
  -------------------------------------------------------------------
                         required time                          0.272    
                         arrival time                          -0.249    
  -------------------------------------------------------------------
                         slack                                  0.023    

Slack (MET) :             0.028ns  (arrival time - required time)
  Source:                 u_mwfil_chiftop/u_dut/u_Multichannel_FIR_Filter/u_Discrete_FIR_Filter/delay23_reg[1][6]/C
                            (rising edge-triggered cell FDCE clocked by clk_out1_clk_wiz_0  {rise@0.000ns fall@20.000ns period=40.000ns})
  Destination:            u_mwfil_chiftop/u_dut/u_Multichannel_FIR_Filter/u_Discrete_FIR_Filter/delay24_reg[1][6]/D
                            (rising edge-triggered cell FDCE clocked by clk_out1_clk_wiz_0  {rise@0.000ns fall@20.000ns period=40.000ns})
  Path Group:             clk_out1_clk_wiz_0
  Path Type:              Hold (Min at Fast Process Corner)
  Requirement:            0.000ns  (clk_out1_clk_wiz_0 rise@0.000ns - clk_out1_clk_wiz_0 rise@0.000ns)
  Data Path Delay:        0.361ns  (logic 0.141ns (39.062%)  route 0.220ns (60.938%))
  Logic Levels:           0  
  Clock Path Skew:        0.263ns (DCD - SCD - CPR)
    Destination Clock Delay (DCD):    -0.826ns
    Source Clock Delay      (SCD):    -0.586ns
    Clock Pessimism Removal (CPR):    -0.503ns

    Location             Delay type                Incr(ns)  Path(ns)    Netlist Resource(s)
  -------------------------------------------------------------------    -------------------
                         (clock clk_out1_clk_wiz_0 rise edge)
                                                      0.000     0.000 r  
    E3                                                0.000     0.000 r  sysclk (IN)
                         net (fo=0)                   0.000     0.000    u_clk_wiz_0/inst/clk_in1
    E3                   IBUF (Prop_ibuf_I_O)         0.257     0.257 r  u_clk_wiz_0/inst/clkin1_ibufg/O
                         net (fo=1, routed)           0.440     0.697    u_clk_wiz_0/inst/clk_in1_clk_wiz_0
    MMCME2_ADV_X1Y1      MMCME2_ADV (Prop_mmcme2_adv_CLKIN1_CLKOUT0)
                                                     -2.356    -1.659 r  u_clk_wiz_0/inst/mmcm_adv_inst/CLKOUT0
                         net (fo=1, routed)           0.486    -1.173    u_clk_wiz_0/inst/clk_out1_clk_wiz_0
    BUFGCTRL_X0Y16       BUFG (Prop_bufg_I_O)         0.026    -1.147 r  u_clk_wiz_0/inst/clkout1_buf/O
                         net (fo=2038, routed)        0.561    -0.586    u_mwfil_chiftop/u_dut/u_Multichannel_FIR_Filter/u_Discrete_FIR_Filter/clk_out1
    SLICE_X35Y12         FDCE                                         r  u_mwfil_chiftop/u_dut/u_Multichannel_FIR_Filter/u_Discrete_FIR_Filter/delay23_reg[1][6]/C
  -------------------------------------------------------------------    -------------------
    SLICE_X35Y12         FDCE (Prop_fdce_C_Q)         0.141    -0.445 r  u_mwfil_chiftop/u_dut/u_Multichannel_FIR_Filter/u_Discrete_FIR_Filter/delay23_reg[1][6]/Q
                         net (fo=2, routed)           0.220    -0.225    u_mwfil_chiftop/u_dut/u_Multichannel_FIR_Filter/u_Discrete_FIR_Filter/delay23_reg[1]_65[6]
    SLICE_X37Y14         FDCE                                         r  u_mwfil_chiftop/u_dut/u_Multichannel_FIR_Filter/u_Discrete_FIR_Filter/delay24_reg[1][6]/D
  -------------------------------------------------------------------    -------------------

                         (clock clk_out1_clk_wiz_0 rise edge)
                                                      0.000     0.000 r  
    E3                                                0.000     0.000 r  sysclk (IN)
                         net (fo=0)                   0.000     0.000    u_clk_wiz_0/inst/clk_in1
    E3                   IBUF (Prop_ibuf_I_O)         0.445     0.445 r  u_clk_wiz_0/inst/clkin1_ibufg/O
                         net (fo=1, routed)           0.480     0.925    u_clk_wiz_0/inst/clk_in1_clk_wiz_0
    MMCME2_ADV_X1Y1      MMCME2_ADV (Prop_mmcme2_adv_CLKIN1_CLKOUT0)
                                                     -3.138    -2.213 r  u_clk_wiz_0/inst/mmcm_adv_inst/CLKOUT0
                         net (fo=1, routed)           0.530    -1.684    u_clk_wiz_0/inst/clk_out1_clk_wiz_0
    BUFGCTRL_X0Y16       BUFG (Prop_bufg_I_O)         0.029    -1.655 r  u_clk_wiz_0/inst/clkout1_buf/O
                         net (fo=2038, routed)        0.829    -0.826    u_mwfil_chiftop/u_dut/u_Multichannel_FIR_Filter/u_Discrete_FIR_Filter/clk_out1
    SLICE_X37Y14         FDCE                                         r  u_mwfil_chiftop/u_dut/u_Multichannel_FIR_Filter/u_Discrete_FIR_Filter/delay24_reg[1][6]/C
                         clock pessimism              0.503    -0.323    
    SLICE_X37Y14         FDCE (Hold_fdce_C_D)         0.070    -0.253    u_mwfil_chiftop/u_dut/u_Multichannel_FIR_Filter/u_Discrete_FIR_Filter/delay24_reg[1][6]
  -------------------------------------------------------------------
                         required time                          0.253    
                         arrival time                          -0.225    
  -------------------------------------------------------------------
                         slack                                  0.028    

Slack (MET) :             0.035ns  (arrival time - required time)
  Source:                 u_mwfil_chiftop/u_dut/u_Multichannel_FIR_Filter/u_Discrete_FIR_Filter/delay19_reg[1][10]/C
                            (rising edge-triggered cell FDCE clocked by clk_out1_clk_wiz_0  {rise@0.000ns fall@20.000ns period=40.000ns})
  Destination:            u_mwfil_chiftop/u_dut/u_Multichannel_FIR_Filter/u_Discrete_FIR_Filter/delay20_reg[1][10]/D
                            (rising edge-triggered cell FDCE clocked by clk_out1_clk_wiz_0  {rise@0.000ns fall@20.000ns period=40.000ns})
  Path Group:             clk_out1_clk_wiz_0
  Path Type:              Hold (Min at Fast Process Corner)
  Requirement:            0.000ns  (clk_out1_clk_wiz_0 rise@0.000ns - clk_out1_clk_wiz_0 rise@0.000ns)
  Data Path Delay:        0.365ns  (logic 0.141ns (38.583%)  route 0.224ns (61.417%))
  Logic Levels:           0  
  Clock Path Skew:        0.264ns (DCD - SCD - CPR)
    Destination Clock Delay (DCD):    -0.827ns
    Source Clock Delay      (SCD):    -0.588ns
    Clock Pessimism Removal (CPR):    -0.503ns

    Location             Delay type                Incr(ns)  Path(ns)    Netlist Resource(s)
  -------------------------------------------------------------------    -------------------
                         (clock clk_out1_clk_wiz_0 rise edge)
                                                      0.000     0.000 r  
    E3                                                0.000     0.000 r  sysclk (IN)
                         net (fo=0)                   0.000     0.000    u_clk_wiz_0/inst/clk_in1
    E3                   IBUF (Prop_ibuf_I_O)         0.257     0.257 r  u_clk_wiz_0/inst/clkin1_ibufg/O
                         net (fo=1, routed)           0.440     0.697    u_clk_wiz_0/inst/clk_in1_clk_wiz_0
    MMCME2_ADV_X1Y1      MMCME2_ADV (Prop_mmcme2_adv_CLKIN1_CLKOUT0)
                                                     -2.356    -1.659 r  u_clk_wiz_0/inst/mmcm_adv_inst/CLKOUT0
                         net (fo=1, routed)           0.486    -1.173    u_clk_wiz_0/inst/clk_out1_clk_wiz_0
    BUFGCTRL_X0Y16       BUFG (Prop_bufg_I_O)         0.026    -1.147 r  u_clk_wiz_0/inst/clkout1_buf/O
                         net (fo=2038, routed)        0.559    -0.588    u_mwfil_chiftop/u_dut/u_Multichannel_FIR_Filter/u_Discrete_FIR_Filter/clk_out1
    SLICE_X37Y17         FDCE                                         r  u_mwfil_chiftop/u_dut/u_Multichannel_FIR_Filter/u_Discrete_FIR_Filter/delay19_reg[1][10]/C
  -------------------------------------------------------------------    -------------------
    SLICE_X37Y17         FDCE (Prop_fdce_C_Q)         0.141    -0.447 r  u_mwfil_chiftop/u_dut/u_Multichannel_FIR_Filter/u_Discrete_FIR_Filter/delay19_reg[1][10]/Q
                         net (fo=3, routed)           0.224    -0.223    u_mwfil_chiftop/u_dut/u_Multichannel_FIR_Filter/u_Discrete_FIR_Filter/delay19_reg[1]_61[10]
    SLICE_X35Y13         FDCE                                         r  u_mwfil_chiftop/u_dut/u_Multichannel_FIR_Filter/u_Discrete_FIR_Filter/delay20_reg[1][10]/D
  -------------------------------------------------------------------    -------------------

                         (clock clk_out1_clk_wiz_0 rise edge)
                                                      0.000     0.000 r  
    E3                                                0.000     0.000 r  sysclk (IN)
                         net (fo=0)                   0.000     0.000    u_clk_wiz_0/inst/clk_in1
    E3                   IBUF (Prop_ibuf_I_O)         0.445     0.445 r  u_clk_wiz_0/inst/clkin1_ibufg/O
                         net (fo=1, routed)           0.480     0.925    u_clk_wiz_0/inst/clk_in1_clk_wiz_0
    MMCME2_ADV_X1Y1      MMCME2_ADV (Prop_mmcme2_adv_CLKIN1_CLKOUT0)
                                                     -3.138    -2.213 r  u_clk_wiz_0/inst/mmcm_adv_inst/CLKOUT0
                         net (fo=1, routed)           0.530    -1.684    u_clk_wiz_0/inst/clk_out1_clk_wiz_0
    BUFGCTRL_X0Y16       BUFG (Prop_bufg_I_O)         0.029    -1.655 r  u_clk_wiz_0/inst/clkout1_buf/O
                         net (fo=2038, routed)        0.828    -0.827    u_mwfil_chiftop/u_dut/u_Multichannel_FIR_Filter/u_Discrete_FIR_Filter/clk_out1
    SLICE_X35Y13         FDCE                                         r  u_mwfil_chiftop/u_dut/u_Multichannel_FIR_Filter/u_Discrete_FIR_Filter/delay20_reg[1][10]/C
                         clock pessimism              0.503    -0.324    
    SLICE_X35Y13         FDCE (Hold_fdce_C_D)         0.066    -0.258    u_mwfil_chiftop/u_dut/u_Multichannel_FIR_Filter/u_Discrete_FIR_Filter/delay20_reg[1][10]
  -------------------------------------------------------------------
                         required time                          0.258    
                         arrival time                          -0.223    
  -------------------------------------------------------------------
                         slack                                  0.035    

Slack (MET) :             0.039ns  (arrival time - required time)
  Source:                 u_mwfil_chiftop/u_mwfil_chifcore/CHIF2DUT.u_bus2dut/shiftreg_reg[27]/C
                            (rising edge-triggered cell FDRE clocked by clk_out1_clk_wiz_0  {rise@0.000ns fall@20.000ns period=40.000ns})
  Destination:            u_mwfil_chiftop/u_mwfil_chifcore/CHIF2DUT.u_bus2dut/shiftreg_reg[19]/D
                            (rising edge-triggered cell FDRE clocked by clk_out1_clk_wiz_0  {rise@0.000ns fall@20.000ns period=40.000ns})
  Path Group:             clk_out1_clk_wiz_0
  Path Type:              Hold (Min at Fast Process Corner)
  Requirement:            0.000ns  (clk_out1_clk_wiz_0 rise@0.000ns - clk_out1_clk_wiz_0 rise@0.000ns)
  Data Path Delay:        0.373ns  (logic 0.141ns (37.816%)  route 0.232ns (62.184%))
  Logic Levels:           0  
  Clock Path Skew:        0.264ns (DCD - SCD - CPR)
    Destination Clock Delay (DCD):    -0.821ns
    Source Clock Delay      (SCD):    -0.582ns
    Clock Pessimism Removal (CPR):    -0.503ns

    Location             Delay type                Incr(ns)  Path(ns)    Netlist Resource(s)
  -------------------------------------------------------------------    -------------------
                         (clock clk_out1_clk_wiz_0 rise edge)
                                                      0.000     0.000 r  
    E3                                                0.000     0.000 r  sysclk (IN)
                         net (fo=0)                   0.000     0.000    u_clk_wiz_0/inst/clk_in1
    E3                   IBUF (Prop_ibuf_I_O)         0.257     0.257 r  u_clk_wiz_0/inst/clkin1_ibufg/O
                         net (fo=1, routed)           0.440     0.697    u_clk_wiz_0/inst/clk_in1_clk_wiz_0
    MMCME2_ADV_X1Y1      MMCME2_ADV (Prop_mmcme2_adv_CLKIN1_CLKOUT0)
                                                     -2.356    -1.659 r  u_clk_wiz_0/inst/mmcm_adv_inst/CLKOUT0
                         net (fo=1, routed)           0.486    -1.173    u_clk_wiz_0/inst/clk_out1_clk_wiz_0
    BUFGCTRL_X0Y16       BUFG (Prop_bufg_I_O)         0.026    -1.147 r  u_clk_wiz_0/inst/clkout1_buf/O
                         net (fo=2038, routed)        0.565    -0.582    u_mwfil_chiftop/u_mwfil_chifcore/CHIF2DUT.u_bus2dut/clk_out1
    SLICE_X31Y6          FDRE                                         r  u_mwfil_chiftop/u_mwfil_chifcore/CHIF2DUT.u_bus2dut/shiftreg_reg[27]/C
  -------------------------------------------------------------------    -------------------
    SLICE_X31Y6          FDRE (Prop_fdre_C_Q)         0.141    -0.441 r  u_mwfil_chiftop/u_mwfil_chifcore/CHIF2DUT.u_bus2dut/shiftreg_reg[27]/Q
                         net (fo=2, routed)           0.232    -0.209    u_mwfil_chiftop/u_mwfil_chifcore/CHIF2DUT.u_bus2dut/Q[19]
    SLICE_X36Y6          FDRE                                         r  u_mwfil_chiftop/u_mwfil_chifcore/CHIF2DUT.u_bus2dut/shiftreg_reg[19]/D
  -------------------------------------------------------------------    -------------------

                         (clock clk_out1_clk_wiz_0 rise edge)
                                                      0.000     0.000 r  
    E3                                                0.000     0.000 r  sysclk (IN)
                         net (fo=0)                   0.000     0.000    u_clk_wiz_0/inst/clk_in1
    E3                   IBUF (Prop_ibuf_I_O)         0.445     0.445 r  u_clk_wiz_0/inst/clkin1_ibufg/O
                         net (fo=1, routed)           0.480     0.925    u_clk_wiz_0/inst/clk_in1_clk_wiz_0
    MMCME2_ADV_X1Y1      MMCME2_ADV (Prop_mmcme2_adv_CLKIN1_CLKOUT0)
                                                     -3.138    -2.213 r  u_clk_wiz_0/inst/mmcm_adv_inst/CLKOUT0
                         net (fo=1, routed)           0.530    -1.684    u_clk_wiz_0/inst/clk_out1_clk_wiz_0
    BUFGCTRL_X0Y16       BUFG (Prop_bufg_I_O)         0.029    -1.655 r  u_clk_wiz_0/inst/clkout1_buf/O
                         net (fo=2038, routed)        0.834    -0.821    u_mwfil_chiftop/u_mwfil_chifcore/CHIF2DUT.u_bus2dut/clk_out1
    SLICE_X36Y6          FDRE                                         r  u_mwfil_chiftop/u_mwfil_chifcore/CHIF2DUT.u_bus2dut/shiftreg_reg[19]/C
                         clock pessimism              0.503    -0.318    
    SLICE_X36Y6          FDRE (Hold_fdre_C_D)         0.070    -0.248    u_mwfil_chiftop/u_mwfil_chifcore/CHIF2DUT.u_bus2dut/shiftreg_reg[19]
  -------------------------------------------------------------------
                         required time                          0.248    
                         arrival time                          -0.209    
  -------------------------------------------------------------------
                         slack                                  0.039    

Slack (MET) :             0.040ns  (arrival time - required time)
  Source:                 u_mwfil_chiftop/u_dut/u_Multichannel_FIR_Filter/u_Discrete_FIR_Filter/delay19_reg[1][12]/C
                            (rising edge-triggered cell FDCE clocked by clk_out1_clk_wiz_0  {rise@0.000ns fall@20.000ns period=40.000ns})
  Destination:            u_mwfil_chiftop/u_dut/u_Multichannel_FIR_Filter/u_Discrete_FIR_Filter/delay20_reg[1][12]/D
                            (rising edge-triggered cell FDCE clocked by clk_out1_clk_wiz_0  {rise@0.000ns fall@20.000ns period=40.000ns})
  Path Group:             clk_out1_clk_wiz_0
  Path Type:              Hold (Min at Fast Process Corner)
  Requirement:            0.000ns  (clk_out1_clk_wiz_0 rise@0.000ns - clk_out1_clk_wiz_0 rise@0.000ns)
  Data Path Delay:        0.375ns  (logic 0.141ns (37.569%)  route 0.234ns (62.431%))
  Logic Levels:           0  
  Clock Path Skew:        0.265ns (DCD - SCD - CPR)
    Destination Clock Delay (DCD):    -0.827ns
    Source Clock Delay      (SCD):    -0.589ns
    Clock Pessimism Removal (CPR):    -0.503ns

    Location             Delay type                Incr(ns)  Path(ns)    Netlist Resource(s)
  -------------------------------------------------------------------    -------------------
                         (clock clk_out1_clk_wiz_0 rise edge)
                                                      0.000     0.000 r  
    E3                                                0.000     0.000 r  sysclk (IN)
                         net (fo=0)                   0.000     0.000    u_clk_wiz_0/inst/clk_in1
    E3                   IBUF (Prop_ibuf_I_O)         0.257     0.257 r  u_clk_wiz_0/inst/clkin1_ibufg/O
                         net (fo=1, routed)           0.440     0.697    u_clk_wiz_0/inst/clk_in1_clk_wiz_0
    MMCME2_ADV_X1Y1      MMCME2_ADV (Prop_mmcme2_adv_CLKIN1_CLKOUT0)
                                                     -2.356    -1.659 r  u_clk_wiz_0/inst/mmcm_adv_inst/CLKOUT0
                         net (fo=1, routed)           0.486    -1.173    u_clk_wiz_0/inst/clk_out1_clk_wiz_0
    BUFGCTRL_X0Y16       BUFG (Prop_bufg_I_O)         0.026    -1.147 r  u_clk_wiz_0/inst/clkout1_buf/O
                         net (fo=2038, routed)        0.558    -0.589    u_mwfil_chiftop/u_dut/u_Multichannel_FIR_Filter/u_Discrete_FIR_Filter/clk_out1
    SLICE_X37Y18         FDCE                                         r  u_mwfil_chiftop/u_dut/u_Multichannel_FIR_Filter/u_Discrete_FIR_Filter/delay19_reg[1][12]/C
  -------------------------------------------------------------------    -------------------
    SLICE_X37Y18         FDCE (Prop_fdce_C_Q)         0.141    -0.448 r  u_mwfil_chiftop/u_dut/u_Multichannel_FIR_Filter/u_Discrete_FIR_Filter/delay19_reg[1][12]/Q
                         net (fo=3, routed)           0.234    -0.214    u_mwfil_chiftop/u_dut/u_Multichannel_FIR_Filter/u_Discrete_FIR_Filter/delay19_reg[1]_61[12]
    SLICE_X35Y14         FDCE                                         r  u_mwfil_chiftop/u_dut/u_Multichannel_FIR_Filter/u_Discrete_FIR_Filter/delay20_reg[1][12]/D
  -------------------------------------------------------------------    -------------------

                         (clock clk_out1_clk_wiz_0 rise edge)
                                                      0.000     0.000 r  
    E3                                                0.000     0.000 r  sysclk (IN)
                         net (fo=0)                   0.000     0.000    u_clk_wiz_0/inst/clk_in1
    E3                   IBUF (Prop_ibuf_I_O)         0.445     0.445 r  u_clk_wiz_0/inst/clkin1_ibufg/O
                         net (fo=1, routed)           0.480     0.925    u_clk_wiz_0/inst/clk_in1_clk_wiz_0
    MMCME2_ADV_X1Y1      MMCME2_ADV (Prop_mmcme2_adv_CLKIN1_CLKOUT0)
                                                     -3.138    -2.213 r  u_clk_wiz_0/inst/mmcm_adv_inst/CLKOUT0
                         net (fo=1, routed)           0.530    -1.684    u_clk_wiz_0/inst/clk_out1_clk_wiz_0
    BUFGCTRL_X0Y16       BUFG (Prop_bufg_I_O)         0.029    -1.655 r  u_clk_wiz_0/inst/clkout1_buf/O
                         net (fo=2038, routed)        0.828    -0.827    u_mwfil_chiftop/u_dut/u_Multichannel_FIR_Filter/u_Discrete_FIR_Filter/clk_out1
    SLICE_X35Y14         FDCE                                         r  u_mwfil_chiftop/u_dut/u_Multichannel_FIR_Filter/u_Discrete_FIR_Filter/delay20_reg[1][12]/C
                         clock pessimism              0.503    -0.324    
    SLICE_X35Y14         FDCE (Hold_fdce_C_D)         0.070    -0.254    u_mwfil_chiftop/u_dut/u_Multichannel_FIR_Filter/u_Discrete_FIR_Filter/delay20_reg[1][12]
  -------------------------------------------------------------------
                         required time                          0.254    
                         arrival time                          -0.214    
  -------------------------------------------------------------------
                         slack                                  0.040    

Slack (MET) :             0.049ns  (arrival time - required time)
  Source:                 u_mwfil_chiftop/u_dut/u_Multichannel_FIR_Filter/u_Discrete_FIR_Filter/delay19_reg[1][14]/C
                            (rising edge-triggered cell FDCE clocked by clk_out1_clk_wiz_0  {rise@0.000ns fall@20.000ns period=40.000ns})
  Destination:            u_mwfil_chiftop/u_dut/u_Multichannel_FIR_Filter/u_Discrete_FIR_Filter/delay20_reg[1][14]/D
                            (rising edge-triggered cell FDCE clocked by clk_out1_clk_wiz_0  {rise@0.000ns fall@20.000ns period=40.000ns})
  Path Group:             clk_out1_clk_wiz_0
  Path Type:              Hold (Min at Fast Process Corner)
  Requirement:            0.000ns  (clk_out1_clk_wiz_0 rise@0.000ns - clk_out1_clk_wiz_0 rise@0.000ns)
  Data Path Delay:        0.381ns  (logic 0.141ns (37.042%)  route 0.240ns (62.958%))
  Logic Levels:           0  
  Clock Path Skew:        0.266ns (DCD - SCD - CPR)
    Destination Clock Delay (DCD):    -0.827ns
    Source Clock Delay      (SCD):    -0.590ns
    Clock Pessimism Removal (CPR):    -0.503ns

    Location             Delay type                Incr(ns)  Path(ns)    Netlist Resource(s)
  -------------------------------------------------------------------    -------------------
                         (clock clk_out1_clk_wiz_0 rise edge)
                                                      0.000     0.000 r  
    E3                                                0.000     0.000 r  sysclk (IN)
                         net (fo=0)                   0.000     0.000    u_clk_wiz_0/inst/clk_in1
    E3                   IBUF (Prop_ibuf_I_O)         0.257     0.257 r  u_clk_wiz_0/inst/clkin1_ibufg/O
                         net (fo=1, routed)           0.440     0.697    u_clk_wiz_0/inst/clk_in1_clk_wiz_0
    MMCME2_ADV_X1Y1      MMCME2_ADV (Prop_mmcme2_adv_CLKIN1_CLKOUT0)
                                                     -2.356    -1.659 r  u_clk_wiz_0/inst/mmcm_adv_inst/CLKOUT0
                         net (fo=1, routed)           0.486    -1.173    u_clk_wiz_0/inst/clk_out1_clk_wiz_0
    BUFGCTRL_X0Y16       BUFG (Prop_bufg_I_O)         0.026    -1.147 r  u_clk_wiz_0/inst/clkout1_buf/O
                         net (fo=2038, routed)        0.557    -0.590    u_mwfil_chiftop/u_dut/u_Multichannel_FIR_Filter/u_Discrete_FIR_Filter/clk_out1
    SLICE_X37Y19         FDCE                                         r  u_mwfil_chiftop/u_dut/u_Multichannel_FIR_Filter/u_Discrete_FIR_Filter/delay19_reg[1][14]/C
  -------------------------------------------------------------------    -------------------
    SLICE_X37Y19         FDCE (Prop_fdce_C_Q)         0.141    -0.449 r  u_mwfil_chiftop/u_dut/u_Multichannel_FIR_Filter/u_Discrete_FIR_Filter/delay19_reg[1][14]/Q
                         net (fo=3, routed)           0.240    -0.210    u_mwfil_chiftop/u_dut/u_Multichannel_FIR_Filter/u_Discrete_FIR_Filter/delay19_reg[1]_61[14]
    SLICE_X35Y14         FDCE                                         r  u_mwfil_chiftop/u_dut/u_Multichannel_FIR_Filter/u_Discrete_FIR_Filter/delay20_reg[1][14]/D
  -------------------------------------------------------------------    -------------------

                         (clock clk_out1_clk_wiz_0 rise edge)
                                                      0.000     0.000 r  
    E3                                                0.000     0.000 r  sysclk (IN)
                         net (fo=0)                   0.000     0.000    u_clk_wiz_0/inst/clk_in1
    E3                   IBUF (Prop_ibuf_I_O)         0.445     0.445 r  u_clk_wiz_0/inst/clkin1_ibufg/O
                         net (fo=1, routed)           0.480     0.925    u_clk_wiz_0/inst/clk_in1_clk_wiz_0
    MMCME2_ADV_X1Y1      MMCME2_ADV (Prop_mmcme2_adv_CLKIN1_CLKOUT0)
                                                     -3.138    -2.213 r  u_clk_wiz_0/inst/mmcm_adv_inst/CLKOUT0
                         net (fo=1, routed)           0.530    -1.684    u_clk_wiz_0/inst/clk_out1_clk_wiz_0
    BUFGCTRL_X0Y16       BUFG (Prop_bufg_I_O)         0.029    -1.655 r  u_clk_wiz_0/inst/clkout1_buf/O
                         net (fo=2038, routed)        0.828    -0.827    u_mwfil_chiftop/u_dut/u_Multichannel_FIR_Filter/u_Discrete_FIR_Filter/clk_out1
    SLICE_X35Y14         FDCE                                         r  u_mwfil_chiftop/u_dut/u_Multichannel_FIR_Filter/u_Discrete_FIR_Filter/delay20_reg[1][14]/C
                         clock pessimism              0.503    -0.324    
    SLICE_X35Y14         FDCE (Hold_fdce_C_D)         0.066    -0.258    u_mwfil_chiftop/u_dut/u_Multichannel_FIR_Filter/u_Discrete_FIR_Filter/delay20_reg[1][14]
  -------------------------------------------------------------------
                         required time                          0.258    
                         arrival time                          -0.210    
  -------------------------------------------------------------------
                         slack                                  0.049    

Slack (MET) :             0.051ns  (arrival time - required time)
  Source:                 u_jtag_mac/u_post_chif_fifo/u_jtag_mac_fifo/U0/inst_fifo_gen/gconvfifo.rf/grf.rf/rstblk/ngwrdrst.grst.g7serrst.gsckt_wrst.gic_rst.wr_rst_busy_i_reg/C
                            (rising edge-triggered cell FDRE clocked by clk_out1_clk_wiz_0  {rise@0.000ns fall@20.000ns period=40.000ns})
  Destination:            u_jtag_mac/u_post_chif_fifo/u_jtag_mac_fifo/U0/inst_fifo_gen/gconvfifo.rf/grf.rf/rstblk/grstd1.grst_full.grst_f.rst_d1_reg/D
                            (rising edge-triggered cell FDRE clocked by clk_out1_clk_wiz_0  {rise@0.000ns fall@20.000ns period=40.000ns})
  Path Group:             clk_out1_clk_wiz_0
  Path Type:              Hold (Min at Fast Process Corner)
  Requirement:            0.000ns  (clk_out1_clk_wiz_0 rise@0.000ns - clk_out1_clk_wiz_0 rise@0.000ns)
  Data Path Delay:        0.390ns  (logic 0.141ns (36.165%)  route 0.249ns (63.835%))
  Logic Levels:           0  
  Clock Path Skew:        0.264ns (DCD - SCD - CPR)
    Destination Clock Delay (DCD):    -0.820ns
    Source Clock Delay      (SCD):    -0.581ns
    Clock Pessimism Removal (CPR):    -0.503ns

    Location             Delay type                Incr(ns)  Path(ns)    Netlist Resource(s)
  -------------------------------------------------------------------    -------------------
                         (clock clk_out1_clk_wiz_0 rise edge)
                                                      0.000     0.000 r  
    E3                                                0.000     0.000 r  sysclk (IN)
                         net (fo=0)                   0.000     0.000    u_clk_wiz_0/inst/clk_in1
    E3                   IBUF (Prop_ibuf_I_O)         0.257     0.257 r  u_clk_wiz_0/inst/clkin1_ibufg/O
                         net (fo=1, routed)           0.440     0.697    u_clk_wiz_0/inst/clk_in1_clk_wiz_0
    MMCME2_ADV_X1Y1      MMCME2_ADV (Prop_mmcme2_adv_CLKIN1_CLKOUT0)
                                                     -2.356    -1.659 r  u_clk_wiz_0/inst/mmcm_adv_inst/CLKOUT0
                         net (fo=1, routed)           0.486    -1.173    u_clk_wiz_0/inst/clk_out1_clk_wiz_0
    BUFGCTRL_X0Y16       BUFG (Prop_bufg_I_O)         0.026    -1.147 r  u_clk_wiz_0/inst/clkout1_buf/O
                         net (fo=2038, routed)        0.566    -0.581    u_jtag_mac/u_post_chif_fifo/u_jtag_mac_fifo/U0/inst_fifo_gen/gconvfifo.rf/grf.rf/rstblk/wr_clk
    SLICE_X40Y49         FDRE                                         r  u_jtag_mac/u_post_chif_fifo/u_jtag_mac_fifo/U0/inst_fifo_gen/gconvfifo.rf/grf.rf/rstblk/ngwrdrst.grst.g7serrst.gsckt_wrst.gic_rst.wr_rst_busy_i_reg/C
  -------------------------------------------------------------------    -------------------
    SLICE_X40Y49         FDRE (Prop_fdre_C_Q)         0.141    -0.440 r  u_jtag_mac/u_post_chif_fifo/u_jtag_mac_fifo/U0/inst_fifo_gen/gconvfifo.rf/grf.rf/rstblk/ngwrdrst.grst.g7serrst.gsckt_wrst.gic_rst.wr_rst_busy_i_reg/Q
                         net (fo=2, routed)           0.249    -0.191    u_jtag_mac/u_post_chif_fifo/u_jtag_mac_fifo/U0/inst_fifo_gen/gconvfifo.rf/grf.rf/rstblk/wr_rst_busy_i
    SLICE_X31Y49         FDRE                                         r  u_jtag_mac/u_post_chif_fifo/u_jtag_mac_fifo/U0/inst_fifo_gen/gconvfifo.rf/grf.rf/rstblk/grstd1.grst_full.grst_f.rst_d1_reg/D
  -------------------------------------------------------------------    -------------------

                         (clock clk_out1_clk_wiz_0 rise edge)
                                                      0.000     0.000 r  
    E3                                                0.000     0.000 r  sysclk (IN)
                         net (fo=0)                   0.000     0.000    u_clk_wiz_0/inst/clk_in1
    E3                   IBUF (Prop_ibuf_I_O)         0.445     0.445 r  u_clk_wiz_0/inst/clkin1_ibufg/O
                         net (fo=1, routed)           0.480     0.925    u_clk_wiz_0/inst/clk_in1_clk_wiz_0
    MMCME2_ADV_X1Y1      MMCME2_ADV (Prop_mmcme2_adv_CLKIN1_CLKOUT0)
                                                     -3.138    -2.213 r  u_clk_wiz_0/inst/mmcm_adv_inst/CLKOUT0
                         net (fo=1, routed)           0.530    -1.684    u_clk_wiz_0/inst/clk_out1_clk_wiz_0
    BUFGCTRL_X0Y16       BUFG (Prop_bufg_I_O)         0.029    -1.655 r  u_clk_wiz_0/inst/clkout1_buf/O
                         net (fo=2038, routed)        0.835    -0.820    u_jtag_mac/u_post_chif_fifo/u_jtag_mac_fifo/U0/inst_fifo_gen/gconvfifo.rf/grf.rf/rstblk/wr_clk
    SLICE_X31Y49         FDRE                                         r  u_jtag_mac/u_post_chif_fifo/u_jtag_mac_fifo/U0/inst_fifo_gen/gconvfifo.rf/grf.rf/rstblk/grstd1.grst_full.grst_f.rst_d1_reg/C
                         clock pessimism              0.503    -0.317    
    SLICE_X31Y49         FDRE (Hold_fdre_C_D)         0.075    -0.242    u_jtag_mac/u_post_chif_fifo/u_jtag_mac_fifo/U0/inst_fifo_gen/gconvfifo.rf/grf.rf/rstblk/grstd1.grst_full.grst_f.rst_d1_reg
  -------------------------------------------------------------------
                         required time                          0.242    
                         arrival time                          -0.191    
  -------------------------------------------------------------------
                         slack                                  0.051    

Slack (MET) :             0.051ns  (arrival time - required time)
  Source:                 u_mwfil_chiftop/u_dut/u_Multichannel_FIR_Filter/u_Discrete_FIR_Filter/delay7_reg[1][15]/C
                            (rising edge-triggered cell FDCE clocked by clk_out1_clk_wiz_0  {rise@0.000ns fall@20.000ns period=40.000ns})
  Destination:            u_mwfil_chiftop/u_dut/u_Multichannel_FIR_Filter/u_Discrete_FIR_Filter/delay8_reg[1][15]/D
                            (rising edge-triggered cell FDCE clocked by clk_out1_clk_wiz_0  {rise@0.000ns fall@20.000ns period=40.000ns})
  Path Group:             clk_out1_clk_wiz_0
  Path Type:              Hold (Min at Fast Process Corner)
  Requirement:            0.000ns  (clk_out1_clk_wiz_0 rise@0.000ns - clk_out1_clk_wiz_0 rise@0.000ns)
  Data Path Delay:        0.396ns  (logic 0.164ns (41.420%)  route 0.232ns (58.580%))
  Logic Levels:           0  
  Clock Path Skew:        0.275ns (DCD - SCD - CPR)
    Destination Clock Delay (DCD):    -0.820ns
    Source Clock Delay      (SCD):    -0.587ns
    Clock Pessimism Removal (CPR):    -0.508ns

    Location             Delay type                Incr(ns)  Path(ns)    Netlist Resource(s)
  -------------------------------------------------------------------    -------------------
                         (clock clk_out1_clk_wiz_0 rise edge)
                                                      0.000     0.000 r  
    E3                                                0.000     0.000 r  sysclk (IN)
                         net (fo=0)                   0.000     0.000    u_clk_wiz_0/inst/clk_in1
    E3                   IBUF (Prop_ibuf_I_O)         0.257     0.257 r  u_clk_wiz_0/inst/clkin1_ibufg/O
                         net (fo=1, routed)           0.440     0.697    u_clk_wiz_0/inst/clk_in1_clk_wiz_0
    MMCME2_ADV_X1Y1      MMCME2_ADV (Prop_mmcme2_adv_CLKIN1_CLKOUT0)
                                                     -2.356    -1.659 r  u_clk_wiz_0/inst/mmcm_adv_inst/CLKOUT0
                         net (fo=1, routed)           0.486    -1.173    u_clk_wiz_0/inst/clk_out1_clk_wiz_0
    BUFGCTRL_X0Y16       BUFG (Prop_bufg_I_O)         0.026    -1.147 r  u_clk_wiz_0/inst/clkout1_buf/O
                         net (fo=2038, routed)        0.560    -0.587    u_mwfil_chiftop/u_dut/u_Multichannel_FIR_Filter/u_Discrete_FIR_Filter/clk_out1
    SLICE_X38Y51         FDCE                                         r  u_mwfil_chiftop/u_dut/u_Multichannel_FIR_Filter/u_Discrete_FIR_Filter/delay7_reg[1][15]/C
  -------------------------------------------------------------------    -------------------
    SLICE_X38Y51         FDCE (Prop_fdce_C_Q)         0.164    -0.423 r  u_mwfil_chiftop/u_dut/u_Multichannel_FIR_Filter/u_Discrete_FIR_Filter/delay7_reg[1][15]/Q
                         net (fo=2, routed)           0.232    -0.191    u_mwfil_chiftop/u_dut/u_Multichannel_FIR_Filter/u_Discrete_FIR_Filter/delay7_reg[1]_49[15]
    SLICE_X36Y49         FDCE                                         r  u_mwfil_chiftop/u_dut/u_Multichannel_FIR_Filter/u_Discrete_FIR_Filter/delay8_reg[1][15]/D
  -------------------------------------------------------------------    -------------------

                         (clock clk_out1_clk_wiz_0 rise edge)
                                                      0.000     0.000 r  
    E3                                                0.000     0.000 r  sysclk (IN)
                         net (fo=0)                   0.000     0.000    u_clk_wiz_0/inst/clk_in1
    E3                   IBUF (Prop_ibuf_I_O)         0.445     0.445 r  u_clk_wiz_0/inst/clkin1_ibufg/O
                         net (fo=1, routed)           0.480     0.925    u_clk_wiz_0/inst/clk_in1_clk_wiz_0
    MMCME2_ADV_X1Y1      MMCME2_ADV (Prop_mmcme2_adv_CLKIN1_CLKOUT0)
                                                     -3.138    -2.213 r  u_clk_wiz_0/inst/mmcm_adv_inst/CLKOUT0
                         net (fo=1, routed)           0.530    -1.684    u_clk_wiz_0/inst/clk_out1_clk_wiz_0
    BUFGCTRL_X0Y16       BUFG (Prop_bufg_I_O)         0.029    -1.655 r  u_clk_wiz_0/inst/clkout1_buf/O
                         net (fo=2038, routed)        0.835    -0.820    u_mwfil_chiftop/u_dut/u_Multichannel_FIR_Filter/u_Discrete_FIR_Filter/clk_out1
    SLICE_X36Y49         FDCE                                         r  u_mwfil_chiftop/u_dut/u_Multichannel_FIR_Filter/u_Discrete_FIR_Filter/delay8_reg[1][15]/C
                         clock pessimism              0.508    -0.312    
    SLICE_X36Y49         FDCE (Hold_fdce_C_D)         0.070    -0.242    u_mwfil_chiftop/u_dut/u_Multichannel_FIR_Filter/u_Discrete_FIR_Filter/delay8_reg[1][15]
  -------------------------------------------------------------------
                         required time                          0.242    
                         arrival time                          -0.191    
  -------------------------------------------------------------------
                         slack                                  0.051    

Slack (MET) :             0.055ns  (arrival time - required time)
  Source:                 u_mwfil_chiftop/u_dut/u_Multichannel_FIR_Filter/u_Discrete_FIR_Filter/delay19_reg[1][3]/C
                            (rising edge-triggered cell FDCE clocked by clk_out1_clk_wiz_0  {rise@0.000ns fall@20.000ns period=40.000ns})
  Destination:            u_mwfil_chiftop/u_dut/u_Multichannel_FIR_Filter/u_Discrete_FIR_Filter/delay20_reg[1][3]/D
                            (rising edge-triggered cell FDCE clocked by clk_out1_clk_wiz_0  {rise@0.000ns fall@20.000ns period=40.000ns})
  Path Group:             clk_out1_clk_wiz_0
  Path Type:              Hold (Min at Fast Process Corner)
  Requirement:            0.000ns  (clk_out1_clk_wiz_0 rise@0.000ns - clk_out1_clk_wiz_0 rise@0.000ns)
  Data Path Delay:        0.391ns  (logic 0.141ns (36.082%)  route 0.250ns (63.918%))
  Logic Levels:           0  
  Clock Path Skew:        0.266ns (DCD - SCD - CPR)
    Destination Clock Delay (DCD):    -0.824ns
    Source Clock Delay      (SCD):    -0.587ns
    Clock Pessimism Removal (CPR):    -0.503ns

    Location             Delay type                Incr(ns)  Path(ns)    Netlist Resource(s)
  -------------------------------------------------------------------    -------------------
                         (clock clk_out1_clk_wiz_0 rise edge)
                                                      0.000     0.000 r  
    E3                                                0.000     0.000 r  sysclk (IN)
                         net (fo=0)                   0.000     0.000    u_clk_wiz_0/inst/clk_in1
    E3                   IBUF (Prop_ibuf_I_O)         0.257     0.257 r  u_clk_wiz_0/inst/clkin1_ibufg/O
                         net (fo=1, routed)           0.440     0.697    u_clk_wiz_0/inst/clk_in1_clk_wiz_0
    MMCME2_ADV_X1Y1      MMCME2_ADV (Prop_mmcme2_adv_CLKIN1_CLKOUT0)
                                                     -2.356    -1.659 r  u_clk_wiz_0/inst/mmcm_adv_inst/CLKOUT0
                         net (fo=1, routed)           0.486    -1.173    u_clk_wiz_0/inst/clk_out1_clk_wiz_0
    BUFGCTRL_X0Y16       BUFG (Prop_bufg_I_O)         0.026    -1.147 r  u_clk_wiz_0/inst/clkout1_buf/O
                         net (fo=2038, routed)        0.560    -0.587    u_mwfil_chiftop/u_dut/u_Multichannel_FIR_Filter/u_Discrete_FIR_Filter/clk_out1
    SLICE_X37Y16         FDCE                                         r  u_mwfil_chiftop/u_dut/u_Multichannel_FIR_Filter/u_Discrete_FIR_Filter/delay19_reg[1][3]/C
  -------------------------------------------------------------------    -------------------
    SLICE_X37Y16         FDCE (Prop_fdce_C_Q)         0.141    -0.446 r  u_mwfil_chiftop/u_dut/u_Multichannel_FIR_Filter/u_Discrete_FIR_Filter/delay19_reg[1][3]/Q
                         net (fo=3, routed)           0.250    -0.196    u_mwfil_chiftop/u_dut/u_Multichannel_FIR_Filter/u_Discrete_FIR_Filter/delay19_reg[1]_61[3]
    SLICE_X35Y11         FDCE                                         r  u_mwfil_chiftop/u_dut/u_Multichannel_FIR_Filter/u_Discrete_FIR_Filter/delay20_reg[1][3]/D
  -------------------------------------------------------------------    -------------------

                         (clock clk_out1_clk_wiz_0 rise edge)
                                                      0.000     0.000 r  
    E3                                                0.000     0.000 r  sysclk (IN)
                         net (fo=0)                   0.000     0.000    u_clk_wiz_0/inst/clk_in1
    E3                   IBUF (Prop_ibuf_I_O)         0.445     0.445 r  u_clk_wiz_0/inst/clkin1_ibufg/O
                         net (fo=1, routed)           0.480     0.925    u_clk_wiz_0/inst/clk_in1_clk_wiz_0
    MMCME2_ADV_X1Y1      MMCME2_ADV (Prop_mmcme2_adv_CLKIN1_CLKOUT0)
                                                     -3.138    -2.213 r  u_clk_wiz_0/inst/mmcm_adv_inst/CLKOUT0
                         net (fo=1, routed)           0.530    -1.684    u_clk_wiz_0/inst/clk_out1_clk_wiz_0
    BUFGCTRL_X0Y16       BUFG (Prop_bufg_I_O)         0.029    -1.655 r  u_clk_wiz_0/inst/clkout1_buf/O
                         net (fo=2038, routed)        0.831    -0.824    u_mwfil_chiftop/u_dut/u_Multichannel_FIR_Filter/u_Discrete_FIR_Filter/clk_out1
    SLICE_X35Y11         FDCE                                         r  u_mwfil_chiftop/u_dut/u_Multichannel_FIR_Filter/u_Discrete_FIR_Filter/delay20_reg[1][3]/C
                         clock pessimism              0.503    -0.321    
    SLICE_X35Y11         FDCE (Hold_fdce_C_D)         0.070    -0.251    u_mwfil_chiftop/u_dut/u_Multichannel_FIR_Filter/u_Discrete_FIR_Filter/delay20_reg[1][3]
  -------------------------------------------------------------------
                         required time                          0.251    
                         arrival time                          -0.196    
  -------------------------------------------------------------------
                         slack                                  0.055    

Slack (MET) :             0.061ns  (arrival time - required time)
  Source:                 u_mwfil_chiftop/u_dut/u_Multichannel_FIR_Filter/u_Discrete_FIR_Filter/delay5_reg[1][1]/C
                            (rising edge-triggered cell FDCE clocked by clk_out1_clk_wiz_0  {rise@0.000ns fall@20.000ns period=40.000ns})
  Destination:            u_mwfil_chiftop/u_dut/u_Multichannel_FIR_Filter/u_Discrete_FIR_Filter/delay6_reg[1][1]/D
                            (rising edge-triggered cell FDCE clocked by clk_out1_clk_wiz_0  {rise@0.000ns fall@20.000ns period=40.000ns})
  Path Group:             clk_out1_clk_wiz_0
  Path Type:              Hold (Min at Fast Process Corner)
  Requirement:            0.000ns  (clk_out1_clk_wiz_0 rise@0.000ns - clk_out1_clk_wiz_0 rise@0.000ns)
  Data Path Delay:        0.382ns  (logic 0.141ns (36.872%)  route 0.241ns (63.128%))
  Logic Levels:           0  
  Clock Path Skew:        0.275ns (DCD - SCD - CPR)
    Destination Clock Delay (DCD):    -0.820ns
    Source Clock Delay      (SCD):    -0.587ns
    Clock Pessimism Removal (CPR):    -0.508ns

    Location             Delay type                Incr(ns)  Path(ns)    Netlist Resource(s)
  -------------------------------------------------------------------    -------------------
                         (clock clk_out1_clk_wiz_0 rise edge)
                                                      0.000     0.000 r  
    E3                                                0.000     0.000 r  sysclk (IN)
                         net (fo=0)                   0.000     0.000    u_clk_wiz_0/inst/clk_in1
    E3                   IBUF (Prop_ibuf_I_O)         0.257     0.257 r  u_clk_wiz_0/inst/clkin1_ibufg/O
                         net (fo=1, routed)           0.440     0.697    u_clk_wiz_0/inst/clk_in1_clk_wiz_0
    MMCME2_ADV_X1Y1      MMCME2_ADV (Prop_mmcme2_adv_CLKIN1_CLKOUT0)
                                                     -2.356    -1.659 r  u_clk_wiz_0/inst/mmcm_adv_inst/CLKOUT0
                         net (fo=1, routed)           0.486    -1.173    u_clk_wiz_0/inst/clk_out1_clk_wiz_0
    BUFGCTRL_X0Y16       BUFG (Prop_bufg_I_O)         0.026    -1.147 r  u_clk_wiz_0/inst/clkout1_buf/O
                         net (fo=2038, routed)        0.560    -0.587    u_mwfil_chiftop/u_dut/u_Multichannel_FIR_Filter/u_Discrete_FIR_Filter/clk_out1
    SLICE_X40Y51         FDCE                                         r  u_mwfil_chiftop/u_dut/u_Multichannel_FIR_Filter/u_Discrete_FIR_Filter/delay5_reg[1][1]/C
  -------------------------------------------------------------------    -------------------
    SLICE_X40Y51         FDCE (Prop_fdce_C_Q)         0.141    -0.446 r  u_mwfil_chiftop/u_dut/u_Multichannel_FIR_Filter/u_Discrete_FIR_Filter/delay5_reg[1][1]/Q
                         net (fo=3, routed)           0.241    -0.205    u_mwfil_chiftop/u_dut/u_Multichannel_FIR_Filter/u_Discrete_FIR_Filter/delay5_reg[1]_47[1]
    SLICE_X39Y49         FDCE                                         r  u_mwfil_chiftop/u_dut/u_Multichannel_FIR_Filter/u_Discrete_FIR_Filter/delay6_reg[1][1]/D
  -------------------------------------------------------------------    -------------------

                         (clock clk_out1_clk_wiz_0 rise edge)
                                                      0.000     0.000 r  
    E3                                                0.000     0.000 r  sysclk (IN)
                         net (fo=0)                   0.000     0.000    u_clk_wiz_0/inst/clk_in1
    E3                   IBUF (Prop_ibuf_I_O)         0.445     0.445 r  u_clk_wiz_0/inst/clkin1_ibufg/O
                         net (fo=1, routed)           0.480     0.925    u_clk_wiz_0/inst/clk_in1_clk_wiz_0
    MMCME2_ADV_X1Y1      MMCME2_ADV (Prop_mmcme2_adv_CLKIN1_CLKOUT0)
                                                     -3.138    -2.213 r  u_clk_wiz_0/inst/mmcm_adv_inst/CLKOUT0
                         net (fo=1, routed)           0.530    -1.684    u_clk_wiz_0/inst/clk_out1_clk_wiz_0
    BUFGCTRL_X0Y16       BUFG (Prop_bufg_I_O)         0.029    -1.655 r  u_clk_wiz_0/inst/clkout1_buf/O
                         net (fo=2038, routed)        0.835    -0.820    u_mwfil_chiftop/u_dut/u_Multichannel_FIR_Filter/u_Discrete_FIR_Filter/clk_out1
    SLICE_X39Y49         FDCE                                         r  u_mwfil_chiftop/u_dut/u_Multichannel_FIR_Filter/u_Discrete_FIR_Filter/delay6_reg[1][1]/C
                         clock pessimism              0.508    -0.312    
    SLICE_X39Y49         FDCE (Hold_fdce_C_D)         0.047    -0.265    u_mwfil_chiftop/u_dut/u_Multichannel_FIR_Filter/u_Discrete_FIR_Filter/delay6_reg[1][1]
  -------------------------------------------------------------------
                         required time                          0.265    
                         arrival time                          -0.205    
  -------------------------------------------------------------------
                         slack                                  0.061    





Pulse Width Checks
--------------------------------------------------------------------------------------
Clock Name:         clk_out1_clk_wiz_0
Waveform(ns):       { 0.000 20.000 }
Period(ns):         40.000
Sources:            { u_clk_wiz_0/inst/mmcm_adv_inst/CLKOUT0 }

Check Type        Corner  Lib Pin             Reference Pin  Required(ns)  Actual(ns)  Slack(ns)  Location         Pin
Min Period        n/a     RAMB36E1/CLKARDCLK  n/a            2.944         40.000      37.056     RAMB36_X1Y11     u_mwfil_chiftop/u_mwfil_chifcore/DUT2CHIF.u_d2bfifo/u_dpscram/mem_reg_0/CLKARDCLK
Min Period        n/a     RAMB36E1/CLKBWRCLK  n/a            2.944         40.000      37.056     RAMB36_X1Y11     u_mwfil_chiftop/u_mwfil_chifcore/DUT2CHIF.u_d2bfifo/u_dpscram/mem_reg_0/CLKBWRCLK
Min Period        n/a     RAMB18E1/CLKARDCLK  n/a            2.944         40.000      37.056     RAMB18_X0Y23     u_mwfil_chiftop/u_mwfil_chifcore/DUT2CHIF.u_d2bfifo/u_dpscram/mem_reg_1/CLKARDCLK
Min Period        n/a     RAMB18E1/CLKBWRCLK  n/a            2.944         40.000      37.056     RAMB18_X0Y23     u_mwfil_chiftop/u_mwfil_chifcore/DUT2CHIF.u_d2bfifo/u_dpscram/mem_reg_1/CLKBWRCLK
Min Period        n/a     RAMB36E1/CLKARDCLK  n/a            2.576         40.000      37.424     RAMB36_X0Y8      u_jtag_mac/u_post_chif_fifo/u_jtag_mac_fifo/U0/inst_fifo_gen/gconvfifo.rf/grf.rf/gntv_or_sync_fifo.mem/gbm.gbmg.gbmga.ngecc.bmg/inst_blk_mem_gen/gnbram.gnativebmg.native_blk_mem_gen/valid.cstr/ramloop[0].ram.r/prim_noinit.ram/DEVICE_7SERIES.NO_BMM_INFO.SDP.SIMPLE_PRIM36.ram/CLKARDCLK
Min Period        n/a     RAMB36E1/CLKBWRCLK  n/a            2.576         40.000      37.424     RAMB36_X0Y3      u_jtag_mac/u_pre_chif_fifo/u_jtag_mac_fifo/U0/inst_fifo_gen/gconvfifo.rf/grf.rf/gntv_or_sync_fifo.mem/gbm.gbmg.gbmga.ngecc.bmg/inst_blk_mem_gen/gnbram.gnativebmg.native_blk_mem_gen/valid.cstr/ramloop[0].ram.r/prim_noinit.ram/DEVICE_7SERIES.NO_BMM_INFO.SDP.SIMPLE_PRIM36.ram/CLKBWRCLK
Min Period        n/a     RAMB18E1/CLKARDCLK  n/a            2.576         40.000      37.424     RAMB18_X0Y14     u_jtag_mac/u_simcycle_fifo/u_simcycle_fifo/U0/inst_fifo_gen/gconvfifo.rf/grf.rf/gntv_or_sync_fifo.mem/gbm.gbmg.gbmga.ngecc.bmg/inst_blk_mem_gen/gnbram.gnativebmg.native_blk_mem_gen/valid.cstr/ramloop[0].ram.r/prim_noinit.ram/DEVICE_7SERIES.NO_BMM_INFO.SDP.WIDE_PRIM18.ram/CLKARDCLK
Min Period        n/a     BUFG/I              n/a            2.155         40.000      37.845     BUFGCTRL_X0Y16   u_clk_wiz_0/inst/clkout1_buf/I
Min Period        n/a     MMCME2_ADV/CLKOUT0  n/a            1.249         40.000      38.751     MMCME2_ADV_X1Y1  u_clk_wiz_0/inst/mmcm_adv_inst/CLKOUT0
Min Period        n/a     FDRE/C              n/a            1.000         40.000      39.000     SLICE_X31Y11     u_jtag_mac/chif_din_valid_reg/C
Max Period        n/a     MMCME2_ADV/CLKOUT0  n/a            213.360       40.000      173.360    MMCME2_ADV_X1Y1  u_clk_wiz_0/inst/mmcm_adv_inst/CLKOUT0
Low Pulse Width   Slow    RAMD32/CLK          n/a            1.250         20.000      18.750     SLICE_X42Y5      u_mwfil_chiftop/u_mwfil_chifcore/CHIF2DUT.u_b2dfifo/u_dpscram/mem_reg_0_15_0_5/RAMA/CLK
Low Pulse Width   Fast    RAMD32/CLK          n/a            1.250         20.000      18.750     SLICE_X42Y5      u_mwfil_chiftop/u_mwfil_chifcore/CHIF2DUT.u_b2dfifo/u_dpscram/mem_reg_0_15_0_5/RAMA/CLK
Low Pulse Width   Slow    RAMD32/CLK          n/a            1.250         20.000      18.750     SLICE_X42Y5      u_mwfil_chiftop/u_mwfil_chifcore/CHIF2DUT.u_b2dfifo/u_dpscram/mem_reg_0_15_0_5/RAMA_D1/CLK
Low Pulse Width   Fast    RAMD32/CLK          n/a            1.250         20.000      18.750     SLICE_X42Y5      u_mwfil_chiftop/u_mwfil_chifcore/CHIF2DUT.u_b2dfifo/u_dpscram/mem_reg_0_15_0_5/RAMA_D1/CLK
Low Pulse Width   Slow    RAMD32/CLK          n/a            1.250         20.000      18.750     SLICE_X42Y5      u_mwfil_chiftop/u_mwfil_chifcore/CHIF2DUT.u_b2dfifo/u_dpscram/mem_reg_0_15_0_5/RAMB/CLK
Low Pulse Width   Fast    RAMD32/CLK          n/a            1.250         20.000      18.750     SLICE_X42Y5      u_mwfil_chiftop/u_mwfil_chifcore/CHIF2DUT.u_b2dfifo/u_dpscram/mem_reg_0_15_0_5/RAMB/CLK
Low Pulse Width   Slow    RAMD32/CLK          n/a            1.250         20.000      18.750     SLICE_X42Y5      u_mwfil_chiftop/u_mwfil_chifcore/CHIF2DUT.u_b2dfifo/u_dpscram/mem_reg_0_15_0_5/RAMB_D1/CLK
Low Pulse Width   Fast    RAMD32/CLK          n/a            1.250         20.000      18.750     SLICE_X42Y5      u_mwfil_chiftop/u_mwfil_chifcore/CHIF2DUT.u_b2dfifo/u_dpscram/mem_reg_0_15_0_5/RAMB_D1/CLK
Low Pulse Width   Slow    RAMD32/CLK          n/a            1.250         20.000      18.750     SLICE_X42Y5      u_mwfil_chiftop/u_mwfil_chifcore/CHIF2DUT.u_b2dfifo/u_dpscram/mem_reg_0_15_0_5/RAMC/CLK
Low Pulse Width   Fast    RAMD32/CLK          n/a            1.250         20.000      18.750     SLICE_X42Y5      u_mwfil_chiftop/u_mwfil_chifcore/CHIF2DUT.u_b2dfifo/u_dpscram/mem_reg_0_15_0_5/RAMC/CLK
High Pulse Width  Slow    RAMD32/CLK          n/a            1.250         20.000      18.750     SLICE_X42Y5      u_mwfil_chiftop/u_mwfil_chifcore/CHIF2DUT.u_b2dfifo/u_dpscram/mem_reg_0_15_0_5/RAMA/CLK
High Pulse Width  Fast    RAMD32/CLK          n/a            1.250         20.000      18.750     SLICE_X42Y5      u_mwfil_chiftop/u_mwfil_chifcore/CHIF2DUT.u_b2dfifo/u_dpscram/mem_reg_0_15_0_5/RAMA/CLK
High Pulse Width  Slow    RAMD32/CLK          n/a            1.250         20.000      18.750     SLICE_X42Y5      u_mwfil_chiftop/u_mwfil_chifcore/CHIF2DUT.u_b2dfifo/u_dpscram/mem_reg_0_15_0_5/RAMA_D1/CLK
High Pulse Width  Fast    RAMD32/CLK          n/a            1.250         20.000      18.750     SLICE_X42Y5      u_mwfil_chiftop/u_mwfil_chifcore/CHIF2DUT.u_b2dfifo/u_dpscram/mem_reg_0_15_0_5/RAMA_D1/CLK
High Pulse Width  Slow    RAMD32/CLK          n/a            1.250         20.000      18.750     SLICE_X42Y5      u_mwfil_chiftop/u_mwfil_chifcore/CHIF2DUT.u_b2dfifo/u_dpscram/mem_reg_0_15_0_5/RAMB/CLK
High Pulse Width  Fast    RAMD32/CLK          n/a            1.250         20.000      18.750     SLICE_X42Y5      u_mwfil_chiftop/u_mwfil_chifcore/CHIF2DUT.u_b2dfifo/u_dpscram/mem_reg_0_15_0_5/RAMB/CLK
High Pulse Width  Slow    RAMD32/CLK          n/a            1.250         20.000      18.750     SLICE_X42Y5      u_mwfil_chiftop/u_mwfil_chifcore/CHIF2DUT.u_b2dfifo/u_dpscram/mem_reg_0_15_0_5/RAMB_D1/CLK
High Pulse Width  Fast    RAMD32/CLK          n/a            1.250         20.000      18.750     SLICE_X42Y5      u_mwfil_chiftop/u_mwfil_chifcore/CHIF2DUT.u_b2dfifo/u_dpscram/mem_reg_0_15_0_5/RAMB_D1/CLK
High Pulse Width  Slow    RAMD32/CLK          n/a            1.250         20.000      18.750     SLICE_X42Y5      u_mwfil_chiftop/u_mwfil_chifcore/CHIF2DUT.u_b2dfifo/u_dpscram/mem_reg_0_15_0_5/RAMC/CLK
High Pulse Width  Fast    RAMD32/CLK          n/a            1.250         20.000      18.750     SLICE_X42Y5      u_mwfil_chiftop/u_mwfil_chifcore/CHIF2DUT.u_b2dfifo/u_dpscram/mem_reg_0_15_0_5/RAMC/CLK



---------------------------------------------------------------------------------------------------
From Clock:  clkfbout_clk_wiz_0
  To Clock:  clkfbout_clk_wiz_0

Setup :           NA  Failing Endpoints,  Worst Slack           NA  ,  Total Violation           NA
Hold  :           NA  Failing Endpoints,  Worst Slack           NA  ,  Total Violation           NA
PW    :            0  Failing Endpoints,  Worst Slack        7.845ns,  Total Violation        0.000ns
---------------------------------------------------------------------------------------------------


Pulse Width Checks
--------------------------------------------------------------------------------------
Clock Name:         clkfbout_clk_wiz_0
Waveform(ns):       { 0.000 5.000 }
Period(ns):         10.000
Sources:            { u_clk_wiz_0/inst/mmcm_adv_inst/CLKFBOUT }

Check Type  Corner  Lib Pin              Reference Pin  Required(ns)  Actual(ns)  Slack(ns)  Location         Pin
Min Period  n/a     BUFG/I               n/a            2.155         10.000      7.845      BUFGCTRL_X0Y17   u_clk_wiz_0/inst/clkf_buf/I
Min Period  n/a     MMCME2_ADV/CLKFBOUT  n/a            1.249         10.000      8.751      MMCME2_ADV_X1Y1  u_clk_wiz_0/inst/mmcm_adv_inst/CLKFBOUT
Min Period  n/a     MMCME2_ADV/CLKFBIN   n/a            1.249         10.000      8.751      MMCME2_ADV_X1Y1  u_clk_wiz_0/inst/mmcm_adv_inst/CLKFBIN
Max Period  n/a     MMCME2_ADV/CLKFBIN   n/a            100.000       10.000      90.000     MMCME2_ADV_X1Y1  u_clk_wiz_0/inst/mmcm_adv_inst/CLKFBIN
Max Period  n/a     MMCME2_ADV/CLKFBOUT  n/a            213.360       10.000      203.360    MMCME2_ADV_X1Y1  u_clk_wiz_0/inst/mmcm_adv_inst/CLKFBOUT



--------------------------------------------------------------------------------------
Path Group:  (none)
From Clock:  TCK
  To Clock:  TCK

Max Delay             3 Endpoints
Min Delay             3 Endpoints
--------------------------------------------------------------------------------------


Max Delay Paths
--------------------------------------------------------------------------------------
Slack:                    inf
  Source:                 u_jtag_mac/user_rst_assert_reg/C
                            (rising edge-triggered cell FDRE clocked by TCK  {rise@0.000ns fall@7.576ns period=15.152ns})
  Destination:            u_jtag_mac/u_post_chif_fifo/u_jtag_mac_fifo/U0/inst_fifo_gen/gconvfifo.rf/grf.rf/rstblk/ngwrdrst.grst.g7serrst.gsckt_wrst.gic_rst.xpm_cdc_sync_rst_inst_wrst/syncstages_ff_reg[0]/D
                            (rising edge-triggered cell FDRE clocked by TCK  {rise@0.000ns fall@7.576ns period=15.152ns})
  Path Group:             (none)
  Path Type:              Setup (Max at Slow Process Corner)
  Data Path Delay:        4.331ns  (logic 0.580ns (13.392%)  route 3.751ns (86.608%))
  Logic Levels:           1  (LUT2=1)
  Clock Path Skew:        -0.348ns (DCD - SCD + CPR)
    Destination Clock Delay (DCD):    2.903ns
    Source Clock Delay      (SCD):    3.251ns
    Clock Pessimism Removal (CPR):    0.000ns
  Clock Uncertainty:      0.035ns  ((TSJ^2 + TIJ^2)^1/2 + DJ) / 2 + PE
    Total System Jitter     (TSJ):    0.071ns
    Total Input Jitter      (TIJ):    0.000ns
    Discrete Jitter          (DJ):    0.000ns
    Phase Error              (PE):    0.000ns
  Timing Exception:       False Path

    Location             Delay type                Incr(ns)  Path(ns)    Netlist Resource(s)
  -------------------------------------------------------------------    -------------------
                         (clock TCK rise edge)        0.000     0.000 r  
    BSCAN_X0Y0           BSCANE2                      0.000     0.000 r  u_BSCANE2/TCK
                         net (fo=1, routed)           1.588     1.588    TCK
    BUFGCTRL_X0Y0        BUFG (Prop_bufg_I_O)         0.096     1.684 r  TCK_BUFG_inst/O
                         net (fo=507, routed)         1.566     3.251    u_jtag_mac/TCK_BUFG
    SLICE_X45Y42         FDRE                                         r  u_jtag_mac/user_rst_assert_reg/C
  -------------------------------------------------------------------    -------------------
    SLICE_X45Y42         FDRE (Prop_fdre_C_Q)         0.456     3.707 r  u_jtag_mac/user_rst_assert_reg/Q
                         net (fo=18, routed)          1.214     4.921    u_jtag_mac/user_rst_assert
    SLICE_X42Y33         LUT2 (Prop_lut2_I0_O)        0.124     5.045 r  u_jtag_mac/u_simcycle_fifo_i_1/O
                         net (fo=1708, routed)        2.537     7.582    u_jtag_mac/u_post_chif_fifo/u_jtag_mac_fifo/U0/inst_fifo_gen/gconvfifo.rf/grf.rf/rstblk/ngwrdrst.grst.g7serrst.gsckt_wrst.gic_rst.xpm_cdc_sync_rst_inst_wrst/src_rst
    SLICE_X42Y47         FDRE                                         r  u_jtag_mac/u_post_chif_fifo/u_jtag_mac_fifo/U0/inst_fifo_gen/gconvfifo.rf/grf.rf/rstblk/ngwrdrst.grst.g7serrst.gsckt_wrst.gic_rst.xpm_cdc_sync_rst_inst_wrst/syncstages_ff_reg[0]/D
  -------------------------------------------------------------------    -------------------

                         (clock TCK rise edge)        0.000     0.000 r  
    BSCAN_X0Y0           BSCANE2                      0.000     0.000 r  u_BSCANE2/TCK
                         net (fo=1, routed)           1.363     1.363    TCK
    BUFGCTRL_X0Y0        BUFG (Prop_bufg_I_O)         0.091     1.454 r  TCK_BUFG_inst/O
                         net (fo=507, routed)         1.448     2.903    u_jtag_mac/u_post_chif_fifo/u_jtag_mac_fifo/U0/inst_fifo_gen/gconvfifo.rf/grf.rf/rstblk/ngwrdrst.grst.g7serrst.gsckt_wrst.gic_rst.xpm_cdc_sync_rst_inst_wrst/dest_clk
    SLICE_X42Y47         FDRE                                         r  u_jtag_mac/u_post_chif_fifo/u_jtag_mac_fifo/U0/inst_fifo_gen/gconvfifo.rf/grf.rf/rstblk/ngwrdrst.grst.g7serrst.gsckt_wrst.gic_rst.xpm_cdc_sync_rst_inst_wrst/syncstages_ff_reg[0]/C

Slack:                    inf
  Source:                 u_jtag_mac/user_rst_assert_reg/C
                            (rising edge-triggered cell FDRE clocked by TCK  {rise@0.000ns fall@7.576ns period=15.152ns})
  Destination:            u_jtag_mac/u_pre_chif_fifo/u_jtag_mac_fifo/U0/inst_fifo_gen/gconvfifo.rf/grf.rf/rstblk/ngwrdrst.grst.g7serrst.gsckt_wrst.xpm_cdc_sync_rst_inst_wrst/syncstages_ff_reg[0]/D
                            (rising edge-triggered cell FDRE clocked by TCK  {rise@0.000ns fall@7.576ns period=15.152ns})
  Path Group:             (none)
  Path Type:              Setup (Max at Slow Process Corner)
  Data Path Delay:        3.944ns  (logic 0.580ns (14.705%)  route 3.364ns (85.295%))
  Logic Levels:           1  (LUT2=1)
  Clock Path Skew:        -0.365ns (DCD - SCD + CPR)
    Destination Clock Delay (DCD):    2.886ns
    Source Clock Delay      (SCD):    3.251ns
    Clock Pessimism Removal (CPR):    0.000ns
  Clock Uncertainty:      0.035ns  ((TSJ^2 + TIJ^2)^1/2 + DJ) / 2 + PE
    Total System Jitter     (TSJ):    0.071ns
    Total Input Jitter      (TIJ):    0.000ns
    Discrete Jitter          (DJ):    0.000ns
    Phase Error              (PE):    0.000ns
  Timing Exception:       False Path

    Location             Delay type                Incr(ns)  Path(ns)    Netlist Resource(s)
  -------------------------------------------------------------------    -------------------
                         (clock TCK rise edge)        0.000     0.000 r  
    BSCAN_X0Y0           BSCANE2                      0.000     0.000 r  u_BSCANE2/TCK
                         net (fo=1, routed)           1.588     1.588    TCK
    BUFGCTRL_X0Y0        BUFG (Prop_bufg_I_O)         0.096     1.684 r  TCK_BUFG_inst/O
                         net (fo=507, routed)         1.566     3.251    u_jtag_mac/TCK_BUFG
    SLICE_X45Y42         FDRE                                         r  u_jtag_mac/user_rst_assert_reg/C
  -------------------------------------------------------------------    -------------------
    SLICE_X45Y42         FDRE (Prop_fdre_C_Q)         0.456     3.707 r  u_jtag_mac/user_rst_assert_reg/Q
                         net (fo=18, routed)          1.214     4.921    u_jtag_mac/user_rst_assert
    SLICE_X42Y33         LUT2 (Prop_lut2_I0_O)        0.124     5.045 r  u_jtag_mac/u_simcycle_fifo_i_1/O
                         net (fo=1708, routed)        2.150     7.195    u_jtag_mac/u_pre_chif_fifo/u_jtag_mac_fifo/U0/inst_fifo_gen/gconvfifo.rf/grf.rf/rstblk/ngwrdrst.grst.g7serrst.gsckt_wrst.xpm_cdc_sync_rst_inst_wrst/src_rst
    SLICE_X30Y22         FDRE                                         r  u_jtag_mac/u_pre_chif_fifo/u_jtag_mac_fifo/U0/inst_fifo_gen/gconvfifo.rf/grf.rf/rstblk/ngwrdrst.grst.g7serrst.gsckt_wrst.xpm_cdc_sync_rst_inst_wrst/syncstages_ff_reg[0]/D
  -------------------------------------------------------------------    -------------------

                         (clock TCK rise edge)        0.000     0.000 r  
    BSCAN_X0Y0           BSCANE2                      0.000     0.000 r  u_BSCANE2/TCK
                         net (fo=1, routed)           1.363     1.363    TCK
    BUFGCTRL_X0Y0        BUFG (Prop_bufg_I_O)         0.091     1.454 r  TCK_BUFG_inst/O
                         net (fo=507, routed)         1.431     2.886    u_jtag_mac/u_pre_chif_fifo/u_jtag_mac_fifo/U0/inst_fifo_gen/gconvfifo.rf/grf.rf/rstblk/ngwrdrst.grst.g7serrst.gsckt_wrst.xpm_cdc_sync_rst_inst_wrst/dest_clk
    SLICE_X30Y22         FDRE                                         r  u_jtag_mac/u_pre_chif_fifo/u_jtag_mac_fifo/U0/inst_fifo_gen/gconvfifo.rf/grf.rf/rstblk/ngwrdrst.grst.g7serrst.gsckt_wrst.xpm_cdc_sync_rst_inst_wrst/syncstages_ff_reg[0]/C

Slack:                    inf
  Source:                 u_jtag_mac/user_rst_assert_reg/C
                            (rising edge-triggered cell FDRE clocked by TCK  {rise@0.000ns fall@7.576ns period=15.152ns})
  Destination:            u_jtag_mac/u_simcycle_fifo/u_simcycle_fifo/U0/inst_fifo_gen/gconvfifo.rf/grf.rf/rstblk/ngwrdrst.grst.g7serrst.gsckt_wrst.xpm_cdc_sync_rst_inst_wrst/syncstages_ff_reg[0]/D
                            (rising edge-triggered cell FDRE clocked by TCK  {rise@0.000ns fall@7.576ns period=15.152ns})
  Path Group:             (none)
  Path Type:              Setup (Max at Slow Process Corner)
  Data Path Delay:        2.266ns  (logic 0.580ns (25.591%)  route 1.686ns (74.409%))
  Logic Levels:           1  (LUT2=1)
  Clock Path Skew:        -0.355ns (DCD - SCD + CPR)
    Destination Clock Delay (DCD):    2.896ns
    Source Clock Delay      (SCD):    3.251ns
    Clock Pessimism Removal (CPR):    0.000ns
  Clock Uncertainty:      0.035ns  ((TSJ^2 + TIJ^2)^1/2 + DJ) / 2 + PE
    Total System Jitter     (TSJ):    0.071ns
    Total Input Jitter      (TIJ):    0.000ns
    Discrete Jitter          (DJ):    0.000ns
    Phase Error              (PE):    0.000ns
  Timing Exception:       False Path

    Location             Delay type                Incr(ns)  Path(ns)    Netlist Resource(s)
  -------------------------------------------------------------------    -------------------
                         (clock TCK rise edge)        0.000     0.000 r  
    BSCAN_X0Y0           BSCANE2                      0.000     0.000 r  u_BSCANE2/TCK
                         net (fo=1, routed)           1.588     1.588    TCK
    BUFGCTRL_X0Y0        BUFG (Prop_bufg_I_O)         0.096     1.684 r  TCK_BUFG_inst/O
                         net (fo=507, routed)         1.566     3.251    u_jtag_mac/TCK_BUFG
    SLICE_X45Y42         FDRE                                         r  u_jtag_mac/user_rst_assert_reg/C
  -------------------------------------------------------------------    -------------------
    SLICE_X45Y42         FDRE (Prop_fdre_C_Q)         0.456     3.707 r  u_jtag_mac/user_rst_assert_reg/Q
                         net (fo=18, routed)          1.214     4.921    u_jtag_mac/user_rst_assert
    SLICE_X42Y33         LUT2 (Prop_lut2_I0_O)        0.124     5.045 r  u_jtag_mac/u_simcycle_fifo_i_1/O
                         net (fo=1708, routed)        0.472     5.517    u_jtag_mac/u_simcycle_fifo/u_simcycle_fifo/U0/inst_fifo_gen/gconvfifo.rf/grf.rf/rstblk/ngwrdrst.grst.g7serrst.gsckt_wrst.xpm_cdc_sync_rst_inst_wrst/src_rst
    SLICE_X43Y34         FDRE                                         r  u_jtag_mac/u_simcycle_fifo/u_simcycle_fifo/U0/inst_fifo_gen/gconvfifo.rf/grf.rf/rstblk/ngwrdrst.grst.g7serrst.gsckt_wrst.xpm_cdc_sync_rst_inst_wrst/syncstages_ff_reg[0]/D
  -------------------------------------------------------------------    -------------------

                         (clock TCK rise edge)        0.000     0.000 r  
    BSCAN_X0Y0           BSCANE2                      0.000     0.000 r  u_BSCANE2/TCK
                         net (fo=1, routed)           1.363     1.363    TCK
    BUFGCTRL_X0Y0        BUFG (Prop_bufg_I_O)         0.091     1.454 r  TCK_BUFG_inst/O
                         net (fo=507, routed)         1.441     2.896    u_jtag_mac/u_simcycle_fifo/u_simcycle_fifo/U0/inst_fifo_gen/gconvfifo.rf/grf.rf/rstblk/ngwrdrst.grst.g7serrst.gsckt_wrst.xpm_cdc_sync_rst_inst_wrst/dest_clk
    SLICE_X43Y34         FDRE                                         r  u_jtag_mac/u_simcycle_fifo/u_simcycle_fifo/U0/inst_fifo_gen/gconvfifo.rf/grf.rf/rstblk/ngwrdrst.grst.g7serrst.gsckt_wrst.xpm_cdc_sync_rst_inst_wrst/syncstages_ff_reg[0]/C





Min Delay Paths
--------------------------------------------------------------------------------------
Slack:                    inf
  Source:                 u_jtag_mac/user_rst_assert_reg/C
                            (rising edge-triggered cell FDRE clocked by TCK  {rise@0.000ns fall@7.576ns period=15.152ns})
  Destination:            u_jtag_mac/u_simcycle_fifo/u_simcycle_fifo/U0/inst_fifo_gen/gconvfifo.rf/grf.rf/rstblk/ngwrdrst.grst.g7serrst.gsckt_wrst.xpm_cdc_sync_rst_inst_wrst/syncstages_ff_reg[0]/D
                            (rising edge-triggered cell FDRE clocked by TCK  {rise@0.000ns fall@7.576ns period=15.152ns})
  Path Group:             (none)
  Path Type:              Hold (Min at Fast Process Corner)
  Data Path Delay:        0.839ns  (logic 0.186ns (22.157%)  route 0.653ns (77.843%))
  Logic Levels:           1  (LUT2=1)
  Clock Path Skew:        0.363ns (DCD - SCD - CPR)
    Destination Clock Delay (DCD):    1.538ns
    Source Clock Delay      (SCD):    1.175ns
    Clock Pessimism Removal (CPR):    -0.000ns
  Clock Uncertainty:      0.035ns  ((TSJ^2 + TIJ^2)^1/2 + DJ) / 2 + PE
    Total System Jitter     (TSJ):    0.071ns
    Total Input Jitter      (TIJ):    0.000ns
    Discrete Jitter          (DJ):    0.000ns
    Phase Error              (PE):    0.000ns
  Timing Exception:       False Path

    Location             Delay type                Incr(ns)  Path(ns)    Netlist Resource(s)
  -------------------------------------------------------------------    -------------------
                         (clock TCK rise edge)        0.000     0.000 r  
    BSCAN_X0Y0           BSCANE2                      0.000     0.000 r  u_BSCANE2/TCK
                         net (fo=1, routed)           0.586     0.586    TCK
    BUFGCTRL_X0Y0        BUFG (Prop_bufg_I_O)         0.026     0.612 r  TCK_BUFG_inst/O
                         net (fo=507, routed)         0.563     1.175    u_jtag_mac/TCK_BUFG
    SLICE_X45Y42         FDRE                                         r  u_jtag_mac/user_rst_assert_reg/C
  -------------------------------------------------------------------    -------------------
    SLICE_X45Y42         FDRE (Prop_fdre_C_Q)         0.141     1.316 r  u_jtag_mac/user_rst_assert_reg/Q
                         net (fo=18, routed)          0.457     1.773    u_jtag_mac/user_rst_assert
    SLICE_X42Y33         LUT2 (Prop_lut2_I0_O)        0.045     1.818 r  u_jtag_mac/u_simcycle_fifo_i_1/O
                         net (fo=1708, routed)        0.196     2.014    u_jtag_mac/u_simcycle_fifo/u_simcycle_fifo/U0/inst_fifo_gen/gconvfifo.rf/grf.rf/rstblk/ngwrdrst.grst.g7serrst.gsckt_wrst.xpm_cdc_sync_rst_inst_wrst/src_rst
    SLICE_X43Y34         FDRE                                         r  u_jtag_mac/u_simcycle_fifo/u_simcycle_fifo/U0/inst_fifo_gen/gconvfifo.rf/grf.rf/rstblk/ngwrdrst.grst.g7serrst.gsckt_wrst.xpm_cdc_sync_rst_inst_wrst/syncstages_ff_reg[0]/D
  -------------------------------------------------------------------    -------------------

                         (clock TCK rise edge)        0.000     0.000 r  
    BSCAN_X0Y0           BSCANE2                      0.000     0.000 r  u_BSCANE2/TCK
                         net (fo=1, routed)           0.682     0.682    TCK
    BUFGCTRL_X0Y0        BUFG (Prop_bufg_I_O)         0.029     0.711 r  TCK_BUFG_inst/O
                         net (fo=507, routed)         0.827     1.538    u_jtag_mac/u_simcycle_fifo/u_simcycle_fifo/U0/inst_fifo_gen/gconvfifo.rf/grf.rf/rstblk/ngwrdrst.grst.g7serrst.gsckt_wrst.xpm_cdc_sync_rst_inst_wrst/dest_clk
    SLICE_X43Y34         FDRE                                         r  u_jtag_mac/u_simcycle_fifo/u_simcycle_fifo/U0/inst_fifo_gen/gconvfifo.rf/grf.rf/rstblk/ngwrdrst.grst.g7serrst.gsckt_wrst.xpm_cdc_sync_rst_inst_wrst/syncstages_ff_reg[0]/C

Slack:                    inf
  Source:                 u_jtag_mac/user_rst_assert_reg/C
                            (rising edge-triggered cell FDRE clocked by TCK  {rise@0.000ns fall@7.576ns period=15.152ns})
  Destination:            u_jtag_mac/u_pre_chif_fifo/u_jtag_mac_fifo/U0/inst_fifo_gen/gconvfifo.rf/grf.rf/rstblk/ngwrdrst.grst.g7serrst.gsckt_wrst.xpm_cdc_sync_rst_inst_wrst/syncstages_ff_reg[0]/D
                            (rising edge-triggered cell FDRE clocked by TCK  {rise@0.000ns fall@7.576ns period=15.152ns})
  Path Group:             (none)
  Path Type:              Hold (Min at Fast Process Corner)
  Data Path Delay:        1.647ns  (logic 0.186ns (11.292%)  route 1.461ns (88.708%))
  Logic Levels:           1  (LUT2=1)
  Clock Path Skew:        0.355ns (DCD - SCD - CPR)
    Destination Clock Delay (DCD):    1.530ns
    Source Clock Delay      (SCD):    1.175ns
    Clock Pessimism Removal (CPR):    -0.000ns
  Clock Uncertainty:      0.035ns  ((TSJ^2 + TIJ^2)^1/2 + DJ) / 2 + PE
    Total System Jitter     (TSJ):    0.071ns
    Total Input Jitter      (TIJ):    0.000ns
    Discrete Jitter          (DJ):    0.000ns
    Phase Error              (PE):    0.000ns
  Timing Exception:       False Path

    Location             Delay type                Incr(ns)  Path(ns)    Netlist Resource(s)
  -------------------------------------------------------------------    -------------------
                         (clock TCK rise edge)        0.000     0.000 r  
    BSCAN_X0Y0           BSCANE2                      0.000     0.000 r  u_BSCANE2/TCK
                         net (fo=1, routed)           0.586     0.586    TCK
    BUFGCTRL_X0Y0        BUFG (Prop_bufg_I_O)         0.026     0.612 r  TCK_BUFG_inst/O
                         net (fo=507, routed)         0.563     1.175    u_jtag_mac/TCK_BUFG
    SLICE_X45Y42         FDRE                                         r  u_jtag_mac/user_rst_assert_reg/C
  -------------------------------------------------------------------    -------------------
    SLICE_X45Y42         FDRE (Prop_fdre_C_Q)         0.141     1.316 r  u_jtag_mac/user_rst_assert_reg/Q
                         net (fo=18, routed)          0.457     1.773    u_jtag_mac/user_rst_assert
    SLICE_X42Y33         LUT2 (Prop_lut2_I0_O)        0.045     1.818 r  u_jtag_mac/u_simcycle_fifo_i_1/O
                         net (fo=1708, routed)        1.004     2.822    u_jtag_mac/u_pre_chif_fifo/u_jtag_mac_fifo/U0/inst_fifo_gen/gconvfifo.rf/grf.rf/rstblk/ngwrdrst.grst.g7serrst.gsckt_wrst.xpm_cdc_sync_rst_inst_wrst/src_rst
    SLICE_X30Y22         FDRE                                         r  u_jtag_mac/u_pre_chif_fifo/u_jtag_mac_fifo/U0/inst_fifo_gen/gconvfifo.rf/grf.rf/rstblk/ngwrdrst.grst.g7serrst.gsckt_wrst.xpm_cdc_sync_rst_inst_wrst/syncstages_ff_reg[0]/D
  -------------------------------------------------------------------    -------------------

                         (clock TCK rise edge)        0.000     0.000 r  
    BSCAN_X0Y0           BSCANE2                      0.000     0.000 r  u_BSCANE2/TCK
                         net (fo=1, routed)           0.682     0.682    TCK
    BUFGCTRL_X0Y0        BUFG (Prop_bufg_I_O)         0.029     0.711 r  TCK_BUFG_inst/O
                         net (fo=507, routed)         0.819     1.530    u_jtag_mac/u_pre_chif_fifo/u_jtag_mac_fifo/U0/inst_fifo_gen/gconvfifo.rf/grf.rf/rstblk/ngwrdrst.grst.g7serrst.gsckt_wrst.xpm_cdc_sync_rst_inst_wrst/dest_clk
    SLICE_X30Y22         FDRE                                         r  u_jtag_mac/u_pre_chif_fifo/u_jtag_mac_fifo/U0/inst_fifo_gen/gconvfifo.rf/grf.rf/rstblk/ngwrdrst.grst.g7serrst.gsckt_wrst.xpm_cdc_sync_rst_inst_wrst/syncstages_ff_reg[0]/C

Slack:                    inf
  Source:                 u_jtag_mac/user_rst_assert_reg/C
                            (rising edge-triggered cell FDRE clocked by TCK  {rise@0.000ns fall@7.576ns period=15.152ns})
  Destination:            u_jtag_mac/u_post_chif_fifo/u_jtag_mac_fifo/U0/inst_fifo_gen/gconvfifo.rf/grf.rf/rstblk/ngwrdrst.grst.g7serrst.gsckt_wrst.gic_rst.xpm_cdc_sync_rst_inst_wrst/syncstages_ff_reg[0]/D
                            (rising edge-triggered cell FDRE clocked by TCK  {rise@0.000ns fall@7.576ns period=15.152ns})
  Path Group:             (none)
  Path Type:              Hold (Min at Fast Process Corner)
  Data Path Delay:        1.795ns  (logic 0.186ns (10.362%)  route 1.609ns (89.638%))
  Logic Levels:           1  (LUT2=1)
  Clock Path Skew:        0.370ns (DCD - SCD - CPR)
    Destination Clock Delay (DCD):    1.545ns
    Source Clock Delay      (SCD):    1.175ns
    Clock Pessimism Removal (CPR):    -0.000ns
  Clock Uncertainty:      0.035ns  ((TSJ^2 + TIJ^2)^1/2 + DJ) / 2 + PE
    Total System Jitter     (TSJ):    0.071ns
    Total Input Jitter      (TIJ):    0.000ns
    Discrete Jitter          (DJ):    0.000ns
    Phase Error              (PE):    0.000ns
  Timing Exception:       False Path

    Location             Delay type                Incr(ns)  Path(ns)    Netlist Resource(s)
  -------------------------------------------------------------------    -------------------
                         (clock TCK rise edge)        0.000     0.000 r  
    BSCAN_X0Y0           BSCANE2                      0.000     0.000 r  u_BSCANE2/TCK
                         net (fo=1, routed)           0.586     0.586    TCK
    BUFGCTRL_X0Y0        BUFG (Prop_bufg_I_O)         0.026     0.612 r  TCK_BUFG_inst/O
                         net (fo=507, routed)         0.563     1.175    u_jtag_mac/TCK_BUFG
    SLICE_X45Y42         FDRE                                         r  u_jtag_mac/user_rst_assert_reg/C
  -------------------------------------------------------------------    -------------------
    SLICE_X45Y42         FDRE (Prop_fdre_C_Q)         0.141     1.316 r  u_jtag_mac/user_rst_assert_reg/Q
                         net (fo=18, routed)          0.457     1.773    u_jtag_mac/user_rst_assert
    SLICE_X42Y33         LUT2 (Prop_lut2_I0_O)        0.045     1.818 r  u_jtag_mac/u_simcycle_fifo_i_1/O
                         net (fo=1708, routed)        1.152     2.970    u_jtag_mac/u_post_chif_fifo/u_jtag_mac_fifo/U0/inst_fifo_gen/gconvfifo.rf/grf.rf/rstblk/ngwrdrst.grst.g7serrst.gsckt_wrst.gic_rst.xpm_cdc_sync_rst_inst_wrst/src_rst
    SLICE_X42Y47         FDRE                                         r  u_jtag_mac/u_post_chif_fifo/u_jtag_mac_fifo/U0/inst_fifo_gen/gconvfifo.rf/grf.rf/rstblk/ngwrdrst.grst.g7serrst.gsckt_wrst.gic_rst.xpm_cdc_sync_rst_inst_wrst/syncstages_ff_reg[0]/D
  -------------------------------------------------------------------    -------------------

                         (clock TCK rise edge)        0.000     0.000 r  
    BSCAN_X0Y0           BSCANE2                      0.000     0.000 r  u_BSCANE2/TCK
                         net (fo=1, routed)           0.682     0.682    TCK
    BUFGCTRL_X0Y0        BUFG (Prop_bufg_I_O)         0.029     0.711 r  TCK_BUFG_inst/O
                         net (fo=507, routed)         0.834     1.545    u_jtag_mac/u_post_chif_fifo/u_jtag_mac_fifo/U0/inst_fifo_gen/gconvfifo.rf/grf.rf/rstblk/ngwrdrst.grst.g7serrst.gsckt_wrst.gic_rst.xpm_cdc_sync_rst_inst_wrst/dest_clk
    SLICE_X42Y47         FDRE                                         r  u_jtag_mac/u_post_chif_fifo/u_jtag_mac_fifo/U0/inst_fifo_gen/gconvfifo.rf/grf.rf/rstblk/ngwrdrst.grst.g7serrst.gsckt_wrst.gic_rst.xpm_cdc_sync_rst_inst_wrst/syncstages_ff_reg[0]/C





--------------------------------------------------------------------------------------
Path Group:  (none)
From Clock:  clk_out1_clk_wiz_0
  To Clock:  TCK

Max Delay            33 Endpoints
Min Delay            33 Endpoints
--------------------------------------------------------------------------------------


Max Delay Paths
--------------------------------------------------------------------------------------
Slack:                    inf
  Source:                 u_jtag_mac/u_post_chif_fifo/u_jtag_mac_fifo/U0/inst_fifo_gen/gconvfifo.rf/grf.rf/rstblk/ngwrdrst.grst.g7serrst.gsckt_wrst.gic_rst.sckt_wr_rst_ic_reg/C
                            (rising edge-triggered cell FDRE clocked by clk_out1_clk_wiz_0  {rise@0.000ns fall@20.000ns period=40.000ns})
  Destination:            u_jtag_mac/u_post_chif_fifo/u_jtag_mac_fifo/U0/inst_fifo_gen/gconvfifo.rf/grf.rf/rstblk/ngwrdrst.grst.g7serrst.gsckt_wrst.gic_rst.xpm_cdc_single_inst_wrst_rd/syncstages_ff_reg[0]/D
                            (rising edge-triggered cell FDRE clocked by TCK  {rise@0.000ns fall@7.576ns period=15.152ns})
  Path Group:             (none)
  Path Type:              Setup (Max at Slow Process Corner)
  Data Path Delay:        1.261ns  (logic 0.456ns (36.170%)  route 0.805ns (63.830%))
  Logic Levels:           0  
  Clock Path Skew:        3.799ns (DCD - SCD + CPR)
    Destination Clock Delay (DCD):    2.902ns
    Source Clock Delay      (SCD):    -0.898ns
    Clock Pessimism Removal (CPR):    0.000ns
  Clock Uncertainty:      0.202ns  ((TSJ^2 + DJ^2)^1/2) / 2 + PE
    Total System Jitter     (TSJ):    0.071ns
    Discrete Jitter          (DJ):    0.182ns
    Phase Error              (PE):    0.104ns
  Timing Exception:       Asynchronous Clock Groups

    Location             Delay type                Incr(ns)  Path(ns)    Netlist Resource(s)
  -------------------------------------------------------------------    -------------------
                         (clock clk_out1_clk_wiz_0 rise edge)
                                                      0.000     0.000 r  
    E3                                                0.000     0.000 r  sysclk (IN)
                         net (fo=0)                   0.000     0.000    u_clk_wiz_0/inst/clk_in1
    E3                   IBUF (Prop_ibuf_I_O)         1.489     1.489 r  u_clk_wiz_0/inst/clkin1_ibufg/O
                         net (fo=1, routed)           1.233     2.722    u_clk_wiz_0/inst/clk_in1_clk_wiz_0
    MMCME2_ADV_X1Y1      MMCME2_ADV (Prop_mmcme2_adv_CLKIN1_CLKOUT0)
                                                     -6.946    -4.224 r  u_clk_wiz_0/inst/mmcm_adv_inst/CLKOUT0
                         net (fo=1, routed)           1.661    -2.563    u_clk_wiz_0/inst/clk_out1_clk_wiz_0
    BUFGCTRL_X0Y16       BUFG (Prop_bufg_I_O)         0.096    -2.467 r  u_clk_wiz_0/inst/clkout1_buf/O
                         net (fo=2038, routed)        1.569    -0.898    u_jtag_mac/u_post_chif_fifo/u_jtag_mac_fifo/U0/inst_fifo_gen/gconvfifo.rf/grf.rf/rstblk/wr_clk
    SLICE_X40Y49         FDRE                                         r  u_jtag_mac/u_post_chif_fifo/u_jtag_mac_fifo/U0/inst_fifo_gen/gconvfifo.rf/grf.rf/rstblk/ngwrdrst.grst.g7serrst.gsckt_wrst.gic_rst.sckt_wr_rst_ic_reg/C
  -------------------------------------------------------------------    -------------------
    SLICE_X40Y49         FDRE (Prop_fdre_C_Q)         0.456    -0.442 r  u_jtag_mac/u_post_chif_fifo/u_jtag_mac_fifo/U0/inst_fifo_gen/gconvfifo.rf/grf.rf/rstblk/ngwrdrst.grst.g7serrst.gsckt_wrst.gic_rst.sckt_wr_rst_ic_reg/Q
                         net (fo=54, routed)          0.805     0.363    u_jtag_mac/u_post_chif_fifo/u_jtag_mac_fifo/U0/inst_fifo_gen/gconvfifo.rf/grf.rf/rstblk/ngwrdrst.grst.g7serrst.gsckt_wrst.gic_rst.xpm_cdc_single_inst_wrst_rd/src_in
    SLICE_X40Y46         FDRE                                         r  u_jtag_mac/u_post_chif_fifo/u_jtag_mac_fifo/U0/inst_fifo_gen/gconvfifo.rf/grf.rf/rstblk/ngwrdrst.grst.g7serrst.gsckt_wrst.gic_rst.xpm_cdc_single_inst_wrst_rd/syncstages_ff_reg[0]/D
  -------------------------------------------------------------------    -------------------

                         (clock TCK rise edge)        0.000     0.000 r  
    BSCAN_X0Y0           BSCANE2                      0.000     0.000 r  u_BSCANE2/TCK
                         net (fo=1, routed)           1.363     1.363    TCK
    BUFGCTRL_X0Y0        BUFG (Prop_bufg_I_O)         0.091     1.454 r  TCK_BUFG_inst/O
                         net (fo=507, routed)         1.447     2.902    u_jtag_mac/u_post_chif_fifo/u_jtag_mac_fifo/U0/inst_fifo_gen/gconvfifo.rf/grf.rf/rstblk/ngwrdrst.grst.g7serrst.gsckt_wrst.gic_rst.xpm_cdc_single_inst_wrst_rd/dest_clk
    SLICE_X40Y46         FDRE                                         r  u_jtag_mac/u_post_chif_fifo/u_jtag_mac_fifo/U0/inst_fifo_gen/gconvfifo.rf/grf.rf/rstblk/ngwrdrst.grst.g7serrst.gsckt_wrst.gic_rst.xpm_cdc_single_inst_wrst_rd/syncstages_ff_reg[0]/C

Slack:                    inf
  Source:                 u_jtag_mac/u_simcycle_fifo/u_simcycle_fifo/U0/inst_fifo_gen/gconvfifo.rf/grf.rf/rstblk/ngwrdrst.grst.g7serrst.gsckt_wrst.gic_rst.sckt_rd_rst_ic_reg/C
                            (rising edge-triggered cell FDRE clocked by clk_out1_clk_wiz_0  {rise@0.000ns fall@20.000ns period=40.000ns})
  Destination:            u_jtag_mac/u_simcycle_fifo/u_simcycle_fifo/U0/inst_fifo_gen/gconvfifo.rf/grf.rf/rstblk/ngwrdrst.grst.g7serrst.gsckt_wrst.gic_rst.xpm_cdc_single_inst_rrst_wr/syncstages_ff_reg[0]/D
                            (rising edge-triggered cell FDRE clocked by TCK  {rise@0.000ns fall@7.576ns period=15.152ns})
  Path Group:             (none)
  Path Type:              Setup (Max at Slow Process Corner)
  Data Path Delay:        0.923ns  (logic 0.456ns (49.387%)  route 0.467ns (50.613%))
  Logic Levels:           0  
  Clock Path Skew:        3.799ns (DCD - SCD + CPR)
    Destination Clock Delay (DCD):    2.896ns
    Source Clock Delay      (SCD):    -0.904ns
    Clock Pessimism Removal (CPR):    0.000ns
  Clock Uncertainty:      0.202ns  ((TSJ^2 + DJ^2)^1/2) / 2 + PE
    Total System Jitter     (TSJ):    0.071ns
    Discrete Jitter          (DJ):    0.182ns
    Phase Error              (PE):    0.104ns
  Timing Exception:       Asynchronous Clock Groups

    Location             Delay type                Incr(ns)  Path(ns)    Netlist Resource(s)
  -------------------------------------------------------------------    -------------------
                         (clock clk_out1_clk_wiz_0 rise edge)
                                                      0.000     0.000 r  
    E3                                                0.000     0.000 r  sysclk (IN)
                         net (fo=0)                   0.000     0.000    u_clk_wiz_0/inst/clk_in1
    E3                   IBUF (Prop_ibuf_I_O)         1.489     1.489 r  u_clk_wiz_0/inst/clkin1_ibufg/O
                         net (fo=1, routed)           1.233     2.722    u_clk_wiz_0/inst/clk_in1_clk_wiz_0
    MMCME2_ADV_X1Y1      MMCME2_ADV (Prop_mmcme2_adv_CLKIN1_CLKOUT0)
                                                     -6.946    -4.224 r  u_clk_wiz_0/inst/mmcm_adv_inst/CLKOUT0
                         net (fo=1, routed)           1.661    -2.563    u_clk_wiz_0/inst/clk_out1_clk_wiz_0
    BUFGCTRL_X0Y16       BUFG (Prop_bufg_I_O)         0.096    -2.467 r  u_clk_wiz_0/inst/clkout1_buf/O
                         net (fo=2038, routed)        1.563    -0.904    u_jtag_mac/u_simcycle_fifo/u_simcycle_fifo/U0/inst_fifo_gen/gconvfifo.rf/grf.rf/rstblk/rd_clk
    SLICE_X40Y36         FDRE                                         r  u_jtag_mac/u_simcycle_fifo/u_simcycle_fifo/U0/inst_fifo_gen/gconvfifo.rf/grf.rf/rstblk/ngwrdrst.grst.g7serrst.gsckt_wrst.gic_rst.sckt_rd_rst_ic_reg/C
  -------------------------------------------------------------------    -------------------
    SLICE_X40Y36         FDRE (Prop_fdre_C_Q)         0.456    -0.448 r  u_jtag_mac/u_simcycle_fifo/u_simcycle_fifo/U0/inst_fifo_gen/gconvfifo.rf/grf.rf/rstblk/ngwrdrst.grst.g7serrst.gsckt_wrst.gic_rst.sckt_rd_rst_ic_reg/Q
                         net (fo=13, routed)          0.467     0.020    u_jtag_mac/u_simcycle_fifo/u_simcycle_fifo/U0/inst_fifo_gen/gconvfifo.rf/grf.rf/rstblk/ngwrdrst.grst.g7serrst.gsckt_wrst.gic_rst.xpm_cdc_single_inst_rrst_wr/src_in
    SLICE_X40Y34         FDRE                                         r  u_jtag_mac/u_simcycle_fifo/u_simcycle_fifo/U0/inst_fifo_gen/gconvfifo.rf/grf.rf/rstblk/ngwrdrst.grst.g7serrst.gsckt_wrst.gic_rst.xpm_cdc_single_inst_rrst_wr/syncstages_ff_reg[0]/D
  -------------------------------------------------------------------    -------------------

                         (clock TCK rise edge)        0.000     0.000 r  
    BSCAN_X0Y0           BSCANE2                      0.000     0.000 r  u_BSCANE2/TCK
                         net (fo=1, routed)           1.363     1.363    TCK
    BUFGCTRL_X0Y0        BUFG (Prop_bufg_I_O)         0.091     1.454 r  TCK_BUFG_inst/O
                         net (fo=507, routed)         1.441     2.896    u_jtag_mac/u_simcycle_fifo/u_simcycle_fifo/U0/inst_fifo_gen/gconvfifo.rf/grf.rf/rstblk/ngwrdrst.grst.g7serrst.gsckt_wrst.gic_rst.xpm_cdc_single_inst_rrst_wr/dest_clk
    SLICE_X40Y34         FDRE                                         r  u_jtag_mac/u_simcycle_fifo/u_simcycle_fifo/U0/inst_fifo_gen/gconvfifo.rf/grf.rf/rstblk/ngwrdrst.grst.g7serrst.gsckt_wrst.gic_rst.xpm_cdc_single_inst_rrst_wr/syncstages_ff_reg[0]/C

Slack:                    inf
  Source:                 u_jtag_mac/u_pre_chif_fifo/u_jtag_mac_fifo/U0/inst_fifo_gen/gconvfifo.rf/grf.rf/rstblk/ngwrdrst.grst.g7serrst.gsckt_wrst.gic_rst.sckt_rd_rst_ic_reg/C
                            (rising edge-triggered cell FDRE clocked by clk_out1_clk_wiz_0  {rise@0.000ns fall@20.000ns period=40.000ns})
  Destination:            u_jtag_mac/u_pre_chif_fifo/u_jtag_mac_fifo/U0/inst_fifo_gen/gconvfifo.rf/grf.rf/rstblk/ngwrdrst.grst.g7serrst.gsckt_wrst.gic_rst.xpm_cdc_single_inst_rrst_wr/syncstages_ff_reg[0]/D
                            (rising edge-triggered cell FDRE clocked by TCK  {rise@0.000ns fall@7.576ns period=15.152ns})
  Path Group:             (none)
  Path Type:              Setup (Max at Slow Process Corner)
  Data Path Delay:        0.788ns  (logic 0.456ns (57.872%)  route 0.332ns (42.128%))
  Logic Levels:           0  
  Clock Path Skew:        3.800ns (DCD - SCD + CPR)
    Destination Clock Delay (DCD):    2.888ns
    Source Clock Delay      (SCD):    -0.913ns
    Clock Pessimism Removal (CPR):    0.000ns
  Clock Uncertainty:      0.202ns  ((TSJ^2 + DJ^2)^1/2) / 2 + PE
    Total System Jitter     (TSJ):    0.071ns
    Discrete Jitter          (DJ):    0.182ns
    Phase Error              (PE):    0.104ns
  Timing Exception:       Asynchronous Clock Groups

    Location             Delay type                Incr(ns)  Path(ns)    Netlist Resource(s)
  -------------------------------------------------------------------    -------------------
                         (clock clk_out1_clk_wiz_0 rise edge)
                                                      0.000     0.000 r  
    E3                                                0.000     0.000 r  sysclk (IN)
                         net (fo=0)                   0.000     0.000    u_clk_wiz_0/inst/clk_in1
    E3                   IBUF (Prop_ibuf_I_O)         1.489     1.489 r  u_clk_wiz_0/inst/clkin1_ibufg/O
                         net (fo=1, routed)           1.233     2.722    u_clk_wiz_0/inst/clk_in1_clk_wiz_0
    MMCME2_ADV_X1Y1      MMCME2_ADV (Prop_mmcme2_adv_CLKIN1_CLKOUT0)
                                                     -6.946    -4.224 r  u_clk_wiz_0/inst/mmcm_adv_inst/CLKOUT0
                         net (fo=1, routed)           1.661    -2.563    u_clk_wiz_0/inst/clk_out1_clk_wiz_0
    BUFGCTRL_X0Y16       BUFG (Prop_bufg_I_O)         0.096    -2.467 r  u_clk_wiz_0/inst/clkout1_buf/O
                         net (fo=2038, routed)        1.554    -0.913    u_jtag_mac/u_pre_chif_fifo/u_jtag_mac_fifo/U0/inst_fifo_gen/gconvfifo.rf/grf.rf/rstblk/rd_clk
    SLICE_X28Y21         FDRE                                         r  u_jtag_mac/u_pre_chif_fifo/u_jtag_mac_fifo/U0/inst_fifo_gen/gconvfifo.rf/grf.rf/rstblk/ngwrdrst.grst.g7serrst.gsckt_wrst.gic_rst.sckt_rd_rst_ic_reg/C
  -------------------------------------------------------------------    -------------------
    SLICE_X28Y21         FDRE (Prop_fdre_C_Q)         0.456    -0.457 r  u_jtag_mac/u_pre_chif_fifo/u_jtag_mac_fifo/U0/inst_fifo_gen/gconvfifo.rf/grf.rf/rstblk/ngwrdrst.grst.g7serrst.gsckt_wrst.gic_rst.sckt_rd_rst_ic_reg/Q
                         net (fo=31, routed)          0.332    -0.125    u_jtag_mac/u_pre_chif_fifo/u_jtag_mac_fifo/U0/inst_fifo_gen/gconvfifo.rf/grf.rf/rstblk/ngwrdrst.grst.g7serrst.gsckt_wrst.gic_rst.xpm_cdc_single_inst_rrst_wr/src_in
    SLICE_X32Y21         FDRE                                         r  u_jtag_mac/u_pre_chif_fifo/u_jtag_mac_fifo/U0/inst_fifo_gen/gconvfifo.rf/grf.rf/rstblk/ngwrdrst.grst.g7serrst.gsckt_wrst.gic_rst.xpm_cdc_single_inst_rrst_wr/syncstages_ff_reg[0]/D
  -------------------------------------------------------------------    -------------------

                         (clock TCK rise edge)        0.000     0.000 r  
    BSCAN_X0Y0           BSCANE2                      0.000     0.000 r  u_BSCANE2/TCK
                         net (fo=1, routed)           1.363     1.363    TCK
    BUFGCTRL_X0Y0        BUFG (Prop_bufg_I_O)         0.091     1.454 r  TCK_BUFG_inst/O
                         net (fo=507, routed)         1.433     2.888    u_jtag_mac/u_pre_chif_fifo/u_jtag_mac_fifo/U0/inst_fifo_gen/gconvfifo.rf/grf.rf/rstblk/ngwrdrst.grst.g7serrst.gsckt_wrst.gic_rst.xpm_cdc_single_inst_rrst_wr/dest_clk
    SLICE_X32Y21         FDRE                                         r  u_jtag_mac/u_pre_chif_fifo/u_jtag_mac_fifo/U0/inst_fifo_gen/gconvfifo.rf/grf.rf/rstblk/ngwrdrst.grst.g7serrst.gsckt_wrst.gic_rst.xpm_cdc_single_inst_rrst_wr/syncstages_ff_reg[0]/C

Slack:                    inf
  Source:                 u_jtag_mac/u_post_chif_fifo/u_jtag_mac_fifo/U0/inst_fifo_gen/gconvfifo.rf/grf.rf/gntv_or_sync_fifo.gl0.wr/gwas.wsts/gaf.ram_almost_full_i_reg/C
                            (rising edge-triggered cell FDSE clocked by clk_out1_clk_wiz_0  {rise@0.000ns fall@20.000ns period=40.000ns})
  Destination:            u_jtag_mac/act_rd_len_sft_reg[12]/D
                            (rising edge-triggered cell FDRE clocked by TCK  {rise@0.000ns fall@7.576ns period=15.152ns})
  Path Group:             (none)
  Path Type:              Setup (Max at Slow Process Corner)
  Data Path Delay:        1.872ns  (logic 0.574ns (30.666%)  route 1.298ns (69.334%))
  Logic Levels:           1  (LUT4=1)
  Clock Path Skew:        3.795ns (DCD - SCD + CPR)
    Destination Clock Delay (DCD):    2.898ns
    Source Clock Delay      (SCD):    -0.898ns
    Clock Pessimism Removal (CPR):    0.000ns
  Clock Uncertainty:      0.202ns  ((TSJ^2 + DJ^2)^1/2) / 2 + PE
    Total System Jitter     (TSJ):    0.071ns
    Discrete Jitter          (DJ):    0.182ns
    Phase Error              (PE):    0.104ns
  Timing Exception:       Asynchronous Clock Groups

    Location             Delay type                Incr(ns)  Path(ns)    Netlist Resource(s)
  -------------------------------------------------------------------    -------------------
                         (clock clk_out1_clk_wiz_0 rise edge)
                                                      0.000     0.000 r  
    E3                                                0.000     0.000 r  sysclk (IN)
                         net (fo=0)                   0.000     0.000    u_clk_wiz_0/inst/clk_in1
    E3                   IBUF (Prop_ibuf_I_O)         1.489     1.489 r  u_clk_wiz_0/inst/clkin1_ibufg/O
                         net (fo=1, routed)           1.233     2.722    u_clk_wiz_0/inst/clk_in1_clk_wiz_0
    MMCME2_ADV_X1Y1      MMCME2_ADV (Prop_mmcme2_adv_CLKIN1_CLKOUT0)
                                                     -6.946    -4.224 r  u_clk_wiz_0/inst/mmcm_adv_inst/CLKOUT0
                         net (fo=1, routed)           1.661    -2.563    u_clk_wiz_0/inst/clk_out1_clk_wiz_0
    BUFGCTRL_X0Y16       BUFG (Prop_bufg_I_O)         0.096    -2.467 r  u_clk_wiz_0/inst/clkout1_buf/O
                         net (fo=2038, routed)        1.569    -0.898    u_jtag_mac/u_post_chif_fifo/u_jtag_mac_fifo/U0/inst_fifo_gen/gconvfifo.rf/grf.rf/gntv_or_sync_fifo.gl0.wr/gwas.wsts/wr_clk
    SLICE_X29Y48         FDSE                                         r  u_jtag_mac/u_post_chif_fifo/u_jtag_mac_fifo/U0/inst_fifo_gen/gconvfifo.rf/grf.rf/gntv_or_sync_fifo.gl0.wr/gwas.wsts/gaf.ram_almost_full_i_reg/C
  -------------------------------------------------------------------    -------------------
    SLICE_X29Y48         FDSE (Prop_fdse_C_Q)         0.456    -0.442 r  u_jtag_mac/u_post_chif_fifo/u_jtag_mac_fifo/U0/inst_fifo_gen/gconvfifo.rf/grf.rf/gntv_or_sync_fifo.gl0.wr/gwas.wsts/gaf.ram_almost_full_i_reg/Q
                         net (fo=93, routed)          0.782     0.340    u_jtag_mac/u_post_chif_fifo/almost_full
    SLICE_X33Y40         LUT4 (Prop_lut4_I3_O)        0.118     0.458 r  u_jtag_mac/u_post_chif_fifo/act_rd_len_sft[12]_i_1/O
                         net (fo=1, routed)           0.516     0.974    u_jtag_mac/u_post_chif_fifo_n_10
    SLICE_X30Y40         FDRE                                         r  u_jtag_mac/act_rd_len_sft_reg[12]/D
  -------------------------------------------------------------------    -------------------

                         (clock TCK rise edge)        0.000     0.000 r  
    BSCAN_X0Y0           BSCANE2                      0.000     0.000 r  u_BSCANE2/TCK
                         net (fo=1, routed)           1.363     1.363    TCK
    BUFGCTRL_X0Y0        BUFG (Prop_bufg_I_O)         0.091     1.454 r  TCK_BUFG_inst/O
                         net (fo=507, routed)         1.443     2.898    u_jtag_mac/TCK_BUFG
    SLICE_X30Y40         FDRE                                         r  u_jtag_mac/act_rd_len_sft_reg[12]/C

Slack:                    inf
  Source:                 u_jtag_mac/u_post_chif_fifo/u_jtag_mac_fifo/U0/inst_fifo_gen/gconvfifo.rf/grf.rf/gntv_or_sync_fifo.gl0.wr/gwas.wsts/gaf.ram_almost_full_i_reg/C
                            (rising edge-triggered cell FDSE clocked by clk_out1_clk_wiz_0  {rise@0.000ns fall@20.000ns period=40.000ns})
  Destination:            u_jtag_mac/act_rd_len_reg[12]/D
                            (rising edge-triggered cell FDRE clocked by TCK  {rise@0.000ns fall@7.576ns period=15.152ns})
  Path Group:             (none)
  Path Type:              Setup (Max at Slow Process Corner)
  Data Path Delay:        1.362ns  (logic 0.580ns (42.588%)  route 0.782ns (57.412%))
  Logic Levels:           1  (LUT3=1)
  Clock Path Skew:        3.795ns (DCD - SCD + CPR)
    Destination Clock Delay (DCD):    2.898ns
    Source Clock Delay      (SCD):    -0.898ns
    Clock Pessimism Removal (CPR):    0.000ns
  Clock Uncertainty:      0.202ns  ((TSJ^2 + DJ^2)^1/2) / 2 + PE
    Total System Jitter     (TSJ):    0.071ns
    Discrete Jitter          (DJ):    0.182ns
    Phase Error              (PE):    0.104ns
  Timing Exception:       Asynchronous Clock Groups

    Location             Delay type                Incr(ns)  Path(ns)    Netlist Resource(s)
  -------------------------------------------------------------------    -------------------
                         (clock clk_out1_clk_wiz_0 rise edge)
                                                      0.000     0.000 r  
    E3                                                0.000     0.000 r  sysclk (IN)
                         net (fo=0)                   0.000     0.000    u_clk_wiz_0/inst/clk_in1
    E3                   IBUF (Prop_ibuf_I_O)         1.489     1.489 r  u_clk_wiz_0/inst/clkin1_ibufg/O
                         net (fo=1, routed)           1.233     2.722    u_clk_wiz_0/inst/clk_in1_clk_wiz_0
    MMCME2_ADV_X1Y1      MMCME2_ADV (Prop_mmcme2_adv_CLKIN1_CLKOUT0)
                                                     -6.946    -4.224 r  u_clk_wiz_0/inst/mmcm_adv_inst/CLKOUT0
                         net (fo=1, routed)           1.661    -2.563    u_clk_wiz_0/inst/clk_out1_clk_wiz_0
    BUFGCTRL_X0Y16       BUFG (Prop_bufg_I_O)         0.096    -2.467 r  u_clk_wiz_0/inst/clkout1_buf/O
                         net (fo=2038, routed)        1.569    -0.898    u_jtag_mac/u_post_chif_fifo/u_jtag_mac_fifo/U0/inst_fifo_gen/gconvfifo.rf/grf.rf/gntv_or_sync_fifo.gl0.wr/gwas.wsts/wr_clk
    SLICE_X29Y48         FDSE                                         r  u_jtag_mac/u_post_chif_fifo/u_jtag_mac_fifo/U0/inst_fifo_gen/gconvfifo.rf/grf.rf/gntv_or_sync_fifo.gl0.wr/gwas.wsts/gaf.ram_almost_full_i_reg/C
  -------------------------------------------------------------------    -------------------
    SLICE_X29Y48         FDSE (Prop_fdse_C_Q)         0.456    -0.442 r  u_jtag_mac/u_post_chif_fifo/u_jtag_mac_fifo/U0/inst_fifo_gen/gconvfifo.rf/grf.rf/gntv_or_sync_fifo.gl0.wr/gwas.wsts/gaf.ram_almost_full_i_reg/Q
                         net (fo=93, routed)          0.782     0.340    u_jtag_mac/u_post_chif_fifo/almost_full
    SLICE_X33Y40         LUT3 (Prop_lut3_I0_O)        0.124     0.464 r  u_jtag_mac/u_post_chif_fifo/act_rd_len[12]_i_2/O
                         net (fo=1, routed)           0.000     0.464    u_jtag_mac/act_rd_len_sft[12]
    SLICE_X33Y40         FDRE                                         r  u_jtag_mac/act_rd_len_reg[12]/D
  -------------------------------------------------------------------    -------------------

                         (clock TCK rise edge)        0.000     0.000 r  
    BSCAN_X0Y0           BSCANE2                      0.000     0.000 r  u_BSCANE2/TCK
                         net (fo=1, routed)           1.363     1.363    TCK
    BUFGCTRL_X0Y0        BUFG (Prop_bufg_I_O)         0.091     1.454 r  TCK_BUFG_inst/O
                         net (fo=507, routed)         1.443     2.898    u_jtag_mac/TCK_BUFG
    SLICE_X33Y40         FDRE                                         r  u_jtag_mac/act_rd_len_reg[12]/C

Slack:                    inf
  Source:                 u_jtag_mac/u_post_chif_fifo/u_jtag_mac_fifo/U0/inst_fifo_gen/gconvfifo.rf/grf.rf/gntv_or_sync_fifo.gcx.clkx/wr_pntr_cdc_inst/src_gray_ff_reg[10]/C
                            (rising edge-triggered cell FDRE clocked by clk_out1_clk_wiz_0  {rise@0.000ns fall@20.000ns period=40.000ns})
  Destination:            u_jtag_mac/u_post_chif_fifo/u_jtag_mac_fifo/U0/inst_fifo_gen/gconvfifo.rf/grf.rf/gntv_or_sync_fifo.gcx.clkx/wr_pntr_cdc_inst/dest_graysync_ff_reg[0][10]/D
                            (rising edge-triggered cell FDRE clocked by TCK  {rise@0.000ns fall@7.576ns period=15.152ns})
  Path Group:             (none)
  Path Type:              Setup (Max at Slow Process Corner)
  Data Path Delay:        1.326ns  (logic 0.518ns (39.076%)  route 0.808ns (60.924%))
  Logic Levels:           0  
  Clock Path Skew:        3.800ns (DCD - SCD + CPR)
    Destination Clock Delay (DCD):    2.905ns
    Source Clock Delay      (SCD):    -0.896ns
    Clock Pessimism Removal (CPR):    0.000ns
  Clock Uncertainty:      0.202ns  ((TSJ^2 + DJ^2)^1/2) / 2 + PE
    Total System Jitter     (TSJ):    0.071ns
    Discrete Jitter          (DJ):    0.182ns
    Phase Error              (PE):    0.104ns
  Timing Exception:       Asynchronous Clock Groups

    Location             Delay type                Incr(ns)  Path(ns)    Netlist Resource(s)
  -------------------------------------------------------------------    -------------------
                         (clock clk_out1_clk_wiz_0 rise edge)
                                                      0.000     0.000 r  
    E3                                                0.000     0.000 r  sysclk (IN)
                         net (fo=0)                   0.000     0.000    u_clk_wiz_0/inst/clk_in1
    E3                   IBUF (Prop_ibuf_I_O)         1.489     1.489 r  u_clk_wiz_0/inst/clkin1_ibufg/O
                         net (fo=1, routed)           1.233     2.722    u_clk_wiz_0/inst/clk_in1_clk_wiz_0
    MMCME2_ADV_X1Y1      MMCME2_ADV (Prop_mmcme2_adv_CLKIN1_CLKOUT0)
                                                     -6.946    -4.224 r  u_clk_wiz_0/inst/mmcm_adv_inst/CLKOUT0
                         net (fo=1, routed)           1.661    -2.563    u_clk_wiz_0/inst/clk_out1_clk_wiz_0
    BUFGCTRL_X0Y16       BUFG (Prop_bufg_I_O)         0.096    -2.467 r  u_clk_wiz_0/inst/clkout1_buf/O
                         net (fo=2038, routed)        1.571    -0.896    u_jtag_mac/u_post_chif_fifo/u_jtag_mac_fifo/U0/inst_fifo_gen/gconvfifo.rf/grf.rf/gntv_or_sync_fifo.gcx.clkx/wr_pntr_cdc_inst/src_clk
    SLICE_X14Y45         FDRE                                         r  u_jtag_mac/u_post_chif_fifo/u_jtag_mac_fifo/U0/inst_fifo_gen/gconvfifo.rf/grf.rf/gntv_or_sync_fifo.gcx.clkx/wr_pntr_cdc_inst/src_gray_ff_reg[10]/C
  -------------------------------------------------------------------    -------------------
    SLICE_X14Y45         FDRE (Prop_fdre_C_Q)         0.518    -0.378 r  u_jtag_mac/u_post_chif_fifo/u_jtag_mac_fifo/U0/inst_fifo_gen/gconvfifo.rf/grf.rf/gntv_or_sync_fifo.gcx.clkx/wr_pntr_cdc_inst/src_gray_ff_reg[10]/Q
                         net (fo=1, routed)           0.808     0.430    u_jtag_mac/u_post_chif_fifo/u_jtag_mac_fifo/U0/inst_fifo_gen/gconvfifo.rf/grf.rf/gntv_or_sync_fifo.gcx.clkx/wr_pntr_cdc_inst/async_path[10]
    SLICE_X13Y45         FDRE                                         r  u_jtag_mac/u_post_chif_fifo/u_jtag_mac_fifo/U0/inst_fifo_gen/gconvfifo.rf/grf.rf/gntv_or_sync_fifo.gcx.clkx/wr_pntr_cdc_inst/dest_graysync_ff_reg[0][10]/D
  -------------------------------------------------------------------    -------------------

                         (clock TCK rise edge)        0.000     0.000 r  
    BSCAN_X0Y0           BSCANE2                      0.000     0.000 r  u_BSCANE2/TCK
                         net (fo=1, routed)           1.363     1.363    TCK
    BUFGCTRL_X0Y0        BUFG (Prop_bufg_I_O)         0.091     1.454 r  TCK_BUFG_inst/O
                         net (fo=507, routed)         1.450     2.905    u_jtag_mac/u_post_chif_fifo/u_jtag_mac_fifo/U0/inst_fifo_gen/gconvfifo.rf/grf.rf/gntv_or_sync_fifo.gcx.clkx/wr_pntr_cdc_inst/dest_clk
    SLICE_X13Y45         FDRE                                         r  u_jtag_mac/u_post_chif_fifo/u_jtag_mac_fifo/U0/inst_fifo_gen/gconvfifo.rf/grf.rf/gntv_or_sync_fifo.gcx.clkx/wr_pntr_cdc_inst/dest_graysync_ff_reg[0][10]/C

Slack:                    inf
  Source:                 u_jtag_mac/u_post_chif_fifo/u_jtag_mac_fifo/U0/inst_fifo_gen/gconvfifo.rf/grf.rf/gntv_or_sync_fifo.gcx.clkx/wr_pntr_cdc_inst/src_gray_ff_reg[2]/C
                            (rising edge-triggered cell FDRE clocked by clk_out1_clk_wiz_0  {rise@0.000ns fall@20.000ns period=40.000ns})
  Destination:            u_jtag_mac/u_post_chif_fifo/u_jtag_mac_fifo/U0/inst_fifo_gen/gconvfifo.rf/grf.rf/gntv_or_sync_fifo.gcx.clkx/wr_pntr_cdc_inst/dest_graysync_ff_reg[0][2]/D
                            (rising edge-triggered cell FDRE clocked by TCK  {rise@0.000ns fall@7.576ns period=15.152ns})
  Path Group:             (none)
  Path Type:              Setup (Max at Slow Process Corner)
  Data Path Delay:        1.264ns  (logic 0.518ns (40.973%)  route 0.746ns (59.027%))
  Logic Levels:           0  
  Clock Path Skew:        3.800ns (DCD - SCD + CPR)
    Destination Clock Delay (DCD):    2.903ns
    Source Clock Delay      (SCD):    -0.898ns
    Clock Pessimism Removal (CPR):    0.000ns
  Clock Uncertainty:      0.202ns  ((TSJ^2 + DJ^2)^1/2) / 2 + PE
    Total System Jitter     (TSJ):    0.071ns
    Discrete Jitter          (DJ):    0.182ns
    Phase Error              (PE):    0.104ns
  Timing Exception:       Asynchronous Clock Groups

    Location             Delay type                Incr(ns)  Path(ns)    Netlist Resource(s)
  -------------------------------------------------------------------    -------------------
                         (clock clk_out1_clk_wiz_0 rise edge)
                                                      0.000     0.000 r  
    E3                                                0.000     0.000 r  sysclk (IN)
                         net (fo=0)                   0.000     0.000    u_clk_wiz_0/inst/clk_in1
    E3                   IBUF (Prop_ibuf_I_O)         1.489     1.489 r  u_clk_wiz_0/inst/clkin1_ibufg/O
                         net (fo=1, routed)           1.233     2.722    u_clk_wiz_0/inst/clk_in1_clk_wiz_0
    MMCME2_ADV_X1Y1      MMCME2_ADV (Prop_mmcme2_adv_CLKIN1_CLKOUT0)
                                                     -6.946    -4.224 r  u_clk_wiz_0/inst/mmcm_adv_inst/CLKOUT0
                         net (fo=1, routed)           1.661    -2.563    u_clk_wiz_0/inst/clk_out1_clk_wiz_0
    BUFGCTRL_X0Y16       BUFG (Prop_bufg_I_O)         0.096    -2.467 r  u_clk_wiz_0/inst/clkout1_buf/O
                         net (fo=2038, routed)        1.569    -0.898    u_jtag_mac/u_post_chif_fifo/u_jtag_mac_fifo/U0/inst_fifo_gen/gconvfifo.rf/grf.rf/gntv_or_sync_fifo.gcx.clkx/wr_pntr_cdc_inst/src_clk
    SLICE_X14Y39         FDRE                                         r  u_jtag_mac/u_post_chif_fifo/u_jtag_mac_fifo/U0/inst_fifo_gen/gconvfifo.rf/grf.rf/gntv_or_sync_fifo.gcx.clkx/wr_pntr_cdc_inst/src_gray_ff_reg[2]/C
  -------------------------------------------------------------------    -------------------
    SLICE_X14Y39         FDRE (Prop_fdre_C_Q)         0.518    -0.380 r  u_jtag_mac/u_post_chif_fifo/u_jtag_mac_fifo/U0/inst_fifo_gen/gconvfifo.rf/grf.rf/gntv_or_sync_fifo.gcx.clkx/wr_pntr_cdc_inst/src_gray_ff_reg[2]/Q
                         net (fo=1, routed)           0.746     0.367    u_jtag_mac/u_post_chif_fifo/u_jtag_mac_fifo/U0/inst_fifo_gen/gconvfifo.rf/grf.rf/gntv_or_sync_fifo.gcx.clkx/wr_pntr_cdc_inst/async_path[2]
    SLICE_X15Y39         FDRE                                         r  u_jtag_mac/u_post_chif_fifo/u_jtag_mac_fifo/U0/inst_fifo_gen/gconvfifo.rf/grf.rf/gntv_or_sync_fifo.gcx.clkx/wr_pntr_cdc_inst/dest_graysync_ff_reg[0][2]/D
  -------------------------------------------------------------------    -------------------

                         (clock TCK rise edge)        0.000     0.000 r  
    BSCAN_X0Y0           BSCANE2                      0.000     0.000 r  u_BSCANE2/TCK
                         net (fo=1, routed)           1.363     1.363    TCK
    BUFGCTRL_X0Y0        BUFG (Prop_bufg_I_O)         0.091     1.454 r  TCK_BUFG_inst/O
                         net (fo=507, routed)         1.448     2.903    u_jtag_mac/u_post_chif_fifo/u_jtag_mac_fifo/U0/inst_fifo_gen/gconvfifo.rf/grf.rf/gntv_or_sync_fifo.gcx.clkx/wr_pntr_cdc_inst/dest_clk
    SLICE_X15Y39         FDRE                                         r  u_jtag_mac/u_post_chif_fifo/u_jtag_mac_fifo/U0/inst_fifo_gen/gconvfifo.rf/grf.rf/gntv_or_sync_fifo.gcx.clkx/wr_pntr_cdc_inst/dest_graysync_ff_reg[0][2]/C

Slack:                    inf
  Source:                 u_jtag_mac/u_simcycle_fifo/u_simcycle_fifo/U0/inst_fifo_gen/gconvfifo.rf/grf.rf/gntv_or_sync_fifo.gcx.clkx/rd_pntr_cdc_inst/src_gray_ff_reg[3]/C
                            (rising edge-triggered cell FDRE clocked by clk_out1_clk_wiz_0  {rise@0.000ns fall@20.000ns period=40.000ns})
  Destination:            u_jtag_mac/u_simcycle_fifo/u_simcycle_fifo/U0/inst_fifo_gen/gconvfifo.rf/grf.rf/gntv_or_sync_fifo.gcx.clkx/rd_pntr_cdc_inst/dest_graysync_ff_reg[0][3]/D
                            (rising edge-triggered cell FDRE clocked by TCK  {rise@0.000ns fall@7.576ns period=15.152ns})
  Path Group:             (none)
  Path Type:              Setup (Max at Slow Process Corner)
  Data Path Delay:        1.267ns  (logic 0.456ns (35.985%)  route 0.811ns (64.015%))
  Logic Levels:           0  
  Clock Path Skew:        3.800ns (DCD - SCD + CPR)
    Destination Clock Delay (DCD):    2.893ns
    Source Clock Delay      (SCD):    -0.908ns
    Clock Pessimism Removal (CPR):    0.000ns
  Clock Uncertainty:      0.202ns  ((TSJ^2 + DJ^2)^1/2) / 2 + PE
    Total System Jitter     (TSJ):    0.071ns
    Discrete Jitter          (DJ):    0.182ns
    Phase Error              (PE):    0.104ns
  Timing Exception:       Asynchronous Clock Groups

    Location             Delay type                Incr(ns)  Path(ns)    Netlist Resource(s)
  -------------------------------------------------------------------    -------------------
                         (clock clk_out1_clk_wiz_0 rise edge)
                                                      0.000     0.000 r  
    E3                                                0.000     0.000 r  sysclk (IN)
                         net (fo=0)                   0.000     0.000    u_clk_wiz_0/inst/clk_in1
    E3                   IBUF (Prop_ibuf_I_O)         1.489     1.489 r  u_clk_wiz_0/inst/clkin1_ibufg/O
                         net (fo=1, routed)           1.233     2.722    u_clk_wiz_0/inst/clk_in1_clk_wiz_0
    MMCME2_ADV_X1Y1      MMCME2_ADV (Prop_mmcme2_adv_CLKIN1_CLKOUT0)
                                                     -6.946    -4.224 r  u_clk_wiz_0/inst/mmcm_adv_inst/CLKOUT0
                         net (fo=1, routed)           1.661    -2.563    u_clk_wiz_0/inst/clk_out1_clk_wiz_0
    BUFGCTRL_X0Y16       BUFG (Prop_bufg_I_O)         0.096    -2.467 r  u_clk_wiz_0/inst/clkout1_buf/O
                         net (fo=2038, routed)        1.559    -0.908    u_jtag_mac/u_simcycle_fifo/u_simcycle_fifo/U0/inst_fifo_gen/gconvfifo.rf/grf.rf/gntv_or_sync_fifo.gcx.clkx/rd_pntr_cdc_inst/src_clk
    SLICE_X32Y33         FDRE                                         r  u_jtag_mac/u_simcycle_fifo/u_simcycle_fifo/U0/inst_fifo_gen/gconvfifo.rf/grf.rf/gntv_or_sync_fifo.gcx.clkx/rd_pntr_cdc_inst/src_gray_ff_reg[3]/C
  -------------------------------------------------------------------    -------------------
    SLICE_X32Y33         FDRE (Prop_fdre_C_Q)         0.456    -0.452 r  u_jtag_mac/u_simcycle_fifo/u_simcycle_fifo/U0/inst_fifo_gen/gconvfifo.rf/grf.rf/gntv_or_sync_fifo.gcx.clkx/rd_pntr_cdc_inst/src_gray_ff_reg[3]/Q
                         net (fo=1, routed)           0.811     0.360    u_jtag_mac/u_simcycle_fifo/u_simcycle_fifo/U0/inst_fifo_gen/gconvfifo.rf/grf.rf/gntv_or_sync_fifo.gcx.clkx/rd_pntr_cdc_inst/async_path[3]
    SLICE_X31Y33         FDRE                                         r  u_jtag_mac/u_simcycle_fifo/u_simcycle_fifo/U0/inst_fifo_gen/gconvfifo.rf/grf.rf/gntv_or_sync_fifo.gcx.clkx/rd_pntr_cdc_inst/dest_graysync_ff_reg[0][3]/D
  -------------------------------------------------------------------    -------------------

                         (clock TCK rise edge)        0.000     0.000 r  
    BSCAN_X0Y0           BSCANE2                      0.000     0.000 r  u_BSCANE2/TCK
                         net (fo=1, routed)           1.363     1.363    TCK
    BUFGCTRL_X0Y0        BUFG (Prop_bufg_I_O)         0.091     1.454 r  TCK_BUFG_inst/O
                         net (fo=507, routed)         1.438     2.893    u_jtag_mac/u_simcycle_fifo/u_simcycle_fifo/U0/inst_fifo_gen/gconvfifo.rf/grf.rf/gntv_or_sync_fifo.gcx.clkx/rd_pntr_cdc_inst/dest_clk
    SLICE_X31Y33         FDRE                                         r  u_jtag_mac/u_simcycle_fifo/u_simcycle_fifo/U0/inst_fifo_gen/gconvfifo.rf/grf.rf/gntv_or_sync_fifo.gcx.clkx/rd_pntr_cdc_inst/dest_graysync_ff_reg[0][3]/C

Slack:                    inf
  Source:                 u_jtag_mac/u_post_chif_fifo/u_jtag_mac_fifo/U0/inst_fifo_gen/gconvfifo.rf/grf.rf/gntv_or_sync_fifo.gcx.clkx/wr_pntr_cdc_inst/src_gray_ff_reg[11]/C
                            (rising edge-triggered cell FDRE clocked by clk_out1_clk_wiz_0  {rise@0.000ns fall@20.000ns period=40.000ns})
  Destination:            u_jtag_mac/u_post_chif_fifo/u_jtag_mac_fifo/U0/inst_fifo_gen/gconvfifo.rf/grf.rf/gntv_or_sync_fifo.gcx.clkx/wr_pntr_cdc_inst/dest_graysync_ff_reg[0][11]/D
                            (rising edge-triggered cell FDRE clocked by TCK  {rise@0.000ns fall@7.576ns period=15.152ns})
  Path Group:             (none)
  Path Type:              Setup (Max at Slow Process Corner)
  Data Path Delay:        1.221ns  (logic 0.456ns (37.348%)  route 0.765ns (62.652%))
  Logic Levels:           0  
  Clock Path Skew:        3.800ns (DCD - SCD + CPR)
    Destination Clock Delay (DCD):    2.905ns
    Source Clock Delay      (SCD):    -0.896ns
    Clock Pessimism Removal (CPR):    0.000ns
  Clock Uncertainty:      0.202ns  ((TSJ^2 + DJ^2)^1/2) / 2 + PE
    Total System Jitter     (TSJ):    0.071ns
    Discrete Jitter          (DJ):    0.182ns
    Phase Error              (PE):    0.104ns
  Timing Exception:       Asynchronous Clock Groups

    Location             Delay type                Incr(ns)  Path(ns)    Netlist Resource(s)
  -------------------------------------------------------------------    -------------------
                         (clock clk_out1_clk_wiz_0 rise edge)
                                                      0.000     0.000 r  
    E3                                                0.000     0.000 r  sysclk (IN)
                         net (fo=0)                   0.000     0.000    u_clk_wiz_0/inst/clk_in1
    E3                   IBUF (Prop_ibuf_I_O)         1.489     1.489 r  u_clk_wiz_0/inst/clkin1_ibufg/O
                         net (fo=1, routed)           1.233     2.722    u_clk_wiz_0/inst/clk_in1_clk_wiz_0
    MMCME2_ADV_X1Y1      MMCME2_ADV (Prop_mmcme2_adv_CLKIN1_CLKOUT0)
                                                     -6.946    -4.224 r  u_clk_wiz_0/inst/mmcm_adv_inst/CLKOUT0
                         net (fo=1, routed)           1.661    -2.563    u_clk_wiz_0/inst/clk_out1_clk_wiz_0
    BUFGCTRL_X0Y16       BUFG (Prop_bufg_I_O)         0.096    -2.467 r  u_clk_wiz_0/inst/clkout1_buf/O
                         net (fo=2038, routed)        1.571    -0.896    u_jtag_mac/u_post_chif_fifo/u_jtag_mac_fifo/U0/inst_fifo_gen/gconvfifo.rf/grf.rf/gntv_or_sync_fifo.gcx.clkx/wr_pntr_cdc_inst/src_clk
    SLICE_X13Y46         FDRE                                         r  u_jtag_mac/u_post_chif_fifo/u_jtag_mac_fifo/U0/inst_fifo_gen/gconvfifo.rf/grf.rf/gntv_or_sync_fifo.gcx.clkx/wr_pntr_cdc_inst/src_gray_ff_reg[11]/C
  -------------------------------------------------------------------    -------------------
    SLICE_X13Y46         FDRE (Prop_fdre_C_Q)         0.456    -0.440 r  u_jtag_mac/u_post_chif_fifo/u_jtag_mac_fifo/U0/inst_fifo_gen/gconvfifo.rf/grf.rf/gntv_or_sync_fifo.gcx.clkx/wr_pntr_cdc_inst/src_gray_ff_reg[11]/Q
                         net (fo=1, routed)           0.765     0.325    u_jtag_mac/u_post_chif_fifo/u_jtag_mac_fifo/U0/inst_fifo_gen/gconvfifo.rf/grf.rf/gntv_or_sync_fifo.gcx.clkx/wr_pntr_cdc_inst/async_path[11]
    SLICE_X12Y46         FDRE                                         r  u_jtag_mac/u_post_chif_fifo/u_jtag_mac_fifo/U0/inst_fifo_gen/gconvfifo.rf/grf.rf/gntv_or_sync_fifo.gcx.clkx/wr_pntr_cdc_inst/dest_graysync_ff_reg[0][11]/D
  -------------------------------------------------------------------    -------------------

                         (clock TCK rise edge)        0.000     0.000 r  
    BSCAN_X0Y0           BSCANE2                      0.000     0.000 r  u_BSCANE2/TCK
                         net (fo=1, routed)           1.363     1.363    TCK
    BUFGCTRL_X0Y0        BUFG (Prop_bufg_I_O)         0.091     1.454 r  TCK_BUFG_inst/O
                         net (fo=507, routed)         1.450     2.905    u_jtag_mac/u_post_chif_fifo/u_jtag_mac_fifo/U0/inst_fifo_gen/gconvfifo.rf/grf.rf/gntv_or_sync_fifo.gcx.clkx/wr_pntr_cdc_inst/dest_clk
    SLICE_X12Y46         FDRE                                         r  u_jtag_mac/u_post_chif_fifo/u_jtag_mac_fifo/U0/inst_fifo_gen/gconvfifo.rf/grf.rf/gntv_or_sync_fifo.gcx.clkx/wr_pntr_cdc_inst/dest_graysync_ff_reg[0][11]/C

Slack:                    inf
  Source:                 u_jtag_mac/u_post_chif_fifo/u_jtag_mac_fifo/U0/inst_fifo_gen/gconvfifo.rf/grf.rf/gntv_or_sync_fifo.gcx.clkx/wr_pntr_cdc_inst/src_gray_ff_reg[0]/C
                            (rising edge-triggered cell FDRE clocked by clk_out1_clk_wiz_0  {rise@0.000ns fall@20.000ns period=40.000ns})
  Destination:            u_jtag_mac/u_post_chif_fifo/u_jtag_mac_fifo/U0/inst_fifo_gen/gconvfifo.rf/grf.rf/gntv_or_sync_fifo.gcx.clkx/wr_pntr_cdc_inst/dest_graysync_ff_reg[0][0]/D
                            (rising edge-triggered cell FDRE clocked by TCK  {rise@0.000ns fall@7.576ns period=15.152ns})
  Path Group:             (none)
  Path Type:              Setup (Max at Slow Process Corner)
  Data Path Delay:        1.221ns  (logic 0.456ns (37.348%)  route 0.765ns (62.652%))
  Logic Levels:           0  
  Clock Path Skew:        3.800ns (DCD - SCD + CPR)
    Destination Clock Delay (DCD):    2.902ns
    Source Clock Delay      (SCD):    -0.899ns
    Clock Pessimism Removal (CPR):    0.000ns
  Clock Uncertainty:      0.202ns  ((TSJ^2 + DJ^2)^1/2) / 2 + PE
    Total System Jitter     (TSJ):    0.071ns
    Discrete Jitter          (DJ):    0.182ns
    Phase Error              (PE):    0.104ns
  Timing Exception:       Asynchronous Clock Groups

    Location             Delay type                Incr(ns)  Path(ns)    Netlist Resource(s)
  -------------------------------------------------------------------    -------------------
                         (clock clk_out1_clk_wiz_0 rise edge)
                                                      0.000     0.000 r  
    E3                                                0.000     0.000 r  sysclk (IN)
                         net (fo=0)                   0.000     0.000    u_clk_wiz_0/inst/clk_in1
    E3                   IBUF (Prop_ibuf_I_O)         1.489     1.489 r  u_clk_wiz_0/inst/clkin1_ibufg/O
                         net (fo=1, routed)           1.233     2.722    u_clk_wiz_0/inst/clk_in1_clk_wiz_0
    MMCME2_ADV_X1Y1      MMCME2_ADV (Prop_mmcme2_adv_CLKIN1_CLKOUT0)
                                                     -6.946    -4.224 r  u_clk_wiz_0/inst/mmcm_adv_inst/CLKOUT0
                         net (fo=1, routed)           1.661    -2.563    u_clk_wiz_0/inst/clk_out1_clk_wiz_0
    BUFGCTRL_X0Y16       BUFG (Prop_bufg_I_O)         0.096    -2.467 r  u_clk_wiz_0/inst/clkout1_buf/O
                         net (fo=2038, routed)        1.568    -0.899    u_jtag_mac/u_post_chif_fifo/u_jtag_mac_fifo/U0/inst_fifo_gen/gconvfifo.rf/grf.rf/gntv_or_sync_fifo.gcx.clkx/wr_pntr_cdc_inst/src_clk
    SLICE_X13Y38         FDRE                                         r  u_jtag_mac/u_post_chif_fifo/u_jtag_mac_fifo/U0/inst_fifo_gen/gconvfifo.rf/grf.rf/gntv_or_sync_fifo.gcx.clkx/wr_pntr_cdc_inst/src_gray_ff_reg[0]/C
  -------------------------------------------------------------------    -------------------
    SLICE_X13Y38         FDRE (Prop_fdre_C_Q)         0.456    -0.443 r  u_jtag_mac/u_post_chif_fifo/u_jtag_mac_fifo/U0/inst_fifo_gen/gconvfifo.rf/grf.rf/gntv_or_sync_fifo.gcx.clkx/wr_pntr_cdc_inst/src_gray_ff_reg[0]/Q
                         net (fo=1, routed)           0.765     0.322    u_jtag_mac/u_post_chif_fifo/u_jtag_mac_fifo/U0/inst_fifo_gen/gconvfifo.rf/grf.rf/gntv_or_sync_fifo.gcx.clkx/wr_pntr_cdc_inst/async_path[0]
    SLICE_X12Y38         FDRE                                         r  u_jtag_mac/u_post_chif_fifo/u_jtag_mac_fifo/U0/inst_fifo_gen/gconvfifo.rf/grf.rf/gntv_or_sync_fifo.gcx.clkx/wr_pntr_cdc_inst/dest_graysync_ff_reg[0][0]/D
  -------------------------------------------------------------------    -------------------

                         (clock TCK rise edge)        0.000     0.000 r  
    BSCAN_X0Y0           BSCANE2                      0.000     0.000 r  u_BSCANE2/TCK
                         net (fo=1, routed)           1.363     1.363    TCK
    BUFGCTRL_X0Y0        BUFG (Prop_bufg_I_O)         0.091     1.454 r  TCK_BUFG_inst/O
                         net (fo=507, routed)         1.447     2.902    u_jtag_mac/u_post_chif_fifo/u_jtag_mac_fifo/U0/inst_fifo_gen/gconvfifo.rf/grf.rf/gntv_or_sync_fifo.gcx.clkx/wr_pntr_cdc_inst/dest_clk
    SLICE_X12Y38         FDRE                                         r  u_jtag_mac/u_post_chif_fifo/u_jtag_mac_fifo/U0/inst_fifo_gen/gconvfifo.rf/grf.rf/gntv_or_sync_fifo.gcx.clkx/wr_pntr_cdc_inst/dest_graysync_ff_reg[0][0]/C





Min Delay Paths
--------------------------------------------------------------------------------------
Slack:                    inf
  Source:                 u_jtag_mac/u_pre_chif_fifo/u_jtag_mac_fifo/U0/inst_fifo_gen/gconvfifo.rf/grf.rf/rstblk/ngwrdrst.grst.g7serrst.gsckt_wrst.gic_rst.sckt_rd_rst_ic_reg/C
                            (rising edge-triggered cell FDRE clocked by clk_out1_clk_wiz_0  {rise@0.000ns fall@20.000ns period=40.000ns})
  Destination:            u_jtag_mac/u_pre_chif_fifo/u_jtag_mac_fifo/U0/inst_fifo_gen/gconvfifo.rf/grf.rf/rstblk/ngwrdrst.grst.g7serrst.gsckt_wrst.gic_rst.xpm_cdc_single_inst_rrst_wr/syncstages_ff_reg[0]/D
                            (rising edge-triggered cell FDRE clocked by TCK  {rise@0.000ns fall@7.576ns period=15.152ns})
  Path Group:             (none)
  Path Type:              Hold (Min at Slow Process Corner)
  Data Path Delay:        0.651ns  (logic 0.367ns (56.379%)  route 0.284ns (43.621%))
  Logic Levels:           0  
  Clock Path Skew:        4.749ns (DCD - SCD - CPR)
    Destination Clock Delay (DCD):    3.236ns
    Source Clock Delay      (SCD):    -1.513ns
    Clock Pessimism Removal (CPR):    -0.000ns
  Clock Uncertainty:      0.202ns  ((TSJ^2 + DJ^2)^1/2) / 2 + PE
    Total System Jitter     (TSJ):    0.071ns
    Discrete Jitter          (DJ):    0.182ns
    Phase Error              (PE):    0.104ns
  Timing Exception:       Asynchronous Clock Groups

    Location             Delay type                Incr(ns)  Path(ns)    Netlist Resource(s)
  -------------------------------------------------------------------    -------------------
                         (clock clk_out1_clk_wiz_0 rise edge)
                                                      0.000     0.000 r  
    E3                                                0.000     0.000 r  sysclk (IN)
                         net (fo=0)                   0.000     0.000    u_clk_wiz_0/inst/clk_in1
    E3                   IBUF (Prop_ibuf_I_O)         1.418     1.418 r  u_clk_wiz_0/inst/clkin1_ibufg/O
                         net (fo=1, routed)           1.162     2.580    u_clk_wiz_0/inst/clk_in1_clk_wiz_0
    MMCME2_ADV_X1Y1      MMCME2_ADV (Prop_mmcme2_adv_CLKIN1_CLKOUT0)
                                                     -7.204    -4.624 r  u_clk_wiz_0/inst/mmcm_adv_inst/CLKOUT0
                         net (fo=1, routed)           1.581    -3.043    u_clk_wiz_0/inst/clk_out1_clk_wiz_0
    BUFGCTRL_X0Y16       BUFG (Prop_bufg_I_O)         0.091    -2.952 r  u_clk_wiz_0/inst/clkout1_buf/O
                         net (fo=2038, routed)        1.438    -1.513    u_jtag_mac/u_pre_chif_fifo/u_jtag_mac_fifo/U0/inst_fifo_gen/gconvfifo.rf/grf.rf/rstblk/rd_clk
    SLICE_X28Y21         FDRE                                         r  u_jtag_mac/u_pre_chif_fifo/u_jtag_mac_fifo/U0/inst_fifo_gen/gconvfifo.rf/grf.rf/rstblk/ngwrdrst.grst.g7serrst.gsckt_wrst.gic_rst.sckt_rd_rst_ic_reg/C
  -------------------------------------------------------------------    -------------------
    SLICE_X28Y21         FDRE (Prop_fdre_C_Q)         0.367    -1.146 r  u_jtag_mac/u_pre_chif_fifo/u_jtag_mac_fifo/U0/inst_fifo_gen/gconvfifo.rf/grf.rf/rstblk/ngwrdrst.grst.g7serrst.gsckt_wrst.gic_rst.sckt_rd_rst_ic_reg/Q
                         net (fo=31, routed)          0.284    -0.862    u_jtag_mac/u_pre_chif_fifo/u_jtag_mac_fifo/U0/inst_fifo_gen/gconvfifo.rf/grf.rf/rstblk/ngwrdrst.grst.g7serrst.gsckt_wrst.gic_rst.xpm_cdc_single_inst_rrst_wr/src_in
    SLICE_X32Y21         FDRE                                         r  u_jtag_mac/u_pre_chif_fifo/u_jtag_mac_fifo/U0/inst_fifo_gen/gconvfifo.rf/grf.rf/rstblk/ngwrdrst.grst.g7serrst.gsckt_wrst.gic_rst.xpm_cdc_single_inst_rrst_wr/syncstages_ff_reg[0]/D
  -------------------------------------------------------------------    -------------------

                         (clock TCK rise edge)        0.000     0.000 r  
    BSCAN_X0Y0           BSCANE2                      0.000     0.000 r  u_BSCANE2/TCK
                         net (fo=1, routed)           1.588     1.588    TCK
    BUFGCTRL_X0Y0        BUFG (Prop_bufg_I_O)         0.096     1.684 r  TCK_BUFG_inst/O
                         net (fo=507, routed)         1.551     3.236    u_jtag_mac/u_pre_chif_fifo/u_jtag_mac_fifo/U0/inst_fifo_gen/gconvfifo.rf/grf.rf/rstblk/ngwrdrst.grst.g7serrst.gsckt_wrst.gic_rst.xpm_cdc_single_inst_rrst_wr/dest_clk
    SLICE_X32Y21         FDRE                                         r  u_jtag_mac/u_pre_chif_fifo/u_jtag_mac_fifo/U0/inst_fifo_gen/gconvfifo.rf/grf.rf/rstblk/ngwrdrst.grst.g7serrst.gsckt_wrst.gic_rst.xpm_cdc_single_inst_rrst_wr/syncstages_ff_reg[0]/C

Slack:                    inf
  Source:                 u_jtag_mac/u_pre_chif_fifo/u_jtag_mac_fifo/U0/inst_fifo_gen/gconvfifo.rf/grf.rf/gntv_or_sync_fifo.gcx.clkx/rd_pntr_cdc_inst/src_gray_ff_reg[1]/C
                            (rising edge-triggered cell FDRE clocked by clk_out1_clk_wiz_0  {rise@0.000ns fall@20.000ns period=40.000ns})
  Destination:            u_jtag_mac/u_pre_chif_fifo/u_jtag_mac_fifo/U0/inst_fifo_gen/gconvfifo.rf/grf.rf/gntv_or_sync_fifo.gcx.clkx/rd_pntr_cdc_inst/dest_graysync_ff_reg[0][1]/D
                            (rising edge-triggered cell FDRE clocked by TCK  {rise@0.000ns fall@7.576ns period=15.152ns})
  Path Group:             (none)
  Path Type:              Hold (Min at Slow Process Corner)
  Data Path Delay:        0.714ns  (logic 0.337ns (47.203%)  route 0.377ns (52.797%))
  Logic Levels:           0  
  Clock Path Skew:        4.751ns (DCD - SCD - CPR)
    Destination Clock Delay (DCD):    3.242ns
    Source Clock Delay      (SCD):    -1.509ns
    Clock Pessimism Removal (CPR):    -0.000ns
  Clock Uncertainty:      0.202ns  ((TSJ^2 + DJ^2)^1/2) / 2 + PE
    Total System Jitter     (TSJ):    0.071ns
    Discrete Jitter          (DJ):    0.182ns
    Phase Error              (PE):    0.104ns
  Timing Exception:       Asynchronous Clock Groups

    Location             Delay type                Incr(ns)  Path(ns)    Netlist Resource(s)
  -------------------------------------------------------------------    -------------------
                         (clock clk_out1_clk_wiz_0 rise edge)
                                                      0.000     0.000 r  
    E3                                                0.000     0.000 r  sysclk (IN)
                         net (fo=0)                   0.000     0.000    u_clk_wiz_0/inst/clk_in1
    E3                   IBUF (Prop_ibuf_I_O)         1.418     1.418 r  u_clk_wiz_0/inst/clkin1_ibufg/O
                         net (fo=1, routed)           1.162     2.580    u_clk_wiz_0/inst/clk_in1_clk_wiz_0
    MMCME2_ADV_X1Y1      MMCME2_ADV (Prop_mmcme2_adv_CLKIN1_CLKOUT0)
                                                     -7.204    -4.624 r  u_clk_wiz_0/inst/mmcm_adv_inst/CLKOUT0
                         net (fo=1, routed)           1.581    -3.043    u_clk_wiz_0/inst/clk_out1_clk_wiz_0
    BUFGCTRL_X0Y16       BUFG (Prop_bufg_I_O)         0.091    -2.952 r  u_clk_wiz_0/inst/clkout1_buf/O
                         net (fo=2038, routed)        1.442    -1.509    u_jtag_mac/u_pre_chif_fifo/u_jtag_mac_fifo/U0/inst_fifo_gen/gconvfifo.rf/grf.rf/gntv_or_sync_fifo.gcx.clkx/rd_pntr_cdc_inst/src_clk
    SLICE_X31Y15         FDRE                                         r  u_jtag_mac/u_pre_chif_fifo/u_jtag_mac_fifo/U0/inst_fifo_gen/gconvfifo.rf/grf.rf/gntv_or_sync_fifo.gcx.clkx/rd_pntr_cdc_inst/src_gray_ff_reg[1]/C
  -------------------------------------------------------------------    -------------------
    SLICE_X31Y15         FDRE (Prop_fdre_C_Q)         0.337    -1.172 r  u_jtag_mac/u_pre_chif_fifo/u_jtag_mac_fifo/U0/inst_fifo_gen/gconvfifo.rf/grf.rf/gntv_or_sync_fifo.gcx.clkx/rd_pntr_cdc_inst/src_gray_ff_reg[1]/Q
                         net (fo=1, routed)           0.377    -0.795    u_jtag_mac/u_pre_chif_fifo/u_jtag_mac_fifo/U0/inst_fifo_gen/gconvfifo.rf/grf.rf/gntv_or_sync_fifo.gcx.clkx/rd_pntr_cdc_inst/async_path[1]
    SLICE_X31Y16         FDRE                                         r  u_jtag_mac/u_pre_chif_fifo/u_jtag_mac_fifo/U0/inst_fifo_gen/gconvfifo.rf/grf.rf/gntv_or_sync_fifo.gcx.clkx/rd_pntr_cdc_inst/dest_graysync_ff_reg[0][1]/D
  -------------------------------------------------------------------    -------------------

                         (clock TCK rise edge)        0.000     0.000 r  
    BSCAN_X0Y0           BSCANE2                      0.000     0.000 r  u_BSCANE2/TCK
                         net (fo=1, routed)           1.588     1.588    TCK
    BUFGCTRL_X0Y0        BUFG (Prop_bufg_I_O)         0.096     1.684 r  TCK_BUFG_inst/O
                         net (fo=507, routed)         1.557     3.242    u_jtag_mac/u_pre_chif_fifo/u_jtag_mac_fifo/U0/inst_fifo_gen/gconvfifo.rf/grf.rf/gntv_or_sync_fifo.gcx.clkx/rd_pntr_cdc_inst/dest_clk
    SLICE_X31Y16         FDRE                                         r  u_jtag_mac/u_pre_chif_fifo/u_jtag_mac_fifo/U0/inst_fifo_gen/gconvfifo.rf/grf.rf/gntv_or_sync_fifo.gcx.clkx/rd_pntr_cdc_inst/dest_graysync_ff_reg[0][1]/C

Slack:                    inf
  Source:                 u_jtag_mac/u_simcycle_fifo/u_simcycle_fifo/U0/inst_fifo_gen/gconvfifo.rf/grf.rf/gntv_or_sync_fifo.gcx.clkx/rd_pntr_cdc_inst/src_gray_ff_reg[1]/C
                            (rising edge-triggered cell FDRE clocked by clk_out1_clk_wiz_0  {rise@0.000ns fall@20.000ns period=40.000ns})
  Destination:            u_jtag_mac/u_simcycle_fifo/u_simcycle_fifo/U0/inst_fifo_gen/gconvfifo.rf/grf.rf/gntv_or_sync_fifo.gcx.clkx/rd_pntr_cdc_inst/dest_graysync_ff_reg[0][1]/D
                            (rising edge-triggered cell FDRE clocked by TCK  {rise@0.000ns fall@7.576ns period=15.152ns})
  Path Group:             (none)
  Path Type:              Hold (Min at Slow Process Corner)
  Data Path Delay:        0.733ns  (logic 0.337ns (45.992%)  route 0.396ns (54.008%))
  Logic Levels:           0  
  Clock Path Skew:        4.750ns (DCD - SCD - CPR)
    Destination Clock Delay (DCD):    3.243ns
    Source Clock Delay      (SCD):    -1.507ns
    Clock Pessimism Removal (CPR):    -0.000ns
  Clock Uncertainty:      0.202ns  ((TSJ^2 + DJ^2)^1/2) / 2 + PE
    Total System Jitter     (TSJ):    0.071ns
    Discrete Jitter          (DJ):    0.182ns
    Phase Error              (PE):    0.104ns
  Timing Exception:       Asynchronous Clock Groups

    Location             Delay type                Incr(ns)  Path(ns)    Netlist Resource(s)
  -------------------------------------------------------------------    -------------------
                         (clock clk_out1_clk_wiz_0 rise edge)
                                                      0.000     0.000 r  
    E3                                                0.000     0.000 r  sysclk (IN)
                         net (fo=0)                   0.000     0.000    u_clk_wiz_0/inst/clk_in1
    E3                   IBUF (Prop_ibuf_I_O)         1.418     1.418 r  u_clk_wiz_0/inst/clkin1_ibufg/O
                         net (fo=1, routed)           1.162     2.580    u_clk_wiz_0/inst/clk_in1_clk_wiz_0
    MMCME2_ADV_X1Y1      MMCME2_ADV (Prop_mmcme2_adv_CLKIN1_CLKOUT0)
                                                     -7.204    -4.624 r  u_clk_wiz_0/inst/mmcm_adv_inst/CLKOUT0
                         net (fo=1, routed)           1.581    -3.043    u_clk_wiz_0/inst/clk_out1_clk_wiz_0
    BUFGCTRL_X0Y16       BUFG (Prop_bufg_I_O)         0.091    -2.952 r  u_clk_wiz_0/inst/clkout1_buf/O
                         net (fo=2038, routed)        1.444    -1.507    u_jtag_mac/u_simcycle_fifo/u_simcycle_fifo/U0/inst_fifo_gen/gconvfifo.rf/grf.rf/gntv_or_sync_fifo.gcx.clkx/rd_pntr_cdc_inst/src_clk
    SLICE_X29Y34         FDRE                                         r  u_jtag_mac/u_simcycle_fifo/u_simcycle_fifo/U0/inst_fifo_gen/gconvfifo.rf/grf.rf/gntv_or_sync_fifo.gcx.clkx/rd_pntr_cdc_inst/src_gray_ff_reg[1]/C
  -------------------------------------------------------------------    -------------------
    SLICE_X29Y34         FDRE (Prop_fdre_C_Q)         0.337    -1.170 r  u_jtag_mac/u_simcycle_fifo/u_simcycle_fifo/U0/inst_fifo_gen/gconvfifo.rf/grf.rf/gntv_or_sync_fifo.gcx.clkx/rd_pntr_cdc_inst/src_gray_ff_reg[1]/Q
                         net (fo=1, routed)           0.396    -0.774    u_jtag_mac/u_simcycle_fifo/u_simcycle_fifo/U0/inst_fifo_gen/gconvfifo.rf/grf.rf/gntv_or_sync_fifo.gcx.clkx/rd_pntr_cdc_inst/async_path[1]
    SLICE_X30Y34         FDRE                                         r  u_jtag_mac/u_simcycle_fifo/u_simcycle_fifo/U0/inst_fifo_gen/gconvfifo.rf/grf.rf/gntv_or_sync_fifo.gcx.clkx/rd_pntr_cdc_inst/dest_graysync_ff_reg[0][1]/D
  -------------------------------------------------------------------    -------------------

                         (clock TCK rise edge)        0.000     0.000 r  
    BSCAN_X0Y0           BSCANE2                      0.000     0.000 r  u_BSCANE2/TCK
                         net (fo=1, routed)           1.588     1.588    TCK
    BUFGCTRL_X0Y0        BUFG (Prop_bufg_I_O)         0.096     1.684 r  TCK_BUFG_inst/O
                         net (fo=507, routed)         1.558     3.243    u_jtag_mac/u_simcycle_fifo/u_simcycle_fifo/U0/inst_fifo_gen/gconvfifo.rf/grf.rf/gntv_or_sync_fifo.gcx.clkx/rd_pntr_cdc_inst/dest_clk
    SLICE_X30Y34         FDRE                                         r  u_jtag_mac/u_simcycle_fifo/u_simcycle_fifo/U0/inst_fifo_gen/gconvfifo.rf/grf.rf/gntv_or_sync_fifo.gcx.clkx/rd_pntr_cdc_inst/dest_graysync_ff_reg[0][1]/C

Slack:                    inf
  Source:                 u_jtag_mac/u_pre_chif_fifo/u_jtag_mac_fifo/U0/inst_fifo_gen/gconvfifo.rf/grf.rf/gntv_or_sync_fifo.gcx.clkx/rd_pntr_cdc_inst/src_gray_ff_reg[11]/C
                            (rising edge-triggered cell FDRE clocked by clk_out1_clk_wiz_0  {rise@0.000ns fall@20.000ns period=40.000ns})
  Destination:            u_jtag_mac/u_pre_chif_fifo/u_jtag_mac_fifo/U0/inst_fifo_gen/gconvfifo.rf/grf.rf/gntv_or_sync_fifo.gcx.clkx/rd_pntr_cdc_inst/dest_graysync_ff_reg[0][11]/D
                            (rising edge-triggered cell FDRE clocked by TCK  {rise@0.000ns fall@7.576ns period=15.152ns})
  Path Group:             (none)
  Path Type:              Hold (Min at Slow Process Corner)
  Data Path Delay:        0.745ns  (logic 0.337ns (45.220%)  route 0.408ns (54.780%))
  Logic Levels:           0  
  Clock Path Skew:        4.752ns (DCD - SCD - CPR)
    Destination Clock Delay (DCD):    3.240ns
    Source Clock Delay      (SCD):    -1.512ns
    Clock Pessimism Removal (CPR):    -0.000ns
  Clock Uncertainty:      0.202ns  ((TSJ^2 + DJ^2)^1/2) / 2 + PE
    Total System Jitter     (TSJ):    0.071ns
    Discrete Jitter          (DJ):    0.182ns
    Phase Error              (PE):    0.104ns
  Timing Exception:       Asynchronous Clock Groups

    Location             Delay type                Incr(ns)  Path(ns)    Netlist Resource(s)
  -------------------------------------------------------------------    -------------------
                         (clock clk_out1_clk_wiz_0 rise edge)
                                                      0.000     0.000 r  
    E3                                                0.000     0.000 r  sysclk (IN)
                         net (fo=0)                   0.000     0.000    u_clk_wiz_0/inst/clk_in1
    E3                   IBUF (Prop_ibuf_I_O)         1.418     1.418 r  u_clk_wiz_0/inst/clkin1_ibufg/O
                         net (fo=1, routed)           1.162     2.580    u_clk_wiz_0/inst/clk_in1_clk_wiz_0
    MMCME2_ADV_X1Y1      MMCME2_ADV (Prop_mmcme2_adv_CLKIN1_CLKOUT0)
                                                     -7.204    -4.624 r  u_clk_wiz_0/inst/mmcm_adv_inst/CLKOUT0
                         net (fo=1, routed)           1.581    -3.043    u_clk_wiz_0/inst/clk_out1_clk_wiz_0
    BUFGCTRL_X0Y16       BUFG (Prop_bufg_I_O)         0.091    -2.952 r  u_clk_wiz_0/inst/clkout1_buf/O
                         net (fo=2038, routed)        1.439    -1.512    u_jtag_mac/u_pre_chif_fifo/u_jtag_mac_fifo/U0/inst_fifo_gen/gconvfifo.rf/grf.rf/gntv_or_sync_fifo.gcx.clkx/rd_pntr_cdc_inst/src_clk
    SLICE_X29Y19         FDRE                                         r  u_jtag_mac/u_pre_chif_fifo/u_jtag_mac_fifo/U0/inst_fifo_gen/gconvfifo.rf/grf.rf/gntv_or_sync_fifo.gcx.clkx/rd_pntr_cdc_inst/src_gray_ff_reg[11]/C
  -------------------------------------------------------------------    -------------------
    SLICE_X29Y19         FDRE (Prop_fdre_C_Q)         0.337    -1.175 r  u_jtag_mac/u_pre_chif_fifo/u_jtag_mac_fifo/U0/inst_fifo_gen/gconvfifo.rf/grf.rf/gntv_or_sync_fifo.gcx.clkx/rd_pntr_cdc_inst/src_gray_ff_reg[11]/Q
                         net (fo=1, routed)           0.408    -0.767    u_jtag_mac/u_pre_chif_fifo/u_jtag_mac_fifo/U0/inst_fifo_gen/gconvfifo.rf/grf.rf/gntv_or_sync_fifo.gcx.clkx/rd_pntr_cdc_inst/async_path[11]
    SLICE_X29Y18         FDRE                                         r  u_jtag_mac/u_pre_chif_fifo/u_jtag_mac_fifo/U0/inst_fifo_gen/gconvfifo.rf/grf.rf/gntv_or_sync_fifo.gcx.clkx/rd_pntr_cdc_inst/dest_graysync_ff_reg[0][11]/D
  -------------------------------------------------------------------    -------------------

                         (clock TCK rise edge)        0.000     0.000 r  
    BSCAN_X0Y0           BSCANE2                      0.000     0.000 r  u_BSCANE2/TCK
                         net (fo=1, routed)           1.588     1.588    TCK
    BUFGCTRL_X0Y0        BUFG (Prop_bufg_I_O)         0.096     1.684 r  TCK_BUFG_inst/O
                         net (fo=507, routed)         1.555     3.240    u_jtag_mac/u_pre_chif_fifo/u_jtag_mac_fifo/U0/inst_fifo_gen/gconvfifo.rf/grf.rf/gntv_or_sync_fifo.gcx.clkx/rd_pntr_cdc_inst/dest_clk
    SLICE_X29Y18         FDRE                                         r  u_jtag_mac/u_pre_chif_fifo/u_jtag_mac_fifo/U0/inst_fifo_gen/gconvfifo.rf/grf.rf/gntv_or_sync_fifo.gcx.clkx/rd_pntr_cdc_inst/dest_graysync_ff_reg[0][11]/C

Slack:                    inf
  Source:                 u_jtag_mac/u_simcycle_fifo/u_simcycle_fifo/U0/inst_fifo_gen/gconvfifo.rf/grf.rf/gntv_or_sync_fifo.gcx.clkx/rd_pntr_cdc_inst/src_gray_ff_reg[2]/C
                            (rising edge-triggered cell FDRE clocked by clk_out1_clk_wiz_0  {rise@0.000ns fall@20.000ns period=40.000ns})
  Destination:            u_jtag_mac/u_simcycle_fifo/u_simcycle_fifo/U0/inst_fifo_gen/gconvfifo.rf/grf.rf/gntv_or_sync_fifo.gcx.clkx/rd_pntr_cdc_inst/dest_graysync_ff_reg[0][2]/D
                            (rising edge-triggered cell FDRE clocked by TCK  {rise@0.000ns fall@7.576ns period=15.152ns})
  Path Group:             (none)
  Path Type:              Hold (Min at Slow Process Corner)
  Data Path Delay:        0.747ns  (logic 0.367ns (49.134%)  route 0.380ns (50.866%))
  Logic Levels:           0  
  Clock Path Skew:        4.750ns (DCD - SCD - CPR)
    Destination Clock Delay (DCD):    3.242ns
    Source Clock Delay      (SCD):    -1.508ns
    Clock Pessimism Removal (CPR):    -0.000ns
  Clock Uncertainty:      0.202ns  ((TSJ^2 + DJ^2)^1/2) / 2 + PE
    Total System Jitter     (TSJ):    0.071ns
    Discrete Jitter          (DJ):    0.182ns
    Phase Error              (PE):    0.104ns
  Timing Exception:       Asynchronous Clock Groups

    Location             Delay type                Incr(ns)  Path(ns)    Netlist Resource(s)
  -------------------------------------------------------------------    -------------------
                         (clock clk_out1_clk_wiz_0 rise edge)
                                                      0.000     0.000 r  
    E3                                                0.000     0.000 r  sysclk (IN)
                         net (fo=0)                   0.000     0.000    u_clk_wiz_0/inst/clk_in1
    E3                   IBUF (Prop_ibuf_I_O)         1.418     1.418 r  u_clk_wiz_0/inst/clkin1_ibufg/O
                         net (fo=1, routed)           1.162     2.580    u_clk_wiz_0/inst/clk_in1_clk_wiz_0
    MMCME2_ADV_X1Y1      MMCME2_ADV (Prop_mmcme2_adv_CLKIN1_CLKOUT0)
                                                     -7.204    -4.624 r  u_clk_wiz_0/inst/mmcm_adv_inst/CLKOUT0
                         net (fo=1, routed)           1.581    -3.043    u_clk_wiz_0/inst/clk_out1_clk_wiz_0
    BUFGCTRL_X0Y16       BUFG (Prop_bufg_I_O)         0.091    -2.952 r  u_clk_wiz_0/inst/clkout1_buf/O
                         net (fo=2038, routed)        1.443    -1.508    u_jtag_mac/u_simcycle_fifo/u_simcycle_fifo/U0/inst_fifo_gen/gconvfifo.rf/grf.rf/gntv_or_sync_fifo.gcx.clkx/rd_pntr_cdc_inst/src_clk
    SLICE_X29Y33         FDRE                                         r  u_jtag_mac/u_simcycle_fifo/u_simcycle_fifo/U0/inst_fifo_gen/gconvfifo.rf/grf.rf/gntv_or_sync_fifo.gcx.clkx/rd_pntr_cdc_inst/src_gray_ff_reg[2]/C
  -------------------------------------------------------------------    -------------------
    SLICE_X29Y33         FDRE (Prop_fdre_C_Q)         0.367    -1.141 r  u_jtag_mac/u_simcycle_fifo/u_simcycle_fifo/U0/inst_fifo_gen/gconvfifo.rf/grf.rf/gntv_or_sync_fifo.gcx.clkx/rd_pntr_cdc_inst/src_gray_ff_reg[2]/Q
                         net (fo=1, routed)           0.380    -0.761    u_jtag_mac/u_simcycle_fifo/u_simcycle_fifo/U0/inst_fifo_gen/gconvfifo.rf/grf.rf/gntv_or_sync_fifo.gcx.clkx/rd_pntr_cdc_inst/async_path[2]
    SLICE_X30Y33         FDRE                                         r  u_jtag_mac/u_simcycle_fifo/u_simcycle_fifo/U0/inst_fifo_gen/gconvfifo.rf/grf.rf/gntv_or_sync_fifo.gcx.clkx/rd_pntr_cdc_inst/dest_graysync_ff_reg[0][2]/D
  -------------------------------------------------------------------    -------------------

                         (clock TCK rise edge)        0.000     0.000 r  
    BSCAN_X0Y0           BSCANE2                      0.000     0.000 r  u_BSCANE2/TCK
                         net (fo=1, routed)           1.588     1.588    TCK
    BUFGCTRL_X0Y0        BUFG (Prop_bufg_I_O)         0.096     1.684 r  TCK_BUFG_inst/O
                         net (fo=507, routed)         1.557     3.242    u_jtag_mac/u_simcycle_fifo/u_simcycle_fifo/U0/inst_fifo_gen/gconvfifo.rf/grf.rf/gntv_or_sync_fifo.gcx.clkx/rd_pntr_cdc_inst/dest_clk
    SLICE_X30Y33         FDRE                                         r  u_jtag_mac/u_simcycle_fifo/u_simcycle_fifo/U0/inst_fifo_gen/gconvfifo.rf/grf.rf/gntv_or_sync_fifo.gcx.clkx/rd_pntr_cdc_inst/dest_graysync_ff_reg[0][2]/C

Slack:                    inf
  Source:                 u_jtag_mac/u_simcycle_fifo/u_simcycle_fifo/U0/inst_fifo_gen/gconvfifo.rf/grf.rf/gntv_or_sync_fifo.gcx.clkx/rd_pntr_cdc_inst/src_gray_ff_reg[0]/C
                            (rising edge-triggered cell FDRE clocked by clk_out1_clk_wiz_0  {rise@0.000ns fall@20.000ns period=40.000ns})
  Destination:            u_jtag_mac/u_simcycle_fifo/u_simcycle_fifo/U0/inst_fifo_gen/gconvfifo.rf/grf.rf/gntv_or_sync_fifo.gcx.clkx/rd_pntr_cdc_inst/dest_graysync_ff_reg[0][0]/D
                            (rising edge-triggered cell FDRE clocked by TCK  {rise@0.000ns fall@7.576ns period=15.152ns})
  Path Group:             (none)
  Path Type:              Hold (Min at Slow Process Corner)
  Data Path Delay:        0.747ns  (logic 0.367ns (49.134%)  route 0.380ns (50.866%))
  Logic Levels:           0  
  Clock Path Skew:        4.750ns (DCD - SCD - CPR)
    Destination Clock Delay (DCD):    3.243ns
    Source Clock Delay      (SCD):    -1.507ns
    Clock Pessimism Removal (CPR):    -0.000ns
  Clock Uncertainty:      0.202ns  ((TSJ^2 + DJ^2)^1/2) / 2 + PE
    Total System Jitter     (TSJ):    0.071ns
    Discrete Jitter          (DJ):    0.182ns
    Phase Error              (PE):    0.104ns
  Timing Exception:       Asynchronous Clock Groups

    Location             Delay type                Incr(ns)  Path(ns)    Netlist Resource(s)
  -------------------------------------------------------------------    -------------------
                         (clock clk_out1_clk_wiz_0 rise edge)
                                                      0.000     0.000 r  
    E3                                                0.000     0.000 r  sysclk (IN)
                         net (fo=0)                   0.000     0.000    u_clk_wiz_0/inst/clk_in1
    E3                   IBUF (Prop_ibuf_I_O)         1.418     1.418 r  u_clk_wiz_0/inst/clkin1_ibufg/O
                         net (fo=1, routed)           1.162     2.580    u_clk_wiz_0/inst/clk_in1_clk_wiz_0
    MMCME2_ADV_X1Y1      MMCME2_ADV (Prop_mmcme2_adv_CLKIN1_CLKOUT0)
                                                     -7.204    -4.624 r  u_clk_wiz_0/inst/mmcm_adv_inst/CLKOUT0
                         net (fo=1, routed)           1.581    -3.043    u_clk_wiz_0/inst/clk_out1_clk_wiz_0
    BUFGCTRL_X0Y16       BUFG (Prop_bufg_I_O)         0.091    -2.952 r  u_clk_wiz_0/inst/clkout1_buf/O
                         net (fo=2038, routed)        1.444    -1.507    u_jtag_mac/u_simcycle_fifo/u_simcycle_fifo/U0/inst_fifo_gen/gconvfifo.rf/grf.rf/gntv_or_sync_fifo.gcx.clkx/rd_pntr_cdc_inst/src_clk
    SLICE_X29Y34         FDRE                                         r  u_jtag_mac/u_simcycle_fifo/u_simcycle_fifo/U0/inst_fifo_gen/gconvfifo.rf/grf.rf/gntv_or_sync_fifo.gcx.clkx/rd_pntr_cdc_inst/src_gray_ff_reg[0]/C
  -------------------------------------------------------------------    -------------------
    SLICE_X29Y34         FDRE (Prop_fdre_C_Q)         0.367    -1.140 r  u_jtag_mac/u_simcycle_fifo/u_simcycle_fifo/U0/inst_fifo_gen/gconvfifo.rf/grf.rf/gntv_or_sync_fifo.gcx.clkx/rd_pntr_cdc_inst/src_gray_ff_reg[0]/Q
                         net (fo=1, routed)           0.380    -0.760    u_jtag_mac/u_simcycle_fifo/u_simcycle_fifo/U0/inst_fifo_gen/gconvfifo.rf/grf.rf/gntv_or_sync_fifo.gcx.clkx/rd_pntr_cdc_inst/async_path[0]
    SLICE_X30Y34         FDRE                                         r  u_jtag_mac/u_simcycle_fifo/u_simcycle_fifo/U0/inst_fifo_gen/gconvfifo.rf/grf.rf/gntv_or_sync_fifo.gcx.clkx/rd_pntr_cdc_inst/dest_graysync_ff_reg[0][0]/D
  -------------------------------------------------------------------    -------------------

                         (clock TCK rise edge)        0.000     0.000 r  
    BSCAN_X0Y0           BSCANE2                      0.000     0.000 r  u_BSCANE2/TCK
                         net (fo=1, routed)           1.588     1.588    TCK
    BUFGCTRL_X0Y0        BUFG (Prop_bufg_I_O)         0.096     1.684 r  TCK_BUFG_inst/O
                         net (fo=507, routed)         1.558     3.243    u_jtag_mac/u_simcycle_fifo/u_simcycle_fifo/U0/inst_fifo_gen/gconvfifo.rf/grf.rf/gntv_or_sync_fifo.gcx.clkx/rd_pntr_cdc_inst/dest_clk
    SLICE_X30Y34         FDRE                                         r  u_jtag_mac/u_simcycle_fifo/u_simcycle_fifo/U0/inst_fifo_gen/gconvfifo.rf/grf.rf/gntv_or_sync_fifo.gcx.clkx/rd_pntr_cdc_inst/dest_graysync_ff_reg[0][0]/C

Slack:                    inf
  Source:                 u_jtag_mac/u_post_chif_fifo/u_jtag_mac_fifo/U0/inst_fifo_gen/gconvfifo.rf/grf.rf/gntv_or_sync_fifo.gcx.clkx/wr_pntr_cdc_inst/src_gray_ff_reg[5]/C
                            (rising edge-triggered cell FDRE clocked by clk_out1_clk_wiz_0  {rise@0.000ns fall@20.000ns period=40.000ns})
  Destination:            u_jtag_mac/u_post_chif_fifo/u_jtag_mac_fifo/U0/inst_fifo_gen/gconvfifo.rf/grf.rf/gntv_or_sync_fifo.gcx.clkx/wr_pntr_cdc_inst/dest_graysync_ff_reg[0][5]/D
                            (rising edge-triggered cell FDRE clocked by TCK  {rise@0.000ns fall@7.576ns period=15.152ns})
  Path Group:             (none)
  Path Type:              Hold (Min at Slow Process Corner)
  Data Path Delay:        0.752ns  (logic 0.337ns (44.808%)  route 0.415ns (55.192%))
  Logic Levels:           0  
  Clock Path Skew:        4.751ns (DCD - SCD - CPR)
    Destination Clock Delay (DCD):    3.252ns
    Source Clock Delay      (SCD):    -1.499ns
    Clock Pessimism Removal (CPR):    -0.000ns
  Clock Uncertainty:      0.202ns  ((TSJ^2 + DJ^2)^1/2) / 2 + PE
    Total System Jitter     (TSJ):    0.071ns
    Discrete Jitter          (DJ):    0.182ns
    Phase Error              (PE):    0.104ns
  Timing Exception:       Asynchronous Clock Groups

    Location             Delay type                Incr(ns)  Path(ns)    Netlist Resource(s)
  -------------------------------------------------------------------    -------------------
                         (clock clk_out1_clk_wiz_0 rise edge)
                                                      0.000     0.000 r  
    E3                                                0.000     0.000 r  sysclk (IN)
                         net (fo=0)                   0.000     0.000    u_clk_wiz_0/inst/clk_in1
    E3                   IBUF (Prop_ibuf_I_O)         1.418     1.418 r  u_clk_wiz_0/inst/clkin1_ibufg/O
                         net (fo=1, routed)           1.162     2.580    u_clk_wiz_0/inst/clk_in1_clk_wiz_0
    MMCME2_ADV_X1Y1      MMCME2_ADV (Prop_mmcme2_adv_CLKIN1_CLKOUT0)
                                                     -7.204    -4.624 r  u_clk_wiz_0/inst/mmcm_adv_inst/CLKOUT0
                         net (fo=1, routed)           1.581    -3.043    u_clk_wiz_0/inst/clk_out1_clk_wiz_0
    BUFGCTRL_X0Y16       BUFG (Prop_bufg_I_O)         0.091    -2.952 r  u_clk_wiz_0/inst/clkout1_buf/O
                         net (fo=2038, routed)        1.452    -1.499    u_jtag_mac/u_post_chif_fifo/u_jtag_mac_fifo/U0/inst_fifo_gen/gconvfifo.rf/grf.rf/gntv_or_sync_fifo.gcx.clkx/wr_pntr_cdc_inst/src_clk
    SLICE_X11Y40         FDRE                                         r  u_jtag_mac/u_post_chif_fifo/u_jtag_mac_fifo/U0/inst_fifo_gen/gconvfifo.rf/grf.rf/gntv_or_sync_fifo.gcx.clkx/wr_pntr_cdc_inst/src_gray_ff_reg[5]/C
  -------------------------------------------------------------------    -------------------
    SLICE_X11Y40         FDRE (Prop_fdre_C_Q)         0.337    -1.162 r  u_jtag_mac/u_post_chif_fifo/u_jtag_mac_fifo/U0/inst_fifo_gen/gconvfifo.rf/grf.rf/gntv_or_sync_fifo.gcx.clkx/wr_pntr_cdc_inst/src_gray_ff_reg[5]/Q
                         net (fo=1, routed)           0.415    -0.747    u_jtag_mac/u_post_chif_fifo/u_jtag_mac_fifo/U0/inst_fifo_gen/gconvfifo.rf/grf.rf/gntv_or_sync_fifo.gcx.clkx/wr_pntr_cdc_inst/async_path[5]
    SLICE_X11Y39         FDRE                                         r  u_jtag_mac/u_post_chif_fifo/u_jtag_mac_fifo/U0/inst_fifo_gen/gconvfifo.rf/grf.rf/gntv_or_sync_fifo.gcx.clkx/wr_pntr_cdc_inst/dest_graysync_ff_reg[0][5]/D
  -------------------------------------------------------------------    -------------------

                         (clock TCK rise edge)        0.000     0.000 r  
    BSCAN_X0Y0           BSCANE2                      0.000     0.000 r  u_BSCANE2/TCK
                         net (fo=1, routed)           1.588     1.588    TCK
    BUFGCTRL_X0Y0        BUFG (Prop_bufg_I_O)         0.096     1.684 r  TCK_BUFG_inst/O
                         net (fo=507, routed)         1.567     3.252    u_jtag_mac/u_post_chif_fifo/u_jtag_mac_fifo/U0/inst_fifo_gen/gconvfifo.rf/grf.rf/gntv_or_sync_fifo.gcx.clkx/wr_pntr_cdc_inst/dest_clk
    SLICE_X11Y39         FDRE                                         r  u_jtag_mac/u_post_chif_fifo/u_jtag_mac_fifo/U0/inst_fifo_gen/gconvfifo.rf/grf.rf/gntv_or_sync_fifo.gcx.clkx/wr_pntr_cdc_inst/dest_graysync_ff_reg[0][5]/C

Slack:                    inf
  Source:                 u_jtag_mac/u_simcycle_fifo/u_simcycle_fifo/U0/inst_fifo_gen/gconvfifo.rf/grf.rf/rstblk/ngwrdrst.grst.g7serrst.gsckt_wrst.gic_rst.sckt_rd_rst_ic_reg/C
                            (rising edge-triggered cell FDRE clocked by clk_out1_clk_wiz_0  {rise@0.000ns fall@20.000ns period=40.000ns})
  Destination:            u_jtag_mac/u_simcycle_fifo/u_simcycle_fifo/U0/inst_fifo_gen/gconvfifo.rf/grf.rf/rstblk/ngwrdrst.grst.g7serrst.gsckt_wrst.gic_rst.xpm_cdc_single_inst_rrst_wr/syncstages_ff_reg[0]/D
                            (rising edge-triggered cell FDRE clocked by TCK  {rise@0.000ns fall@7.576ns period=15.152ns})
  Path Group:             (none)
  Path Type:              Hold (Min at Slow Process Corner)
  Data Path Delay:        0.763ns  (logic 0.367ns (48.080%)  route 0.396ns (51.920%))
  Logic Levels:           0  
  Clock Path Skew:        4.750ns (DCD - SCD - CPR)
    Destination Clock Delay (DCD):    3.244ns
    Source Clock Delay      (SCD):    -1.506ns
    Clock Pessimism Removal (CPR):    -0.000ns
  Clock Uncertainty:      0.202ns  ((TSJ^2 + DJ^2)^1/2) / 2 + PE
    Total System Jitter     (TSJ):    0.071ns
    Discrete Jitter          (DJ):    0.182ns
    Phase Error              (PE):    0.104ns
  Timing Exception:       Asynchronous Clock Groups

    Location             Delay type                Incr(ns)  Path(ns)    Netlist Resource(s)
  -------------------------------------------------------------------    -------------------
                         (clock clk_out1_clk_wiz_0 rise edge)
                                                      0.000     0.000 r  
    E3                                                0.000     0.000 r  sysclk (IN)
                         net (fo=0)                   0.000     0.000    u_clk_wiz_0/inst/clk_in1
    E3                   IBUF (Prop_ibuf_I_O)         1.418     1.418 r  u_clk_wiz_0/inst/clkin1_ibufg/O
                         net (fo=1, routed)           1.162     2.580    u_clk_wiz_0/inst/clk_in1_clk_wiz_0
    MMCME2_ADV_X1Y1      MMCME2_ADV (Prop_mmcme2_adv_CLKIN1_CLKOUT0)
                                                     -7.204    -4.624 r  u_clk_wiz_0/inst/mmcm_adv_inst/CLKOUT0
                         net (fo=1, routed)           1.581    -3.043    u_clk_wiz_0/inst/clk_out1_clk_wiz_0
    BUFGCTRL_X0Y16       BUFG (Prop_bufg_I_O)         0.091    -2.952 r  u_clk_wiz_0/inst/clkout1_buf/O
                         net (fo=2038, routed)        1.445    -1.506    u_jtag_mac/u_simcycle_fifo/u_simcycle_fifo/U0/inst_fifo_gen/gconvfifo.rf/grf.rf/rstblk/rd_clk
    SLICE_X40Y36         FDRE                                         r  u_jtag_mac/u_simcycle_fifo/u_simcycle_fifo/U0/inst_fifo_gen/gconvfifo.rf/grf.rf/rstblk/ngwrdrst.grst.g7serrst.gsckt_wrst.gic_rst.sckt_rd_rst_ic_reg/C
  -------------------------------------------------------------------    -------------------
    SLICE_X40Y36         FDRE (Prop_fdre_C_Q)         0.367    -1.139 r  u_jtag_mac/u_simcycle_fifo/u_simcycle_fifo/U0/inst_fifo_gen/gconvfifo.rf/grf.rf/rstblk/ngwrdrst.grst.g7serrst.gsckt_wrst.gic_rst.sckt_rd_rst_ic_reg/Q
                         net (fo=13, routed)          0.396    -0.743    u_jtag_mac/u_simcycle_fifo/u_simcycle_fifo/U0/inst_fifo_gen/gconvfifo.rf/grf.rf/rstblk/ngwrdrst.grst.g7serrst.gsckt_wrst.gic_rst.xpm_cdc_single_inst_rrst_wr/src_in
    SLICE_X40Y34         FDRE                                         r  u_jtag_mac/u_simcycle_fifo/u_simcycle_fifo/U0/inst_fifo_gen/gconvfifo.rf/grf.rf/rstblk/ngwrdrst.grst.g7serrst.gsckt_wrst.gic_rst.xpm_cdc_single_inst_rrst_wr/syncstages_ff_reg[0]/D
  -------------------------------------------------------------------    -------------------

                         (clock TCK rise edge)        0.000     0.000 r  
    BSCAN_X0Y0           BSCANE2                      0.000     0.000 r  u_BSCANE2/TCK
                         net (fo=1, routed)           1.588     1.588    TCK
    BUFGCTRL_X0Y0        BUFG (Prop_bufg_I_O)         0.096     1.684 r  TCK_BUFG_inst/O
                         net (fo=507, routed)         1.559     3.244    u_jtag_mac/u_simcycle_fifo/u_simcycle_fifo/U0/inst_fifo_gen/gconvfifo.rf/grf.rf/rstblk/ngwrdrst.grst.g7serrst.gsckt_wrst.gic_rst.xpm_cdc_single_inst_rrst_wr/dest_clk
    SLICE_X40Y34         FDRE                                         r  u_jtag_mac/u_simcycle_fifo/u_simcycle_fifo/U0/inst_fifo_gen/gconvfifo.rf/grf.rf/rstblk/ngwrdrst.grst.g7serrst.gsckt_wrst.gic_rst.xpm_cdc_single_inst_rrst_wr/syncstages_ff_reg[0]/C

Slack:                    inf
  Source:                 u_jtag_mac/u_post_chif_fifo/u_jtag_mac_fifo/U0/inst_fifo_gen/gconvfifo.rf/grf.rf/gntv_or_sync_fifo.gcx.clkx/wr_pntr_cdc_inst/src_gray_ff_reg[9]/C
                            (rising edge-triggered cell FDRE clocked by clk_out1_clk_wiz_0  {rise@0.000ns fall@20.000ns period=40.000ns})
  Destination:            u_jtag_mac/u_post_chif_fifo/u_jtag_mac_fifo/U0/inst_fifo_gen/gconvfifo.rf/grf.rf/gntv_or_sync_fifo.gcx.clkx/wr_pntr_cdc_inst/dest_graysync_ff_reg[0][9]/D
                            (rising edge-triggered cell FDRE clocked by TCK  {rise@0.000ns fall@7.576ns period=15.152ns})
  Path Group:             (none)
  Path Type:              Hold (Min at Slow Process Corner)
  Data Path Delay:        0.763ns  (logic 0.385ns (50.474%)  route 0.378ns (49.526%))
  Logic Levels:           0  
  Clock Path Skew:        4.752ns (DCD - SCD - CPR)
    Destination Clock Delay (DCD):    3.254ns
    Source Clock Delay      (SCD):    -1.498ns
    Clock Pessimism Removal (CPR):    -0.000ns
  Clock Uncertainty:      0.202ns  ((TSJ^2 + DJ^2)^1/2) / 2 + PE
    Total System Jitter     (TSJ):    0.071ns
    Discrete Jitter          (DJ):    0.182ns
    Phase Error              (PE):    0.104ns
  Timing Exception:       Asynchronous Clock Groups

    Location             Delay type                Incr(ns)  Path(ns)    Netlist Resource(s)
  -------------------------------------------------------------------    -------------------
                         (clock clk_out1_clk_wiz_0 rise edge)
                                                      0.000     0.000 r  
    E3                                                0.000     0.000 r  sysclk (IN)
                         net (fo=0)                   0.000     0.000    u_clk_wiz_0/inst/clk_in1
    E3                   IBUF (Prop_ibuf_I_O)         1.418     1.418 r  u_clk_wiz_0/inst/clkin1_ibufg/O
                         net (fo=1, routed)           1.162     2.580    u_clk_wiz_0/inst/clk_in1_clk_wiz_0
    MMCME2_ADV_X1Y1      MMCME2_ADV (Prop_mmcme2_adv_CLKIN1_CLKOUT0)
                                                     -7.204    -4.624 r  u_clk_wiz_0/inst/mmcm_adv_inst/CLKOUT0
                         net (fo=1, routed)           1.581    -3.043    u_clk_wiz_0/inst/clk_out1_clk_wiz_0
    BUFGCTRL_X0Y16       BUFG (Prop_bufg_I_O)         0.091    -2.952 r  u_clk_wiz_0/inst/clkout1_buf/O
                         net (fo=2038, routed)        1.453    -1.498    u_jtag_mac/u_post_chif_fifo/u_jtag_mac_fifo/U0/inst_fifo_gen/gconvfifo.rf/grf.rf/gntv_or_sync_fifo.gcx.clkx/wr_pntr_cdc_inst/src_clk
    SLICE_X12Y44         FDRE                                         r  u_jtag_mac/u_post_chif_fifo/u_jtag_mac_fifo/U0/inst_fifo_gen/gconvfifo.rf/grf.rf/gntv_or_sync_fifo.gcx.clkx/wr_pntr_cdc_inst/src_gray_ff_reg[9]/C
  -------------------------------------------------------------------    -------------------
    SLICE_X12Y44         FDRE (Prop_fdre_C_Q)         0.385    -1.113 r  u_jtag_mac/u_post_chif_fifo/u_jtag_mac_fifo/U0/inst_fifo_gen/gconvfifo.rf/grf.rf/gntv_or_sync_fifo.gcx.clkx/wr_pntr_cdc_inst/src_gray_ff_reg[9]/Q
                         net (fo=1, routed)           0.378    -0.735    u_jtag_mac/u_post_chif_fifo/u_jtag_mac_fifo/U0/inst_fifo_gen/gconvfifo.rf/grf.rf/gntv_or_sync_fifo.gcx.clkx/wr_pntr_cdc_inst/async_path[9]
    SLICE_X12Y43         FDRE                                         r  u_jtag_mac/u_post_chif_fifo/u_jtag_mac_fifo/U0/inst_fifo_gen/gconvfifo.rf/grf.rf/gntv_or_sync_fifo.gcx.clkx/wr_pntr_cdc_inst/dest_graysync_ff_reg[0][9]/D
  -------------------------------------------------------------------    -------------------

                         (clock TCK rise edge)        0.000     0.000 r  
    BSCAN_X0Y0           BSCANE2                      0.000     0.000 r  u_BSCANE2/TCK
                         net (fo=1, routed)           1.588     1.588    TCK
    BUFGCTRL_X0Y0        BUFG (Prop_bufg_I_O)         0.096     1.684 r  TCK_BUFG_inst/O
                         net (fo=507, routed)         1.569     3.254    u_jtag_mac/u_post_chif_fifo/u_jtag_mac_fifo/U0/inst_fifo_gen/gconvfifo.rf/grf.rf/gntv_or_sync_fifo.gcx.clkx/wr_pntr_cdc_inst/dest_clk
    SLICE_X12Y43         FDRE                                         r  u_jtag_mac/u_post_chif_fifo/u_jtag_mac_fifo/U0/inst_fifo_gen/gconvfifo.rf/grf.rf/gntv_or_sync_fifo.gcx.clkx/wr_pntr_cdc_inst/dest_graysync_ff_reg[0][9]/C

Slack:                    inf
  Source:                 u_jtag_mac/u_post_chif_fifo/u_jtag_mac_fifo/U0/inst_fifo_gen/gconvfifo.rf/grf.rf/gntv_or_sync_fifo.gcx.clkx/wr_pntr_cdc_inst/src_gray_ff_reg[7]/C
                            (rising edge-triggered cell FDRE clocked by clk_out1_clk_wiz_0  {rise@0.000ns fall@20.000ns period=40.000ns})
  Destination:            u_jtag_mac/u_post_chif_fifo/u_jtag_mac_fifo/U0/inst_fifo_gen/gconvfifo.rf/grf.rf/gntv_or_sync_fifo.gcx.clkx/wr_pntr_cdc_inst/dest_graysync_ff_reg[0][7]/D
                            (rising edge-triggered cell FDRE clocked by TCK  {rise@0.000ns fall@7.576ns period=15.152ns})
  Path Group:             (none)
  Path Type:              Hold (Min at Slow Process Corner)
  Data Path Delay:        0.831ns  (logic 0.337ns (40.563%)  route 0.494ns (59.437%))
  Logic Levels:           0  
  Clock Path Skew:        4.751ns (DCD - SCD - CPR)
    Destination Clock Delay (DCD):    3.254ns
    Source Clock Delay      (SCD):    -1.497ns
    Clock Pessimism Removal (CPR):    -0.000ns
  Clock Uncertainty:      0.202ns  ((TSJ^2 + DJ^2)^1/2) / 2 + PE
    Total System Jitter     (TSJ):    0.071ns
    Discrete Jitter          (DJ):    0.182ns
    Phase Error              (PE):    0.104ns
  Timing Exception:       Asynchronous Clock Groups

    Location             Delay type                Incr(ns)  Path(ns)    Netlist Resource(s)
  -------------------------------------------------------------------    -------------------
                         (clock clk_out1_clk_wiz_0 rise edge)
                                                      0.000     0.000 r  
    E3                                                0.000     0.000 r  sysclk (IN)
                         net (fo=0)                   0.000     0.000    u_clk_wiz_0/inst/clk_in1
    E3                   IBUF (Prop_ibuf_I_O)         1.418     1.418 r  u_clk_wiz_0/inst/clkin1_ibufg/O
                         net (fo=1, routed)           1.162     2.580    u_clk_wiz_0/inst/clk_in1_clk_wiz_0
    MMCME2_ADV_X1Y1      MMCME2_ADV (Prop_mmcme2_adv_CLKIN1_CLKOUT0)
                                                     -7.204    -4.624 r  u_clk_wiz_0/inst/mmcm_adv_inst/CLKOUT0
                         net (fo=1, routed)           1.581    -3.043    u_clk_wiz_0/inst/clk_out1_clk_wiz_0
    BUFGCTRL_X0Y16       BUFG (Prop_bufg_I_O)         0.091    -2.952 r  u_clk_wiz_0/inst/clkout1_buf/O
                         net (fo=2038, routed)        1.454    -1.497    u_jtag_mac/u_post_chif_fifo/u_jtag_mac_fifo/U0/inst_fifo_gen/gconvfifo.rf/grf.rf/gntv_or_sync_fifo.gcx.clkx/wr_pntr_cdc_inst/src_clk
    SLICE_X11Y43         FDRE                                         r  u_jtag_mac/u_post_chif_fifo/u_jtag_mac_fifo/U0/inst_fifo_gen/gconvfifo.rf/grf.rf/gntv_or_sync_fifo.gcx.clkx/wr_pntr_cdc_inst/src_gray_ff_reg[7]/C
  -------------------------------------------------------------------    -------------------
    SLICE_X11Y43         FDRE (Prop_fdre_C_Q)         0.337    -1.160 r  u_jtag_mac/u_post_chif_fifo/u_jtag_mac_fifo/U0/inst_fifo_gen/gconvfifo.rf/grf.rf/gntv_or_sync_fifo.gcx.clkx/wr_pntr_cdc_inst/src_gray_ff_reg[7]/Q
                         net (fo=1, routed)           0.494    -0.666    u_jtag_mac/u_post_chif_fifo/u_jtag_mac_fifo/U0/inst_fifo_gen/gconvfifo.rf/grf.rf/gntv_or_sync_fifo.gcx.clkx/wr_pntr_cdc_inst/async_path[7]
    SLICE_X10Y43         FDRE                                         r  u_jtag_mac/u_post_chif_fifo/u_jtag_mac_fifo/U0/inst_fifo_gen/gconvfifo.rf/grf.rf/gntv_or_sync_fifo.gcx.clkx/wr_pntr_cdc_inst/dest_graysync_ff_reg[0][7]/D
  -------------------------------------------------------------------    -------------------

                         (clock TCK rise edge)        0.000     0.000 r  
    BSCAN_X0Y0           BSCANE2                      0.000     0.000 r  u_BSCANE2/TCK
                         net (fo=1, routed)           1.588     1.588    TCK
    BUFGCTRL_X0Y0        BUFG (Prop_bufg_I_O)         0.096     1.684 r  TCK_BUFG_inst/O
                         net (fo=507, routed)         1.569     3.254    u_jtag_mac/u_post_chif_fifo/u_jtag_mac_fifo/U0/inst_fifo_gen/gconvfifo.rf/grf.rf/gntv_or_sync_fifo.gcx.clkx/wr_pntr_cdc_inst/dest_clk
    SLICE_X10Y43         FDRE                                         r  u_jtag_mac/u_post_chif_fifo/u_jtag_mac_fifo/U0/inst_fifo_gen/gconvfifo.rf/grf.rf/gntv_or_sync_fifo.gcx.clkx/wr_pntr_cdc_inst/dest_graysync_ff_reg[0][7]/C





--------------------------------------------------------------------------------------
Path Group:  (none)
From Clock:  TCK
  To Clock:  clk_out1_clk_wiz_0

Max Delay          1727 Endpoints
Min Delay          1727 Endpoints
--------------------------------------------------------------------------------------


Max Delay Paths
--------------------------------------------------------------------------------------
Slack:                    inf
  Source:                 u_jtag_mac/user_rst_assert_reg/C
                            (rising edge-triggered cell FDRE clocked by TCK  {rise@0.000ns fall@7.576ns period=15.152ns})
  Destination:            u_jtag_mac/u_post_chif_fifo/u_jtag_mac_fifo/U0/inst_fifo_gen/gconvfifo.rf/grf.rf/rstblk/ngwrdrst.grst.g7serrst.gsckt_wrst.xpm_cdc_sync_rst_inst_wrst/syncstages_ff_reg[0]/D
                            (rising edge-triggered cell FDRE clocked by clk_out1_clk_wiz_0  {rise@0.000ns fall@20.000ns period=40.000ns})
  Path Group:             (none)
  Path Type:              Setup (Max at Slow Process Corner)
  Data Path Delay:        4.508ns  (logic 0.580ns (12.865%)  route 3.928ns (87.135%))
  Logic Levels:           1  (LUT2=1)
  Clock Path Skew:        -4.751ns (DCD - SCD + CPR)
    Destination Clock Delay (DCD):    -1.500ns
    Source Clock Delay      (SCD):    3.251ns
    Clock Pessimism Removal (CPR):    0.000ns
  Clock Uncertainty:      0.202ns  ((TSJ^2 + DJ^2)^1/2) / 2 + PE
    Total System Jitter     (TSJ):    0.071ns
    Discrete Jitter          (DJ):    0.182ns
    Phase Error              (PE):    0.104ns
  Timing Exception:       Asynchronous Clock Groups

    Location             Delay type                Incr(ns)  Path(ns)    Netlist Resource(s)
  -------------------------------------------------------------------    -------------------
                         (clock TCK rise edge)        0.000     0.000 r  
    BSCAN_X0Y0           BSCANE2                      0.000     0.000 r  u_BSCANE2/TCK
                         net (fo=1, routed)           1.588     1.588    TCK
    BUFGCTRL_X0Y0        BUFG (Prop_bufg_I_O)         0.096     1.684 r  TCK_BUFG_inst/O
                         net (fo=507, routed)         1.566     3.251    u_jtag_mac/TCK_BUFG
    SLICE_X45Y42         FDRE                                         r  u_jtag_mac/user_rst_assert_reg/C
  -------------------------------------------------------------------    -------------------
    SLICE_X45Y42         FDRE (Prop_fdre_C_Q)         0.456     3.707 r  u_jtag_mac/user_rst_assert_reg/Q
                         net (fo=18, routed)          1.214     4.921    u_jtag_mac/user_rst_assert
    SLICE_X42Y33         LUT2 (Prop_lut2_I0_O)        0.124     5.045 r  u_jtag_mac/u_simcycle_fifo_i_1/O
                         net (fo=1708, routed)        2.714     7.759    u_jtag_mac/u_post_chif_fifo/u_jtag_mac_fifo/U0/inst_fifo_gen/gconvfifo.rf/grf.rf/rstblk/ngwrdrst.grst.g7serrst.gsckt_wrst.xpm_cdc_sync_rst_inst_wrst/src_rst
    SLICE_X41Y49         FDRE                                         r  u_jtag_mac/u_post_chif_fifo/u_jtag_mac_fifo/U0/inst_fifo_gen/gconvfifo.rf/grf.rf/rstblk/ngwrdrst.grst.g7serrst.gsckt_wrst.xpm_cdc_sync_rst_inst_wrst/syncstages_ff_reg[0]/D
  -------------------------------------------------------------------    -------------------

                         (clock clk_out1_clk_wiz_0 rise edge)
                                                      0.000     0.000 r  
    E3                                                0.000     0.000 r  sysclk (IN)
                         net (fo=0)                   0.000     0.000    u_clk_wiz_0/inst/clk_in1
    E3                   IBUF (Prop_ibuf_I_O)         1.418     1.418 r  u_clk_wiz_0/inst/clkin1_ibufg/O
                         net (fo=1, routed)           1.162     2.580    u_clk_wiz_0/inst/clk_in1_clk_wiz_0
    MMCME2_ADV_X1Y1      MMCME2_ADV (Prop_mmcme2_adv_CLKIN1_CLKOUT0)
                                                     -7.204    -4.624 r  u_clk_wiz_0/inst/mmcm_adv_inst/CLKOUT0
                         net (fo=1, routed)           1.581    -3.043    u_clk_wiz_0/inst/clk_out1_clk_wiz_0
    BUFGCTRL_X0Y16       BUFG (Prop_bufg_I_O)         0.091    -2.952 r  u_clk_wiz_0/inst/clkout1_buf/O
                         net (fo=2038, routed)        1.451    -1.500    u_jtag_mac/u_post_chif_fifo/u_jtag_mac_fifo/U0/inst_fifo_gen/gconvfifo.rf/grf.rf/rstblk/ngwrdrst.grst.g7serrst.gsckt_wrst.xpm_cdc_sync_rst_inst_wrst/dest_clk
    SLICE_X41Y49         FDRE                                         r  u_jtag_mac/u_post_chif_fifo/u_jtag_mac_fifo/U0/inst_fifo_gen/gconvfifo.rf/grf.rf/rstblk/ngwrdrst.grst.g7serrst.gsckt_wrst.xpm_cdc_sync_rst_inst_wrst/syncstages_ff_reg[0]/C

Slack:                    inf
  Source:                 u_jtag_mac/user_rst_assert_reg/C
                            (rising edge-triggered cell FDRE clocked by TCK  {rise@0.000ns fall@7.576ns period=15.152ns})
  Destination:            u_jtag_mac/u_pre_chif_fifo/u_jtag_mac_fifo/U0/inst_fifo_gen/gconvfifo.rf/grf.rf/rstblk/ngwrdrst.grst.g7serrst.gsckt_wrst.gic_rst.xpm_cdc_sync_rst_inst_wrst/syncstages_ff_reg[0]/D
                            (rising edge-triggered cell FDRE clocked by clk_out1_clk_wiz_0  {rise@0.000ns fall@20.000ns period=40.000ns})
  Path Group:             (none)
  Path Type:              Setup (Max at Slow Process Corner)
  Data Path Delay:        4.098ns  (logic 0.580ns (14.155%)  route 3.518ns (85.845%))
  Logic Levels:           1  (LUT2=1)
  Clock Path Skew:        -4.764ns (DCD - SCD + CPR)
    Destination Clock Delay (DCD):    -1.513ns
    Source Clock Delay      (SCD):    3.251ns
    Clock Pessimism Removal (CPR):    0.000ns
  Clock Uncertainty:      0.202ns  ((TSJ^2 + DJ^2)^1/2) / 2 + PE
    Total System Jitter     (TSJ):    0.071ns
    Discrete Jitter          (DJ):    0.182ns
    Phase Error              (PE):    0.104ns
  Timing Exception:       Asynchronous Clock Groups

    Location             Delay type                Incr(ns)  Path(ns)    Netlist Resource(s)
  -------------------------------------------------------------------    -------------------
                         (clock TCK rise edge)        0.000     0.000 r  
    BSCAN_X0Y0           BSCANE2                      0.000     0.000 r  u_BSCANE2/TCK
                         net (fo=1, routed)           1.588     1.588    TCK
    BUFGCTRL_X0Y0        BUFG (Prop_bufg_I_O)         0.096     1.684 r  TCK_BUFG_inst/O
                         net (fo=507, routed)         1.566     3.251    u_jtag_mac/TCK_BUFG
    SLICE_X45Y42         FDRE                                         r  u_jtag_mac/user_rst_assert_reg/C
  -------------------------------------------------------------------    -------------------
    SLICE_X45Y42         FDRE (Prop_fdre_C_Q)         0.456     3.707 r  u_jtag_mac/user_rst_assert_reg/Q
                         net (fo=18, routed)          1.214     4.921    u_jtag_mac/user_rst_assert
    SLICE_X42Y33         LUT2 (Prop_lut2_I0_O)        0.124     5.045 r  u_jtag_mac/u_simcycle_fifo_i_1/O
                         net (fo=1708, routed)        2.303     7.348    u_jtag_mac/u_pre_chif_fifo/u_jtag_mac_fifo/U0/inst_fifo_gen/gconvfifo.rf/grf.rf/rstblk/ngwrdrst.grst.g7serrst.gsckt_wrst.gic_rst.xpm_cdc_sync_rst_inst_wrst/src_rst
    SLICE_X28Y21         FDRE                                         r  u_jtag_mac/u_pre_chif_fifo/u_jtag_mac_fifo/U0/inst_fifo_gen/gconvfifo.rf/grf.rf/rstblk/ngwrdrst.grst.g7serrst.gsckt_wrst.gic_rst.xpm_cdc_sync_rst_inst_wrst/syncstages_ff_reg[0]/D
  -------------------------------------------------------------------    -------------------

                         (clock clk_out1_clk_wiz_0 rise edge)
                                                      0.000     0.000 r  
    E3                                                0.000     0.000 r  sysclk (IN)
                         net (fo=0)                   0.000     0.000    u_clk_wiz_0/inst/clk_in1
    E3                   IBUF (Prop_ibuf_I_O)         1.418     1.418 r  u_clk_wiz_0/inst/clkin1_ibufg/O
                         net (fo=1, routed)           1.162     2.580    u_clk_wiz_0/inst/clk_in1_clk_wiz_0
    MMCME2_ADV_X1Y1      MMCME2_ADV (Prop_mmcme2_adv_CLKIN1_CLKOUT0)
                                                     -7.204    -4.624 r  u_clk_wiz_0/inst/mmcm_adv_inst/CLKOUT0
                         net (fo=1, routed)           1.581    -3.043    u_clk_wiz_0/inst/clk_out1_clk_wiz_0
    BUFGCTRL_X0Y16       BUFG (Prop_bufg_I_O)         0.091    -2.952 r  u_clk_wiz_0/inst/clkout1_buf/O
                         net (fo=2038, routed)        1.438    -1.513    u_jtag_mac/u_pre_chif_fifo/u_jtag_mac_fifo/U0/inst_fifo_gen/gconvfifo.rf/grf.rf/rstblk/ngwrdrst.grst.g7serrst.gsckt_wrst.gic_rst.xpm_cdc_sync_rst_inst_wrst/dest_clk
    SLICE_X28Y21         FDRE                                         r  u_jtag_mac/u_pre_chif_fifo/u_jtag_mac_fifo/U0/inst_fifo_gen/gconvfifo.rf/grf.rf/rstblk/ngwrdrst.grst.g7serrst.gsckt_wrst.gic_rst.xpm_cdc_sync_rst_inst_wrst/syncstages_ff_reg[0]/C

Slack:                    inf
  Source:                 u_jtag_mac/user_rst_assert_reg/C
                            (rising edge-triggered cell FDRE clocked by TCK  {rise@0.000ns fall@7.576ns period=15.152ns})
  Destination:            u_jtag_mac/u_simcycle_fifo/u_simcycle_fifo/U0/inst_fifo_gen/gconvfifo.rf/grf.rf/rstblk/ngwrdrst.grst.g7serrst.gsckt_wrst.gic_rst.xpm_cdc_sync_rst_inst_wrst/syncstages_ff_reg[0]/D
                            (rising edge-triggered cell FDRE clocked by clk_out1_clk_wiz_0  {rise@0.000ns fall@20.000ns period=40.000ns})
  Path Group:             (none)
  Path Type:              Setup (Max at Slow Process Corner)
  Data Path Delay:        2.611ns  (logic 0.580ns (22.210%)  route 2.031ns (77.790%))
  Logic Levels:           1  (LUT2=1)
  Clock Path Skew:        -4.757ns (DCD - SCD + CPR)
    Destination Clock Delay (DCD):    -1.506ns
    Source Clock Delay      (SCD):    3.251ns
    Clock Pessimism Removal (CPR):    0.000ns
  Clock Uncertainty:      0.202ns  ((TSJ^2 + DJ^2)^1/2) / 2 + PE
    Total System Jitter     (TSJ):    0.071ns
    Discrete Jitter          (DJ):    0.182ns
    Phase Error              (PE):    0.104ns
  Timing Exception:       Asynchronous Clock Groups

    Location             Delay type                Incr(ns)  Path(ns)    Netlist Resource(s)
  -------------------------------------------------------------------    -------------------
                         (clock TCK rise edge)        0.000     0.000 r  
    BSCAN_X0Y0           BSCANE2                      0.000     0.000 r  u_BSCANE2/TCK
                         net (fo=1, routed)           1.588     1.588    TCK
    BUFGCTRL_X0Y0        BUFG (Prop_bufg_I_O)         0.096     1.684 r  TCK_BUFG_inst/O
                         net (fo=507, routed)         1.566     3.251    u_jtag_mac/TCK_BUFG
    SLICE_X45Y42         FDRE                                         r  u_jtag_mac/user_rst_assert_reg/C
  -------------------------------------------------------------------    -------------------
    SLICE_X45Y42         FDRE (Prop_fdre_C_Q)         0.456     3.707 r  u_jtag_mac/user_rst_assert_reg/Q
                         net (fo=18, routed)          1.214     4.921    u_jtag_mac/user_rst_assert
    SLICE_X42Y33         LUT2 (Prop_lut2_I0_O)        0.124     5.045 r  u_jtag_mac/u_simcycle_fifo_i_1/O
                         net (fo=1708, routed)        0.817     5.862    u_jtag_mac/u_simcycle_fifo/u_simcycle_fifo/U0/inst_fifo_gen/gconvfifo.rf/grf.rf/rstblk/ngwrdrst.grst.g7serrst.gsckt_wrst.gic_rst.xpm_cdc_sync_rst_inst_wrst/src_rst
    SLICE_X40Y36         FDRE                                         r  u_jtag_mac/u_simcycle_fifo/u_simcycle_fifo/U0/inst_fifo_gen/gconvfifo.rf/grf.rf/rstblk/ngwrdrst.grst.g7serrst.gsckt_wrst.gic_rst.xpm_cdc_sync_rst_inst_wrst/syncstages_ff_reg[0]/D
  -------------------------------------------------------------------    -------------------

                         (clock clk_out1_clk_wiz_0 rise edge)
                                                      0.000     0.000 r  
    E3                                                0.000     0.000 r  sysclk (IN)
                         net (fo=0)                   0.000     0.000    u_clk_wiz_0/inst/clk_in1
    E3                   IBUF (Prop_ibuf_I_O)         1.418     1.418 r  u_clk_wiz_0/inst/clkin1_ibufg/O
                         net (fo=1, routed)           1.162     2.580    u_clk_wiz_0/inst/clk_in1_clk_wiz_0
    MMCME2_ADV_X1Y1      MMCME2_ADV (Prop_mmcme2_adv_CLKIN1_CLKOUT0)
                                                     -7.204    -4.624 r  u_clk_wiz_0/inst/mmcm_adv_inst/CLKOUT0
                         net (fo=1, routed)           1.581    -3.043    u_clk_wiz_0/inst/clk_out1_clk_wiz_0
    BUFGCTRL_X0Y16       BUFG (Prop_bufg_I_O)         0.091    -2.952 r  u_clk_wiz_0/inst/clkout1_buf/O
                         net (fo=2038, routed)        1.445    -1.506    u_jtag_mac/u_simcycle_fifo/u_simcycle_fifo/U0/inst_fifo_gen/gconvfifo.rf/grf.rf/rstblk/ngwrdrst.grst.g7serrst.gsckt_wrst.gic_rst.xpm_cdc_sync_rst_inst_wrst/dest_clk
    SLICE_X40Y36         FDRE                                         r  u_jtag_mac/u_simcycle_fifo/u_simcycle_fifo/U0/inst_fifo_gen/gconvfifo.rf/grf.rf/rstblk/ngwrdrst.grst.g7serrst.gsckt_wrst.gic_rst.xpm_cdc_sync_rst_inst_wrst/syncstages_ff_reg[0]/C

Slack:                    inf
  Source:                 u_jtag_mac/u_pre_chif_fifo/u_jtag_mac_fifo/U0/inst_fifo_gen/gconvfifo.rf/grf.rf/rstblk/ngwrdrst.grst.g7serrst.gsckt_wrst.gic_rst.sckt_wr_rst_ic_reg/C
                            (rising edge-triggered cell FDRE clocked by TCK  {rise@0.000ns fall@7.576ns period=15.152ns})
  Destination:            u_jtag_mac/u_pre_chif_fifo/u_jtag_mac_fifo/U0/inst_fifo_gen/gconvfifo.rf/grf.rf/rstblk/ngwrdrst.grst.g7serrst.gsckt_wrst.gic_rst.xpm_cdc_single_inst_wrst_rd/syncstages_ff_reg[0]/D
                            (rising edge-triggered cell FDRE clocked by clk_out1_clk_wiz_0  {rise@0.000ns fall@20.000ns period=40.000ns})
  Path Group:             (none)
  Path Type:              Setup (Max at Slow Process Corner)
  Data Path Delay:        1.176ns  (logic 0.518ns (44.033%)  route 0.658ns (55.967%))
  Logic Levels:           0  
  Clock Path Skew:        -4.745ns (DCD - SCD + CPR)
    Destination Clock Delay (DCD):    -1.512ns
    Source Clock Delay      (SCD):    3.233ns
    Clock Pessimism Removal (CPR):    0.000ns
  Clock Uncertainty:      0.202ns  ((TSJ^2 + DJ^2)^1/2) / 2 + PE
    Total System Jitter     (TSJ):    0.071ns
    Discrete Jitter          (DJ):    0.182ns
    Phase Error              (PE):    0.104ns
  Timing Exception:       Asynchronous Clock Groups

    Location             Delay type                Incr(ns)  Path(ns)    Netlist Resource(s)
  -------------------------------------------------------------------    -------------------
                         (clock TCK rise edge)        0.000     0.000 r  
    BSCAN_X0Y0           BSCANE2                      0.000     0.000 r  u_BSCANE2/TCK
                         net (fo=1, routed)           1.588     1.588    TCK
    BUFGCTRL_X0Y0        BUFG (Prop_bufg_I_O)         0.096     1.684 r  TCK_BUFG_inst/O
                         net (fo=507, routed)         1.548     3.233    u_jtag_mac/u_pre_chif_fifo/u_jtag_mac_fifo/U0/inst_fifo_gen/gconvfifo.rf/grf.rf/rstblk/wr_clk
    SLICE_X30Y22         FDRE                                         r  u_jtag_mac/u_pre_chif_fifo/u_jtag_mac_fifo/U0/inst_fifo_gen/gconvfifo.rf/grf.rf/rstblk/ngwrdrst.grst.g7serrst.gsckt_wrst.gic_rst.sckt_wr_rst_ic_reg/C
  -------------------------------------------------------------------    -------------------
    SLICE_X30Y22         FDRE (Prop_fdre_C_Q)         0.518     3.751 r  u_jtag_mac/u_pre_chif_fifo/u_jtag_mac_fifo/U0/inst_fifo_gen/gconvfifo.rf/grf.rf/rstblk/ngwrdrst.grst.g7serrst.gsckt_wrst.gic_rst.sckt_wr_rst_ic_reg/Q
                         net (fo=54, routed)          0.658     4.409    u_jtag_mac/u_pre_chif_fifo/u_jtag_mac_fifo/U0/inst_fifo_gen/gconvfifo.rf/grf.rf/rstblk/ngwrdrst.grst.g7serrst.gsckt_wrst.gic_rst.xpm_cdc_single_inst_wrst_rd/src_in
    SLICE_X28Y20         FDRE                                         r  u_jtag_mac/u_pre_chif_fifo/u_jtag_mac_fifo/U0/inst_fifo_gen/gconvfifo.rf/grf.rf/rstblk/ngwrdrst.grst.g7serrst.gsckt_wrst.gic_rst.xpm_cdc_single_inst_wrst_rd/syncstages_ff_reg[0]/D
  -------------------------------------------------------------------    -------------------

                         (clock clk_out1_clk_wiz_0 rise edge)
                                                      0.000     0.000 r  
    E3                                                0.000     0.000 r  sysclk (IN)
                         net (fo=0)                   0.000     0.000    u_clk_wiz_0/inst/clk_in1
    E3                   IBUF (Prop_ibuf_I_O)         1.418     1.418 r  u_clk_wiz_0/inst/clkin1_ibufg/O
                         net (fo=1, routed)           1.162     2.580    u_clk_wiz_0/inst/clk_in1_clk_wiz_0
    MMCME2_ADV_X1Y1      MMCME2_ADV (Prop_mmcme2_adv_CLKIN1_CLKOUT0)
                                                     -7.204    -4.624 r  u_clk_wiz_0/inst/mmcm_adv_inst/CLKOUT0
                         net (fo=1, routed)           1.581    -3.043    u_clk_wiz_0/inst/clk_out1_clk_wiz_0
    BUFGCTRL_X0Y16       BUFG (Prop_bufg_I_O)         0.091    -2.952 r  u_clk_wiz_0/inst/clkout1_buf/O
                         net (fo=2038, routed)        1.439    -1.512    u_jtag_mac/u_pre_chif_fifo/u_jtag_mac_fifo/U0/inst_fifo_gen/gconvfifo.rf/grf.rf/rstblk/ngwrdrst.grst.g7serrst.gsckt_wrst.gic_rst.xpm_cdc_single_inst_wrst_rd/dest_clk
    SLICE_X28Y20         FDRE                                         r  u_jtag_mac/u_pre_chif_fifo/u_jtag_mac_fifo/U0/inst_fifo_gen/gconvfifo.rf/grf.rf/rstblk/ngwrdrst.grst.g7serrst.gsckt_wrst.gic_rst.xpm_cdc_single_inst_wrst_rd/syncstages_ff_reg[0]/C

Slack:                    inf
  Source:                 u_jtag_mac/u_post_chif_fifo/u_jtag_mac_fifo/U0/inst_fifo_gen/gconvfifo.rf/grf.rf/rstblk/ngwrdrst.grst.g7serrst.gsckt_wrst.gic_rst.sckt_rd_rst_ic_reg/C
                            (rising edge-triggered cell FDRE clocked by TCK  {rise@0.000ns fall@7.576ns period=15.152ns})
  Destination:            u_jtag_mac/u_post_chif_fifo/u_jtag_mac_fifo/U0/inst_fifo_gen/gconvfifo.rf/grf.rf/rstblk/ngwrdrst.grst.g7serrst.gsckt_wrst.gic_rst.xpm_cdc_single_inst_rrst_wr/syncstages_ff_reg[0]/D
                            (rising edge-triggered cell FDRE clocked by clk_out1_clk_wiz_0  {rise@0.000ns fall@20.000ns period=40.000ns})
  Path Group:             (none)
  Path Type:              Setup (Max at Slow Process Corner)
  Data Path Delay:        1.133ns  (logic 0.518ns (45.733%)  route 0.615ns (54.267%))
  Logic Levels:           0  
  Clock Path Skew:        -4.751ns (DCD - SCD + CPR)
    Destination Clock Delay (DCD):    -1.500ns
    Source Clock Delay      (SCD):    3.251ns
    Clock Pessimism Removal (CPR):    0.000ns
  Clock Uncertainty:      0.202ns  ((TSJ^2 + DJ^2)^1/2) / 2 + PE
    Total System Jitter     (TSJ):    0.071ns
    Discrete Jitter          (DJ):    0.182ns
    Phase Error              (PE):    0.104ns
  Timing Exception:       Asynchronous Clock Groups

    Location             Delay type                Incr(ns)  Path(ns)    Netlist Resource(s)
  -------------------------------------------------------------------    -------------------
                         (clock TCK rise edge)        0.000     0.000 r  
    BSCAN_X0Y0           BSCANE2                      0.000     0.000 r  u_BSCANE2/TCK
                         net (fo=1, routed)           1.588     1.588    TCK
    BUFGCTRL_X0Y0        BUFG (Prop_bufg_I_O)         0.096     1.684 r  TCK_BUFG_inst/O
                         net (fo=507, routed)         1.566     3.251    u_jtag_mac/u_post_chif_fifo/u_jtag_mac_fifo/U0/inst_fifo_gen/gconvfifo.rf/grf.rf/rstblk/rd_clk
    SLICE_X42Y46         FDRE                                         r  u_jtag_mac/u_post_chif_fifo/u_jtag_mac_fifo/U0/inst_fifo_gen/gconvfifo.rf/grf.rf/rstblk/ngwrdrst.grst.g7serrst.gsckt_wrst.gic_rst.sckt_rd_rst_ic_reg/C
  -------------------------------------------------------------------    -------------------
    SLICE_X42Y46         FDRE (Prop_fdre_C_Q)         0.518     3.769 r  u_jtag_mac/u_post_chif_fifo/u_jtag_mac_fifo/U0/inst_fifo_gen/gconvfifo.rf/grf.rf/rstblk/ngwrdrst.grst.g7serrst.gsckt_wrst.gic_rst.sckt_rd_rst_ic_reg/Q
                         net (fo=43, routed)          0.615     4.383    u_jtag_mac/u_post_chif_fifo/u_jtag_mac_fifo/U0/inst_fifo_gen/gconvfifo.rf/grf.rf/rstblk/ngwrdrst.grst.g7serrst.gsckt_wrst.gic_rst.xpm_cdc_single_inst_rrst_wr/src_in
    SLICE_X42Y49         FDRE                                         r  u_jtag_mac/u_post_chif_fifo/u_jtag_mac_fifo/U0/inst_fifo_gen/gconvfifo.rf/grf.rf/rstblk/ngwrdrst.grst.g7serrst.gsckt_wrst.gic_rst.xpm_cdc_single_inst_rrst_wr/syncstages_ff_reg[0]/D
  -------------------------------------------------------------------    -------------------

                         (clock clk_out1_clk_wiz_0 rise edge)
                                                      0.000     0.000 r  
    E3                                                0.000     0.000 r  sysclk (IN)
                         net (fo=0)                   0.000     0.000    u_clk_wiz_0/inst/clk_in1
    E3                   IBUF (Prop_ibuf_I_O)         1.418     1.418 r  u_clk_wiz_0/inst/clkin1_ibufg/O
                         net (fo=1, routed)           1.162     2.580    u_clk_wiz_0/inst/clk_in1_clk_wiz_0
    MMCME2_ADV_X1Y1      MMCME2_ADV (Prop_mmcme2_adv_CLKIN1_CLKOUT0)
                                                     -7.204    -4.624 r  u_clk_wiz_0/inst/mmcm_adv_inst/CLKOUT0
                         net (fo=1, routed)           1.581    -3.043    u_clk_wiz_0/inst/clk_out1_clk_wiz_0
    BUFGCTRL_X0Y16       BUFG (Prop_bufg_I_O)         0.091    -2.952 r  u_clk_wiz_0/inst/clkout1_buf/O
                         net (fo=2038, routed)        1.451    -1.500    u_jtag_mac/u_post_chif_fifo/u_jtag_mac_fifo/U0/inst_fifo_gen/gconvfifo.rf/grf.rf/rstblk/ngwrdrst.grst.g7serrst.gsckt_wrst.gic_rst.xpm_cdc_single_inst_rrst_wr/dest_clk
    SLICE_X42Y49         FDRE                                         r  u_jtag_mac/u_post_chif_fifo/u_jtag_mac_fifo/U0/inst_fifo_gen/gconvfifo.rf/grf.rf/rstblk/ngwrdrst.grst.g7serrst.gsckt_wrst.gic_rst.xpm_cdc_single_inst_rrst_wr/syncstages_ff_reg[0]/C

Slack:                    inf
  Source:                 u_jtag_mac/u_simcycle_fifo/u_simcycle_fifo/U0/inst_fifo_gen/gconvfifo.rf/grf.rf/rstblk/ngwrdrst.grst.g7serrst.gsckt_wrst.gic_rst.sckt_wr_rst_ic_reg/C
                            (rising edge-triggered cell FDRE clocked by TCK  {rise@0.000ns fall@7.576ns period=15.152ns})
  Destination:            u_jtag_mac/u_simcycle_fifo/u_simcycle_fifo/U0/inst_fifo_gen/gconvfifo.rf/grf.rf/rstblk/ngwrdrst.grst.g7serrst.gsckt_wrst.gic_rst.xpm_cdc_single_inst_wrst_rd/syncstages_ff_reg[0]/D
                            (rising edge-triggered cell FDRE clocked by clk_out1_clk_wiz_0  {rise@0.000ns fall@20.000ns period=40.000ns})
  Path Group:             (none)
  Path Type:              Setup (Max at Slow Process Corner)
  Data Path Delay:        0.776ns  (logic 0.456ns (58.777%)  route 0.320ns (41.223%))
  Logic Levels:           0  
  Clock Path Skew:        -4.750ns (DCD - SCD + CPR)
    Destination Clock Delay (DCD):    -1.506ns
    Source Clock Delay      (SCD):    3.244ns
    Clock Pessimism Removal (CPR):    0.000ns
  Clock Uncertainty:      0.202ns  ((TSJ^2 + DJ^2)^1/2) / 2 + PE
    Total System Jitter     (TSJ):    0.071ns
    Discrete Jitter          (DJ):    0.182ns
    Phase Error              (PE):    0.104ns
  Timing Exception:       Asynchronous Clock Groups

    Location             Delay type                Incr(ns)  Path(ns)    Netlist Resource(s)
  -------------------------------------------------------------------    -------------------
                         (clock TCK rise edge)        0.000     0.000 r  
    BSCAN_X0Y0           BSCANE2                      0.000     0.000 r  u_BSCANE2/TCK
                         net (fo=1, routed)           1.588     1.588    TCK
    BUFGCTRL_X0Y0        BUFG (Prop_bufg_I_O)         0.096     1.684 r  TCK_BUFG_inst/O
                         net (fo=507, routed)         1.559     3.244    u_jtag_mac/u_simcycle_fifo/u_simcycle_fifo/U0/inst_fifo_gen/gconvfifo.rf/grf.rf/rstblk/wr_clk
    SLICE_X43Y34         FDRE                                         r  u_jtag_mac/u_simcycle_fifo/u_simcycle_fifo/U0/inst_fifo_gen/gconvfifo.rf/grf.rf/rstblk/ngwrdrst.grst.g7serrst.gsckt_wrst.gic_rst.sckt_wr_rst_ic_reg/C
  -------------------------------------------------------------------    -------------------
    SLICE_X43Y34         FDRE (Prop_fdre_C_Q)         0.456     3.700 r  u_jtag_mac/u_simcycle_fifo/u_simcycle_fifo/U0/inst_fifo_gen/gconvfifo.rf/grf.rf/rstblk/ngwrdrst.grst.g7serrst.gsckt_wrst.gic_rst.sckt_wr_rst_ic_reg/Q
                         net (fo=16, routed)          0.320     4.020    u_jtag_mac/u_simcycle_fifo/u_simcycle_fifo/U0/inst_fifo_gen/gconvfifo.rf/grf.rf/rstblk/ngwrdrst.grst.g7serrst.gsckt_wrst.gic_rst.xpm_cdc_single_inst_wrst_rd/src_in
    SLICE_X43Y35         FDRE                                         r  u_jtag_mac/u_simcycle_fifo/u_simcycle_fifo/U0/inst_fifo_gen/gconvfifo.rf/grf.rf/rstblk/ngwrdrst.grst.g7serrst.gsckt_wrst.gic_rst.xpm_cdc_single_inst_wrst_rd/syncstages_ff_reg[0]/D
  -------------------------------------------------------------------    -------------------

                         (clock clk_out1_clk_wiz_0 rise edge)
                                                      0.000     0.000 r  
    E3                                                0.000     0.000 r  sysclk (IN)
                         net (fo=0)                   0.000     0.000    u_clk_wiz_0/inst/clk_in1
    E3                   IBUF (Prop_ibuf_I_O)         1.418     1.418 r  u_clk_wiz_0/inst/clkin1_ibufg/O
                         net (fo=1, routed)           1.162     2.580    u_clk_wiz_0/inst/clk_in1_clk_wiz_0
    MMCME2_ADV_X1Y1      MMCME2_ADV (Prop_mmcme2_adv_CLKIN1_CLKOUT0)
                                                     -7.204    -4.624 r  u_clk_wiz_0/inst/mmcm_adv_inst/CLKOUT0
                         net (fo=1, routed)           1.581    -3.043    u_clk_wiz_0/inst/clk_out1_clk_wiz_0
    BUFGCTRL_X0Y16       BUFG (Prop_bufg_I_O)         0.091    -2.952 r  u_clk_wiz_0/inst/clkout1_buf/O
                         net (fo=2038, routed)        1.445    -1.506    u_jtag_mac/u_simcycle_fifo/u_simcycle_fifo/U0/inst_fifo_gen/gconvfifo.rf/grf.rf/rstblk/ngwrdrst.grst.g7serrst.gsckt_wrst.gic_rst.xpm_cdc_single_inst_wrst_rd/dest_clk
    SLICE_X43Y35         FDRE                                         r  u_jtag_mac/u_simcycle_fifo/u_simcycle_fifo/U0/inst_fifo_gen/gconvfifo.rf/grf.rf/rstblk/ngwrdrst.grst.g7serrst.gsckt_wrst.gic_rst.xpm_cdc_single_inst_wrst_rd/syncstages_ff_reg[0]/C

Slack:                    inf
  Source:                 u_jtag_mac/user_rst_assert_reg/C
                            (rising edge-triggered cell FDRE clocked by TCK  {rise@0.000ns fall@7.576ns period=15.152ns})
  Destination:            u_mwfil_chiftop/u_dut/u_Multichannel_FIR_Filter/u_Discrete_FIR_Filter/delay2_reg[0][10]/CLR
                            (recovery check against rising-edge clock clk_out1_clk_wiz_0  {rise@0.000ns fall@20.000ns period=40.000ns})
  Path Group:             (none)
  Path Type:              Recovery (Max at Slow Process Corner)
  Data Path Delay:        8.833ns  (logic 0.580ns (6.566%)  route 8.253ns (93.434%))
  Logic Levels:           1  (LUT2=1)
  Clock Path Skew:        -4.772ns (DCD - SCD + CPR)
    Destination Clock Delay (DCD):    -1.521ns
    Source Clock Delay      (SCD):    3.251ns
    Clock Pessimism Removal (CPR):    0.000ns
  Clock Uncertainty:      0.202ns  ((TSJ^2 + DJ^2)^1/2) / 2 + PE
    Total System Jitter     (TSJ):    0.071ns
    Discrete Jitter          (DJ):    0.182ns
    Phase Error              (PE):    0.104ns
  Timing Exception:       Asynchronous Clock Groups

    Location             Delay type                Incr(ns)  Path(ns)    Netlist Resource(s)
  -------------------------------------------------------------------    -------------------
                         (clock TCK rise edge)        0.000     0.000 r  
    BSCAN_X0Y0           BSCANE2                      0.000     0.000 r  u_BSCANE2/TCK
                         net (fo=1, routed)           1.588     1.588    TCK
    BUFGCTRL_X0Y0        BUFG (Prop_bufg_I_O)         0.096     1.684 r  TCK_BUFG_inst/O
                         net (fo=507, routed)         1.566     3.251    u_jtag_mac/TCK_BUFG
    SLICE_X45Y42         FDRE                                         r  u_jtag_mac/user_rst_assert_reg/C
  -------------------------------------------------------------------    -------------------
    SLICE_X45Y42         FDRE (Prop_fdre_C_Q)         0.456     3.707 f  u_jtag_mac/user_rst_assert_reg/Q
                         net (fo=18, routed)          1.214     4.921    u_jtag_mac/user_rst_assert
    SLICE_X42Y33         LUT2 (Prop_lut2_I0_O)        0.124     5.045 f  u_jtag_mac/u_simcycle_fifo_i_1/O
                         net (fo=1708, routed)        7.039    12.084    u_mwfil_chiftop/u_dut/u_Multichannel_FIR_Filter/u_Discrete_FIR_Filter/SR[0]
    SLICE_X35Y56         FDCE                                         f  u_mwfil_chiftop/u_dut/u_Multichannel_FIR_Filter/u_Discrete_FIR_Filter/delay2_reg[0][10]/CLR
  -------------------------------------------------------------------    -------------------

                         (clock clk_out1_clk_wiz_0 rise edge)
                                                      0.000     0.000 r  
    E3                                                0.000     0.000 r  sysclk (IN)
                         net (fo=0)                   0.000     0.000    u_clk_wiz_0/inst/clk_in1
    E3                   IBUF (Prop_ibuf_I_O)         1.418     1.418 r  u_clk_wiz_0/inst/clkin1_ibufg/O
                         net (fo=1, routed)           1.162     2.580    u_clk_wiz_0/inst/clk_in1_clk_wiz_0
    MMCME2_ADV_X1Y1      MMCME2_ADV (Prop_mmcme2_adv_CLKIN1_CLKOUT0)
                                                     -7.204    -4.624 r  u_clk_wiz_0/inst/mmcm_adv_inst/CLKOUT0
                         net (fo=1, routed)           1.581    -3.043    u_clk_wiz_0/inst/clk_out1_clk_wiz_0
    BUFGCTRL_X0Y16       BUFG (Prop_bufg_I_O)         0.091    -2.952 r  u_clk_wiz_0/inst/clkout1_buf/O
                         net (fo=2038, routed)        1.431    -1.521    u_mwfil_chiftop/u_dut/u_Multichannel_FIR_Filter/u_Discrete_FIR_Filter/clk_out1
    SLICE_X35Y56         FDCE                                         r  u_mwfil_chiftop/u_dut/u_Multichannel_FIR_Filter/u_Discrete_FIR_Filter/delay2_reg[0][10]/C

Slack:                    inf
  Source:                 u_jtag_mac/user_rst_assert_reg/C
                            (rising edge-triggered cell FDRE clocked by TCK  {rise@0.000ns fall@7.576ns period=15.152ns})
  Destination:            u_mwfil_chiftop/u_dut/u_Multichannel_FIR_Filter/u_Discrete_FIR_Filter/delay2_reg[1][5]/CLR
                            (recovery check against rising-edge clock clk_out1_clk_wiz_0  {rise@0.000ns fall@20.000ns period=40.000ns})
  Path Group:             (none)
  Path Type:              Recovery (Max at Slow Process Corner)
  Data Path Delay:        8.833ns  (logic 0.580ns (6.566%)  route 8.253ns (93.434%))
  Logic Levels:           1  (LUT2=1)
  Clock Path Skew:        -4.772ns (DCD - SCD + CPR)
    Destination Clock Delay (DCD):    -1.521ns
    Source Clock Delay      (SCD):    3.251ns
    Clock Pessimism Removal (CPR):    0.000ns
  Clock Uncertainty:      0.202ns  ((TSJ^2 + DJ^2)^1/2) / 2 + PE
    Total System Jitter     (TSJ):    0.071ns
    Discrete Jitter          (DJ):    0.182ns
    Phase Error              (PE):    0.104ns
  Timing Exception:       Asynchronous Clock Groups

    Location             Delay type                Incr(ns)  Path(ns)    Netlist Resource(s)
  -------------------------------------------------------------------    -------------------
                         (clock TCK rise edge)        0.000     0.000 r  
    BSCAN_X0Y0           BSCANE2                      0.000     0.000 r  u_BSCANE2/TCK
                         net (fo=1, routed)           1.588     1.588    TCK
    BUFGCTRL_X0Y0        BUFG (Prop_bufg_I_O)         0.096     1.684 r  TCK_BUFG_inst/O
                         net (fo=507, routed)         1.566     3.251    u_jtag_mac/TCK_BUFG
    SLICE_X45Y42         FDRE                                         r  u_jtag_mac/user_rst_assert_reg/C
  -------------------------------------------------------------------    -------------------
    SLICE_X45Y42         FDRE (Prop_fdre_C_Q)         0.456     3.707 f  u_jtag_mac/user_rst_assert_reg/Q
                         net (fo=18, routed)          1.214     4.921    u_jtag_mac/user_rst_assert
    SLICE_X42Y33         LUT2 (Prop_lut2_I0_O)        0.124     5.045 f  u_jtag_mac/u_simcycle_fifo_i_1/O
                         net (fo=1708, routed)        7.039    12.084    u_mwfil_chiftop/u_dut/u_Multichannel_FIR_Filter/u_Discrete_FIR_Filter/SR[0]
    SLICE_X35Y56         FDCE                                         f  u_mwfil_chiftop/u_dut/u_Multichannel_FIR_Filter/u_Discrete_FIR_Filter/delay2_reg[1][5]/CLR
  -------------------------------------------------------------------    -------------------

                         (clock clk_out1_clk_wiz_0 rise edge)
                                                      0.000     0.000 r  
    E3                                                0.000     0.000 r  sysclk (IN)
                         net (fo=0)                   0.000     0.000    u_clk_wiz_0/inst/clk_in1
    E3                   IBUF (Prop_ibuf_I_O)         1.418     1.418 r  u_clk_wiz_0/inst/clkin1_ibufg/O
                         net (fo=1, routed)           1.162     2.580    u_clk_wiz_0/inst/clk_in1_clk_wiz_0
    MMCME2_ADV_X1Y1      MMCME2_ADV (Prop_mmcme2_adv_CLKIN1_CLKOUT0)
                                                     -7.204    -4.624 r  u_clk_wiz_0/inst/mmcm_adv_inst/CLKOUT0
                         net (fo=1, routed)           1.581    -3.043    u_clk_wiz_0/inst/clk_out1_clk_wiz_0
    BUFGCTRL_X0Y16       BUFG (Prop_bufg_I_O)         0.091    -2.952 r  u_clk_wiz_0/inst/clkout1_buf/O
                         net (fo=2038, routed)        1.431    -1.521    u_mwfil_chiftop/u_dut/u_Multichannel_FIR_Filter/u_Discrete_FIR_Filter/clk_out1
    SLICE_X35Y56         FDCE                                         r  u_mwfil_chiftop/u_dut/u_Multichannel_FIR_Filter/u_Discrete_FIR_Filter/delay2_reg[1][5]/C

Slack:                    inf
  Source:                 u_jtag_mac/user_rst_assert_reg/C
                            (rising edge-triggered cell FDRE clocked by TCK  {rise@0.000ns fall@7.576ns period=15.152ns})
  Destination:            u_mwfil_chiftop/u_dut/u_Multichannel_FIR_Filter/u_Discrete_FIR_Filter/delay3_reg[0][9]/CLR
                            (recovery check against rising-edge clock clk_out1_clk_wiz_0  {rise@0.000ns fall@20.000ns period=40.000ns})
  Path Group:             (none)
  Path Type:              Recovery (Max at Slow Process Corner)
  Data Path Delay:        8.833ns  (logic 0.580ns (6.566%)  route 8.253ns (93.434%))
  Logic Levels:           1  (LUT2=1)
  Clock Path Skew:        -4.772ns (DCD - SCD + CPR)
    Destination Clock Delay (DCD):    -1.521ns
    Source Clock Delay      (SCD):    3.251ns
    Clock Pessimism Removal (CPR):    0.000ns
  Clock Uncertainty:      0.202ns  ((TSJ^2 + DJ^2)^1/2) / 2 + PE
    Total System Jitter     (TSJ):    0.071ns
    Discrete Jitter          (DJ):    0.182ns
    Phase Error              (PE):    0.104ns
  Timing Exception:       Asynchronous Clock Groups

    Location             Delay type                Incr(ns)  Path(ns)    Netlist Resource(s)
  -------------------------------------------------------------------    -------------------
                         (clock TCK rise edge)        0.000     0.000 r  
    BSCAN_X0Y0           BSCANE2                      0.000     0.000 r  u_BSCANE2/TCK
                         net (fo=1, routed)           1.588     1.588    TCK
    BUFGCTRL_X0Y0        BUFG (Prop_bufg_I_O)         0.096     1.684 r  TCK_BUFG_inst/O
                         net (fo=507, routed)         1.566     3.251    u_jtag_mac/TCK_BUFG
    SLICE_X45Y42         FDRE                                         r  u_jtag_mac/user_rst_assert_reg/C
  -------------------------------------------------------------------    -------------------
    SLICE_X45Y42         FDRE (Prop_fdre_C_Q)         0.456     3.707 f  u_jtag_mac/user_rst_assert_reg/Q
                         net (fo=18, routed)          1.214     4.921    u_jtag_mac/user_rst_assert
    SLICE_X42Y33         LUT2 (Prop_lut2_I0_O)        0.124     5.045 f  u_jtag_mac/u_simcycle_fifo_i_1/O
                         net (fo=1708, routed)        7.039    12.084    u_mwfil_chiftop/u_dut/u_Multichannel_FIR_Filter/u_Discrete_FIR_Filter/SR[0]
    SLICE_X34Y56         FDCE                                         f  u_mwfil_chiftop/u_dut/u_Multichannel_FIR_Filter/u_Discrete_FIR_Filter/delay3_reg[0][9]/CLR
  -------------------------------------------------------------------    -------------------

                         (clock clk_out1_clk_wiz_0 rise edge)
                                                      0.000     0.000 r  
    E3                                                0.000     0.000 r  sysclk (IN)
                         net (fo=0)                   0.000     0.000    u_clk_wiz_0/inst/clk_in1
    E3                   IBUF (Prop_ibuf_I_O)         1.418     1.418 r  u_clk_wiz_0/inst/clkin1_ibufg/O
                         net (fo=1, routed)           1.162     2.580    u_clk_wiz_0/inst/clk_in1_clk_wiz_0
    MMCME2_ADV_X1Y1      MMCME2_ADV (Prop_mmcme2_adv_CLKIN1_CLKOUT0)
                                                     -7.204    -4.624 r  u_clk_wiz_0/inst/mmcm_adv_inst/CLKOUT0
                         net (fo=1, routed)           1.581    -3.043    u_clk_wiz_0/inst/clk_out1_clk_wiz_0
    BUFGCTRL_X0Y16       BUFG (Prop_bufg_I_O)         0.091    -2.952 r  u_clk_wiz_0/inst/clkout1_buf/O
                         net (fo=2038, routed)        1.431    -1.521    u_mwfil_chiftop/u_dut/u_Multichannel_FIR_Filter/u_Discrete_FIR_Filter/clk_out1
    SLICE_X34Y56         FDCE                                         r  u_mwfil_chiftop/u_dut/u_Multichannel_FIR_Filter/u_Discrete_FIR_Filter/delay3_reg[0][9]/C

Slack:                    inf
  Source:                 u_jtag_mac/user_rst_assert_reg/C
                            (rising edge-triggered cell FDRE clocked by TCK  {rise@0.000ns fall@7.576ns period=15.152ns})
  Destination:            u_mwfil_chiftop/u_dut/u_Multichannel_FIR_Filter/u_Discrete_FIR_Filter/delay41_reg[0][10]/CLR
                            (recovery check against rising-edge clock clk_out1_clk_wiz_0  {rise@0.000ns fall@20.000ns period=40.000ns})
  Path Group:             (none)
  Path Type:              Recovery (Max at Slow Process Corner)
  Data Path Delay:        8.833ns  (logic 0.580ns (6.566%)  route 8.253ns (93.434%))
  Logic Levels:           1  (LUT2=1)
  Clock Path Skew:        -4.772ns (DCD - SCD + CPR)
    Destination Clock Delay (DCD):    -1.521ns
    Source Clock Delay      (SCD):    3.251ns
    Clock Pessimism Removal (CPR):    0.000ns
  Clock Uncertainty:      0.202ns  ((TSJ^2 + DJ^2)^1/2) / 2 + PE
    Total System Jitter     (TSJ):    0.071ns
    Discrete Jitter          (DJ):    0.182ns
    Phase Error              (PE):    0.104ns
  Timing Exception:       Asynchronous Clock Groups

    Location             Delay type                Incr(ns)  Path(ns)    Netlist Resource(s)
  -------------------------------------------------------------------    -------------------
                         (clock TCK rise edge)        0.000     0.000 r  
    BSCAN_X0Y0           BSCANE2                      0.000     0.000 r  u_BSCANE2/TCK
                         net (fo=1, routed)           1.588     1.588    TCK
    BUFGCTRL_X0Y0        BUFG (Prop_bufg_I_O)         0.096     1.684 r  TCK_BUFG_inst/O
                         net (fo=507, routed)         1.566     3.251    u_jtag_mac/TCK_BUFG
    SLICE_X45Y42         FDRE                                         r  u_jtag_mac/user_rst_assert_reg/C
  -------------------------------------------------------------------    -------------------
    SLICE_X45Y42         FDRE (Prop_fdre_C_Q)         0.456     3.707 f  u_jtag_mac/user_rst_assert_reg/Q
                         net (fo=18, routed)          1.214     4.921    u_jtag_mac/user_rst_assert
    SLICE_X42Y33         LUT2 (Prop_lut2_I0_O)        0.124     5.045 f  u_jtag_mac/u_simcycle_fifo_i_1/O
                         net (fo=1708, routed)        7.039    12.084    u_mwfil_chiftop/u_dut/u_Multichannel_FIR_Filter/u_Discrete_FIR_Filter/SR[0]
    SLICE_X34Y56         FDCE                                         f  u_mwfil_chiftop/u_dut/u_Multichannel_FIR_Filter/u_Discrete_FIR_Filter/delay41_reg[0][10]/CLR
  -------------------------------------------------------------------    -------------------

                         (clock clk_out1_clk_wiz_0 rise edge)
                                                      0.000     0.000 r  
    E3                                                0.000     0.000 r  sysclk (IN)
                         net (fo=0)                   0.000     0.000    u_clk_wiz_0/inst/clk_in1
    E3                   IBUF (Prop_ibuf_I_O)         1.418     1.418 r  u_clk_wiz_0/inst/clkin1_ibufg/O
                         net (fo=1, routed)           1.162     2.580    u_clk_wiz_0/inst/clk_in1_clk_wiz_0
    MMCME2_ADV_X1Y1      MMCME2_ADV (Prop_mmcme2_adv_CLKIN1_CLKOUT0)
                                                     -7.204    -4.624 r  u_clk_wiz_0/inst/mmcm_adv_inst/CLKOUT0
                         net (fo=1, routed)           1.581    -3.043    u_clk_wiz_0/inst/clk_out1_clk_wiz_0
    BUFGCTRL_X0Y16       BUFG (Prop_bufg_I_O)         0.091    -2.952 r  u_clk_wiz_0/inst/clkout1_buf/O
                         net (fo=2038, routed)        1.431    -1.521    u_mwfil_chiftop/u_dut/u_Multichannel_FIR_Filter/u_Discrete_FIR_Filter/clk_out1
    SLICE_X34Y56         FDCE                                         r  u_mwfil_chiftop/u_dut/u_Multichannel_FIR_Filter/u_Discrete_FIR_Filter/delay41_reg[0][10]/C





Min Delay Paths
--------------------------------------------------------------------------------------
Slack:                    inf
  Source:                 u_jtag_mac/u_simcycle_fifo/u_simcycle_fifo/U0/inst_fifo_gen/gconvfifo.rf/grf.rf/rstblk/ngwrdrst.grst.g7serrst.gsckt_wrst.gic_rst.sckt_wr_rst_ic_reg/C
                            (rising edge-triggered cell FDRE clocked by TCK  {rise@0.000ns fall@7.576ns period=15.152ns})
  Destination:            u_jtag_mac/u_simcycle_fifo/u_simcycle_fifo/U0/inst_fifo_gen/gconvfifo.rf/grf.rf/rstblk/ngwrdrst.grst.g7serrst.gsckt_wrst.gic_rst.xpm_cdc_single_inst_wrst_rd/syncstages_ff_reg[0]/D
                            (rising edge-triggered cell FDRE clocked by clk_out1_clk_wiz_0  {rise@0.000ns fall@20.000ns period=40.000ns})
  Path Group:             (none)
  Path Type:              Hold (Min at Fast Process Corner)
  Data Path Delay:        0.273ns  (logic 0.141ns (51.683%)  route 0.132ns (48.317%))
  Logic Levels:           0  
  Clock Path Skew:        -1.996ns (DCD - SCD - CPR)
    Destination Clock Delay (DCD):    -0.825ns
    Source Clock Delay      (SCD):    1.171ns
    Clock Pessimism Removal (CPR):    -0.000ns
  Clock Uncertainty:      0.202ns  ((TSJ^2 + DJ^2)^1/2) / 2 + PE
    Total System Jitter     (TSJ):    0.071ns
    Discrete Jitter          (DJ):    0.182ns
    Phase Error              (PE):    0.104ns
  Timing Exception:       Asynchronous Clock Groups

    Location             Delay type                Incr(ns)  Path(ns)    Netlist Resource(s)
  -------------------------------------------------------------------    -------------------
                         (clock TCK rise edge)        0.000     0.000 r  
    BSCAN_X0Y0           BSCANE2                      0.000     0.000 r  u_BSCANE2/TCK
                         net (fo=1, routed)           0.586     0.586    TCK
    BUFGCTRL_X0Y0        BUFG (Prop_bufg_I_O)         0.026     0.612 r  TCK_BUFG_inst/O
                         net (fo=507, routed)         0.559     1.171    u_jtag_mac/u_simcycle_fifo/u_simcycle_fifo/U0/inst_fifo_gen/gconvfifo.rf/grf.rf/rstblk/wr_clk
    SLICE_X43Y34         FDRE                                         r  u_jtag_mac/u_simcycle_fifo/u_simcycle_fifo/U0/inst_fifo_gen/gconvfifo.rf/grf.rf/rstblk/ngwrdrst.grst.g7serrst.gsckt_wrst.gic_rst.sckt_wr_rst_ic_reg/C
  -------------------------------------------------------------------    -------------------
    SLICE_X43Y34         FDRE (Prop_fdre_C_Q)         0.141     1.312 r  u_jtag_mac/u_simcycle_fifo/u_simcycle_fifo/U0/inst_fifo_gen/gconvfifo.rf/grf.rf/rstblk/ngwrdrst.grst.g7serrst.gsckt_wrst.gic_rst.sckt_wr_rst_ic_reg/Q
                         net (fo=16, routed)          0.132     1.444    u_jtag_mac/u_simcycle_fifo/u_simcycle_fifo/U0/inst_fifo_gen/gconvfifo.rf/grf.rf/rstblk/ngwrdrst.grst.g7serrst.gsckt_wrst.gic_rst.xpm_cdc_single_inst_wrst_rd/src_in
    SLICE_X43Y35         FDRE                                         r  u_jtag_mac/u_simcycle_fifo/u_simcycle_fifo/U0/inst_fifo_gen/gconvfifo.rf/grf.rf/rstblk/ngwrdrst.grst.g7serrst.gsckt_wrst.gic_rst.xpm_cdc_single_inst_wrst_rd/syncstages_ff_reg[0]/D
  -------------------------------------------------------------------    -------------------

                         (clock clk_out1_clk_wiz_0 rise edge)
                                                      0.000     0.000 r  
    E3                                                0.000     0.000 r  sysclk (IN)
                         net (fo=0)                   0.000     0.000    u_clk_wiz_0/inst/clk_in1
    E3                   IBUF (Prop_ibuf_I_O)         0.445     0.445 r  u_clk_wiz_0/inst/clkin1_ibufg/O
                         net (fo=1, routed)           0.480     0.925    u_clk_wiz_0/inst/clk_in1_clk_wiz_0
    MMCME2_ADV_X1Y1      MMCME2_ADV (Prop_mmcme2_adv_CLKIN1_CLKOUT0)
                                                     -3.138    -2.213 r  u_clk_wiz_0/inst/mmcm_adv_inst/CLKOUT0
                         net (fo=1, routed)           0.530    -1.684    u_clk_wiz_0/inst/clk_out1_clk_wiz_0
    BUFGCTRL_X0Y16       BUFG (Prop_bufg_I_O)         0.029    -1.655 r  u_clk_wiz_0/inst/clkout1_buf/O
                         net (fo=2038, routed)        0.830    -0.825    u_jtag_mac/u_simcycle_fifo/u_simcycle_fifo/U0/inst_fifo_gen/gconvfifo.rf/grf.rf/rstblk/ngwrdrst.grst.g7serrst.gsckt_wrst.gic_rst.xpm_cdc_single_inst_wrst_rd/dest_clk
    SLICE_X43Y35         FDRE                                         r  u_jtag_mac/u_simcycle_fifo/u_simcycle_fifo/U0/inst_fifo_gen/gconvfifo.rf/grf.rf/rstblk/ngwrdrst.grst.g7serrst.gsckt_wrst.gic_rst.xpm_cdc_single_inst_wrst_rd/syncstages_ff_reg[0]/C

Slack:                    inf
  Source:                 u_jtag_mac/u_pre_chif_fifo/u_jtag_mac_fifo/U0/inst_fifo_gen/gconvfifo.rf/grf.rf/gntv_or_sync_fifo.gcx.clkx/wr_pntr_cdc_inst/src_gray_ff_reg[1]/C
                            (rising edge-triggered cell FDRE clocked by TCK  {rise@0.000ns fall@7.576ns period=15.152ns})
  Destination:            u_jtag_mac/u_pre_chif_fifo/u_jtag_mac_fifo/U0/inst_fifo_gen/gconvfifo.rf/grf.rf/gntv_or_sync_fifo.gcx.clkx/wr_pntr_cdc_inst/dest_graysync_ff_reg[0][1]/D
                            (rising edge-triggered cell FDRE clocked by clk_out1_clk_wiz_0  {rise@0.000ns fall@20.000ns period=40.000ns})
  Path Group:             (none)
  Path Type:              Hold (Min at Fast Process Corner)
  Data Path Delay:        0.299ns  (logic 0.128ns (42.817%)  route 0.171ns (57.183%))
  Logic Levels:           0  
  Clock Path Skew:        -1.998ns (DCD - SCD - CPR)
    Destination Clock Delay (DCD):    -0.828ns
    Source Clock Delay      (SCD):    1.170ns
    Clock Pessimism Removal (CPR):    -0.000ns
  Clock Uncertainty:      0.202ns  ((TSJ^2 + DJ^2)^1/2) / 2 + PE
    Total System Jitter     (TSJ):    0.071ns
    Discrete Jitter          (DJ):    0.182ns
    Phase Error              (PE):    0.104ns
  Timing Exception:       Asynchronous Clock Groups

    Location             Delay type                Incr(ns)  Path(ns)    Netlist Resource(s)
  -------------------------------------------------------------------    -------------------
                         (clock TCK rise edge)        0.000     0.000 r  
    BSCAN_X0Y0           BSCANE2                      0.000     0.000 r  u_BSCANE2/TCK
                         net (fo=1, routed)           0.586     0.586    TCK
    BUFGCTRL_X0Y0        BUFG (Prop_bufg_I_O)         0.026     0.612 r  TCK_BUFG_inst/O
                         net (fo=507, routed)         0.558     1.170    u_jtag_mac/u_pre_chif_fifo/u_jtag_mac_fifo/U0/inst_fifo_gen/gconvfifo.rf/grf.rf/gntv_or_sync_fifo.gcx.clkx/wr_pntr_cdc_inst/src_clk
    SLICE_X29Y16         FDRE                                         r  u_jtag_mac/u_pre_chif_fifo/u_jtag_mac_fifo/U0/inst_fifo_gen/gconvfifo.rf/grf.rf/gntv_or_sync_fifo.gcx.clkx/wr_pntr_cdc_inst/src_gray_ff_reg[1]/C
  -------------------------------------------------------------------    -------------------
    SLICE_X29Y16         FDRE (Prop_fdre_C_Q)         0.128     1.298 r  u_jtag_mac/u_pre_chif_fifo/u_jtag_mac_fifo/U0/inst_fifo_gen/gconvfifo.rf/grf.rf/gntv_or_sync_fifo.gcx.clkx/wr_pntr_cdc_inst/src_gray_ff_reg[1]/Q
                         net (fo=1, routed)           0.171     1.469    u_jtag_mac/u_pre_chif_fifo/u_jtag_mac_fifo/U0/inst_fifo_gen/gconvfifo.rf/grf.rf/gntv_or_sync_fifo.gcx.clkx/wr_pntr_cdc_inst/async_path[1]
    SLICE_X30Y16         FDRE                                         r  u_jtag_mac/u_pre_chif_fifo/u_jtag_mac_fifo/U0/inst_fifo_gen/gconvfifo.rf/grf.rf/gntv_or_sync_fifo.gcx.clkx/wr_pntr_cdc_inst/dest_graysync_ff_reg[0][1]/D
  -------------------------------------------------------------------    -------------------

                         (clock clk_out1_clk_wiz_0 rise edge)
                                                      0.000     0.000 r  
    E3                                                0.000     0.000 r  sysclk (IN)
                         net (fo=0)                   0.000     0.000    u_clk_wiz_0/inst/clk_in1
    E3                   IBUF (Prop_ibuf_I_O)         0.445     0.445 r  u_clk_wiz_0/inst/clkin1_ibufg/O
                         net (fo=1, routed)           0.480     0.925    u_clk_wiz_0/inst/clk_in1_clk_wiz_0
    MMCME2_ADV_X1Y1      MMCME2_ADV (Prop_mmcme2_adv_CLKIN1_CLKOUT0)
                                                     -3.138    -2.213 r  u_clk_wiz_0/inst/mmcm_adv_inst/CLKOUT0
                         net (fo=1, routed)           0.530    -1.684    u_clk_wiz_0/inst/clk_out1_clk_wiz_0
    BUFGCTRL_X0Y16       BUFG (Prop_bufg_I_O)         0.029    -1.655 r  u_clk_wiz_0/inst/clkout1_buf/O
                         net (fo=2038, routed)        0.827    -0.828    u_jtag_mac/u_pre_chif_fifo/u_jtag_mac_fifo/U0/inst_fifo_gen/gconvfifo.rf/grf.rf/gntv_or_sync_fifo.gcx.clkx/wr_pntr_cdc_inst/dest_clk
    SLICE_X30Y16         FDRE                                         r  u_jtag_mac/u_pre_chif_fifo/u_jtag_mac_fifo/U0/inst_fifo_gen/gconvfifo.rf/grf.rf/gntv_or_sync_fifo.gcx.clkx/wr_pntr_cdc_inst/dest_graysync_ff_reg[0][1]/C

Slack:                    inf
  Source:                 u_jtag_mac/u_post_chif_fifo/u_jtag_mac_fifo/U0/inst_fifo_gen/gconvfifo.rf/grf.rf/gntv_or_sync_fifo.gcx.clkx/rd_pntr_cdc_inst/src_gray_ff_reg[1]/C
                            (rising edge-triggered cell FDRE clocked by TCK  {rise@0.000ns fall@7.576ns period=15.152ns})
  Destination:            u_jtag_mac/u_post_chif_fifo/u_jtag_mac_fifo/U0/inst_fifo_gen/gconvfifo.rf/grf.rf/gntv_or_sync_fifo.gcx.clkx/rd_pntr_cdc_inst/dest_graysync_ff_reg[0][1]/D
                            (rising edge-triggered cell FDRE clocked by clk_out1_clk_wiz_0  {rise@0.000ns fall@20.000ns period=40.000ns})
  Path Group:             (none)
  Path Type:              Hold (Min at Fast Process Corner)
  Data Path Delay:        0.298ns  (logic 0.128ns (42.969%)  route 0.170ns (57.031%))
  Logic Levels:           0  
  Clock Path Skew:        -1.994ns (DCD - SCD - CPR)
    Destination Clock Delay (DCD):    -0.818ns
    Source Clock Delay      (SCD):    1.176ns
    Clock Pessimism Removal (CPR):    -0.000ns
  Clock Uncertainty:      0.202ns  ((TSJ^2 + DJ^2)^1/2) / 2 + PE
    Total System Jitter     (TSJ):    0.071ns
    Discrete Jitter          (DJ):    0.182ns
    Phase Error              (PE):    0.104ns
  Timing Exception:       Asynchronous Clock Groups

    Location             Delay type                Incr(ns)  Path(ns)    Netlist Resource(s)
  -------------------------------------------------------------------    -------------------
                         (clock TCK rise edge)        0.000     0.000 r  
    BSCAN_X0Y0           BSCANE2                      0.000     0.000 r  u_BSCANE2/TCK
                         net (fo=1, routed)           0.586     0.586    TCK
    BUFGCTRL_X0Y0        BUFG (Prop_bufg_I_O)         0.026     0.612 r  TCK_BUFG_inst/O
                         net (fo=507, routed)         0.564     1.176    u_jtag_mac/u_post_chif_fifo/u_jtag_mac_fifo/U0/inst_fifo_gen/gconvfifo.rf/grf.rf/gntv_or_sync_fifo.gcx.clkx/rd_pntr_cdc_inst/src_clk
    SLICE_X15Y39         FDRE                                         r  u_jtag_mac/u_post_chif_fifo/u_jtag_mac_fifo/U0/inst_fifo_gen/gconvfifo.rf/grf.rf/gntv_or_sync_fifo.gcx.clkx/rd_pntr_cdc_inst/src_gray_ff_reg[1]/C
  -------------------------------------------------------------------    -------------------
    SLICE_X15Y39         FDRE (Prop_fdre_C_Q)         0.128     1.304 r  u_jtag_mac/u_post_chif_fifo/u_jtag_mac_fifo/U0/inst_fifo_gen/gconvfifo.rf/grf.rf/gntv_or_sync_fifo.gcx.clkx/rd_pntr_cdc_inst/src_gray_ff_reg[1]/Q
                         net (fo=1, routed)           0.170     1.474    u_jtag_mac/u_post_chif_fifo/u_jtag_mac_fifo/U0/inst_fifo_gen/gconvfifo.rf/grf.rf/gntv_or_sync_fifo.gcx.clkx/rd_pntr_cdc_inst/async_path[1]
    SLICE_X15Y42         FDRE                                         r  u_jtag_mac/u_post_chif_fifo/u_jtag_mac_fifo/U0/inst_fifo_gen/gconvfifo.rf/grf.rf/gntv_or_sync_fifo.gcx.clkx/rd_pntr_cdc_inst/dest_graysync_ff_reg[0][1]/D
  -------------------------------------------------------------------    -------------------

                         (clock clk_out1_clk_wiz_0 rise edge)
                                                      0.000     0.000 r  
    E3                                                0.000     0.000 r  sysclk (IN)
                         net (fo=0)                   0.000     0.000    u_clk_wiz_0/inst/clk_in1
    E3                   IBUF (Prop_ibuf_I_O)         0.445     0.445 r  u_clk_wiz_0/inst/clkin1_ibufg/O
                         net (fo=1, routed)           0.480     0.925    u_clk_wiz_0/inst/clk_in1_clk_wiz_0
    MMCME2_ADV_X1Y1      MMCME2_ADV (Prop_mmcme2_adv_CLKIN1_CLKOUT0)
                                                     -3.138    -2.213 r  u_clk_wiz_0/inst/mmcm_adv_inst/CLKOUT0
                         net (fo=1, routed)           0.530    -1.684    u_clk_wiz_0/inst/clk_out1_clk_wiz_0
    BUFGCTRL_X0Y16       BUFG (Prop_bufg_I_O)         0.029    -1.655 r  u_clk_wiz_0/inst/clkout1_buf/O
                         net (fo=2038, routed)        0.837    -0.818    u_jtag_mac/u_post_chif_fifo/u_jtag_mac_fifo/U0/inst_fifo_gen/gconvfifo.rf/grf.rf/gntv_or_sync_fifo.gcx.clkx/rd_pntr_cdc_inst/dest_clk
    SLICE_X15Y42         FDRE                                         r  u_jtag_mac/u_post_chif_fifo/u_jtag_mac_fifo/U0/inst_fifo_gen/gconvfifo.rf/grf.rf/gntv_or_sync_fifo.gcx.clkx/rd_pntr_cdc_inst/dest_graysync_ff_reg[0][1]/C

Slack:                    inf
  Source:                 u_jtag_mac/u_pre_chif_fifo/u_jtag_mac_fifo/U0/inst_fifo_gen/gconvfifo.rf/grf.rf/gntv_or_sync_fifo.gcx.clkx/wr_pntr_cdc_inst/src_gray_ff_reg[11]/C
                            (rising edge-triggered cell FDRE clocked by TCK  {rise@0.000ns fall@7.576ns period=15.152ns})
  Destination:            u_jtag_mac/u_pre_chif_fifo/u_jtag_mac_fifo/U0/inst_fifo_gen/gconvfifo.rf/grf.rf/gntv_or_sync_fifo.gcx.clkx/wr_pntr_cdc_inst/dest_graysync_ff_reg[0][11]/D
                            (rising edge-triggered cell FDRE clocked by clk_out1_clk_wiz_0  {rise@0.000ns fall@20.000ns period=40.000ns})
  Path Group:             (none)
  Path Type:              Hold (Min at Fast Process Corner)
  Data Path Delay:        0.308ns  (logic 0.141ns (45.734%)  route 0.167ns (54.266%))
  Logic Levels:           0  
  Clock Path Skew:        -1.998ns (DCD - SCD - CPR)
    Destination Clock Delay (DCD):    -0.830ns
    Source Clock Delay      (SCD):    1.168ns
    Clock Pessimism Removal (CPR):    -0.000ns
  Clock Uncertainty:      0.202ns  ((TSJ^2 + DJ^2)^1/2) / 2 + PE
    Total System Jitter     (TSJ):    0.071ns
    Discrete Jitter          (DJ):    0.182ns
    Phase Error              (PE):    0.104ns
  Timing Exception:       Asynchronous Clock Groups

    Location             Delay type                Incr(ns)  Path(ns)    Netlist Resource(s)
  -------------------------------------------------------------------    -------------------
                         (clock TCK rise edge)        0.000     0.000 r  
    BSCAN_X0Y0           BSCANE2                      0.000     0.000 r  u_BSCANE2/TCK
                         net (fo=1, routed)           0.586     0.586    TCK
    BUFGCTRL_X0Y0        BUFG (Prop_bufg_I_O)         0.026     0.612 r  TCK_BUFG_inst/O
                         net (fo=507, routed)         0.556     1.168    u_jtag_mac/u_pre_chif_fifo/u_jtag_mac_fifo/U0/inst_fifo_gen/gconvfifo.rf/grf.rf/gntv_or_sync_fifo.gcx.clkx/wr_pntr_cdc_inst/src_clk
    SLICE_X29Y18         FDRE                                         r  u_jtag_mac/u_pre_chif_fifo/u_jtag_mac_fifo/U0/inst_fifo_gen/gconvfifo.rf/grf.rf/gntv_or_sync_fifo.gcx.clkx/wr_pntr_cdc_inst/src_gray_ff_reg[11]/C
  -------------------------------------------------------------------    -------------------
    SLICE_X29Y18         FDRE (Prop_fdre_C_Q)         0.141     1.309 r  u_jtag_mac/u_pre_chif_fifo/u_jtag_mac_fifo/U0/inst_fifo_gen/gconvfifo.rf/grf.rf/gntv_or_sync_fifo.gcx.clkx/wr_pntr_cdc_inst/src_gray_ff_reg[11]/Q
                         net (fo=1, routed)           0.167     1.476    u_jtag_mac/u_pre_chif_fifo/u_jtag_mac_fifo/U0/inst_fifo_gen/gconvfifo.rf/grf.rf/gntv_or_sync_fifo.gcx.clkx/wr_pntr_cdc_inst/async_path[11]
    SLICE_X29Y19         FDRE                                         r  u_jtag_mac/u_pre_chif_fifo/u_jtag_mac_fifo/U0/inst_fifo_gen/gconvfifo.rf/grf.rf/gntv_or_sync_fifo.gcx.clkx/wr_pntr_cdc_inst/dest_graysync_ff_reg[0][11]/D
  -------------------------------------------------------------------    -------------------

                         (clock clk_out1_clk_wiz_0 rise edge)
                                                      0.000     0.000 r  
    E3                                                0.000     0.000 r  sysclk (IN)
                         net (fo=0)                   0.000     0.000    u_clk_wiz_0/inst/clk_in1
    E3                   IBUF (Prop_ibuf_I_O)         0.445     0.445 r  u_clk_wiz_0/inst/clkin1_ibufg/O
                         net (fo=1, routed)           0.480     0.925    u_clk_wiz_0/inst/clk_in1_clk_wiz_0
    MMCME2_ADV_X1Y1      MMCME2_ADV (Prop_mmcme2_adv_CLKIN1_CLKOUT0)
                                                     -3.138    -2.213 r  u_clk_wiz_0/inst/mmcm_adv_inst/CLKOUT0
                         net (fo=1, routed)           0.530    -1.684    u_clk_wiz_0/inst/clk_out1_clk_wiz_0
    BUFGCTRL_X0Y16       BUFG (Prop_bufg_I_O)         0.029    -1.655 r  u_clk_wiz_0/inst/clkout1_buf/O
                         net (fo=2038, routed)        0.825    -0.830    u_jtag_mac/u_pre_chif_fifo/u_jtag_mac_fifo/U0/inst_fifo_gen/gconvfifo.rf/grf.rf/gntv_or_sync_fifo.gcx.clkx/wr_pntr_cdc_inst/dest_clk
    SLICE_X29Y19         FDRE                                         r  u_jtag_mac/u_pre_chif_fifo/u_jtag_mac_fifo/U0/inst_fifo_gen/gconvfifo.rf/grf.rf/gntv_or_sync_fifo.gcx.clkx/wr_pntr_cdc_inst/dest_graysync_ff_reg[0][11]/C

Slack:                    inf
  Source:                 u_jtag_mac/u_pre_chif_fifo/u_jtag_mac_fifo/U0/inst_fifo_gen/gconvfifo.rf/grf.rf/gntv_or_sync_fifo.gcx.clkx/wr_pntr_cdc_inst/src_gray_ff_reg[7]/C
                            (rising edge-triggered cell FDRE clocked by TCK  {rise@0.000ns fall@7.576ns period=15.152ns})
  Destination:            u_jtag_mac/u_pre_chif_fifo/u_jtag_mac_fifo/U0/inst_fifo_gen/gconvfifo.rf/grf.rf/gntv_or_sync_fifo.gcx.clkx/wr_pntr_cdc_inst/dest_graysync_ff_reg[0][7]/D
                            (rising edge-triggered cell FDRE clocked by clk_out1_clk_wiz_0  {rise@0.000ns fall@20.000ns period=40.000ns})
  Path Group:             (none)
  Path Type:              Hold (Min at Fast Process Corner)
  Data Path Delay:        0.307ns  (logic 0.128ns (41.681%)  route 0.179ns (58.319%))
  Logic Levels:           0  
  Clock Path Skew:        -1.996ns (DCD - SCD - CPR)
    Destination Clock Delay (DCD):    -0.826ns
    Source Clock Delay      (SCD):    1.170ns
    Clock Pessimism Removal (CPR):    -0.000ns
  Clock Uncertainty:      0.202ns  ((TSJ^2 + DJ^2)^1/2) / 2 + PE
    Total System Jitter     (TSJ):    0.071ns
    Discrete Jitter          (DJ):    0.182ns
    Phase Error              (PE):    0.104ns
  Timing Exception:       Asynchronous Clock Groups

    Location             Delay type                Incr(ns)  Path(ns)    Netlist Resource(s)
  -------------------------------------------------------------------    -------------------
                         (clock TCK rise edge)        0.000     0.000 r  
    BSCAN_X0Y0           BSCANE2                      0.000     0.000 r  u_BSCANE2/TCK
                         net (fo=1, routed)           0.586     0.586    TCK
    BUFGCTRL_X0Y0        BUFG (Prop_bufg_I_O)         0.026     0.612 r  TCK_BUFG_inst/O
                         net (fo=507, routed)         0.558     1.170    u_jtag_mac/u_pre_chif_fifo/u_jtag_mac_fifo/U0/inst_fifo_gen/gconvfifo.rf/grf.rf/gntv_or_sync_fifo.gcx.clkx/wr_pntr_cdc_inst/src_clk
    SLICE_X29Y16         FDRE                                         r  u_jtag_mac/u_pre_chif_fifo/u_jtag_mac_fifo/U0/inst_fifo_gen/gconvfifo.rf/grf.rf/gntv_or_sync_fifo.gcx.clkx/wr_pntr_cdc_inst/src_gray_ff_reg[7]/C
  -------------------------------------------------------------------    -------------------
    SLICE_X29Y16         FDRE (Prop_fdre_C_Q)         0.128     1.298 r  u_jtag_mac/u_pre_chif_fifo/u_jtag_mac_fifo/U0/inst_fifo_gen/gconvfifo.rf/grf.rf/gntv_or_sync_fifo.gcx.clkx/wr_pntr_cdc_inst/src_gray_ff_reg[7]/Q
                         net (fo=1, routed)           0.179     1.477    u_jtag_mac/u_pre_chif_fifo/u_jtag_mac_fifo/U0/inst_fifo_gen/gconvfifo.rf/grf.rf/gntv_or_sync_fifo.gcx.clkx/wr_pntr_cdc_inst/async_path[7]
    SLICE_X28Y15         FDRE                                         r  u_jtag_mac/u_pre_chif_fifo/u_jtag_mac_fifo/U0/inst_fifo_gen/gconvfifo.rf/grf.rf/gntv_or_sync_fifo.gcx.clkx/wr_pntr_cdc_inst/dest_graysync_ff_reg[0][7]/D
  -------------------------------------------------------------------    -------------------

                         (clock clk_out1_clk_wiz_0 rise edge)
                                                      0.000     0.000 r  
    E3                                                0.000     0.000 r  sysclk (IN)
                         net (fo=0)                   0.000     0.000    u_clk_wiz_0/inst/clk_in1
    E3                   IBUF (Prop_ibuf_I_O)         0.445     0.445 r  u_clk_wiz_0/inst/clkin1_ibufg/O
                         net (fo=1, routed)           0.480     0.925    u_clk_wiz_0/inst/clk_in1_clk_wiz_0
    MMCME2_ADV_X1Y1      MMCME2_ADV (Prop_mmcme2_adv_CLKIN1_CLKOUT0)
                                                     -3.138    -2.213 r  u_clk_wiz_0/inst/mmcm_adv_inst/CLKOUT0
                         net (fo=1, routed)           0.530    -1.684    u_clk_wiz_0/inst/clk_out1_clk_wiz_0
    BUFGCTRL_X0Y16       BUFG (Prop_bufg_I_O)         0.029    -1.655 r  u_clk_wiz_0/inst/clkout1_buf/O
                         net (fo=2038, routed)        0.829    -0.826    u_jtag_mac/u_pre_chif_fifo/u_jtag_mac_fifo/U0/inst_fifo_gen/gconvfifo.rf/grf.rf/gntv_or_sync_fifo.gcx.clkx/wr_pntr_cdc_inst/dest_clk
    SLICE_X28Y15         FDRE                                         r  u_jtag_mac/u_pre_chif_fifo/u_jtag_mac_fifo/U0/inst_fifo_gen/gconvfifo.rf/grf.rf/gntv_or_sync_fifo.gcx.clkx/wr_pntr_cdc_inst/dest_graysync_ff_reg[0][7]/C

Slack:                    inf
  Source:                 u_jtag_mac/u_pre_chif_fifo/u_jtag_mac_fifo/U0/inst_fifo_gen/gconvfifo.rf/grf.rf/gntv_or_sync_fifo.gcx.clkx/wr_pntr_cdc_inst/src_gray_ff_reg[9]/C
                            (rising edge-triggered cell FDRE clocked by TCK  {rise@0.000ns fall@7.576ns period=15.152ns})
  Destination:            u_jtag_mac/u_pre_chif_fifo/u_jtag_mac_fifo/U0/inst_fifo_gen/gconvfifo.rf/grf.rf/gntv_or_sync_fifo.gcx.clkx/wr_pntr_cdc_inst/dest_graysync_ff_reg[0][9]/D
                            (rising edge-triggered cell FDRE clocked by clk_out1_clk_wiz_0  {rise@0.000ns fall@20.000ns period=40.000ns})
  Path Group:             (none)
  Path Type:              Hold (Min at Fast Process Corner)
  Data Path Delay:        0.310ns  (logic 0.128ns (41.333%)  route 0.182ns (58.667%))
  Logic Levels:           0  
  Clock Path Skew:        -1.996ns (DCD - SCD - CPR)
    Destination Clock Delay (DCD):    -0.827ns
    Source Clock Delay      (SCD):    1.169ns
    Clock Pessimism Removal (CPR):    -0.000ns
  Clock Uncertainty:      0.202ns  ((TSJ^2 + DJ^2)^1/2) / 2 + PE
    Total System Jitter     (TSJ):    0.071ns
    Discrete Jitter          (DJ):    0.182ns
    Phase Error              (PE):    0.104ns
  Timing Exception:       Asynchronous Clock Groups

    Location             Delay type                Incr(ns)  Path(ns)    Netlist Resource(s)
  -------------------------------------------------------------------    -------------------
                         (clock TCK rise edge)        0.000     0.000 r  
    BSCAN_X0Y0           BSCANE2                      0.000     0.000 r  u_BSCANE2/TCK
                         net (fo=1, routed)           0.586     0.586    TCK
    BUFGCTRL_X0Y0        BUFG (Prop_bufg_I_O)         0.026     0.612 r  TCK_BUFG_inst/O
                         net (fo=507, routed)         0.557     1.169    u_jtag_mac/u_pre_chif_fifo/u_jtag_mac_fifo/U0/inst_fifo_gen/gconvfifo.rf/grf.rf/gntv_or_sync_fifo.gcx.clkx/wr_pntr_cdc_inst/src_clk
    SLICE_X28Y17         FDRE                                         r  u_jtag_mac/u_pre_chif_fifo/u_jtag_mac_fifo/U0/inst_fifo_gen/gconvfifo.rf/grf.rf/gntv_or_sync_fifo.gcx.clkx/wr_pntr_cdc_inst/src_gray_ff_reg[9]/C
  -------------------------------------------------------------------    -------------------
    SLICE_X28Y17         FDRE (Prop_fdre_C_Q)         0.128     1.297 r  u_jtag_mac/u_pre_chif_fifo/u_jtag_mac_fifo/U0/inst_fifo_gen/gconvfifo.rf/grf.rf/gntv_or_sync_fifo.gcx.clkx/wr_pntr_cdc_inst/src_gray_ff_reg[9]/Q
                         net (fo=1, routed)           0.182     1.479    u_jtag_mac/u_pre_chif_fifo/u_jtag_mac_fifo/U0/inst_fifo_gen/gconvfifo.rf/grf.rf/gntv_or_sync_fifo.gcx.clkx/wr_pntr_cdc_inst/async_path[9]
    SLICE_X28Y16         FDRE                                         r  u_jtag_mac/u_pre_chif_fifo/u_jtag_mac_fifo/U0/inst_fifo_gen/gconvfifo.rf/grf.rf/gntv_or_sync_fifo.gcx.clkx/wr_pntr_cdc_inst/dest_graysync_ff_reg[0][9]/D
  -------------------------------------------------------------------    -------------------

                         (clock clk_out1_clk_wiz_0 rise edge)
                                                      0.000     0.000 r  
    E3                                                0.000     0.000 r  sysclk (IN)
                         net (fo=0)                   0.000     0.000    u_clk_wiz_0/inst/clk_in1
    E3                   IBUF (Prop_ibuf_I_O)         0.445     0.445 r  u_clk_wiz_0/inst/clkin1_ibufg/O
                         net (fo=1, routed)           0.480     0.925    u_clk_wiz_0/inst/clk_in1_clk_wiz_0
    MMCME2_ADV_X1Y1      MMCME2_ADV (Prop_mmcme2_adv_CLKIN1_CLKOUT0)
                                                     -3.138    -2.213 r  u_clk_wiz_0/inst/mmcm_adv_inst/CLKOUT0
                         net (fo=1, routed)           0.530    -1.684    u_clk_wiz_0/inst/clk_out1_clk_wiz_0
    BUFGCTRL_X0Y16       BUFG (Prop_bufg_I_O)         0.029    -1.655 r  u_clk_wiz_0/inst/clkout1_buf/O
                         net (fo=2038, routed)        0.828    -0.827    u_jtag_mac/u_pre_chif_fifo/u_jtag_mac_fifo/U0/inst_fifo_gen/gconvfifo.rf/grf.rf/gntv_or_sync_fifo.gcx.clkx/wr_pntr_cdc_inst/dest_clk
    SLICE_X28Y16         FDRE                                         r  u_jtag_mac/u_pre_chif_fifo/u_jtag_mac_fifo/U0/inst_fifo_gen/gconvfifo.rf/grf.rf/gntv_or_sync_fifo.gcx.clkx/wr_pntr_cdc_inst/dest_graysync_ff_reg[0][9]/C

Slack:                    inf
  Source:                 u_jtag_mac/u_pre_chif_fifo/u_jtag_mac_fifo/U0/inst_fifo_gen/gconvfifo.rf/grf.rf/gntv_or_sync_fifo.gcx.clkx/wr_pntr_cdc_inst/src_gray_ff_reg[5]/C
                            (rising edge-triggered cell FDRE clocked by TCK  {rise@0.000ns fall@7.576ns period=15.152ns})
  Destination:            u_jtag_mac/u_pre_chif_fifo/u_jtag_mac_fifo/U0/inst_fifo_gen/gconvfifo.rf/grf.rf/gntv_or_sync_fifo.gcx.clkx/wr_pntr_cdc_inst/dest_graysync_ff_reg[0][5]/D
                            (rising edge-triggered cell FDRE clocked by clk_out1_clk_wiz_0  {rise@0.000ns fall@20.000ns period=40.000ns})
  Path Group:             (none)
  Path Type:              Hold (Min at Fast Process Corner)
  Data Path Delay:        0.309ns  (logic 0.128ns (41.414%)  route 0.181ns (58.586%))
  Logic Levels:           0  
  Clock Path Skew:        -1.996ns (DCD - SCD - CPR)
    Destination Clock Delay (DCD):    -0.826ns
    Source Clock Delay      (SCD):    1.170ns
    Clock Pessimism Removal (CPR):    -0.000ns
  Clock Uncertainty:      0.202ns  ((TSJ^2 + DJ^2)^1/2) / 2 + PE
    Total System Jitter     (TSJ):    0.071ns
    Discrete Jitter          (DJ):    0.182ns
    Phase Error              (PE):    0.104ns
  Timing Exception:       Asynchronous Clock Groups

    Location             Delay type                Incr(ns)  Path(ns)    Netlist Resource(s)
  -------------------------------------------------------------------    -------------------
                         (clock TCK rise edge)        0.000     0.000 r  
    BSCAN_X0Y0           BSCANE2                      0.000     0.000 r  u_BSCANE2/TCK
                         net (fo=1, routed)           0.586     0.586    TCK
    BUFGCTRL_X0Y0        BUFG (Prop_bufg_I_O)         0.026     0.612 r  TCK_BUFG_inst/O
                         net (fo=507, routed)         0.558     1.170    u_jtag_mac/u_pre_chif_fifo/u_jtag_mac_fifo/U0/inst_fifo_gen/gconvfifo.rf/grf.rf/gntv_or_sync_fifo.gcx.clkx/wr_pntr_cdc_inst/src_clk
    SLICE_X29Y16         FDRE                                         r  u_jtag_mac/u_pre_chif_fifo/u_jtag_mac_fifo/U0/inst_fifo_gen/gconvfifo.rf/grf.rf/gntv_or_sync_fifo.gcx.clkx/wr_pntr_cdc_inst/src_gray_ff_reg[5]/C
  -------------------------------------------------------------------    -------------------
    SLICE_X29Y16         FDRE (Prop_fdre_C_Q)         0.128     1.298 r  u_jtag_mac/u_pre_chif_fifo/u_jtag_mac_fifo/U0/inst_fifo_gen/gconvfifo.rf/grf.rf/gntv_or_sync_fifo.gcx.clkx/wr_pntr_cdc_inst/src_gray_ff_reg[5]/Q
                         net (fo=1, routed)           0.181     1.479    u_jtag_mac/u_pre_chif_fifo/u_jtag_mac_fifo/U0/inst_fifo_gen/gconvfifo.rf/grf.rf/gntv_or_sync_fifo.gcx.clkx/wr_pntr_cdc_inst/async_path[5]
    SLICE_X28Y15         FDRE                                         r  u_jtag_mac/u_pre_chif_fifo/u_jtag_mac_fifo/U0/inst_fifo_gen/gconvfifo.rf/grf.rf/gntv_or_sync_fifo.gcx.clkx/wr_pntr_cdc_inst/dest_graysync_ff_reg[0][5]/D
  -------------------------------------------------------------------    -------------------

                         (clock clk_out1_clk_wiz_0 rise edge)
                                                      0.000     0.000 r  
    E3                                                0.000     0.000 r  sysclk (IN)
                         net (fo=0)                   0.000     0.000    u_clk_wiz_0/inst/clk_in1
    E3                   IBUF (Prop_ibuf_I_O)         0.445     0.445 r  u_clk_wiz_0/inst/clkin1_ibufg/O
                         net (fo=1, routed)           0.480     0.925    u_clk_wiz_0/inst/clk_in1_clk_wiz_0
    MMCME2_ADV_X1Y1      MMCME2_ADV (Prop_mmcme2_adv_CLKIN1_CLKOUT0)
                                                     -3.138    -2.213 r  u_clk_wiz_0/inst/mmcm_adv_inst/CLKOUT0
                         net (fo=1, routed)           0.530    -1.684    u_clk_wiz_0/inst/clk_out1_clk_wiz_0
    BUFGCTRL_X0Y16       BUFG (Prop_bufg_I_O)         0.029    -1.655 r  u_clk_wiz_0/inst/clkout1_buf/O
                         net (fo=2038, routed)        0.829    -0.826    u_jtag_mac/u_pre_chif_fifo/u_jtag_mac_fifo/U0/inst_fifo_gen/gconvfifo.rf/grf.rf/gntv_or_sync_fifo.gcx.clkx/wr_pntr_cdc_inst/dest_clk
    SLICE_X28Y15         FDRE                                         r  u_jtag_mac/u_pre_chif_fifo/u_jtag_mac_fifo/U0/inst_fifo_gen/gconvfifo.rf/grf.rf/gntv_or_sync_fifo.gcx.clkx/wr_pntr_cdc_inst/dest_graysync_ff_reg[0][5]/C

Slack:                    inf
  Source:                 u_jtag_mac/u_pre_chif_fifo/u_jtag_mac_fifo/U0/inst_fifo_gen/gconvfifo.rf/grf.rf/gntv_or_sync_fifo.gcx.clkx/wr_pntr_cdc_inst/src_gray_ff_reg[8]/C
                            (rising edge-triggered cell FDRE clocked by TCK  {rise@0.000ns fall@7.576ns period=15.152ns})
  Destination:            u_jtag_mac/u_pre_chif_fifo/u_jtag_mac_fifo/U0/inst_fifo_gen/gconvfifo.rf/grf.rf/gntv_or_sync_fifo.gcx.clkx/wr_pntr_cdc_inst/dest_graysync_ff_reg[0][8]/D
                            (rising edge-triggered cell FDRE clocked by clk_out1_clk_wiz_0  {rise@0.000ns fall@20.000ns period=40.000ns})
  Path Group:             (none)
  Path Type:              Hold (Min at Fast Process Corner)
  Data Path Delay:        0.313ns  (logic 0.141ns (45.011%)  route 0.172ns (54.989%))
  Logic Levels:           0  
  Clock Path Skew:        -1.996ns (DCD - SCD - CPR)
    Destination Clock Delay (DCD):    -0.827ns
    Source Clock Delay      (SCD):    1.169ns
    Clock Pessimism Removal (CPR):    -0.000ns
  Clock Uncertainty:      0.202ns  ((TSJ^2 + DJ^2)^1/2) / 2 + PE
    Total System Jitter     (TSJ):    0.071ns
    Discrete Jitter          (DJ):    0.182ns
    Phase Error              (PE):    0.104ns
  Timing Exception:       Asynchronous Clock Groups

    Location             Delay type                Incr(ns)  Path(ns)    Netlist Resource(s)
  -------------------------------------------------------------------    -------------------
                         (clock TCK rise edge)        0.000     0.000 r  
    BSCAN_X0Y0           BSCANE2                      0.000     0.000 r  u_BSCANE2/TCK
                         net (fo=1, routed)           0.586     0.586    TCK
    BUFGCTRL_X0Y0        BUFG (Prop_bufg_I_O)         0.026     0.612 r  TCK_BUFG_inst/O
                         net (fo=507, routed)         0.557     1.169    u_jtag_mac/u_pre_chif_fifo/u_jtag_mac_fifo/U0/inst_fifo_gen/gconvfifo.rf/grf.rf/gntv_or_sync_fifo.gcx.clkx/wr_pntr_cdc_inst/src_clk
    SLICE_X28Y17         FDRE                                         r  u_jtag_mac/u_pre_chif_fifo/u_jtag_mac_fifo/U0/inst_fifo_gen/gconvfifo.rf/grf.rf/gntv_or_sync_fifo.gcx.clkx/wr_pntr_cdc_inst/src_gray_ff_reg[8]/C
  -------------------------------------------------------------------    -------------------
    SLICE_X28Y17         FDRE (Prop_fdre_C_Q)         0.141     1.310 r  u_jtag_mac/u_pre_chif_fifo/u_jtag_mac_fifo/U0/inst_fifo_gen/gconvfifo.rf/grf.rf/gntv_or_sync_fifo.gcx.clkx/wr_pntr_cdc_inst/src_gray_ff_reg[8]/Q
                         net (fo=1, routed)           0.172     1.482    u_jtag_mac/u_pre_chif_fifo/u_jtag_mac_fifo/U0/inst_fifo_gen/gconvfifo.rf/grf.rf/gntv_or_sync_fifo.gcx.clkx/wr_pntr_cdc_inst/async_path[8]
    SLICE_X28Y16         FDRE                                         r  u_jtag_mac/u_pre_chif_fifo/u_jtag_mac_fifo/U0/inst_fifo_gen/gconvfifo.rf/grf.rf/gntv_or_sync_fifo.gcx.clkx/wr_pntr_cdc_inst/dest_graysync_ff_reg[0][8]/D
  -------------------------------------------------------------------    -------------------

                         (clock clk_out1_clk_wiz_0 rise edge)
                                                      0.000     0.000 r  
    E3                                                0.000     0.000 r  sysclk (IN)
                         net (fo=0)                   0.000     0.000    u_clk_wiz_0/inst/clk_in1
    E3                   IBUF (Prop_ibuf_I_O)         0.445     0.445 r  u_clk_wiz_0/inst/clkin1_ibufg/O
                         net (fo=1, routed)           0.480     0.925    u_clk_wiz_0/inst/clk_in1_clk_wiz_0
    MMCME2_ADV_X1Y1      MMCME2_ADV (Prop_mmcme2_adv_CLKIN1_CLKOUT0)
                                                     -3.138    -2.213 r  u_clk_wiz_0/inst/mmcm_adv_inst/CLKOUT0
                         net (fo=1, routed)           0.530    -1.684    u_clk_wiz_0/inst/clk_out1_clk_wiz_0
    BUFGCTRL_X0Y16       BUFG (Prop_bufg_I_O)         0.029    -1.655 r  u_clk_wiz_0/inst/clkout1_buf/O
                         net (fo=2038, routed)        0.828    -0.827    u_jtag_mac/u_pre_chif_fifo/u_jtag_mac_fifo/U0/inst_fifo_gen/gconvfifo.rf/grf.rf/gntv_or_sync_fifo.gcx.clkx/wr_pntr_cdc_inst/dest_clk
    SLICE_X28Y16         FDRE                                         r  u_jtag_mac/u_pre_chif_fifo/u_jtag_mac_fifo/U0/inst_fifo_gen/gconvfifo.rf/grf.rf/gntv_or_sync_fifo.gcx.clkx/wr_pntr_cdc_inst/dest_graysync_ff_reg[0][8]/C

Slack:                    inf
  Source:                 u_jtag_mac/u_post_chif_fifo/u_jtag_mac_fifo/U0/inst_fifo_gen/gconvfifo.rf/grf.rf/gntv_or_sync_fifo.gcx.clkx/rd_pntr_cdc_inst/src_gray_ff_reg[2]/C
                            (rising edge-triggered cell FDRE clocked by TCK  {rise@0.000ns fall@7.576ns period=15.152ns})
  Destination:            u_jtag_mac/u_post_chif_fifo/u_jtag_mac_fifo/U0/inst_fifo_gen/gconvfifo.rf/grf.rf/gntv_or_sync_fifo.gcx.clkx/rd_pntr_cdc_inst/dest_graysync_ff_reg[0][2]/D
                            (rising edge-triggered cell FDRE clocked by clk_out1_clk_wiz_0  {rise@0.000ns fall@20.000ns period=40.000ns})
  Path Group:             (none)
  Path Type:              Hold (Min at Fast Process Corner)
  Data Path Delay:        0.306ns  (logic 0.141ns (46.037%)  route 0.165ns (53.963%))
  Logic Levels:           0  
  Clock Path Skew:        -1.994ns (DCD - SCD - CPR)
    Destination Clock Delay (DCD):    -0.818ns
    Source Clock Delay      (SCD):    1.176ns
    Clock Pessimism Removal (CPR):    -0.000ns
  Clock Uncertainty:      0.202ns  ((TSJ^2 + DJ^2)^1/2) / 2 + PE
    Total System Jitter     (TSJ):    0.071ns
    Discrete Jitter          (DJ):    0.182ns
    Phase Error              (PE):    0.104ns
  Timing Exception:       Asynchronous Clock Groups

    Location             Delay type                Incr(ns)  Path(ns)    Netlist Resource(s)
  -------------------------------------------------------------------    -------------------
                         (clock TCK rise edge)        0.000     0.000 r  
    BSCAN_X0Y0           BSCANE2                      0.000     0.000 r  u_BSCANE2/TCK
                         net (fo=1, routed)           0.586     0.586    TCK
    BUFGCTRL_X0Y0        BUFG (Prop_bufg_I_O)         0.026     0.612 r  TCK_BUFG_inst/O
                         net (fo=507, routed)         0.564     1.176    u_jtag_mac/u_post_chif_fifo/u_jtag_mac_fifo/U0/inst_fifo_gen/gconvfifo.rf/grf.rf/gntv_or_sync_fifo.gcx.clkx/rd_pntr_cdc_inst/src_clk
    SLICE_X15Y39         FDRE                                         r  u_jtag_mac/u_post_chif_fifo/u_jtag_mac_fifo/U0/inst_fifo_gen/gconvfifo.rf/grf.rf/gntv_or_sync_fifo.gcx.clkx/rd_pntr_cdc_inst/src_gray_ff_reg[2]/C
  -------------------------------------------------------------------    -------------------
    SLICE_X15Y39         FDRE (Prop_fdre_C_Q)         0.141     1.317 r  u_jtag_mac/u_post_chif_fifo/u_jtag_mac_fifo/U0/inst_fifo_gen/gconvfifo.rf/grf.rf/gntv_or_sync_fifo.gcx.clkx/rd_pntr_cdc_inst/src_gray_ff_reg[2]/Q
                         net (fo=1, routed)           0.165     1.482    u_jtag_mac/u_post_chif_fifo/u_jtag_mac_fifo/U0/inst_fifo_gen/gconvfifo.rf/grf.rf/gntv_or_sync_fifo.gcx.clkx/rd_pntr_cdc_inst/async_path[2]
    SLICE_X15Y42         FDRE                                         r  u_jtag_mac/u_post_chif_fifo/u_jtag_mac_fifo/U0/inst_fifo_gen/gconvfifo.rf/grf.rf/gntv_or_sync_fifo.gcx.clkx/rd_pntr_cdc_inst/dest_graysync_ff_reg[0][2]/D
  -------------------------------------------------------------------    -------------------

                         (clock clk_out1_clk_wiz_0 rise edge)
                                                      0.000     0.000 r  
    E3                                                0.000     0.000 r  sysclk (IN)
                         net (fo=0)                   0.000     0.000    u_clk_wiz_0/inst/clk_in1
    E3                   IBUF (Prop_ibuf_I_O)         0.445     0.445 r  u_clk_wiz_0/inst/clkin1_ibufg/O
                         net (fo=1, routed)           0.480     0.925    u_clk_wiz_0/inst/clk_in1_clk_wiz_0
    MMCME2_ADV_X1Y1      MMCME2_ADV (Prop_mmcme2_adv_CLKIN1_CLKOUT0)
                                                     -3.138    -2.213 r  u_clk_wiz_0/inst/mmcm_adv_inst/CLKOUT0
                         net (fo=1, routed)           0.530    -1.684    u_clk_wiz_0/inst/clk_out1_clk_wiz_0
    BUFGCTRL_X0Y16       BUFG (Prop_bufg_I_O)         0.029    -1.655 r  u_clk_wiz_0/inst/clkout1_buf/O
                         net (fo=2038, routed)        0.837    -0.818    u_jtag_mac/u_post_chif_fifo/u_jtag_mac_fifo/U0/inst_fifo_gen/gconvfifo.rf/grf.rf/gntv_or_sync_fifo.gcx.clkx/rd_pntr_cdc_inst/dest_clk
    SLICE_X15Y42         FDRE                                         r  u_jtag_mac/u_post_chif_fifo/u_jtag_mac_fifo/U0/inst_fifo_gen/gconvfifo.rf/grf.rf/gntv_or_sync_fifo.gcx.clkx/rd_pntr_cdc_inst/dest_graysync_ff_reg[0][2]/C

Slack:                    inf
  Source:                 u_jtag_mac/u_post_chif_fifo/u_jtag_mac_fifo/U0/inst_fifo_gen/gconvfifo.rf/grf.rf/gntv_or_sync_fifo.gcx.clkx/rd_pntr_cdc_inst/src_gray_ff_reg[11]/C
                            (rising edge-triggered cell FDRE clocked by TCK  {rise@0.000ns fall@7.576ns period=15.152ns})
  Destination:            u_jtag_mac/u_post_chif_fifo/u_jtag_mac_fifo/U0/inst_fifo_gen/gconvfifo.rf/grf.rf/gntv_or_sync_fifo.gcx.clkx/rd_pntr_cdc_inst/dest_graysync_ff_reg[0][11]/D
                            (rising edge-triggered cell FDRE clocked by clk_out1_clk_wiz_0  {rise@0.000ns fall@20.000ns period=40.000ns})
  Path Group:             (none)
  Path Type:              Hold (Min at Fast Process Corner)
  Data Path Delay:        0.312ns  (logic 0.141ns (45.263%)  route 0.171ns (54.737%))
  Logic Levels:           0  
  Clock Path Skew:        -1.996ns (DCD - SCD - CPR)
    Destination Clock Delay (DCD):    -0.821ns
    Source Clock Delay      (SCD):    1.175ns
    Clock Pessimism Removal (CPR):    -0.000ns
  Clock Uncertainty:      0.202ns  ((TSJ^2 + DJ^2)^1/2) / 2 + PE
    Total System Jitter     (TSJ):    0.071ns
    Discrete Jitter          (DJ):    0.182ns
    Phase Error              (PE):    0.104ns
  Timing Exception:       Asynchronous Clock Groups

    Location             Delay type                Incr(ns)  Path(ns)    Netlist Resource(s)
  -------------------------------------------------------------------    -------------------
                         (clock TCK rise edge)        0.000     0.000 r  
    BSCAN_X0Y0           BSCANE2                      0.000     0.000 r  u_BSCANE2/TCK
                         net (fo=1, routed)           0.586     0.586    TCK
    BUFGCTRL_X0Y0        BUFG (Prop_bufg_I_O)         0.026     0.612 r  TCK_BUFG_inst/O
                         net (fo=507, routed)         0.563     1.175    u_jtag_mac/u_post_chif_fifo/u_jtag_mac_fifo/U0/inst_fifo_gen/gconvfifo.rf/grf.rf/gntv_or_sync_fifo.gcx.clkx/rd_pntr_cdc_inst/src_clk
    SLICE_X28Y43         FDRE                                         r  u_jtag_mac/u_post_chif_fifo/u_jtag_mac_fifo/U0/inst_fifo_gen/gconvfifo.rf/grf.rf/gntv_or_sync_fifo.gcx.clkx/rd_pntr_cdc_inst/src_gray_ff_reg[11]/C
  -------------------------------------------------------------------    -------------------
    SLICE_X28Y43         FDRE (Prop_fdre_C_Q)         0.141     1.316 r  u_jtag_mac/u_post_chif_fifo/u_jtag_mac_fifo/U0/inst_fifo_gen/gconvfifo.rf/grf.rf/gntv_or_sync_fifo.gcx.clkx/rd_pntr_cdc_inst/src_gray_ff_reg[11]/Q
                         net (fo=1, routed)           0.171     1.486    u_jtag_mac/u_post_chif_fifo/u_jtag_mac_fifo/U0/inst_fifo_gen/gconvfifo.rf/grf.rf/gntv_or_sync_fifo.gcx.clkx/rd_pntr_cdc_inst/async_path[11]
    SLICE_X30Y43         FDRE                                         r  u_jtag_mac/u_post_chif_fifo/u_jtag_mac_fifo/U0/inst_fifo_gen/gconvfifo.rf/grf.rf/gntv_or_sync_fifo.gcx.clkx/rd_pntr_cdc_inst/dest_graysync_ff_reg[0][11]/D
  -------------------------------------------------------------------    -------------------

                         (clock clk_out1_clk_wiz_0 rise edge)
                                                      0.000     0.000 r  
    E3                                                0.000     0.000 r  sysclk (IN)
                         net (fo=0)                   0.000     0.000    u_clk_wiz_0/inst/clk_in1
    E3                   IBUF (Prop_ibuf_I_O)         0.445     0.445 r  u_clk_wiz_0/inst/clkin1_ibufg/O
                         net (fo=1, routed)           0.480     0.925    u_clk_wiz_0/inst/clk_in1_clk_wiz_0
    MMCME2_ADV_X1Y1      MMCME2_ADV (Prop_mmcme2_adv_CLKIN1_CLKOUT0)
                                                     -3.138    -2.213 r  u_clk_wiz_0/inst/mmcm_adv_inst/CLKOUT0
                         net (fo=1, routed)           0.530    -1.684    u_clk_wiz_0/inst/clk_out1_clk_wiz_0
    BUFGCTRL_X0Y16       BUFG (Prop_bufg_I_O)         0.029    -1.655 r  u_clk_wiz_0/inst/clkout1_buf/O
                         net (fo=2038, routed)        0.834    -0.821    u_jtag_mac/u_post_chif_fifo/u_jtag_mac_fifo/U0/inst_fifo_gen/gconvfifo.rf/grf.rf/gntv_or_sync_fifo.gcx.clkx/rd_pntr_cdc_inst/dest_clk
    SLICE_X30Y43         FDRE                                         r  u_jtag_mac/u_post_chif_fifo/u_jtag_mac_fifo/U0/inst_fifo_gen/gconvfifo.rf/grf.rf/gntv_or_sync_fifo.gcx.clkx/rd_pntr_cdc_inst/dest_graysync_ff_reg[0][11]/C





--------------------------------------------------------------------------------------
Path Group:  (none)
From Clock:  clkfbout_clk_wiz_0
  To Clock:  

Max Delay             1 Endpoint
Min Delay             1 Endpoint
--------------------------------------------------------------------------------------


Max Delay Paths
--------------------------------------------------------------------------------------
Slack:                    inf
  Source:                 u_clk_wiz_0/inst/mmcm_adv_inst/CLKFBOUT
                            (clock source 'clkfbout_clk_wiz_0'  {rise@0.000ns fall@5.000ns period=10.000ns})
  Destination:            u_clk_wiz_0/inst/mmcm_adv_inst/CLKFBIN
  Path Group:             (none)
  Path Type:              Max at Fast Process Corner
  Data Path Delay:        1.371ns  (logic 0.029ns (2.115%)  route 1.342ns (97.885%))
  Logic Levels:           1  (BUFG=1)
  Clock Uncertainty:      0.156ns  ((TSJ^2 + DJ^2)^1/2) / 2 + PE
    Total System Jitter     (TSJ):    0.050ns
    Discrete Jitter          (DJ):    0.090ns
    Phase Error              (PE):    0.104ns

    Location             Delay type                Incr(ns)  Path(ns)    Netlist Resource(s)
  -------------------------------------------------------------------    -------------------
                         (clock clkfbout_clk_wiz_0 fall edge)
                                                      5.000     5.000 f  
    E3                                                0.000     5.000 f  sysclk (IN)
                         net (fo=0)                   0.000     5.000    u_clk_wiz_0/inst/clk_in1
    E3                   IBUF (Prop_ibuf_I_O)         0.445     5.445 f  u_clk_wiz_0/inst/clkin1_ibufg/O
                         net (fo=1, routed)           0.480     5.925    u_clk_wiz_0/inst/clk_in1_clk_wiz_0
  -------------------------------------------------------------------    -------------------
    MMCME2_ADV_X1Y1      MMCME2_ADV (Prop_mmcme2_adv_CLKIN1_CLKFBOUT)
                                                     -3.138     2.787 f  u_clk_wiz_0/inst/mmcm_adv_inst/CLKFBOUT
                         net (fo=1, routed)           0.530     3.316    u_clk_wiz_0/inst/clkfbout_clk_wiz_0
    BUFGCTRL_X0Y17       BUFG (Prop_bufg_I_O)         0.029     3.345 f  u_clk_wiz_0/inst/clkf_buf/O
                         net (fo=1, routed)           0.813     4.158    u_clk_wiz_0/inst/clkfbout_buf_clk_wiz_0
    MMCME2_ADV_X1Y1      MMCME2_ADV                                   f  u_clk_wiz_0/inst/mmcm_adv_inst/CLKFBIN
  -------------------------------------------------------------------    -------------------





Min Delay Paths
--------------------------------------------------------------------------------------
Slack:                    inf
  Source:                 u_clk_wiz_0/inst/mmcm_adv_inst/CLKFBOUT
                            (clock source 'clkfbout_clk_wiz_0'  {rise@0.000ns fall@5.000ns period=10.000ns})
  Destination:            u_clk_wiz_0/inst/mmcm_adv_inst/CLKFBIN
  Path Group:             (none)
  Path Type:              Min at Slow Process Corner
  Data Path Delay:        3.116ns  (logic 0.091ns (2.921%)  route 3.025ns (97.079%))
  Logic Levels:           1  (BUFG=1)
  Clock Uncertainty:      0.156ns  ((TSJ^2 + DJ^2)^1/2) / 2 + PE
    Total System Jitter     (TSJ):    0.050ns
    Discrete Jitter          (DJ):    0.090ns
    Phase Error              (PE):    0.104ns

    Location             Delay type                Incr(ns)  Path(ns)    Netlist Resource(s)
  -------------------------------------------------------------------    -------------------
                         (clock clkfbout_clk_wiz_0 rise edge)
                                                      0.000     0.000 r  
    E3                                                0.000     0.000 r  sysclk (IN)
                         net (fo=0)                   0.000     0.000    u_clk_wiz_0/inst/clk_in1
    E3                   IBUF (Prop_ibuf_I_O)         1.418     1.418 r  u_clk_wiz_0/inst/clkin1_ibufg/O
                         net (fo=1, routed)           1.162     2.580    u_clk_wiz_0/inst/clk_in1_clk_wiz_0
  -------------------------------------------------------------------    -------------------
    MMCME2_ADV_X1Y1      MMCME2_ADV (Prop_mmcme2_adv_CLKIN1_CLKFBOUT)
                                                     -7.204    -4.624 r  u_clk_wiz_0/inst/mmcm_adv_inst/CLKFBOUT
                         net (fo=1, routed)           1.581    -3.043    u_clk_wiz_0/inst/clkfbout_clk_wiz_0
    BUFGCTRL_X0Y17       BUFG (Prop_bufg_I_O)         0.091    -2.952 r  u_clk_wiz_0/inst/clkf_buf/O
                         net (fo=1, routed)           1.444    -1.508    u_clk_wiz_0/inst/clkfbout_buf_clk_wiz_0
    MMCME2_ADV_X1Y1      MMCME2_ADV                                   r  u_clk_wiz_0/inst/mmcm_adv_inst/CLKFBIN
  -------------------------------------------------------------------    -------------------





--------------------------------------------------------------------------------------
Path Group:  (none)
From Clock:  
  To Clock:  TCK

Max Delay             1 Endpoint
Min Delay             1 Endpoint
--------------------------------------------------------------------------------------


Max Delay Paths
--------------------------------------------------------------------------------------
Slack:                    inf
  Source:                 u_BSCANE2/SEL
                            (internal pin)
  Destination:            u_jtag_mac/data_buffer_reg[15]/D
                            (rising edge-triggered cell FDRE clocked by TCK  {rise@0.000ns fall@7.576ns period=15.152ns})
  Path Group:             (none)
  Path Type:              Setup (Max at Slow Process Corner)
  Data Path Delay:        1.268ns  (logic 0.124ns (9.777%)  route 1.144ns (90.223%))
  Logic Levels:           1  (LUT2=1)
  Clock Uncertainty:      0.025ns  ((TSJ^2 + TIJ^2)^1/2 + DJ) / 2 + PE
    Total System Jitter     (TSJ):    0.050ns
    Total Input Jitter      (TIJ):    0.000ns
    Discrete Jitter          (DJ):    0.000ns
    Phase Error              (PE):    0.000ns

    Location             Delay type                Incr(ns)  Path(ns)    Netlist Resource(s)
  -------------------------------------------------------------------    -------------------
    BSCAN_X0Y0           BSCANE2                      0.000     0.000 r  u_BSCANE2/SEL
                         net (fo=1, routed)           1.144     1.144    u_jtag_mac/SEL
    SLICE_X28Y30         LUT2 (Prop_lut2_I0_O)        0.124     1.268 r  u_jtag_mac/data_buffer[15]_i_1/O
                         net (fo=1, routed)           0.000     1.268    u_jtag_mac/p_1_out[15]
    SLICE_X28Y30         FDRE                                         r  u_jtag_mac/data_buffer_reg[15]/D
  -------------------------------------------------------------------    -------------------

                         (clock TCK rise edge)        0.000     0.000 r  
    BSCAN_X0Y0           BSCANE2                      0.000     0.000 r  u_BSCANE2/TCK
                         net (fo=1, routed)           1.363     1.363    TCK
    BUFGCTRL_X0Y0        BUFG (Prop_bufg_I_O)         0.091     1.454 r  TCK_BUFG_inst/O
                         net (fo=507, routed)         1.436     2.891    u_jtag_mac/TCK_BUFG
    SLICE_X28Y30         FDRE                                         r  u_jtag_mac/data_buffer_reg[15]/C





Min Delay Paths
--------------------------------------------------------------------------------------
Slack:                    inf
  Source:                 u_BSCANE2/TDI
                            (internal pin)
  Destination:            u_jtag_mac/data_buffer_reg[15]/D
                            (rising edge-triggered cell FDRE clocked by TCK  {rise@0.000ns fall@7.576ns period=15.152ns})
  Path Group:             (none)
  Path Type:              Hold (Min at Fast Process Corner)
  Data Path Delay:        0.426ns  (logic 0.045ns (10.556%)  route 0.381ns (89.444%))
  Logic Levels:           1  (LUT2=1)
  Clock Uncertainty:      0.025ns  ((TSJ^2 + TIJ^2)^1/2 + DJ) / 2 + PE
    Total System Jitter     (TSJ):    0.050ns
    Total Input Jitter      (TIJ):    0.000ns
    Discrete Jitter          (DJ):    0.000ns
    Phase Error              (PE):    0.000ns

    Location             Delay type                Incr(ns)  Path(ns)    Netlist Resource(s)
  -------------------------------------------------------------------    -------------------
    BSCAN_X0Y0           BSCANE2                      0.000     0.000 r  u_BSCANE2/TDI
                         net (fo=1, routed)           0.381     0.381    u_jtag_mac/TDI
    SLICE_X28Y30         LUT2 (Prop_lut2_I1_O)        0.045     0.426 r  u_jtag_mac/data_buffer[15]_i_1/O
                         net (fo=1, routed)           0.000     0.426    u_jtag_mac/p_1_out[15]
    SLICE_X28Y30         FDRE                                         r  u_jtag_mac/data_buffer_reg[15]/D
  -------------------------------------------------------------------    -------------------

                         (clock TCK rise edge)        0.000     0.000 r  
    BSCAN_X0Y0           BSCANE2                      0.000     0.000 r  u_BSCANE2/TCK
                         net (fo=1, routed)           0.682     0.682    TCK
    BUFGCTRL_X0Y0        BUFG (Prop_bufg_I_O)         0.029     0.711 r  TCK_BUFG_inst/O
                         net (fo=507, routed)         0.823     1.534    u_jtag_mac/TCK_BUFG
    SLICE_X28Y30         FDRE                                         r  u_jtag_mac/data_buffer_reg[15]/C





