Copyright 1986-2022 Xilinx, Inc. All Rights Reserved. Copyright 2022-2024 Advanced Micro Devices, Inc. All Rights Reserved.
------------------------------------------------------------------------------------------------------------------------------------------------------------------------------------------------------------------------------------------------------------------
| Tool Version : Vivado v.2024.1 (win64) Build 5076996 Wed May 22 18:37:14 MDT 2024
| Date         : Wed Jan 14 10:58:50 2026
| Host         : TS-93724 running 64-bit major release  (build 9200)
| Command      : report_timing_summary -max_paths 10 -report_unconstrained -file Multichannel_FIR_Filter_timing_summary_routed.rpt -pb Multichannel_FIR_Filter_timing_summary_routed.pb -rpx Multichannel_FIR_Filter_timing_summary_routed.rpx -warn_on_violation
| Design       : Multichannel_FIR_Filter
| Device       : 7a35t-csg324
| Speed File   : -1  PRODUCTION 1.23 2018-06-13
| Design State : Routed
------------------------------------------------------------------------------------------------------------------------------------------------------------------------------------------------------------------------------------------------------------------

Timing Summary Report

------------------------------------------------------------------------------------------------
| Timer Settings
| --------------
------------------------------------------------------------------------------------------------

  Enable Multi Corner Analysis               :  Yes
  Enable Pessimism Removal                   :  Yes
  Pessimism Removal Resolution               :  Nearest Common Node
  Enable Input Delay Default Clock           :  No
  Enable Preset / Clear Arcs                 :  No
  Disable Flight Delays                      :  No
  Ignore I/O Paths                           :  No
  Timing Early Launch at Borrowing Latches   :  No
  Borrow Time for Max Delay Exceptions       :  Yes
  Merge Timing Exceptions                    :  Yes
  Inter-SLR Compensation                     :  Conservative

  Corner  Analyze    Analyze    
  Name    Max Paths  Min Paths  
  ------  ---------  ---------  
  Slow    Yes        Yes        
  Fast    Yes        Yes        


------------------------------------------------------------------------------------------------
| Report Methodology
| ------------------
------------------------------------------------------------------------------------------------

Rule       Severity  Description                    Violations  
---------  --------  -----------------------------  ----------  
TIMING-18  Warning   Missing input or output delay  110         

Note: This report is based on the most recent report_methodology run and may not be up-to-date. Run report_methodology on the current design for the latest report.



check_timing report

Table of Contents
-----------------
1. checking no_clock (0)
2. checking constant_clock (0)
3. checking pulse_width_clock (0)
4. checking unconstrained_internal_endpoints (0)
5. checking no_input_delay (34)
6. checking no_output_delay (76)
7. checking multiple_clock (0)
8. checking generated_clocks (0)
9. checking loops (0)
10. checking partial_input_delay (0)
11. checking partial_output_delay (0)
12. checking latch_loops (0)

1. checking no_clock (0)
------------------------
 There are 0 register/latch pins with no clock.


2. checking constant_clock (0)
------------------------------
 There are 0 register/latch pins with constant_clock.


3. checking pulse_width_clock (0)
---------------------------------
 There are 0 register/latch pins which need pulse_width check


4. checking unconstrained_internal_endpoints (0)
------------------------------------------------
 There are 0 pins that are not constrained for maximum delay.

 There are 0 pins that are not constrained for maximum delay due to constant clock.


5. checking no_input_delay (34)
-------------------------------
 There are 34 input ports with no input delay specified. (HIGH)

 There are 0 input ports with no input delay but user has a false path constraint.


6. checking no_output_delay (76)
--------------------------------
 There are 76 ports with no output delay specified. (HIGH)

 There are 0 ports with no output delay but user has a false path constraint

 There are 0 ports with no output delay but with a timing clock defined on it or propagating through it


7. checking multiple_clock (0)
------------------------------
 There are 0 register/latch pins with multiple clocks.


8. checking generated_clocks (0)
--------------------------------
 There are 0 generated clocks that are not connected to a clock source.


9. checking loops (0)
---------------------
 There are 0 combinational loops in the design.


10. checking partial_input_delay (0)
------------------------------------
 There are 0 input ports with partial input delay specified.


11. checking partial_output_delay (0)
-------------------------------------
 There are 0 ports with partial output delay specified.


12. checking latch_loops (0)
----------------------------
 There are 0 combinational latch loops in the design through latch input



------------------------------------------------------------------------------------------------
| Design Timing Summary
| ---------------------
------------------------------------------------------------------------------------------------

    WNS(ns)      TNS(ns)  TNS Failing Endpoints  TNS Total Endpoints      WHS(ns)      THS(ns)  THS Failing Endpoints  THS Total Endpoints     WPWS(ns)     TPWS(ns)  TPWS Failing Endpoints  TPWS Total Endpoints  
    -------      -------  ---------------------  -------------------      -------      -------  ---------------------  -------------------     --------     --------  ----------------------  --------------------  
     37.822        0.000                      0                 1344        0.099        0.000                      0                 1344       19.500        0.000                       0                  1376  


All user specified timing constraints are met.


------------------------------------------------------------------------------------------------
| Clock Summary
| -------------
------------------------------------------------------------------------------------------------

Clock  Waveform(ns)       Period(ns)      Frequency(MHz)
-----  ------------       ----------      --------------
MWCLK  {0.000 20.000}     40.000          25.000          


------------------------------------------------------------------------------------------------
| Intra Clock Table
| -----------------
------------------------------------------------------------------------------------------------

Clock             WNS(ns)      TNS(ns)  TNS Failing Endpoints  TNS Total Endpoints      WHS(ns)      THS(ns)  THS Failing Endpoints  THS Total Endpoints     WPWS(ns)     TPWS(ns)  TPWS Failing Endpoints  TPWS Total Endpoints  
-----             -------      -------  ---------------------  -------------------      -------      -------  ---------------------  -------------------     --------     --------  ----------------------  --------------------  
MWCLK              37.822        0.000                      0                 1344        0.099        0.000                      0                 1344       19.500        0.000                       0                  1376  


------------------------------------------------------------------------------------------------
| Inter Clock Table
| -----------------
------------------------------------------------------------------------------------------------

From Clock    To Clock          WNS(ns)      TNS(ns)  TNS Failing Endpoints  TNS Total Endpoints      WHS(ns)      THS(ns)  THS Failing Endpoints  THS Total Endpoints  
----------    --------          -------      -------  ---------------------  -------------------      -------      -------  ---------------------  -------------------  


------------------------------------------------------------------------------------------------
| Other Path Groups Table
| -----------------------
------------------------------------------------------------------------------------------------

Path Group    From Clock    To Clock          WNS(ns)      TNS(ns)  TNS Failing Endpoints  TNS Total Endpoints      WHS(ns)      THS(ns)  THS Failing Endpoints  THS Total Endpoints  
----------    ----------    --------          -------      -------  ---------------------  -------------------      -------      -------  ---------------------  -------------------  


------------------------------------------------------------------------------------------------
| User Ignored Path Table
| -----------------------
------------------------------------------------------------------------------------------------

Path Group    From Clock    To Clock    
----------    ----------    --------    


------------------------------------------------------------------------------------------------
| Unconstrained Path Table
| ------------------------
------------------------------------------------------------------------------------------------

Path Group    From Clock    To Clock    
----------    ----------    --------    
(none)                                    
(none)        MWCLK                       
(none)                      MWCLK         


------------------------------------------------------------------------------------------------
| Timing Details
| --------------
------------------------------------------------------------------------------------------------


---------------------------------------------------------------------------------------------------
From Clock:  MWCLK
  To Clock:  MWCLK

Setup :            0  Failing Endpoints,  Worst Slack       37.822ns,  Total Violation        0.000ns
Hold  :            0  Failing Endpoints,  Worst Slack        0.099ns,  Total Violation        0.000ns
PW    :            0  Failing Endpoints,  Worst Slack       19.500ns,  Total Violation        0.000ns
---------------------------------------------------------------------------------------------------


Max Delay Paths
--------------------------------------------------------------------------------------
Slack (MET) :             37.822ns  (required time - arrival time)
  Source:                 u_Discrete_FIR_Filter/delay19_reg[0][1]/C
                            (rising edge-triggered cell FDCE clocked by MWCLK  {rise@0.000ns fall@20.000ns period=40.000ns})
  Destination:            u_Discrete_FIR_Filter/delay20_reg[0][1]/D
                            (rising edge-triggered cell FDCE clocked by MWCLK  {rise@0.000ns fall@20.000ns period=40.000ns})
  Path Group:             MWCLK
  Path Type:              Setup (Max at Slow Process Corner)
  Requirement:            40.000ns  (MWCLK rise@40.000ns - MWCLK rise@0.000ns)
  Data Path Delay:        2.040ns  (logic 0.456ns (22.353%)  route 1.584ns (77.647%))
  Logic Levels:           0  
  Clock Path Skew:        -0.049ns (DCD - SCD + CPR)
    Destination Clock Delay (DCD):    0.924ns = ( 40.924 - 40.000 ) 
    Source Clock Delay      (SCD):    0.973ns
    Clock Pessimism Removal (CPR):    0.000ns
  Clock Uncertainty:      0.035ns  ((TSJ^2 + TIJ^2)^1/2 + DJ) / 2 + PE
    Total System Jitter     (TSJ):    0.071ns
    Total Input Jitter      (TIJ):    0.000ns
    Discrete Jitter          (DJ):    0.000ns
    Phase Error              (PE):    0.000ns

    Location             Delay type                Incr(ns)  Path(ns)    Netlist Resource(s)
  -------------------------------------------------------------------    -------------------
                         (clock MWCLK rise edge)      0.000     0.000 r  
                                                      0.000     0.000 r  clk (IN)
                         net (fo=1375, unset)         0.973     0.973    u_Discrete_FIR_Filter/clk
    SLICE_X9Y91          FDCE                                         r  u_Discrete_FIR_Filter/delay19_reg[0][1]/C
  -------------------------------------------------------------------    -------------------
    SLICE_X9Y91          FDCE (Prop_fdce_C_Q)         0.456     1.429 r  u_Discrete_FIR_Filter/delay19_reg[0][1]/Q
                         net (fo=3, routed)           1.584     3.013    u_Discrete_FIR_Filter/delay19_reg[0][1]
    SLICE_X14Y76         FDCE                                         r  u_Discrete_FIR_Filter/delay20_reg[0][1]/D
  -------------------------------------------------------------------    -------------------

                         (clock MWCLK rise edge)     40.000    40.000 r  
                                                      0.000    40.000 r  clk (IN)
                         net (fo=1375, unset)         0.924    40.924    u_Discrete_FIR_Filter/clk
    SLICE_X14Y76         FDCE                                         r  u_Discrete_FIR_Filter/delay20_reg[0][1]/C
                         clock pessimism              0.000    40.924    
                         clock uncertainty           -0.035    40.889    
    SLICE_X14Y76         FDCE (Setup_fdce_C_D)       -0.054    40.835    u_Discrete_FIR_Filter/delay20_reg[0][1]
  -------------------------------------------------------------------
                         required time                         40.835    
                         arrival time                          -3.013    
  -------------------------------------------------------------------
                         slack                                 37.822    

Slack (MET) :             37.890ns  (required time - arrival time)
  Source:                 u_Discrete_FIR_Filter/delay25_reg[0][5]/C
                            (rising edge-triggered cell FDCE clocked by MWCLK  {rise@0.000ns fall@20.000ns period=40.000ns})
  Destination:            u_Discrete_FIR_Filter/delay26_reg[0][5]/D
                            (rising edge-triggered cell FDCE clocked by MWCLK  {rise@0.000ns fall@20.000ns period=40.000ns})
  Path Group:             MWCLK
  Path Type:              Setup (Max at Slow Process Corner)
  Requirement:            40.000ns  (MWCLK rise@40.000ns - MWCLK rise@0.000ns)
  Data Path Delay:        1.917ns  (logic 0.456ns (23.792%)  route 1.461ns (76.208%))
  Logic Levels:           0  
  Clock Path Skew:        -0.049ns (DCD - SCD + CPR)
    Destination Clock Delay (DCD):    0.924ns = ( 40.924 - 40.000 ) 
    Source Clock Delay      (SCD):    0.973ns
    Clock Pessimism Removal (CPR):    0.000ns
  Clock Uncertainty:      0.035ns  ((TSJ^2 + TIJ^2)^1/2 + DJ) / 2 + PE
    Total System Jitter     (TSJ):    0.071ns
    Total Input Jitter      (TIJ):    0.000ns
    Discrete Jitter          (DJ):    0.000ns
    Phase Error              (PE):    0.000ns

    Location             Delay type                Incr(ns)  Path(ns)    Netlist Resource(s)
  -------------------------------------------------------------------    -------------------
                         (clock MWCLK rise edge)      0.000     0.000 r  
                                                      0.000     0.000 r  clk (IN)
                         net (fo=1375, unset)         0.973     0.973    u_Discrete_FIR_Filter/clk
    SLICE_X9Y92          FDCE                                         r  u_Discrete_FIR_Filter/delay25_reg[0][5]/C
  -------------------------------------------------------------------    -------------------
    SLICE_X9Y92          FDCE (Prop_fdce_C_Q)         0.456     1.429 r  u_Discrete_FIR_Filter/delay25_reg[0][5]/Q
                         net (fo=2, routed)           1.461     2.890    u_Discrete_FIR_Filter/delay25_reg[0][5]
    SLICE_X7Y96          FDCE                                         r  u_Discrete_FIR_Filter/delay26_reg[0][5]/D
  -------------------------------------------------------------------    -------------------

                         (clock MWCLK rise edge)     40.000    40.000 r  
                                                      0.000    40.000 r  clk (IN)
                         net (fo=1375, unset)         0.924    40.924    u_Discrete_FIR_Filter/clk
    SLICE_X7Y96          FDCE                                         r  u_Discrete_FIR_Filter/delay26_reg[0][5]/C
                         clock pessimism              0.000    40.924    
                         clock uncertainty           -0.035    40.889    
    SLICE_X7Y96          FDCE (Setup_fdce_C_D)       -0.109    40.780    u_Discrete_FIR_Filter/delay26_reg[0][5]
  -------------------------------------------------------------------
                         required time                         40.780    
                         arrival time                          -2.890    
  -------------------------------------------------------------------
                         slack                                 37.890    

Slack (MET) :             37.896ns  (required time - arrival time)
  Source:                 u_Discrete_FIR_Filter/delay19_reg[0][4]/C
                            (rising edge-triggered cell FDCE clocked by MWCLK  {rise@0.000ns fall@20.000ns period=40.000ns})
  Destination:            u_Discrete_FIR_Filter/delay20_reg[0][4]/D
                            (rising edge-triggered cell FDCE clocked by MWCLK  {rise@0.000ns fall@20.000ns period=40.000ns})
  Path Group:             MWCLK
  Path Type:              Setup (Max at Slow Process Corner)
  Requirement:            40.000ns  (MWCLK rise@40.000ns - MWCLK rise@0.000ns)
  Data Path Delay:        1.953ns  (logic 0.456ns (23.346%)  route 1.497ns (76.654%))
  Logic Levels:           0  
  Clock Path Skew:        -0.049ns (DCD - SCD + CPR)
    Destination Clock Delay (DCD):    0.924ns = ( 40.924 - 40.000 ) 
    Source Clock Delay      (SCD):    0.973ns
    Clock Pessimism Removal (CPR):    0.000ns
  Clock Uncertainty:      0.035ns  ((TSJ^2 + TIJ^2)^1/2 + DJ) / 2 + PE
    Total System Jitter     (TSJ):    0.071ns
    Total Input Jitter      (TIJ):    0.000ns
    Discrete Jitter          (DJ):    0.000ns
    Phase Error              (PE):    0.000ns

    Location             Delay type                Incr(ns)  Path(ns)    Netlist Resource(s)
  -------------------------------------------------------------------    -------------------
                         (clock MWCLK rise edge)      0.000     0.000 r  
                                                      0.000     0.000 r  clk (IN)
                         net (fo=1375, unset)         0.973     0.973    u_Discrete_FIR_Filter/clk
    SLICE_X9Y96          FDCE                                         r  u_Discrete_FIR_Filter/delay19_reg[0][4]/C
  -------------------------------------------------------------------    -------------------
    SLICE_X9Y96          FDCE (Prop_fdce_C_Q)         0.456     1.429 r  u_Discrete_FIR_Filter/delay19_reg[0][4]/Q
                         net (fo=3, routed)           1.497     2.926    u_Discrete_FIR_Filter/delay19_reg[0][4]
    SLICE_X9Y76          FDCE                                         r  u_Discrete_FIR_Filter/delay20_reg[0][4]/D
  -------------------------------------------------------------------    -------------------

                         (clock MWCLK rise edge)     40.000    40.000 r  
                                                      0.000    40.000 r  clk (IN)
                         net (fo=1375, unset)         0.924    40.924    u_Discrete_FIR_Filter/clk
    SLICE_X9Y76          FDCE                                         r  u_Discrete_FIR_Filter/delay20_reg[0][4]/C
                         clock pessimism              0.000    40.924    
                         clock uncertainty           -0.035    40.889    
    SLICE_X9Y76          FDCE (Setup_fdce_C_D)       -0.067    40.822    u_Discrete_FIR_Filter/delay20_reg[0][4]
  -------------------------------------------------------------------
                         required time                         40.822    
                         arrival time                          -2.926    
  -------------------------------------------------------------------
                         slack                                 37.896    

Slack (MET) :             37.901ns  (required time - arrival time)
  Source:                 u_Discrete_FIR_Filter/delay5_reg[1][15]/C
                            (rising edge-triggered cell FDCE clocked by MWCLK  {rise@0.000ns fall@20.000ns period=40.000ns})
  Destination:            u_Discrete_FIR_Filter/delay6_reg[1][15]/D
                            (rising edge-triggered cell FDCE clocked by MWCLK  {rise@0.000ns fall@20.000ns period=40.000ns})
  Path Group:             MWCLK
  Path Type:              Setup (Max at Slow Process Corner)
  Requirement:            40.000ns  (MWCLK rise@40.000ns - MWCLK rise@0.000ns)
  Data Path Delay:        1.766ns  (logic 0.478ns (27.065%)  route 1.288ns (72.935%))
  Logic Levels:           0  
  Clock Path Skew:        -0.049ns (DCD - SCD + CPR)
    Destination Clock Delay (DCD):    0.924ns = ( 40.924 - 40.000 ) 
    Source Clock Delay      (SCD):    0.973ns
    Clock Pessimism Removal (CPR):    0.000ns
  Clock Uncertainty:      0.035ns  ((TSJ^2 + TIJ^2)^1/2 + DJ) / 2 + PE
    Total System Jitter     (TSJ):    0.071ns
    Total Input Jitter      (TIJ):    0.000ns
    Discrete Jitter          (DJ):    0.000ns
    Phase Error              (PE):    0.000ns

    Location             Delay type                Incr(ns)  Path(ns)    Netlist Resource(s)
  -------------------------------------------------------------------    -------------------
                         (clock MWCLK rise edge)      0.000     0.000 r  
                                                      0.000     0.000 r  clk (IN)
                         net (fo=1375, unset)         0.973     0.973    u_Discrete_FIR_Filter/clk
    SLICE_X52Y113        FDCE                                         r  u_Discrete_FIR_Filter/delay5_reg[1][15]/C
  -------------------------------------------------------------------    -------------------
    SLICE_X52Y113        FDCE (Prop_fdce_C_Q)         0.478     1.451 r  u_Discrete_FIR_Filter/delay5_reg[1][15]/Q
                         net (fo=2, routed)           1.288     2.739    u_Discrete_FIR_Filter/delay5_reg[1][15]
    SLICE_X52Y110        FDCE                                         r  u_Discrete_FIR_Filter/delay6_reg[1][15]/D
  -------------------------------------------------------------------    -------------------

                         (clock MWCLK rise edge)     40.000    40.000 r  
                                                      0.000    40.000 r  clk (IN)
                         net (fo=1375, unset)         0.924    40.924    u_Discrete_FIR_Filter/clk
    SLICE_X52Y110        FDCE                                         r  u_Discrete_FIR_Filter/delay6_reg[1][15]/C
                         clock pessimism              0.000    40.924    
                         clock uncertainty           -0.035    40.889    
    SLICE_X52Y110        FDCE (Setup_fdce_C_D)       -0.249    40.640    u_Discrete_FIR_Filter/delay6_reg[1][15]
  -------------------------------------------------------------------
                         required time                         40.640    
                         arrival time                          -2.739    
  -------------------------------------------------------------------
                         slack                                 37.901    

Slack (MET) :             37.941ns  (required time - arrival time)
  Source:                 u_Discrete_FIR_Filter/delay29_reg[1][0]/C
                            (rising edge-triggered cell FDCE clocked by MWCLK  {rise@0.000ns fall@20.000ns period=40.000ns})
  Destination:            u_Discrete_FIR_Filter/delay30_reg[1][0]/D
                            (rising edge-triggered cell FDCE clocked by MWCLK  {rise@0.000ns fall@20.000ns period=40.000ns})
  Path Group:             MWCLK
  Path Type:              Setup (Max at Slow Process Corner)
  Requirement:            40.000ns  (MWCLK rise@40.000ns - MWCLK rise@0.000ns)
  Data Path Delay:        1.700ns  (logic 0.419ns (24.643%)  route 1.281ns (75.357%))
  Logic Levels:           0  
  Clock Path Skew:        -0.049ns (DCD - SCD + CPR)
    Destination Clock Delay (DCD):    0.924ns = ( 40.924 - 40.000 ) 
    Source Clock Delay      (SCD):    0.973ns
    Clock Pessimism Removal (CPR):    0.000ns
  Clock Uncertainty:      0.035ns  ((TSJ^2 + TIJ^2)^1/2 + DJ) / 2 + PE
    Total System Jitter     (TSJ):    0.071ns
    Total Input Jitter      (TIJ):    0.000ns
    Discrete Jitter          (DJ):    0.000ns
    Phase Error              (PE):    0.000ns

    Location             Delay type                Incr(ns)  Path(ns)    Netlist Resource(s)
  -------------------------------------------------------------------    -------------------
                         (clock MWCLK rise edge)      0.000     0.000 r  
                                                      0.000     0.000 r  clk (IN)
                         net (fo=1375, unset)         0.973     0.973    u_Discrete_FIR_Filter/clk
    SLICE_X53Y94         FDCE                                         r  u_Discrete_FIR_Filter/delay29_reg[1][0]/C
  -------------------------------------------------------------------    -------------------
    SLICE_X53Y94         FDCE (Prop_fdce_C_Q)         0.419     1.392 r  u_Discrete_FIR_Filter/delay29_reg[1][0]/Q
                         net (fo=2, routed)           1.281     2.673    u_Discrete_FIR_Filter/delay29_reg[1][0]
    SLICE_X53Y96         FDCE                                         r  u_Discrete_FIR_Filter/delay30_reg[1][0]/D
  -------------------------------------------------------------------    -------------------

                         (clock MWCLK rise edge)     40.000    40.000 r  
                                                      0.000    40.000 r  clk (IN)
                         net (fo=1375, unset)         0.924    40.924    u_Discrete_FIR_Filter/clk
    SLICE_X53Y96         FDCE                                         r  u_Discrete_FIR_Filter/delay30_reg[1][0]/C
                         clock pessimism              0.000    40.924    
                         clock uncertainty           -0.035    40.889    
    SLICE_X53Y96         FDCE (Setup_fdce_C_D)       -0.275    40.614    u_Discrete_FIR_Filter/delay30_reg[1][0]
  -------------------------------------------------------------------
                         required time                         40.614    
                         arrival time                          -2.673    
  -------------------------------------------------------------------
                         slack                                 37.941    

Slack (MET) :             37.941ns  (required time - arrival time)
  Source:                 u_Discrete_FIR_Filter/delay17_reg[0][5]/C
                            (rising edge-triggered cell FDCE clocked by MWCLK  {rise@0.000ns fall@20.000ns period=40.000ns})
  Destination:            u_Discrete_FIR_Filter/delay18_reg[0][5]/D
                            (rising edge-triggered cell FDCE clocked by MWCLK  {rise@0.000ns fall@20.000ns period=40.000ns})
  Path Group:             MWCLK
  Path Type:              Setup (Max at Slow Process Corner)
  Requirement:            40.000ns  (MWCLK rise@40.000ns - MWCLK rise@0.000ns)
  Data Path Delay:        1.914ns  (logic 0.456ns (23.826%)  route 1.458ns (76.174%))
  Logic Levels:           0  
  Clock Path Skew:        -0.049ns (DCD - SCD + CPR)
    Destination Clock Delay (DCD):    0.924ns = ( 40.924 - 40.000 ) 
    Source Clock Delay      (SCD):    0.973ns
    Clock Pessimism Removal (CPR):    0.000ns
  Clock Uncertainty:      0.035ns  ((TSJ^2 + TIJ^2)^1/2 + DJ) / 2 + PE
    Total System Jitter     (TSJ):    0.071ns
    Total Input Jitter      (TIJ):    0.000ns
    Discrete Jitter          (DJ):    0.000ns
    Phase Error              (PE):    0.000ns

    Location             Delay type                Incr(ns)  Path(ns)    Netlist Resource(s)
  -------------------------------------------------------------------    -------------------
                         (clock MWCLK rise edge)      0.000     0.000 r  
                                                      0.000     0.000 r  clk (IN)
                         net (fo=1375, unset)         0.973     0.973    u_Discrete_FIR_Filter/clk
    SLICE_X5Y98          FDCE                                         r  u_Discrete_FIR_Filter/delay17_reg[0][5]/C
  -------------------------------------------------------------------    -------------------
    SLICE_X5Y98          FDCE (Prop_fdce_C_Q)         0.456     1.429 r  u_Discrete_FIR_Filter/delay17_reg[0][5]/Q
                         net (fo=3, routed)           1.458     2.887    u_Discrete_FIR_Filter/delay17_reg[0][5]
    SLICE_X8Y96          FDCE                                         r  u_Discrete_FIR_Filter/delay18_reg[0][5]/D
  -------------------------------------------------------------------    -------------------

                         (clock MWCLK rise edge)     40.000    40.000 r  
                                                      0.000    40.000 r  clk (IN)
                         net (fo=1375, unset)         0.924    40.924    u_Discrete_FIR_Filter/clk
    SLICE_X8Y96          FDCE                                         r  u_Discrete_FIR_Filter/delay18_reg[0][5]/C
                         clock pessimism              0.000    40.924    
                         clock uncertainty           -0.035    40.889    
    SLICE_X8Y96          FDCE (Setup_fdce_C_D)       -0.061    40.828    u_Discrete_FIR_Filter/delay18_reg[0][5]
  -------------------------------------------------------------------
                         required time                         40.828    
                         arrival time                          -2.887    
  -------------------------------------------------------------------
                         slack                                 37.941    

Slack (MET) :             37.945ns  (required time - arrival time)
  Source:                 u_Discrete_FIR_Filter/delay20_reg[0][11]/C
                            (rising edge-triggered cell FDCE clocked by MWCLK  {rise@0.000ns fall@20.000ns period=40.000ns})
  Destination:            u_Discrete_FIR_Filter/delay21_reg[0][11]/D
                            (rising edge-triggered cell FDCE clocked by MWCLK  {rise@0.000ns fall@20.000ns period=40.000ns})
  Path Group:             MWCLK
  Path Type:              Setup (Max at Slow Process Corner)
  Requirement:            40.000ns  (MWCLK rise@40.000ns - MWCLK rise@0.000ns)
  Data Path Delay:        1.910ns  (logic 0.518ns (27.123%)  route 1.392ns (72.877%))
  Logic Levels:           0  
  Clock Path Skew:        -0.049ns (DCD - SCD + CPR)
    Destination Clock Delay (DCD):    0.924ns = ( 40.924 - 40.000 ) 
    Source Clock Delay      (SCD):    0.973ns
    Clock Pessimism Removal (CPR):    0.000ns
  Clock Uncertainty:      0.035ns  ((TSJ^2 + TIJ^2)^1/2 + DJ) / 2 + PE
    Total System Jitter     (TSJ):    0.071ns
    Total Input Jitter      (TIJ):    0.000ns
    Discrete Jitter          (DJ):    0.000ns
    Phase Error              (PE):    0.000ns

    Location             Delay type                Incr(ns)  Path(ns)    Netlist Resource(s)
  -------------------------------------------------------------------    -------------------
                         (clock MWCLK rise edge)      0.000     0.000 r  
                                                      0.000     0.000 r  clk (IN)
                         net (fo=1375, unset)         0.973     0.973    u_Discrete_FIR_Filter/clk
    SLICE_X10Y79         FDCE                                         r  u_Discrete_FIR_Filter/delay20_reg[0][11]/C
  -------------------------------------------------------------------    -------------------
    SLICE_X10Y79         FDCE (Prop_fdce_C_Q)         0.518     1.491 r  u_Discrete_FIR_Filter/delay20_reg[0][11]/Q
                         net (fo=3, routed)           1.392     2.883    u_Discrete_FIR_Filter/delay20_reg[0][11]
    SLICE_X14Y76         FDCE                                         r  u_Discrete_FIR_Filter/delay21_reg[0][11]/D
  -------------------------------------------------------------------    -------------------

                         (clock MWCLK rise edge)     40.000    40.000 r  
                                                      0.000    40.000 r  clk (IN)
                         net (fo=1375, unset)         0.924    40.924    u_Discrete_FIR_Filter/clk
    SLICE_X14Y76         FDCE                                         r  u_Discrete_FIR_Filter/delay21_reg[0][11]/C
                         clock pessimism              0.000    40.924    
                         clock uncertainty           -0.035    40.889    
    SLICE_X14Y76         FDCE (Setup_fdce_C_D)       -0.061    40.828    u_Discrete_FIR_Filter/delay21_reg[0][11]
  -------------------------------------------------------------------
                         required time                         40.828    
                         arrival time                          -2.883    
  -------------------------------------------------------------------
                         slack                                 37.945    

Slack (MET) :             37.947ns  (required time - arrival time)
  Source:                 u_Discrete_FIR_Filter/delay8_reg[0][7]/C
                            (rising edge-triggered cell FDCE clocked by MWCLK  {rise@0.000ns fall@20.000ns period=40.000ns})
  Destination:            u_Discrete_FIR_Filter/delay9_reg[0][7]/D
                            (rising edge-triggered cell FDCE clocked by MWCLK  {rise@0.000ns fall@20.000ns period=40.000ns})
  Path Group:             MWCLK
  Path Type:              Setup (Max at Slow Process Corner)
  Requirement:            40.000ns  (MWCLK rise@40.000ns - MWCLK rise@0.000ns)
  Data Path Delay:        1.868ns  (logic 0.456ns (24.415%)  route 1.412ns (75.585%))
  Logic Levels:           0  
  Clock Path Skew:        -0.049ns (DCD - SCD + CPR)
    Destination Clock Delay (DCD):    0.924ns = ( 40.924 - 40.000 ) 
    Source Clock Delay      (SCD):    0.973ns
    Clock Pessimism Removal (CPR):    0.000ns
  Clock Uncertainty:      0.035ns  ((TSJ^2 + TIJ^2)^1/2 + DJ) / 2 + PE
    Total System Jitter     (TSJ):    0.071ns
    Total Input Jitter      (TIJ):    0.000ns
    Discrete Jitter          (DJ):    0.000ns
    Phase Error              (PE):    0.000ns

    Location             Delay type                Incr(ns)  Path(ns)    Netlist Resource(s)
  -------------------------------------------------------------------    -------------------
                         (clock MWCLK rise edge)      0.000     0.000 r  
                                                      0.000     0.000 r  clk (IN)
                         net (fo=1375, unset)         0.973     0.973    u_Discrete_FIR_Filter/clk
    SLICE_X13Y109        FDCE                                         r  u_Discrete_FIR_Filter/delay8_reg[0][7]/C
  -------------------------------------------------------------------    -------------------
    SLICE_X13Y109        FDCE (Prop_fdce_C_Q)         0.456     1.429 r  u_Discrete_FIR_Filter/delay8_reg[0][7]/Q
                         net (fo=3, routed)           1.412     2.841    u_Discrete_FIR_Filter/delay8_reg[0][7]
    SLICE_X11Y107        FDCE                                         r  u_Discrete_FIR_Filter/delay9_reg[0][7]/D
  -------------------------------------------------------------------    -------------------

                         (clock MWCLK rise edge)     40.000    40.000 r  
                                                      0.000    40.000 r  clk (IN)
                         net (fo=1375, unset)         0.924    40.924    u_Discrete_FIR_Filter/clk
    SLICE_X11Y107        FDCE                                         r  u_Discrete_FIR_Filter/delay9_reg[0][7]/C
                         clock pessimism              0.000    40.924    
                         clock uncertainty           -0.035    40.889    
    SLICE_X11Y107        FDCE (Setup_fdce_C_D)       -0.101    40.788    u_Discrete_FIR_Filter/delay9_reg[0][7]
  -------------------------------------------------------------------
                         required time                         40.788    
                         arrival time                          -2.841    
  -------------------------------------------------------------------
                         slack                                 37.947    

Slack (MET) :             37.949ns  (required time - arrival time)
  Source:                 u_Discrete_FIR_Filter/delay19_reg[0][2]/C
                            (rising edge-triggered cell FDCE clocked by MWCLK  {rise@0.000ns fall@20.000ns period=40.000ns})
  Destination:            u_Discrete_FIR_Filter/delay20_reg[0][2]/D
                            (rising edge-triggered cell FDCE clocked by MWCLK  {rise@0.000ns fall@20.000ns period=40.000ns})
  Path Group:             MWCLK
  Path Type:              Setup (Max at Slow Process Corner)
  Requirement:            40.000ns  (MWCLK rise@40.000ns - MWCLK rise@0.000ns)
  Data Path Delay:        1.911ns  (logic 0.456ns (23.865%)  route 1.455ns (76.135%))
  Logic Levels:           0  
  Clock Path Skew:        -0.049ns (DCD - SCD + CPR)
    Destination Clock Delay (DCD):    0.924ns = ( 40.924 - 40.000 ) 
    Source Clock Delay      (SCD):    0.973ns
    Clock Pessimism Removal (CPR):    0.000ns
  Clock Uncertainty:      0.035ns  ((TSJ^2 + TIJ^2)^1/2 + DJ) / 2 + PE
    Total System Jitter     (TSJ):    0.071ns
    Total Input Jitter      (TIJ):    0.000ns
    Discrete Jitter          (DJ):    0.000ns
    Phase Error              (PE):    0.000ns

    Location             Delay type                Incr(ns)  Path(ns)    Netlist Resource(s)
  -------------------------------------------------------------------    -------------------
                         (clock MWCLK rise edge)      0.000     0.000 r  
                                                      0.000     0.000 r  clk (IN)
                         net (fo=1375, unset)         0.973     0.973    u_Discrete_FIR_Filter/clk
    SLICE_X9Y91          FDCE                                         r  u_Discrete_FIR_Filter/delay19_reg[0][2]/C
  -------------------------------------------------------------------    -------------------
    SLICE_X9Y91          FDCE (Prop_fdce_C_Q)         0.456     1.429 r  u_Discrete_FIR_Filter/delay19_reg[0][2]/Q
                         net (fo=3, routed)           1.455     2.884    u_Discrete_FIR_Filter/delay19_reg[0][2]
    SLICE_X14Y75         FDCE                                         r  u_Discrete_FIR_Filter/delay20_reg[0][2]/D
  -------------------------------------------------------------------    -------------------

                         (clock MWCLK rise edge)     40.000    40.000 r  
                                                      0.000    40.000 r  clk (IN)
                         net (fo=1375, unset)         0.924    40.924    u_Discrete_FIR_Filter/clk
    SLICE_X14Y75         FDCE                                         r  u_Discrete_FIR_Filter/delay20_reg[0][2]/C
                         clock pessimism              0.000    40.924    
                         clock uncertainty           -0.035    40.889    
    SLICE_X14Y75         FDCE (Setup_fdce_C_D)       -0.056    40.833    u_Discrete_FIR_Filter/delay20_reg[0][2]
  -------------------------------------------------------------------
                         required time                         40.833    
                         arrival time                          -2.884    
  -------------------------------------------------------------------
                         slack                                 37.949    

Slack (MET) :             37.952ns  (required time - arrival time)
  Source:                 u_Discrete_FIR_Filter/delay19_reg[0][7]/C
                            (rising edge-triggered cell FDCE clocked by MWCLK  {rise@0.000ns fall@20.000ns period=40.000ns})
  Destination:            u_Discrete_FIR_Filter/delay20_reg[0][7]/D
                            (rising edge-triggered cell FDCE clocked by MWCLK  {rise@0.000ns fall@20.000ns period=40.000ns})
  Path Group:             MWCLK
  Path Type:              Setup (Max at Slow Process Corner)
  Requirement:            40.000ns  (MWCLK rise@40.000ns - MWCLK rise@0.000ns)
  Data Path Delay:        1.883ns  (logic 0.456ns (24.218%)  route 1.427ns (75.782%))
  Logic Levels:           0  
  Clock Path Skew:        -0.049ns (DCD - SCD + CPR)
    Destination Clock Delay (DCD):    0.924ns = ( 40.924 - 40.000 ) 
    Source Clock Delay      (SCD):    0.973ns
    Clock Pessimism Removal (CPR):    0.000ns
  Clock Uncertainty:      0.035ns  ((TSJ^2 + TIJ^2)^1/2 + DJ) / 2 + PE
    Total System Jitter     (TSJ):    0.071ns
    Total Input Jitter      (TIJ):    0.000ns
    Discrete Jitter          (DJ):    0.000ns
    Phase Error              (PE):    0.000ns

    Location             Delay type                Incr(ns)  Path(ns)    Netlist Resource(s)
  -------------------------------------------------------------------    -------------------
                         (clock MWCLK rise edge)      0.000     0.000 r  
                                                      0.000     0.000 r  clk (IN)
                         net (fo=1375, unset)         0.973     0.973    u_Discrete_FIR_Filter/clk
    SLICE_X9Y96          FDCE                                         r  u_Discrete_FIR_Filter/delay19_reg[0][7]/C
  -------------------------------------------------------------------    -------------------
    SLICE_X9Y96          FDCE (Prop_fdce_C_Q)         0.456     1.429 r  u_Discrete_FIR_Filter/delay19_reg[0][7]/Q
                         net (fo=3, routed)           1.427     2.856    u_Discrete_FIR_Filter/delay19_reg[0][7]
    SLICE_X9Y76          FDCE                                         r  u_Discrete_FIR_Filter/delay20_reg[0][7]/D
  -------------------------------------------------------------------    -------------------

                         (clock MWCLK rise edge)     40.000    40.000 r  
                                                      0.000    40.000 r  clk (IN)
                         net (fo=1375, unset)         0.924    40.924    u_Discrete_FIR_Filter/clk
    SLICE_X9Y76          FDCE                                         r  u_Discrete_FIR_Filter/delay20_reg[0][7]/C
                         clock pessimism              0.000    40.924    
                         clock uncertainty           -0.035    40.889    
    SLICE_X9Y76          FDCE (Setup_fdce_C_D)       -0.081    40.808    u_Discrete_FIR_Filter/delay20_reg[0][7]
  -------------------------------------------------------------------
                         required time                         40.808    
                         arrival time                          -2.856    
  -------------------------------------------------------------------
                         slack                                 37.952    





Min Delay Paths
--------------------------------------------------------------------------------------
Slack (MET) :             0.099ns  (arrival time - required time)
  Source:                 u_Discrete_FIR_Filter/delay28_reg[1][0]/C
                            (rising edge-triggered cell FDCE clocked by MWCLK  {rise@0.000ns fall@20.000ns period=40.000ns})
  Destination:            u_Discrete_FIR_Filter/delay29_reg[1][0]/D
                            (rising edge-triggered cell FDCE clocked by MWCLK  {rise@0.000ns fall@20.000ns period=40.000ns})
  Path Group:             MWCLK
  Path Type:              Hold (Min at Fast Process Corner)
  Requirement:            0.000ns  (MWCLK rise@0.000ns - MWCLK rise@0.000ns)
  Data Path Delay:        0.197ns  (logic 0.141ns (71.611%)  route 0.056ns (28.389%))
  Logic Levels:           0  
  Clock Path Skew:        0.022ns (DCD - SCD - CPR)
    Destination Clock Delay (DCD):    0.432ns
    Source Clock Delay      (SCD):    0.410ns
    Clock Pessimism Removal (CPR):    -0.000ns

    Location             Delay type                Incr(ns)  Path(ns)    Netlist Resource(s)
  -------------------------------------------------------------------    -------------------
                         (clock MWCLK rise edge)      0.000     0.000 r  
                                                      0.000     0.000 r  clk (IN)
                         net (fo=1375, unset)         0.410     0.410    u_Discrete_FIR_Filter/clk
    SLICE_X53Y94         FDCE                                         r  u_Discrete_FIR_Filter/delay28_reg[1][0]/C
  -------------------------------------------------------------------    -------------------
    SLICE_X53Y94         FDCE (Prop_fdce_C_Q)         0.141     0.551 r  u_Discrete_FIR_Filter/delay28_reg[1][0]/Q
                         net (fo=2, routed)           0.056     0.607    u_Discrete_FIR_Filter/delay28_reg[1][0]
    SLICE_X53Y94         FDCE                                         r  u_Discrete_FIR_Filter/delay29_reg[1][0]/D
  -------------------------------------------------------------------    -------------------

                         (clock MWCLK rise edge)      0.000     0.000 r  
                                                      0.000     0.000 r  clk (IN)
                         net (fo=1375, unset)         0.432     0.432    u_Discrete_FIR_Filter/clk
    SLICE_X53Y94         FDCE                                         r  u_Discrete_FIR_Filter/delay29_reg[1][0]/C
                         clock pessimism              0.000     0.432    
    SLICE_X53Y94         FDCE (Hold_fdce_C_D)         0.076     0.508    u_Discrete_FIR_Filter/delay29_reg[1][0]
  -------------------------------------------------------------------
                         required time                         -0.508    
                         arrival time                           0.607    
  -------------------------------------------------------------------
                         slack                                  0.099    

Slack (MET) :             0.108ns  (arrival time - required time)
  Source:                 u_Discrete_FIR_Filter/delay22_reg[1][2]/C
                            (rising edge-triggered cell FDCE clocked by MWCLK  {rise@0.000ns fall@20.000ns period=40.000ns})
  Destination:            u_Discrete_FIR_Filter/delay23_reg[1][2]/D
                            (rising edge-triggered cell FDCE clocked by MWCLK  {rise@0.000ns fall@20.000ns period=40.000ns})
  Path Group:             MWCLK
  Path Type:              Hold (Min at Fast Process Corner)
  Requirement:            0.000ns  (MWCLK rise@0.000ns - MWCLK rise@0.000ns)
  Data Path Delay:        0.208ns  (logic 0.141ns (67.788%)  route 0.067ns (32.212%))
  Logic Levels:           0  
  Clock Path Skew:        0.022ns (DCD - SCD - CPR)
    Destination Clock Delay (DCD):    0.432ns
    Source Clock Delay      (SCD):    0.410ns
    Clock Pessimism Removal (CPR):    -0.000ns

    Location             Delay type                Incr(ns)  Path(ns)    Netlist Resource(s)
  -------------------------------------------------------------------    -------------------
                         (clock MWCLK rise edge)      0.000     0.000 r  
                                                      0.000     0.000 r  clk (IN)
                         net (fo=1375, unset)         0.410     0.410    u_Discrete_FIR_Filter/clk
    SLICE_X57Y92         FDCE                                         r  u_Discrete_FIR_Filter/delay22_reg[1][2]/C
  -------------------------------------------------------------------    -------------------
    SLICE_X57Y92         FDCE (Prop_fdce_C_Q)         0.141     0.551 r  u_Discrete_FIR_Filter/delay22_reg[1][2]/Q
                         net (fo=2, routed)           0.067     0.618    u_Discrete_FIR_Filter/delay22_reg[1][2]
    SLICE_X57Y92         FDCE                                         r  u_Discrete_FIR_Filter/delay23_reg[1][2]/D
  -------------------------------------------------------------------    -------------------

                         (clock MWCLK rise edge)      0.000     0.000 r  
                                                      0.000     0.000 r  clk (IN)
                         net (fo=1375, unset)         0.432     0.432    u_Discrete_FIR_Filter/clk
    SLICE_X57Y92         FDCE                                         r  u_Discrete_FIR_Filter/delay23_reg[1][2]/C
                         clock pessimism              0.000     0.432    
    SLICE_X57Y92         FDCE (Hold_fdce_C_D)         0.078     0.510    u_Discrete_FIR_Filter/delay23_reg[1][2]
  -------------------------------------------------------------------
                         required time                         -0.510    
                         arrival time                           0.618    
  -------------------------------------------------------------------
                         slack                                  0.108    

Slack (MET) :             0.109ns  (arrival time - required time)
  Source:                 u_Discrete_FIR_Filter/delay28_reg[1][1]/C
                            (rising edge-triggered cell FDCE clocked by MWCLK  {rise@0.000ns fall@20.000ns period=40.000ns})
  Destination:            u_Discrete_FIR_Filter/delay29_reg[1][1]/D
                            (rising edge-triggered cell FDCE clocked by MWCLK  {rise@0.000ns fall@20.000ns period=40.000ns})
  Path Group:             MWCLK
  Path Type:              Hold (Min at Fast Process Corner)
  Requirement:            0.000ns  (MWCLK rise@0.000ns - MWCLK rise@0.000ns)
  Data Path Delay:        0.209ns  (logic 0.141ns (67.454%)  route 0.068ns (32.546%))
  Logic Levels:           0  
  Clock Path Skew:        0.022ns (DCD - SCD - CPR)
    Destination Clock Delay (DCD):    0.432ns
    Source Clock Delay      (SCD):    0.410ns
    Clock Pessimism Removal (CPR):    -0.000ns

    Location             Delay type                Incr(ns)  Path(ns)    Netlist Resource(s)
  -------------------------------------------------------------------    -------------------
                         (clock MWCLK rise edge)      0.000     0.000 r  
                                                      0.000     0.000 r  clk (IN)
                         net (fo=1375, unset)         0.410     0.410    u_Discrete_FIR_Filter/clk
    SLICE_X53Y94         FDCE                                         r  u_Discrete_FIR_Filter/delay28_reg[1][1]/C
  -------------------------------------------------------------------    -------------------
    SLICE_X53Y94         FDCE (Prop_fdce_C_Q)         0.141     0.551 r  u_Discrete_FIR_Filter/delay28_reg[1][1]/Q
                         net (fo=2, routed)           0.068     0.619    u_Discrete_FIR_Filter/delay28_reg[1][1]
    SLICE_X53Y94         FDCE                                         r  u_Discrete_FIR_Filter/delay29_reg[1][1]/D
  -------------------------------------------------------------------    -------------------

                         (clock MWCLK rise edge)      0.000     0.000 r  
                                                      0.000     0.000 r  clk (IN)
                         net (fo=1375, unset)         0.432     0.432    u_Discrete_FIR_Filter/clk
    SLICE_X53Y94         FDCE                                         r  u_Discrete_FIR_Filter/delay29_reg[1][1]/C
                         clock pessimism              0.000     0.432    
    SLICE_X53Y94         FDCE (Hold_fdce_C_D)         0.078     0.510    u_Discrete_FIR_Filter/delay29_reg[1][1]
  -------------------------------------------------------------------
                         required time                         -0.510    
                         arrival time                           0.619    
  -------------------------------------------------------------------
                         slack                                  0.109    

Slack (MET) :             0.110ns  (arrival time - required time)
  Source:                 u_Discrete_FIR_Filter/delay22_reg[0][8]/C
                            (rising edge-triggered cell FDCE clocked by MWCLK  {rise@0.000ns fall@20.000ns period=40.000ns})
  Destination:            u_Discrete_FIR_Filter/delay23_reg[0][8]/D
                            (rising edge-triggered cell FDCE clocked by MWCLK  {rise@0.000ns fall@20.000ns period=40.000ns})
  Path Group:             MWCLK
  Path Type:              Hold (Min at Fast Process Corner)
  Requirement:            0.000ns  (MWCLK rise@0.000ns - MWCLK rise@0.000ns)
  Data Path Delay:        0.209ns  (logic 0.141ns (67.433%)  route 0.068ns (32.567%))
  Logic Levels:           0  
  Clock Path Skew:        0.022ns (DCD - SCD - CPR)
    Destination Clock Delay (DCD):    0.432ns
    Source Clock Delay      (SCD):    0.410ns
    Clock Pessimism Removal (CPR):    -0.000ns

    Location             Delay type                Incr(ns)  Path(ns)    Netlist Resource(s)
  -------------------------------------------------------------------    -------------------
                         (clock MWCLK rise edge)      0.000     0.000 r  
                                                      0.000     0.000 r  clk (IN)
                         net (fo=1375, unset)         0.410     0.410    u_Discrete_FIR_Filter/clk
    SLICE_X15Y77         FDCE                                         r  u_Discrete_FIR_Filter/delay22_reg[0][8]/C
  -------------------------------------------------------------------    -------------------
    SLICE_X15Y77         FDCE (Prop_fdce_C_Q)         0.141     0.551 r  u_Discrete_FIR_Filter/delay22_reg[0][8]/Q
                         net (fo=2, routed)           0.068     0.619    u_Discrete_FIR_Filter/delay22_reg[0][8]
    SLICE_X15Y77         FDCE                                         r  u_Discrete_FIR_Filter/delay23_reg[0][8]/D
  -------------------------------------------------------------------    -------------------

                         (clock MWCLK rise edge)      0.000     0.000 r  
                                                      0.000     0.000 r  clk (IN)
                         net (fo=1375, unset)         0.432     0.432    u_Discrete_FIR_Filter/clk
    SLICE_X15Y77         FDCE                                         r  u_Discrete_FIR_Filter/delay23_reg[0][8]/C
                         clock pessimism              0.000     0.432    
    SLICE_X15Y77         FDCE (Hold_fdce_C_D)         0.078     0.510    u_Discrete_FIR_Filter/delay23_reg[0][8]
  -------------------------------------------------------------------
                         required time                         -0.510    
                         arrival time                           0.619    
  -------------------------------------------------------------------
                         slack                                  0.110    

Slack (MET) :             0.110ns  (arrival time - required time)
  Source:                 u_Discrete_FIR_Filter/delay22_reg[1][1]/C
                            (rising edge-triggered cell FDCE clocked by MWCLK  {rise@0.000ns fall@20.000ns period=40.000ns})
  Destination:            u_Discrete_FIR_Filter/delay23_reg[1][1]/D
                            (rising edge-triggered cell FDCE clocked by MWCLK  {rise@0.000ns fall@20.000ns period=40.000ns})
  Path Group:             MWCLK
  Path Type:              Hold (Min at Fast Process Corner)
  Requirement:            0.000ns  (MWCLK rise@0.000ns - MWCLK rise@0.000ns)
  Data Path Delay:        0.208ns  (logic 0.141ns (67.855%)  route 0.067ns (32.145%))
  Logic Levels:           0  
  Clock Path Skew:        0.022ns (DCD - SCD - CPR)
    Destination Clock Delay (DCD):    0.432ns
    Source Clock Delay      (SCD):    0.410ns
    Clock Pessimism Removal (CPR):    -0.000ns

    Location             Delay type                Incr(ns)  Path(ns)    Netlist Resource(s)
  -------------------------------------------------------------------    -------------------
                         (clock MWCLK rise edge)      0.000     0.000 r  
                                                      0.000     0.000 r  clk (IN)
                         net (fo=1375, unset)         0.410     0.410    u_Discrete_FIR_Filter/clk
    SLICE_X57Y92         FDCE                                         r  u_Discrete_FIR_Filter/delay22_reg[1][1]/C
  -------------------------------------------------------------------    -------------------
    SLICE_X57Y92         FDCE (Prop_fdce_C_Q)         0.141     0.551 r  u_Discrete_FIR_Filter/delay22_reg[1][1]/Q
                         net (fo=2, routed)           0.067     0.618    u_Discrete_FIR_Filter/delay22_reg[1][1]
    SLICE_X57Y92         FDCE                                         r  u_Discrete_FIR_Filter/delay23_reg[1][1]/D
  -------------------------------------------------------------------    -------------------

                         (clock MWCLK rise edge)      0.000     0.000 r  
                                                      0.000     0.000 r  clk (IN)
                         net (fo=1375, unset)         0.432     0.432    u_Discrete_FIR_Filter/clk
    SLICE_X57Y92         FDCE                                         r  u_Discrete_FIR_Filter/delay23_reg[1][1]/C
                         clock pessimism              0.000     0.432    
    SLICE_X57Y92         FDCE (Hold_fdce_C_D)         0.076     0.508    u_Discrete_FIR_Filter/delay23_reg[1][1]
  -------------------------------------------------------------------
                         required time                         -0.508    
                         arrival time                           0.618    
  -------------------------------------------------------------------
                         slack                                  0.110    

Slack (MET) :             0.111ns  (arrival time - required time)
  Source:                 u_Discrete_FIR_Filter/delay38_reg[1][0]/C
                            (rising edge-triggered cell FDCE clocked by MWCLK  {rise@0.000ns fall@20.000ns period=40.000ns})
  Destination:            u_Discrete_FIR_Filter/delay39_reg[1][0]/D
                            (rising edge-triggered cell FDCE clocked by MWCLK  {rise@0.000ns fall@20.000ns period=40.000ns})
  Path Group:             MWCLK
  Path Type:              Hold (Min at Fast Process Corner)
  Requirement:            0.000ns  (MWCLK rise@0.000ns - MWCLK rise@0.000ns)
  Data Path Delay:        0.208ns  (logic 0.141ns (67.788%)  route 0.067ns (32.212%))
  Logic Levels:           0  
  Clock Path Skew:        0.022ns (DCD - SCD - CPR)
    Destination Clock Delay (DCD):    0.432ns
    Source Clock Delay      (SCD):    0.410ns
    Clock Pessimism Removal (CPR):    -0.000ns

    Location             Delay type                Incr(ns)  Path(ns)    Netlist Resource(s)
  -------------------------------------------------------------------    -------------------
                         (clock MWCLK rise edge)      0.000     0.000 r  
                                                      0.000     0.000 r  clk (IN)
                         net (fo=1375, unset)         0.410     0.410    u_Discrete_FIR_Filter/clk
    SLICE_X55Y109        FDCE                                         r  u_Discrete_FIR_Filter/delay38_reg[1][0]/C
  -------------------------------------------------------------------    -------------------
    SLICE_X55Y109        FDCE (Prop_fdce_C_Q)         0.141     0.551 r  u_Discrete_FIR_Filter/delay38_reg[1][0]/Q
                         net (fo=2, routed)           0.067     0.618    u_Discrete_FIR_Filter/delay38_reg[1][0]
    SLICE_X55Y109        FDCE                                         r  u_Discrete_FIR_Filter/delay39_reg[1][0]/D
  -------------------------------------------------------------------    -------------------

                         (clock MWCLK rise edge)      0.000     0.000 r  
                                                      0.000     0.000 r  clk (IN)
                         net (fo=1375, unset)         0.432     0.432    u_Discrete_FIR_Filter/clk
    SLICE_X55Y109        FDCE                                         r  u_Discrete_FIR_Filter/delay39_reg[1][0]/C
                         clock pessimism              0.000     0.432    
    SLICE_X55Y109        FDCE (Hold_fdce_C_D)         0.075     0.507    u_Discrete_FIR_Filter/delay39_reg[1][0]
  -------------------------------------------------------------------
                         required time                         -0.507    
                         arrival time                           0.618    
  -------------------------------------------------------------------
                         slack                                  0.111    

Slack (MET) :             0.124ns  (arrival time - required time)
  Source:                 u_Discrete_FIR_Filter/delay21_reg[1][3]/C
                            (rising edge-triggered cell FDCE clocked by MWCLK  {rise@0.000ns fall@20.000ns period=40.000ns})
  Destination:            u_Discrete_FIR_Filter/delay22_reg[1][3]/D
                            (rising edge-triggered cell FDCE clocked by MWCLK  {rise@0.000ns fall@20.000ns period=40.000ns})
  Path Group:             MWCLK
  Path Type:              Hold (Min at Fast Process Corner)
  Requirement:            0.000ns  (MWCLK rise@0.000ns - MWCLK rise@0.000ns)
  Data Path Delay:        0.220ns  (logic 0.141ns (64.051%)  route 0.079ns (35.949%))
  Logic Levels:           0  
  Clock Path Skew:        0.022ns (DCD - SCD - CPR)
    Destination Clock Delay (DCD):    0.432ns
    Source Clock Delay      (SCD):    0.410ns
    Clock Pessimism Removal (CPR):    -0.000ns

    Location             Delay type                Incr(ns)  Path(ns)    Netlist Resource(s)
  -------------------------------------------------------------------    -------------------
                         (clock MWCLK rise edge)      0.000     0.000 r  
                                                      0.000     0.000 r  clk (IN)
                         net (fo=1375, unset)         0.410     0.410    u_Discrete_FIR_Filter/clk
    SLICE_X57Y92         FDCE                                         r  u_Discrete_FIR_Filter/delay21_reg[1][3]/C
  -------------------------------------------------------------------    -------------------
    SLICE_X57Y92         FDCE (Prop_fdce_C_Q)         0.141     0.551 r  u_Discrete_FIR_Filter/delay21_reg[1][3]/Q
                         net (fo=3, routed)           0.079     0.630    u_Discrete_FIR_Filter/delay21_reg[1][3]
    SLICE_X57Y92         FDCE                                         r  u_Discrete_FIR_Filter/delay22_reg[1][3]/D
  -------------------------------------------------------------------    -------------------

                         (clock MWCLK rise edge)      0.000     0.000 r  
                                                      0.000     0.000 r  clk (IN)
                         net (fo=1375, unset)         0.432     0.432    u_Discrete_FIR_Filter/clk
    SLICE_X57Y92         FDCE                                         r  u_Discrete_FIR_Filter/delay22_reg[1][3]/C
                         clock pessimism              0.000     0.432    
    SLICE_X57Y92         FDCE (Hold_fdce_C_D)         0.075     0.507    u_Discrete_FIR_Filter/delay22_reg[1][3]
  -------------------------------------------------------------------
                         required time                         -0.507    
                         arrival time                           0.630    
  -------------------------------------------------------------------
                         slack                                  0.124    

Slack (MET) :             0.134ns  (arrival time - required time)
  Source:                 u_Discrete_FIR_Filter/delay3_reg[0][12]/C
                            (rising edge-triggered cell FDCE clocked by MWCLK  {rise@0.000ns fall@20.000ns period=40.000ns})
  Destination:            u_Discrete_FIR_Filter/delay4_reg[0][12]/D
                            (rising edge-triggered cell FDCE clocked by MWCLK  {rise@0.000ns fall@20.000ns period=40.000ns})
  Path Group:             MWCLK
  Path Type:              Hold (Min at Fast Process Corner)
  Requirement:            0.000ns  (MWCLK rise@0.000ns - MWCLK rise@0.000ns)
  Data Path Delay:        0.240ns  (logic 0.141ns (58.692%)  route 0.099ns (41.308%))
  Logic Levels:           0  
  Clock Path Skew:        0.022ns (DCD - SCD - CPR)
    Destination Clock Delay (DCD):    0.432ns
    Source Clock Delay      (SCD):    0.410ns
    Clock Pessimism Removal (CPR):    -0.000ns

    Location             Delay type                Incr(ns)  Path(ns)    Netlist Resource(s)
  -------------------------------------------------------------------    -------------------
                         (clock MWCLK rise edge)      0.000     0.000 r  
                                                      0.000     0.000 r  clk (IN)
                         net (fo=1375, unset)         0.410     0.410    u_Discrete_FIR_Filter/clk
    SLICE_X9Y115         FDCE                                         r  u_Discrete_FIR_Filter/delay3_reg[0][12]/C
  -------------------------------------------------------------------    -------------------
    SLICE_X9Y115         FDCE (Prop_fdce_C_Q)         0.141     0.551 r  u_Discrete_FIR_Filter/delay3_reg[0][12]/Q
                         net (fo=3, routed)           0.099     0.650    u_Discrete_FIR_Filter/delay3_reg[0][12]
    SLICE_X8Y115         FDCE                                         r  u_Discrete_FIR_Filter/delay4_reg[0][12]/D
  -------------------------------------------------------------------    -------------------

                         (clock MWCLK rise edge)      0.000     0.000 r  
                                                      0.000     0.000 r  clk (IN)
                         net (fo=1375, unset)         0.432     0.432    u_Discrete_FIR_Filter/clk
    SLICE_X8Y115         FDCE                                         r  u_Discrete_FIR_Filter/delay4_reg[0][12]/C
                         clock pessimism              0.000     0.432    
    SLICE_X8Y115         FDCE (Hold_fdce_C_D)         0.085     0.517    u_Discrete_FIR_Filter/delay4_reg[0][12]
  -------------------------------------------------------------------
                         required time                         -0.517    
                         arrival time                           0.650    
  -------------------------------------------------------------------
                         slack                                  0.134    

Slack (MET) :             0.137ns  (arrival time - required time)
  Source:                 u_Discrete_FIR_Filter/delay24_reg[1][11]/C
                            (rising edge-triggered cell FDCE clocked by MWCLK  {rise@0.000ns fall@20.000ns period=40.000ns})
  Destination:            u_Discrete_FIR_Filter/delay25_reg[1][11]/D
                            (rising edge-triggered cell FDCE clocked by MWCLK  {rise@0.000ns fall@20.000ns period=40.000ns})
  Path Group:             MWCLK
  Path Type:              Hold (Min at Fast Process Corner)
  Requirement:            0.000ns  (MWCLK rise@0.000ns - MWCLK rise@0.000ns)
  Data Path Delay:        0.243ns  (logic 0.141ns (57.975%)  route 0.102ns (42.025%))
  Logic Levels:           0  
  Clock Path Skew:        0.022ns (DCD - SCD - CPR)
    Destination Clock Delay (DCD):    0.432ns
    Source Clock Delay      (SCD):    0.410ns
    Clock Pessimism Removal (CPR):    -0.000ns

    Location             Delay type                Incr(ns)  Path(ns)    Netlist Resource(s)
  -------------------------------------------------------------------    -------------------
                         (clock MWCLK rise edge)      0.000     0.000 r  
                                                      0.000     0.000 r  clk (IN)
                         net (fo=1375, unset)         0.410     0.410    u_Discrete_FIR_Filter/clk
    SLICE_X53Y94         FDCE                                         r  u_Discrete_FIR_Filter/delay24_reg[1][11]/C
  -------------------------------------------------------------------    -------------------
    SLICE_X53Y94         FDCE (Prop_fdce_C_Q)         0.141     0.551 r  u_Discrete_FIR_Filter/delay24_reg[1][11]/Q
                         net (fo=2, routed)           0.102     0.653    u_Discrete_FIR_Filter/delay24_reg[1][11]
    SLICE_X52Y94         FDCE                                         r  u_Discrete_FIR_Filter/delay25_reg[1][11]/D
  -------------------------------------------------------------------    -------------------

                         (clock MWCLK rise edge)      0.000     0.000 r  
                                                      0.000     0.000 r  clk (IN)
                         net (fo=1375, unset)         0.432     0.432    u_Discrete_FIR_Filter/clk
    SLICE_X52Y94         FDCE                                         r  u_Discrete_FIR_Filter/delay25_reg[1][11]/C
                         clock pessimism              0.000     0.432    
    SLICE_X52Y94         FDCE (Hold_fdce_C_D)         0.085     0.517    u_Discrete_FIR_Filter/delay25_reg[1][11]
  -------------------------------------------------------------------
                         required time                         -0.517    
                         arrival time                           0.653    
  -------------------------------------------------------------------
                         slack                                  0.137    

Slack (MET) :             0.145ns  (arrival time - required time)
  Source:                 u_Discrete_FIR_Filter/delay11_reg[0][11]/C
                            (rising edge-triggered cell FDCE clocked by MWCLK  {rise@0.000ns fall@20.000ns period=40.000ns})
  Destination:            u_Discrete_FIR_Filter/delay12_reg[0][11]/D
                            (rising edge-triggered cell FDCE clocked by MWCLK  {rise@0.000ns fall@20.000ns period=40.000ns})
  Path Group:             MWCLK
  Path Type:              Hold (Min at Fast Process Corner)
  Requirement:            0.000ns  (MWCLK rise@0.000ns - MWCLK rise@0.000ns)
  Data Path Delay:        0.251ns  (logic 0.141ns (56.099%)  route 0.110ns (43.901%))
  Logic Levels:           0  
  Clock Path Skew:        0.022ns (DCD - SCD - CPR)
    Destination Clock Delay (DCD):    0.432ns
    Source Clock Delay      (SCD):    0.410ns
    Clock Pessimism Removal (CPR):    -0.000ns

    Location             Delay type                Incr(ns)  Path(ns)    Netlist Resource(s)
  -------------------------------------------------------------------    -------------------
                         (clock MWCLK rise edge)      0.000     0.000 r  
                                                      0.000     0.000 r  clk (IN)
                         net (fo=1375, unset)         0.410     0.410    u_Discrete_FIR_Filter/clk
    SLICE_X9Y105         FDCE                                         r  u_Discrete_FIR_Filter/delay11_reg[0][11]/C
  -------------------------------------------------------------------    -------------------
    SLICE_X9Y105         FDCE (Prop_fdce_C_Q)         0.141     0.551 r  u_Discrete_FIR_Filter/delay11_reg[0][11]/Q
                         net (fo=3, routed)           0.110     0.661    u_Discrete_FIR_Filter/delay11_reg[0][11]
    SLICE_X8Y105         FDCE                                         r  u_Discrete_FIR_Filter/delay12_reg[0][11]/D
  -------------------------------------------------------------------    -------------------

                         (clock MWCLK rise edge)      0.000     0.000 r  
                                                      0.000     0.000 r  clk (IN)
                         net (fo=1375, unset)         0.432     0.432    u_Discrete_FIR_Filter/clk
    SLICE_X8Y105         FDCE                                         r  u_Discrete_FIR_Filter/delay12_reg[0][11]/C
                         clock pessimism              0.000     0.432    
    SLICE_X8Y105         FDCE (Hold_fdce_C_D)         0.085     0.517    u_Discrete_FIR_Filter/delay12_reg[0][11]
  -------------------------------------------------------------------
                         required time                         -0.517    
                         arrival time                           0.661    
  -------------------------------------------------------------------
                         slack                                  0.145    





Pulse Width Checks
--------------------------------------------------------------------------------------
Clock Name:         MWCLK
Waveform(ns):       { 0.000 20.000 }
Period(ns):         40.000
Sources:            { clk }

Check Type        Corner  Lib Pin  Reference Pin  Required(ns)  Actual(ns)  Slack(ns)  Location       Pin
Min Period        n/a     FDCE/C   n/a            1.000         40.000      39.000     SLICE_X11Y103  u_Discrete_FIR_Filter/delay10_reg[0][0]/C
Min Period        n/a     FDCE/C   n/a            1.000         40.000      39.000     SLICE_X10Y106  u_Discrete_FIR_Filter/delay10_reg[0][10]/C
Min Period        n/a     FDCE/C   n/a            1.000         40.000      39.000     SLICE_X8Y106   u_Discrete_FIR_Filter/delay10_reg[0][11]/C
Min Period        n/a     FDCE/C   n/a            1.000         40.000      39.000     SLICE_X10Y107  u_Discrete_FIR_Filter/delay10_reg[0][12]/C
Min Period        n/a     FDCE/C   n/a            1.000         40.000      39.000     SLICE_X10Y108  u_Discrete_FIR_Filter/delay10_reg[0][13]/C
Min Period        n/a     FDCE/C   n/a            1.000         40.000      39.000     SLICE_X10Y108  u_Discrete_FIR_Filter/delay10_reg[0][14]/C
Min Period        n/a     FDCE/C   n/a            1.000         40.000      39.000     SLICE_X10Y107  u_Discrete_FIR_Filter/delay10_reg[0][15]/C
Min Period        n/a     FDCE/C   n/a            1.000         40.000      39.000     SLICE_X11Y104  u_Discrete_FIR_Filter/delay10_reg[0][1]/C
Min Period        n/a     FDCE/C   n/a            1.000         40.000      39.000     SLICE_X11Y104  u_Discrete_FIR_Filter/delay10_reg[0][2]/C
Min Period        n/a     FDCE/C   n/a            1.000         40.000      39.000     SLICE_X11Y103  u_Discrete_FIR_Filter/delay10_reg[0][3]/C
Low Pulse Width   Slow    FDCE/C   n/a            0.500         20.000      19.500     SLICE_X11Y103  u_Discrete_FIR_Filter/delay10_reg[0][0]/C
Low Pulse Width   Fast    FDCE/C   n/a            0.500         20.000      19.500     SLICE_X11Y103  u_Discrete_FIR_Filter/delay10_reg[0][0]/C
Low Pulse Width   Slow    FDCE/C   n/a            0.500         20.000      19.500     SLICE_X10Y106  u_Discrete_FIR_Filter/delay10_reg[0][10]/C
Low Pulse Width   Fast    FDCE/C   n/a            0.500         20.000      19.500     SLICE_X10Y106  u_Discrete_FIR_Filter/delay10_reg[0][10]/C
Low Pulse Width   Slow    FDCE/C   n/a            0.500         20.000      19.500     SLICE_X8Y106   u_Discrete_FIR_Filter/delay10_reg[0][11]/C
Low Pulse Width   Fast    FDCE/C   n/a            0.500         20.000      19.500     SLICE_X8Y106   u_Discrete_FIR_Filter/delay10_reg[0][11]/C
Low Pulse Width   Slow    FDCE/C   n/a            0.500         20.000      19.500     SLICE_X10Y107  u_Discrete_FIR_Filter/delay10_reg[0][12]/C
Low Pulse Width   Fast    FDCE/C   n/a            0.500         20.000      19.500     SLICE_X10Y107  u_Discrete_FIR_Filter/delay10_reg[0][12]/C
Low Pulse Width   Slow    FDCE/C   n/a            0.500         20.000      19.500     SLICE_X10Y108  u_Discrete_FIR_Filter/delay10_reg[0][13]/C
Low Pulse Width   Fast    FDCE/C   n/a            0.500         20.000      19.500     SLICE_X10Y108  u_Discrete_FIR_Filter/delay10_reg[0][13]/C
High Pulse Width  Slow    FDCE/C   n/a            0.500         20.000      19.500     SLICE_X11Y103  u_Discrete_FIR_Filter/delay10_reg[0][0]/C
High Pulse Width  Fast    FDCE/C   n/a            0.500         20.000      19.500     SLICE_X11Y103  u_Discrete_FIR_Filter/delay10_reg[0][0]/C
High Pulse Width  Slow    FDCE/C   n/a            0.500         20.000      19.500     SLICE_X10Y106  u_Discrete_FIR_Filter/delay10_reg[0][10]/C
High Pulse Width  Fast    FDCE/C   n/a            0.500         20.000      19.500     SLICE_X10Y106  u_Discrete_FIR_Filter/delay10_reg[0][10]/C
High Pulse Width  Slow    FDCE/C   n/a            0.500         20.000      19.500     SLICE_X8Y106   u_Discrete_FIR_Filter/delay10_reg[0][11]/C
High Pulse Width  Fast    FDCE/C   n/a            0.500         20.000      19.500     SLICE_X8Y106   u_Discrete_FIR_Filter/delay10_reg[0][11]/C
High Pulse Width  Slow    FDCE/C   n/a            0.500         20.000      19.500     SLICE_X10Y107  u_Discrete_FIR_Filter/delay10_reg[0][12]/C
High Pulse Width  Fast    FDCE/C   n/a            0.500         20.000      19.500     SLICE_X10Y107  u_Discrete_FIR_Filter/delay10_reg[0][12]/C
High Pulse Width  Slow    FDCE/C   n/a            0.500         20.000      19.500     SLICE_X10Y108  u_Discrete_FIR_Filter/delay10_reg[0][13]/C
High Pulse Width  Fast    FDCE/C   n/a            0.500         20.000      19.500     SLICE_X10Y108  u_Discrete_FIR_Filter/delay10_reg[0][13]/C



--------------------------------------------------------------------------------------
Path Group:  (none)
From Clock:  
  To Clock:  

Max Delay            77 Endpoints
Min Delay            77 Endpoints
--------------------------------------------------------------------------------------


Max Delay Paths
--------------------------------------------------------------------------------------
Slack:                    inf
  Source:                 In1_1[1]
                            (input port)
  Destination:            Out1_1[0]
                            (output port)
  Path Group:             (none)
  Path Type:              Max at Slow Process Corner
  Data Path Delay:        43.694ns  (logic 39.498ns (90.396%)  route 4.196ns (9.604%))
  Logic Levels:           26  (CARRY4=4 DSP48E1=21 LUT2=1)

    Location             Delay type                Incr(ns)  Path(ns)    Netlist Resource(s)
  -------------------------------------------------------------------    -------------------
                                                      0.000     0.000 r  In1_1[1] (IN)
                         net (fo=2, unset)            0.973     0.973    u_Discrete_FIR_Filter/In1_1[1]
    SLICE_X39Y86         LUT2 (Prop_lut2_I0_O)        0.124     1.097 r  u_Discrete_FIR_Filter/Discrete_FIR_Filter_out_tmp[1]_i_19/O
                         net (fo=1, routed)           0.000     1.097    u_Discrete_FIR_Filter/Discrete_FIR_Filter_out_tmp[1]_i_19_n_0
    SLICE_X39Y86         CARRY4 (Prop_carry4_S[1]_CO[3])
                                                      0.550     1.647 r  u_Discrete_FIR_Filter/Discrete_FIR_Filter_out_tmp[1]_i_4/CO[3]
                         net (fo=1, routed)           0.000     1.647    u_Discrete_FIR_Filter/Discrete_FIR_Filter_out_tmp[1]_i_4_n_0
    SLICE_X39Y87         CARRY4 (Prop_carry4_CI_CO[3])
                                                      0.114     1.761 r  u_Discrete_FIR_Filter/Discrete_FIR_Filter_out_tmp[1]_i_3/CO[3]
                         net (fo=1, routed)           0.000     1.761    u_Discrete_FIR_Filter/Discrete_FIR_Filter_out_tmp[1]_i_3_n_0
    SLICE_X39Y88         CARRY4 (Prop_carry4_CI_CO[3])
                                                      0.114     1.875 r  u_Discrete_FIR_Filter/Discrete_FIR_Filter_out_tmp[1]_i_2/CO[3]
                         net (fo=1, routed)           0.000     1.875    u_Discrete_FIR_Filter/Discrete_FIR_Filter_out_tmp[1]_i_2_n_0
    SLICE_X39Y89         CARRY4 (Prop_carry4_CI_O[3])
                                                      0.313     2.188 r  u_Discrete_FIR_Filter/Discrete_FIR_Filter_out_tmp[1]_i_1/O[3]
                         net (fo=15, routed)          2.157     4.345    u_Discrete_FIR_Filter/Discrete_FIR_Filter_out_tmp[1]_i_1_n_4
    DSP48_X0Y31          DSP48E1 (Prop_dsp48e1_A[23]_PCOUT[47])
                                                      4.218     8.563 r  u_Discrete_FIR_Filter/Discrete_FIR_Filter_out_tmp[1]/PCOUT[47]
                         net (fo=1, routed)           0.002     8.565    u_Discrete_FIR_Filter/Discrete_FIR_Filter_out_tmp_n_106_[1]
    DSP48_X0Y32          DSP48E1 (Prop_dsp48e1_PCIN[47]_PCOUT[47])
                                                      1.713    10.278 r  u_Discrete_FIR_Filter/Discrete_FIR_Filter_out_tmp[1]__0/PCOUT[47]
                         net (fo=1, routed)           0.002    10.280    u_Discrete_FIR_Filter/Discrete_FIR_Filter_out_tmp[1]__0_n_106
    DSP48_X0Y33          DSP48E1 (Prop_dsp48e1_PCIN[47]_PCOUT[47])
                                                      1.713    11.993 r  u_Discrete_FIR_Filter/Discrete_FIR_Filter_out_tmp[1]__1/PCOUT[47]
                         net (fo=1, routed)           0.002    11.995    u_Discrete_FIR_Filter/Discrete_FIR_Filter_out_tmp[1]__1_n_106
    DSP48_X0Y34          DSP48E1 (Prop_dsp48e1_PCIN[47]_PCOUT[47])
                                                      1.713    13.708 r  u_Discrete_FIR_Filter/Discrete_FIR_Filter_out_tmp[1]__2/PCOUT[47]
                         net (fo=1, routed)           0.002    13.710    u_Discrete_FIR_Filter/Discrete_FIR_Filter_out_tmp[1]__2_n_106
    DSP48_X0Y35          DSP48E1 (Prop_dsp48e1_PCIN[47]_PCOUT[47])
                                                      1.713    15.423 r  u_Discrete_FIR_Filter/Discrete_FIR_Filter_out_tmp[1]__3/PCOUT[47]
                         net (fo=1, routed)           0.002    15.425    u_Discrete_FIR_Filter/Discrete_FIR_Filter_out_tmp[1]__3_n_106
    DSP48_X0Y36          DSP48E1 (Prop_dsp48e1_PCIN[47]_PCOUT[47])
                                                      1.713    17.138 r  u_Discrete_FIR_Filter/Discrete_FIR_Filter_out_tmp[1]__4/PCOUT[47]
                         net (fo=1, routed)           0.002    17.140    u_Discrete_FIR_Filter/Discrete_FIR_Filter_out_tmp[1]__4_n_106
    DSP48_X0Y37          DSP48E1 (Prop_dsp48e1_PCIN[47]_PCOUT[47])
                                                      1.713    18.853 r  u_Discrete_FIR_Filter/Discrete_FIR_Filter_out_tmp[1]__5/PCOUT[47]
                         net (fo=1, routed)           0.002    18.855    u_Discrete_FIR_Filter/Discrete_FIR_Filter_out_tmp[1]__5_n_106
    DSP48_X0Y38          DSP48E1 (Prop_dsp48e1_PCIN[47]_PCOUT[47])
                                                      1.713    20.568 r  u_Discrete_FIR_Filter/Discrete_FIR_Filter_out_tmp[1]__6/PCOUT[47]
                         net (fo=1, routed)           0.002    20.570    u_Discrete_FIR_Filter/Discrete_FIR_Filter_out_tmp[1]__6_n_106
    DSP48_X0Y39          DSP48E1 (Prop_dsp48e1_PCIN[47]_PCOUT[47])
                                                      1.713    22.283 r  u_Discrete_FIR_Filter/Discrete_FIR_Filter_out_tmp[1]__7/PCOUT[47]
                         net (fo=1, routed)           0.002    22.285    u_Discrete_FIR_Filter/Discrete_FIR_Filter_out_tmp[1]__7_n_106
    DSP48_X0Y40          DSP48E1 (Prop_dsp48e1_PCIN[47]_PCOUT[47])
                                                      1.713    23.998 r  u_Discrete_FIR_Filter/Discrete_FIR_Filter_out_tmp[1]__8/PCOUT[47]
                         net (fo=1, routed)           0.002    24.000    u_Discrete_FIR_Filter/Discrete_FIR_Filter_out_tmp[1]__8_n_106
    DSP48_X0Y41          DSP48E1 (Prop_dsp48e1_PCIN[47]_PCOUT[47])
                                                      1.713    25.713 r  u_Discrete_FIR_Filter/Discrete_FIR_Filter_out_tmp[1]__9/PCOUT[47]
                         net (fo=1, routed)           0.002    25.715    u_Discrete_FIR_Filter/Discrete_FIR_Filter_out_tmp[1]__9_n_106
    DSP48_X0Y42          DSP48E1 (Prop_dsp48e1_PCIN[47]_PCOUT[47])
                                                      1.713    27.428 r  u_Discrete_FIR_Filter/Discrete_FIR_Filter_out_tmp[1]__10/PCOUT[47]
                         net (fo=1, routed)           0.002    27.430    u_Discrete_FIR_Filter/Discrete_FIR_Filter_out_tmp[1]__10_n_106
    DSP48_X0Y43          DSP48E1 (Prop_dsp48e1_PCIN[47]_PCOUT[47])
                                                      1.713    29.143 r  u_Discrete_FIR_Filter/Discrete_FIR_Filter_out_tmp[1]__11/PCOUT[47]
                         net (fo=1, routed)           0.002    29.145    u_Discrete_FIR_Filter/Discrete_FIR_Filter_out_tmp[1]__11_n_106
    DSP48_X0Y44          DSP48E1 (Prop_dsp48e1_PCIN[47]_PCOUT[47])
                                                      1.713    30.858 r  u_Discrete_FIR_Filter/Discrete_FIR_Filter_out_tmp[1]__12/PCOUT[47]
                         net (fo=1, routed)           0.002    30.860    u_Discrete_FIR_Filter/Discrete_FIR_Filter_out_tmp[1]__12_n_106
    DSP48_X0Y45          DSP48E1 (Prop_dsp48e1_PCIN[47]_PCOUT[47])
                                                      1.713    32.573 r  u_Discrete_FIR_Filter/Discrete_FIR_Filter_out_tmp[1]__13/PCOUT[47]
                         net (fo=1, routed)           0.002    32.575    u_Discrete_FIR_Filter/Discrete_FIR_Filter_out_tmp[1]__13_n_106
    DSP48_X0Y46          DSP48E1 (Prop_dsp48e1_PCIN[47]_PCOUT[47])
                                                      1.713    34.288 r  u_Discrete_FIR_Filter/Discrete_FIR_Filter_out_tmp[1]__14/PCOUT[47]
                         net (fo=1, routed)           0.002    34.290    u_Discrete_FIR_Filter/Discrete_FIR_Filter_out_tmp[1]__14_n_106
    DSP48_X0Y47          DSP48E1 (Prop_dsp48e1_PCIN[47]_PCOUT[47])
                                                      1.713    36.003 r  u_Discrete_FIR_Filter/Discrete_FIR_Filter_out_tmp[1]__15/PCOUT[47]
                         net (fo=1, routed)           0.002    36.005    u_Discrete_FIR_Filter/Discrete_FIR_Filter_out_tmp[1]__15_n_106
    DSP48_X0Y48          DSP48E1 (Prop_dsp48e1_PCIN[47]_PCOUT[47])
                                                      1.713    37.718 r  u_Discrete_FIR_Filter/Discrete_FIR_Filter_out_tmp[1]__16/PCOUT[47]
                         net (fo=1, routed)           0.002    37.720    u_Discrete_FIR_Filter/Discrete_FIR_Filter_out_tmp[1]__16_n_106
    DSP48_X0Y49          DSP48E1 (Prop_dsp48e1_PCIN[47]_PCOUT[47])
                                                      1.713    39.433 r  u_Discrete_FIR_Filter/Discrete_FIR_Filter_out_tmp[1]__17/PCOUT[47]
                         net (fo=1, routed)           0.056    39.488    u_Discrete_FIR_Filter/Discrete_FIR_Filter_out_tmp[1]__17_n_106
    DSP48_X0Y50          DSP48E1 (Prop_dsp48e1_PCIN[47]_PCOUT[47])
                                                      1.713    41.201 r  u_Discrete_FIR_Filter/Discrete_FIR_Filter_out_tmp[1]__18/PCOUT[47]
                         net (fo=1, routed)           0.002    41.203    u_Discrete_FIR_Filter/Discrete_FIR_Filter_out_tmp[1]__18_n_106
    DSP48_X0Y51          DSP48E1 (Prop_dsp48e1_PCIN[47]_P[0])
                                                      1.518    42.721 r  u_Discrete_FIR_Filter/Discrete_FIR_Filter_out_tmp[1]__19/P[0]
                         net (fo=0)                   0.973    43.694    Out1_1[0]
                                                                      r  Out1_1[0] (OUT)
  -------------------------------------------------------------------    -------------------

Slack:                    inf
  Source:                 In1_1[1]
                            (input port)
  Destination:            Out1_1[10]
                            (output port)
  Path Group:             (none)
  Path Type:              Max at Slow Process Corner
  Data Path Delay:        43.694ns  (logic 39.498ns (90.396%)  route 4.196ns (9.604%))
  Logic Levels:           26  (CARRY4=4 DSP48E1=21 LUT2=1)

    Location             Delay type                Incr(ns)  Path(ns)    Netlist Resource(s)
  -------------------------------------------------------------------    -------------------
                                                      0.000     0.000 r  In1_1[1] (IN)
                         net (fo=2, unset)            0.973     0.973    u_Discrete_FIR_Filter/In1_1[1]
    SLICE_X39Y86         LUT2 (Prop_lut2_I0_O)        0.124     1.097 r  u_Discrete_FIR_Filter/Discrete_FIR_Filter_out_tmp[1]_i_19/O
                         net (fo=1, routed)           0.000     1.097    u_Discrete_FIR_Filter/Discrete_FIR_Filter_out_tmp[1]_i_19_n_0
    SLICE_X39Y86         CARRY4 (Prop_carry4_S[1]_CO[3])
                                                      0.550     1.647 r  u_Discrete_FIR_Filter/Discrete_FIR_Filter_out_tmp[1]_i_4/CO[3]
                         net (fo=1, routed)           0.000     1.647    u_Discrete_FIR_Filter/Discrete_FIR_Filter_out_tmp[1]_i_4_n_0
    SLICE_X39Y87         CARRY4 (Prop_carry4_CI_CO[3])
                                                      0.114     1.761 r  u_Discrete_FIR_Filter/Discrete_FIR_Filter_out_tmp[1]_i_3/CO[3]
                         net (fo=1, routed)           0.000     1.761    u_Discrete_FIR_Filter/Discrete_FIR_Filter_out_tmp[1]_i_3_n_0
    SLICE_X39Y88         CARRY4 (Prop_carry4_CI_CO[3])
                                                      0.114     1.875 r  u_Discrete_FIR_Filter/Discrete_FIR_Filter_out_tmp[1]_i_2/CO[3]
                         net (fo=1, routed)           0.000     1.875    u_Discrete_FIR_Filter/Discrete_FIR_Filter_out_tmp[1]_i_2_n_0
    SLICE_X39Y89         CARRY4 (Prop_carry4_CI_O[3])
                                                      0.313     2.188 r  u_Discrete_FIR_Filter/Discrete_FIR_Filter_out_tmp[1]_i_1/O[3]
                         net (fo=15, routed)          2.157     4.345    u_Discrete_FIR_Filter/Discrete_FIR_Filter_out_tmp[1]_i_1_n_4
    DSP48_X0Y31          DSP48E1 (Prop_dsp48e1_A[23]_PCOUT[47])
                                                      4.218     8.563 r  u_Discrete_FIR_Filter/Discrete_FIR_Filter_out_tmp[1]/PCOUT[47]
                         net (fo=1, routed)           0.002     8.565    u_Discrete_FIR_Filter/Discrete_FIR_Filter_out_tmp_n_106_[1]
    DSP48_X0Y32          DSP48E1 (Prop_dsp48e1_PCIN[47]_PCOUT[47])
                                                      1.713    10.278 r  u_Discrete_FIR_Filter/Discrete_FIR_Filter_out_tmp[1]__0/PCOUT[47]
                         net (fo=1, routed)           0.002    10.280    u_Discrete_FIR_Filter/Discrete_FIR_Filter_out_tmp[1]__0_n_106
    DSP48_X0Y33          DSP48E1 (Prop_dsp48e1_PCIN[47]_PCOUT[47])
                                                      1.713    11.993 r  u_Discrete_FIR_Filter/Discrete_FIR_Filter_out_tmp[1]__1/PCOUT[47]
                         net (fo=1, routed)           0.002    11.995    u_Discrete_FIR_Filter/Discrete_FIR_Filter_out_tmp[1]__1_n_106
    DSP48_X0Y34          DSP48E1 (Prop_dsp48e1_PCIN[47]_PCOUT[47])
                                                      1.713    13.708 r  u_Discrete_FIR_Filter/Discrete_FIR_Filter_out_tmp[1]__2/PCOUT[47]
                         net (fo=1, routed)           0.002    13.710    u_Discrete_FIR_Filter/Discrete_FIR_Filter_out_tmp[1]__2_n_106
    DSP48_X0Y35          DSP48E1 (Prop_dsp48e1_PCIN[47]_PCOUT[47])
                                                      1.713    15.423 r  u_Discrete_FIR_Filter/Discrete_FIR_Filter_out_tmp[1]__3/PCOUT[47]
                         net (fo=1, routed)           0.002    15.425    u_Discrete_FIR_Filter/Discrete_FIR_Filter_out_tmp[1]__3_n_106
    DSP48_X0Y36          DSP48E1 (Prop_dsp48e1_PCIN[47]_PCOUT[47])
                                                      1.713    17.138 r  u_Discrete_FIR_Filter/Discrete_FIR_Filter_out_tmp[1]__4/PCOUT[47]
                         net (fo=1, routed)           0.002    17.140    u_Discrete_FIR_Filter/Discrete_FIR_Filter_out_tmp[1]__4_n_106
    DSP48_X0Y37          DSP48E1 (Prop_dsp48e1_PCIN[47]_PCOUT[47])
                                                      1.713    18.853 r  u_Discrete_FIR_Filter/Discrete_FIR_Filter_out_tmp[1]__5/PCOUT[47]
                         net (fo=1, routed)           0.002    18.855    u_Discrete_FIR_Filter/Discrete_FIR_Filter_out_tmp[1]__5_n_106
    DSP48_X0Y38          DSP48E1 (Prop_dsp48e1_PCIN[47]_PCOUT[47])
                                                      1.713    20.568 r  u_Discrete_FIR_Filter/Discrete_FIR_Filter_out_tmp[1]__6/PCOUT[47]
                         net (fo=1, routed)           0.002    20.570    u_Discrete_FIR_Filter/Discrete_FIR_Filter_out_tmp[1]__6_n_106
    DSP48_X0Y39          DSP48E1 (Prop_dsp48e1_PCIN[47]_PCOUT[47])
                                                      1.713    22.283 r  u_Discrete_FIR_Filter/Discrete_FIR_Filter_out_tmp[1]__7/PCOUT[47]
                         net (fo=1, routed)           0.002    22.285    u_Discrete_FIR_Filter/Discrete_FIR_Filter_out_tmp[1]__7_n_106
    DSP48_X0Y40          DSP48E1 (Prop_dsp48e1_PCIN[47]_PCOUT[47])
                                                      1.713    23.998 r  u_Discrete_FIR_Filter/Discrete_FIR_Filter_out_tmp[1]__8/PCOUT[47]
                         net (fo=1, routed)           0.002    24.000    u_Discrete_FIR_Filter/Discrete_FIR_Filter_out_tmp[1]__8_n_106
    DSP48_X0Y41          DSP48E1 (Prop_dsp48e1_PCIN[47]_PCOUT[47])
                                                      1.713    25.713 r  u_Discrete_FIR_Filter/Discrete_FIR_Filter_out_tmp[1]__9/PCOUT[47]
                         net (fo=1, routed)           0.002    25.715    u_Discrete_FIR_Filter/Discrete_FIR_Filter_out_tmp[1]__9_n_106
    DSP48_X0Y42          DSP48E1 (Prop_dsp48e1_PCIN[47]_PCOUT[47])
                                                      1.713    27.428 r  u_Discrete_FIR_Filter/Discrete_FIR_Filter_out_tmp[1]__10/PCOUT[47]
                         net (fo=1, routed)           0.002    27.430    u_Discrete_FIR_Filter/Discrete_FIR_Filter_out_tmp[1]__10_n_106
    DSP48_X0Y43          DSP48E1 (Prop_dsp48e1_PCIN[47]_PCOUT[47])
                                                      1.713    29.143 r  u_Discrete_FIR_Filter/Discrete_FIR_Filter_out_tmp[1]__11/PCOUT[47]
                         net (fo=1, routed)           0.002    29.145    u_Discrete_FIR_Filter/Discrete_FIR_Filter_out_tmp[1]__11_n_106
    DSP48_X0Y44          DSP48E1 (Prop_dsp48e1_PCIN[47]_PCOUT[47])
                                                      1.713    30.858 r  u_Discrete_FIR_Filter/Discrete_FIR_Filter_out_tmp[1]__12/PCOUT[47]
                         net (fo=1, routed)           0.002    30.860    u_Discrete_FIR_Filter/Discrete_FIR_Filter_out_tmp[1]__12_n_106
    DSP48_X0Y45          DSP48E1 (Prop_dsp48e1_PCIN[47]_PCOUT[47])
                                                      1.713    32.573 r  u_Discrete_FIR_Filter/Discrete_FIR_Filter_out_tmp[1]__13/PCOUT[47]
                         net (fo=1, routed)           0.002    32.575    u_Discrete_FIR_Filter/Discrete_FIR_Filter_out_tmp[1]__13_n_106
    DSP48_X0Y46          DSP48E1 (Prop_dsp48e1_PCIN[47]_PCOUT[47])
                                                      1.713    34.288 r  u_Discrete_FIR_Filter/Discrete_FIR_Filter_out_tmp[1]__14/PCOUT[47]
                         net (fo=1, routed)           0.002    34.290    u_Discrete_FIR_Filter/Discrete_FIR_Filter_out_tmp[1]__14_n_106
    DSP48_X0Y47          DSP48E1 (Prop_dsp48e1_PCIN[47]_PCOUT[47])
                                                      1.713    36.003 r  u_Discrete_FIR_Filter/Discrete_FIR_Filter_out_tmp[1]__15/PCOUT[47]
                         net (fo=1, routed)           0.002    36.005    u_Discrete_FIR_Filter/Discrete_FIR_Filter_out_tmp[1]__15_n_106
    DSP48_X0Y48          DSP48E1 (Prop_dsp48e1_PCIN[47]_PCOUT[47])
                                                      1.713    37.718 r  u_Discrete_FIR_Filter/Discrete_FIR_Filter_out_tmp[1]__16/PCOUT[47]
                         net (fo=1, routed)           0.002    37.720    u_Discrete_FIR_Filter/Discrete_FIR_Filter_out_tmp[1]__16_n_106
    DSP48_X0Y49          DSP48E1 (Prop_dsp48e1_PCIN[47]_PCOUT[47])
                                                      1.713    39.433 r  u_Discrete_FIR_Filter/Discrete_FIR_Filter_out_tmp[1]__17/PCOUT[47]
                         net (fo=1, routed)           0.056    39.488    u_Discrete_FIR_Filter/Discrete_FIR_Filter_out_tmp[1]__17_n_106
    DSP48_X0Y50          DSP48E1 (Prop_dsp48e1_PCIN[47]_PCOUT[47])
                                                      1.713    41.201 r  u_Discrete_FIR_Filter/Discrete_FIR_Filter_out_tmp[1]__18/PCOUT[47]
                         net (fo=1, routed)           0.002    41.203    u_Discrete_FIR_Filter/Discrete_FIR_Filter_out_tmp[1]__18_n_106
    DSP48_X0Y51          DSP48E1 (Prop_dsp48e1_PCIN[47]_P[10])
                                                      1.518    42.721 r  u_Discrete_FIR_Filter/Discrete_FIR_Filter_out_tmp[1]__19/P[10]
                         net (fo=0)                   0.973    43.694    Out1_1[10]
                                                                      r  Out1_1[10] (OUT)
  -------------------------------------------------------------------    -------------------

Slack:                    inf
  Source:                 In1_1[1]
                            (input port)
  Destination:            Out1_1[11]
                            (output port)
  Path Group:             (none)
  Path Type:              Max at Slow Process Corner
  Data Path Delay:        43.694ns  (logic 39.498ns (90.396%)  route 4.196ns (9.604%))
  Logic Levels:           26  (CARRY4=4 DSP48E1=21 LUT2=1)

    Location             Delay type                Incr(ns)  Path(ns)    Netlist Resource(s)
  -------------------------------------------------------------------    -------------------
                                                      0.000     0.000 r  In1_1[1] (IN)
                         net (fo=2, unset)            0.973     0.973    u_Discrete_FIR_Filter/In1_1[1]
    SLICE_X39Y86         LUT2 (Prop_lut2_I0_O)        0.124     1.097 r  u_Discrete_FIR_Filter/Discrete_FIR_Filter_out_tmp[1]_i_19/O
                         net (fo=1, routed)           0.000     1.097    u_Discrete_FIR_Filter/Discrete_FIR_Filter_out_tmp[1]_i_19_n_0
    SLICE_X39Y86         CARRY4 (Prop_carry4_S[1]_CO[3])
                                                      0.550     1.647 r  u_Discrete_FIR_Filter/Discrete_FIR_Filter_out_tmp[1]_i_4/CO[3]
                         net (fo=1, routed)           0.000     1.647    u_Discrete_FIR_Filter/Discrete_FIR_Filter_out_tmp[1]_i_4_n_0
    SLICE_X39Y87         CARRY4 (Prop_carry4_CI_CO[3])
                                                      0.114     1.761 r  u_Discrete_FIR_Filter/Discrete_FIR_Filter_out_tmp[1]_i_3/CO[3]
                         net (fo=1, routed)           0.000     1.761    u_Discrete_FIR_Filter/Discrete_FIR_Filter_out_tmp[1]_i_3_n_0
    SLICE_X39Y88         CARRY4 (Prop_carry4_CI_CO[3])
                                                      0.114     1.875 r  u_Discrete_FIR_Filter/Discrete_FIR_Filter_out_tmp[1]_i_2/CO[3]
                         net (fo=1, routed)           0.000     1.875    u_Discrete_FIR_Filter/Discrete_FIR_Filter_out_tmp[1]_i_2_n_0
    SLICE_X39Y89         CARRY4 (Prop_carry4_CI_O[3])
                                                      0.313     2.188 r  u_Discrete_FIR_Filter/Discrete_FIR_Filter_out_tmp[1]_i_1/O[3]
                         net (fo=15, routed)          2.157     4.345    u_Discrete_FIR_Filter/Discrete_FIR_Filter_out_tmp[1]_i_1_n_4
    DSP48_X0Y31          DSP48E1 (Prop_dsp48e1_A[23]_PCOUT[47])
                                                      4.218     8.563 r  u_Discrete_FIR_Filter/Discrete_FIR_Filter_out_tmp[1]/PCOUT[47]
                         net (fo=1, routed)           0.002     8.565    u_Discrete_FIR_Filter/Discrete_FIR_Filter_out_tmp_n_106_[1]
    DSP48_X0Y32          DSP48E1 (Prop_dsp48e1_PCIN[47]_PCOUT[47])
                                                      1.713    10.278 r  u_Discrete_FIR_Filter/Discrete_FIR_Filter_out_tmp[1]__0/PCOUT[47]
                         net (fo=1, routed)           0.002    10.280    u_Discrete_FIR_Filter/Discrete_FIR_Filter_out_tmp[1]__0_n_106
    DSP48_X0Y33          DSP48E1 (Prop_dsp48e1_PCIN[47]_PCOUT[47])
                                                      1.713    11.993 r  u_Discrete_FIR_Filter/Discrete_FIR_Filter_out_tmp[1]__1/PCOUT[47]
                         net (fo=1, routed)           0.002    11.995    u_Discrete_FIR_Filter/Discrete_FIR_Filter_out_tmp[1]__1_n_106
    DSP48_X0Y34          DSP48E1 (Prop_dsp48e1_PCIN[47]_PCOUT[47])
                                                      1.713    13.708 r  u_Discrete_FIR_Filter/Discrete_FIR_Filter_out_tmp[1]__2/PCOUT[47]
                         net (fo=1, routed)           0.002    13.710    u_Discrete_FIR_Filter/Discrete_FIR_Filter_out_tmp[1]__2_n_106
    DSP48_X0Y35          DSP48E1 (Prop_dsp48e1_PCIN[47]_PCOUT[47])
                                                      1.713    15.423 r  u_Discrete_FIR_Filter/Discrete_FIR_Filter_out_tmp[1]__3/PCOUT[47]
                         net (fo=1, routed)           0.002    15.425    u_Discrete_FIR_Filter/Discrete_FIR_Filter_out_tmp[1]__3_n_106
    DSP48_X0Y36          DSP48E1 (Prop_dsp48e1_PCIN[47]_PCOUT[47])
                                                      1.713    17.138 r  u_Discrete_FIR_Filter/Discrete_FIR_Filter_out_tmp[1]__4/PCOUT[47]
                         net (fo=1, routed)           0.002    17.140    u_Discrete_FIR_Filter/Discrete_FIR_Filter_out_tmp[1]__4_n_106
    DSP48_X0Y37          DSP48E1 (Prop_dsp48e1_PCIN[47]_PCOUT[47])
                                                      1.713    18.853 r  u_Discrete_FIR_Filter/Discrete_FIR_Filter_out_tmp[1]__5/PCOUT[47]
                         net (fo=1, routed)           0.002    18.855    u_Discrete_FIR_Filter/Discrete_FIR_Filter_out_tmp[1]__5_n_106
    DSP48_X0Y38          DSP48E1 (Prop_dsp48e1_PCIN[47]_PCOUT[47])
                                                      1.713    20.568 r  u_Discrete_FIR_Filter/Discrete_FIR_Filter_out_tmp[1]__6/PCOUT[47]
                         net (fo=1, routed)           0.002    20.570    u_Discrete_FIR_Filter/Discrete_FIR_Filter_out_tmp[1]__6_n_106
    DSP48_X0Y39          DSP48E1 (Prop_dsp48e1_PCIN[47]_PCOUT[47])
                                                      1.713    22.283 r  u_Discrete_FIR_Filter/Discrete_FIR_Filter_out_tmp[1]__7/PCOUT[47]
                         net (fo=1, routed)           0.002    22.285    u_Discrete_FIR_Filter/Discrete_FIR_Filter_out_tmp[1]__7_n_106
    DSP48_X0Y40          DSP48E1 (Prop_dsp48e1_PCIN[47]_PCOUT[47])
                                                      1.713    23.998 r  u_Discrete_FIR_Filter/Discrete_FIR_Filter_out_tmp[1]__8/PCOUT[47]
                         net (fo=1, routed)           0.002    24.000    u_Discrete_FIR_Filter/Discrete_FIR_Filter_out_tmp[1]__8_n_106
    DSP48_X0Y41          DSP48E1 (Prop_dsp48e1_PCIN[47]_PCOUT[47])
                                                      1.713    25.713 r  u_Discrete_FIR_Filter/Discrete_FIR_Filter_out_tmp[1]__9/PCOUT[47]
                         net (fo=1, routed)           0.002    25.715    u_Discrete_FIR_Filter/Discrete_FIR_Filter_out_tmp[1]__9_n_106
    DSP48_X0Y42          DSP48E1 (Prop_dsp48e1_PCIN[47]_PCOUT[47])
                                                      1.713    27.428 r  u_Discrete_FIR_Filter/Discrete_FIR_Filter_out_tmp[1]__10/PCOUT[47]
                         net (fo=1, routed)           0.002    27.430    u_Discrete_FIR_Filter/Discrete_FIR_Filter_out_tmp[1]__10_n_106
    DSP48_X0Y43          DSP48E1 (Prop_dsp48e1_PCIN[47]_PCOUT[47])
                                                      1.713    29.143 r  u_Discrete_FIR_Filter/Discrete_FIR_Filter_out_tmp[1]__11/PCOUT[47]
                         net (fo=1, routed)           0.002    29.145    u_Discrete_FIR_Filter/Discrete_FIR_Filter_out_tmp[1]__11_n_106
    DSP48_X0Y44          DSP48E1 (Prop_dsp48e1_PCIN[47]_PCOUT[47])
                                                      1.713    30.858 r  u_Discrete_FIR_Filter/Discrete_FIR_Filter_out_tmp[1]__12/PCOUT[47]
                         net (fo=1, routed)           0.002    30.860    u_Discrete_FIR_Filter/Discrete_FIR_Filter_out_tmp[1]__12_n_106
    DSP48_X0Y45          DSP48E1 (Prop_dsp48e1_PCIN[47]_PCOUT[47])
                                                      1.713    32.573 r  u_Discrete_FIR_Filter/Discrete_FIR_Filter_out_tmp[1]__13/PCOUT[47]
                         net (fo=1, routed)           0.002    32.575    u_Discrete_FIR_Filter/Discrete_FIR_Filter_out_tmp[1]__13_n_106
    DSP48_X0Y46          DSP48E1 (Prop_dsp48e1_PCIN[47]_PCOUT[47])
                                                      1.713    34.288 r  u_Discrete_FIR_Filter/Discrete_FIR_Filter_out_tmp[1]__14/PCOUT[47]
                         net (fo=1, routed)           0.002    34.290    u_Discrete_FIR_Filter/Discrete_FIR_Filter_out_tmp[1]__14_n_106
    DSP48_X0Y47          DSP48E1 (Prop_dsp48e1_PCIN[47]_PCOUT[47])
                                                      1.713    36.003 r  u_Discrete_FIR_Filter/Discrete_FIR_Filter_out_tmp[1]__15/PCOUT[47]
                         net (fo=1, routed)           0.002    36.005    u_Discrete_FIR_Filter/Discrete_FIR_Filter_out_tmp[1]__15_n_106
    DSP48_X0Y48          DSP48E1 (Prop_dsp48e1_PCIN[47]_PCOUT[47])
                                                      1.713    37.718 r  u_Discrete_FIR_Filter/Discrete_FIR_Filter_out_tmp[1]__16/PCOUT[47]
                         net (fo=1, routed)           0.002    37.720    u_Discrete_FIR_Filter/Discrete_FIR_Filter_out_tmp[1]__16_n_106
    DSP48_X0Y49          DSP48E1 (Prop_dsp48e1_PCIN[47]_PCOUT[47])
                                                      1.713    39.433 r  u_Discrete_FIR_Filter/Discrete_FIR_Filter_out_tmp[1]__17/PCOUT[47]
                         net (fo=1, routed)           0.056    39.488    u_Discrete_FIR_Filter/Discrete_FIR_Filter_out_tmp[1]__17_n_106
    DSP48_X0Y50          DSP48E1 (Prop_dsp48e1_PCIN[47]_PCOUT[47])
                                                      1.713    41.201 r  u_Discrete_FIR_Filter/Discrete_FIR_Filter_out_tmp[1]__18/PCOUT[47]
                         net (fo=1, routed)           0.002    41.203    u_Discrete_FIR_Filter/Discrete_FIR_Filter_out_tmp[1]__18_n_106
    DSP48_X0Y51          DSP48E1 (Prop_dsp48e1_PCIN[47]_P[11])
                                                      1.518    42.721 r  u_Discrete_FIR_Filter/Discrete_FIR_Filter_out_tmp[1]__19/P[11]
                         net (fo=0)                   0.973    43.694    Out1_1[11]
                                                                      r  Out1_1[11] (OUT)
  -------------------------------------------------------------------    -------------------

Slack:                    inf
  Source:                 In1_1[1]
                            (input port)
  Destination:            Out1_1[12]
                            (output port)
  Path Group:             (none)
  Path Type:              Max at Slow Process Corner
  Data Path Delay:        43.694ns  (logic 39.498ns (90.396%)  route 4.196ns (9.604%))
  Logic Levels:           26  (CARRY4=4 DSP48E1=21 LUT2=1)

    Location             Delay type                Incr(ns)  Path(ns)    Netlist Resource(s)
  -------------------------------------------------------------------    -------------------
                                                      0.000     0.000 r  In1_1[1] (IN)
                         net (fo=2, unset)            0.973     0.973    u_Discrete_FIR_Filter/In1_1[1]
    SLICE_X39Y86         LUT2 (Prop_lut2_I0_O)        0.124     1.097 r  u_Discrete_FIR_Filter/Discrete_FIR_Filter_out_tmp[1]_i_19/O
                         net (fo=1, routed)           0.000     1.097    u_Discrete_FIR_Filter/Discrete_FIR_Filter_out_tmp[1]_i_19_n_0
    SLICE_X39Y86         CARRY4 (Prop_carry4_S[1]_CO[3])
                                                      0.550     1.647 r  u_Discrete_FIR_Filter/Discrete_FIR_Filter_out_tmp[1]_i_4/CO[3]
                         net (fo=1, routed)           0.000     1.647    u_Discrete_FIR_Filter/Discrete_FIR_Filter_out_tmp[1]_i_4_n_0
    SLICE_X39Y87         CARRY4 (Prop_carry4_CI_CO[3])
                                                      0.114     1.761 r  u_Discrete_FIR_Filter/Discrete_FIR_Filter_out_tmp[1]_i_3/CO[3]
                         net (fo=1, routed)           0.000     1.761    u_Discrete_FIR_Filter/Discrete_FIR_Filter_out_tmp[1]_i_3_n_0
    SLICE_X39Y88         CARRY4 (Prop_carry4_CI_CO[3])
                                                      0.114     1.875 r  u_Discrete_FIR_Filter/Discrete_FIR_Filter_out_tmp[1]_i_2/CO[3]
                         net (fo=1, routed)           0.000     1.875    u_Discrete_FIR_Filter/Discrete_FIR_Filter_out_tmp[1]_i_2_n_0
    SLICE_X39Y89         CARRY4 (Prop_carry4_CI_O[3])
                                                      0.313     2.188 r  u_Discrete_FIR_Filter/Discrete_FIR_Filter_out_tmp[1]_i_1/O[3]
                         net (fo=15, routed)          2.157     4.345    u_Discrete_FIR_Filter/Discrete_FIR_Filter_out_tmp[1]_i_1_n_4
    DSP48_X0Y31          DSP48E1 (Prop_dsp48e1_A[23]_PCOUT[47])
                                                      4.218     8.563 r  u_Discrete_FIR_Filter/Discrete_FIR_Filter_out_tmp[1]/PCOUT[47]
                         net (fo=1, routed)           0.002     8.565    u_Discrete_FIR_Filter/Discrete_FIR_Filter_out_tmp_n_106_[1]
    DSP48_X0Y32          DSP48E1 (Prop_dsp48e1_PCIN[47]_PCOUT[47])
                                                      1.713    10.278 r  u_Discrete_FIR_Filter/Discrete_FIR_Filter_out_tmp[1]__0/PCOUT[47]
                         net (fo=1, routed)           0.002    10.280    u_Discrete_FIR_Filter/Discrete_FIR_Filter_out_tmp[1]__0_n_106
    DSP48_X0Y33          DSP48E1 (Prop_dsp48e1_PCIN[47]_PCOUT[47])
                                                      1.713    11.993 r  u_Discrete_FIR_Filter/Discrete_FIR_Filter_out_tmp[1]__1/PCOUT[47]
                         net (fo=1, routed)           0.002    11.995    u_Discrete_FIR_Filter/Discrete_FIR_Filter_out_tmp[1]__1_n_106
    DSP48_X0Y34          DSP48E1 (Prop_dsp48e1_PCIN[47]_PCOUT[47])
                                                      1.713    13.708 r  u_Discrete_FIR_Filter/Discrete_FIR_Filter_out_tmp[1]__2/PCOUT[47]
                         net (fo=1, routed)           0.002    13.710    u_Discrete_FIR_Filter/Discrete_FIR_Filter_out_tmp[1]__2_n_106
    DSP48_X0Y35          DSP48E1 (Prop_dsp48e1_PCIN[47]_PCOUT[47])
                                                      1.713    15.423 r  u_Discrete_FIR_Filter/Discrete_FIR_Filter_out_tmp[1]__3/PCOUT[47]
                         net (fo=1, routed)           0.002    15.425    u_Discrete_FIR_Filter/Discrete_FIR_Filter_out_tmp[1]__3_n_106
    DSP48_X0Y36          DSP48E1 (Prop_dsp48e1_PCIN[47]_PCOUT[47])
                                                      1.713    17.138 r  u_Discrete_FIR_Filter/Discrete_FIR_Filter_out_tmp[1]__4/PCOUT[47]
                         net (fo=1, routed)           0.002    17.140    u_Discrete_FIR_Filter/Discrete_FIR_Filter_out_tmp[1]__4_n_106
    DSP48_X0Y37          DSP48E1 (Prop_dsp48e1_PCIN[47]_PCOUT[47])
                                                      1.713    18.853 r  u_Discrete_FIR_Filter/Discrete_FIR_Filter_out_tmp[1]__5/PCOUT[47]
                         net (fo=1, routed)           0.002    18.855    u_Discrete_FIR_Filter/Discrete_FIR_Filter_out_tmp[1]__5_n_106
    DSP48_X0Y38          DSP48E1 (Prop_dsp48e1_PCIN[47]_PCOUT[47])
                                                      1.713    20.568 r  u_Discrete_FIR_Filter/Discrete_FIR_Filter_out_tmp[1]__6/PCOUT[47]
                         net (fo=1, routed)           0.002    20.570    u_Discrete_FIR_Filter/Discrete_FIR_Filter_out_tmp[1]__6_n_106
    DSP48_X0Y39          DSP48E1 (Prop_dsp48e1_PCIN[47]_PCOUT[47])
                                                      1.713    22.283 r  u_Discrete_FIR_Filter/Discrete_FIR_Filter_out_tmp[1]__7/PCOUT[47]
                         net (fo=1, routed)           0.002    22.285    u_Discrete_FIR_Filter/Discrete_FIR_Filter_out_tmp[1]__7_n_106
    DSP48_X0Y40          DSP48E1 (Prop_dsp48e1_PCIN[47]_PCOUT[47])
                                                      1.713    23.998 r  u_Discrete_FIR_Filter/Discrete_FIR_Filter_out_tmp[1]__8/PCOUT[47]
                         net (fo=1, routed)           0.002    24.000    u_Discrete_FIR_Filter/Discrete_FIR_Filter_out_tmp[1]__8_n_106
    DSP48_X0Y41          DSP48E1 (Prop_dsp48e1_PCIN[47]_PCOUT[47])
                                                      1.713    25.713 r  u_Discrete_FIR_Filter/Discrete_FIR_Filter_out_tmp[1]__9/PCOUT[47]
                         net (fo=1, routed)           0.002    25.715    u_Discrete_FIR_Filter/Discrete_FIR_Filter_out_tmp[1]__9_n_106
    DSP48_X0Y42          DSP48E1 (Prop_dsp48e1_PCIN[47]_PCOUT[47])
                                                      1.713    27.428 r  u_Discrete_FIR_Filter/Discrete_FIR_Filter_out_tmp[1]__10/PCOUT[47]
                         net (fo=1, routed)           0.002    27.430    u_Discrete_FIR_Filter/Discrete_FIR_Filter_out_tmp[1]__10_n_106
    DSP48_X0Y43          DSP48E1 (Prop_dsp48e1_PCIN[47]_PCOUT[47])
                                                      1.713    29.143 r  u_Discrete_FIR_Filter/Discrete_FIR_Filter_out_tmp[1]__11/PCOUT[47]
                         net (fo=1, routed)           0.002    29.145    u_Discrete_FIR_Filter/Discrete_FIR_Filter_out_tmp[1]__11_n_106
    DSP48_X0Y44          DSP48E1 (Prop_dsp48e1_PCIN[47]_PCOUT[47])
                                                      1.713    30.858 r  u_Discrete_FIR_Filter/Discrete_FIR_Filter_out_tmp[1]__12/PCOUT[47]
                         net (fo=1, routed)           0.002    30.860    u_Discrete_FIR_Filter/Discrete_FIR_Filter_out_tmp[1]__12_n_106
    DSP48_X0Y45          DSP48E1 (Prop_dsp48e1_PCIN[47]_PCOUT[47])
                                                      1.713    32.573 r  u_Discrete_FIR_Filter/Discrete_FIR_Filter_out_tmp[1]__13/PCOUT[47]
                         net (fo=1, routed)           0.002    32.575    u_Discrete_FIR_Filter/Discrete_FIR_Filter_out_tmp[1]__13_n_106
    DSP48_X0Y46          DSP48E1 (Prop_dsp48e1_PCIN[47]_PCOUT[47])
                                                      1.713    34.288 r  u_Discrete_FIR_Filter/Discrete_FIR_Filter_out_tmp[1]__14/PCOUT[47]
                         net (fo=1, routed)           0.002    34.290    u_Discrete_FIR_Filter/Discrete_FIR_Filter_out_tmp[1]__14_n_106
    DSP48_X0Y47          DSP48E1 (Prop_dsp48e1_PCIN[47]_PCOUT[47])
                                                      1.713    36.003 r  u_Discrete_FIR_Filter/Discrete_FIR_Filter_out_tmp[1]__15/PCOUT[47]
                         net (fo=1, routed)           0.002    36.005    u_Discrete_FIR_Filter/Discrete_FIR_Filter_out_tmp[1]__15_n_106
    DSP48_X0Y48          DSP48E1 (Prop_dsp48e1_PCIN[47]_PCOUT[47])
                                                      1.713    37.718 r  u_Discrete_FIR_Filter/Discrete_FIR_Filter_out_tmp[1]__16/PCOUT[47]
                         net (fo=1, routed)           0.002    37.720    u_Discrete_FIR_Filter/Discrete_FIR_Filter_out_tmp[1]__16_n_106
    DSP48_X0Y49          DSP48E1 (Prop_dsp48e1_PCIN[47]_PCOUT[47])
                                                      1.713    39.433 r  u_Discrete_FIR_Filter/Discrete_FIR_Filter_out_tmp[1]__17/PCOUT[47]
                         net (fo=1, routed)           0.056    39.488    u_Discrete_FIR_Filter/Discrete_FIR_Filter_out_tmp[1]__17_n_106
    DSP48_X0Y50          DSP48E1 (Prop_dsp48e1_PCIN[47]_PCOUT[47])
                                                      1.713    41.201 r  u_Discrete_FIR_Filter/Discrete_FIR_Filter_out_tmp[1]__18/PCOUT[47]
                         net (fo=1, routed)           0.002    41.203    u_Discrete_FIR_Filter/Discrete_FIR_Filter_out_tmp[1]__18_n_106
    DSP48_X0Y51          DSP48E1 (Prop_dsp48e1_PCIN[47]_P[12])
                                                      1.518    42.721 r  u_Discrete_FIR_Filter/Discrete_FIR_Filter_out_tmp[1]__19/P[12]
                         net (fo=0)                   0.973    43.694    Out1_1[12]
                                                                      r  Out1_1[12] (OUT)
  -------------------------------------------------------------------    -------------------

Slack:                    inf
  Source:                 In1_1[1]
                            (input port)
  Destination:            Out1_1[13]
                            (output port)
  Path Group:             (none)
  Path Type:              Max at Slow Process Corner
  Data Path Delay:        43.694ns  (logic 39.498ns (90.396%)  route 4.196ns (9.604%))
  Logic Levels:           26  (CARRY4=4 DSP48E1=21 LUT2=1)

    Location             Delay type                Incr(ns)  Path(ns)    Netlist Resource(s)
  -------------------------------------------------------------------    -------------------
                                                      0.000     0.000 r  In1_1[1] (IN)
                         net (fo=2, unset)            0.973     0.973    u_Discrete_FIR_Filter/In1_1[1]
    SLICE_X39Y86         LUT2 (Prop_lut2_I0_O)        0.124     1.097 r  u_Discrete_FIR_Filter/Discrete_FIR_Filter_out_tmp[1]_i_19/O
                         net (fo=1, routed)           0.000     1.097    u_Discrete_FIR_Filter/Discrete_FIR_Filter_out_tmp[1]_i_19_n_0
    SLICE_X39Y86         CARRY4 (Prop_carry4_S[1]_CO[3])
                                                      0.550     1.647 r  u_Discrete_FIR_Filter/Discrete_FIR_Filter_out_tmp[1]_i_4/CO[3]
                         net (fo=1, routed)           0.000     1.647    u_Discrete_FIR_Filter/Discrete_FIR_Filter_out_tmp[1]_i_4_n_0
    SLICE_X39Y87         CARRY4 (Prop_carry4_CI_CO[3])
                                                      0.114     1.761 r  u_Discrete_FIR_Filter/Discrete_FIR_Filter_out_tmp[1]_i_3/CO[3]
                         net (fo=1, routed)           0.000     1.761    u_Discrete_FIR_Filter/Discrete_FIR_Filter_out_tmp[1]_i_3_n_0
    SLICE_X39Y88         CARRY4 (Prop_carry4_CI_CO[3])
                                                      0.114     1.875 r  u_Discrete_FIR_Filter/Discrete_FIR_Filter_out_tmp[1]_i_2/CO[3]
                         net (fo=1, routed)           0.000     1.875    u_Discrete_FIR_Filter/Discrete_FIR_Filter_out_tmp[1]_i_2_n_0
    SLICE_X39Y89         CARRY4 (Prop_carry4_CI_O[3])
                                                      0.313     2.188 r  u_Discrete_FIR_Filter/Discrete_FIR_Filter_out_tmp[1]_i_1/O[3]
                         net (fo=15, routed)          2.157     4.345    u_Discrete_FIR_Filter/Discrete_FIR_Filter_out_tmp[1]_i_1_n_4
    DSP48_X0Y31          DSP48E1 (Prop_dsp48e1_A[23]_PCOUT[47])
                                                      4.218     8.563 r  u_Discrete_FIR_Filter/Discrete_FIR_Filter_out_tmp[1]/PCOUT[47]
                         net (fo=1, routed)           0.002     8.565    u_Discrete_FIR_Filter/Discrete_FIR_Filter_out_tmp_n_106_[1]
    DSP48_X0Y32          DSP48E1 (Prop_dsp48e1_PCIN[47]_PCOUT[47])
                                                      1.713    10.278 r  u_Discrete_FIR_Filter/Discrete_FIR_Filter_out_tmp[1]__0/PCOUT[47]
                         net (fo=1, routed)           0.002    10.280    u_Discrete_FIR_Filter/Discrete_FIR_Filter_out_tmp[1]__0_n_106
    DSP48_X0Y33          DSP48E1 (Prop_dsp48e1_PCIN[47]_PCOUT[47])
                                                      1.713    11.993 r  u_Discrete_FIR_Filter/Discrete_FIR_Filter_out_tmp[1]__1/PCOUT[47]
                         net (fo=1, routed)           0.002    11.995    u_Discrete_FIR_Filter/Discrete_FIR_Filter_out_tmp[1]__1_n_106
    DSP48_X0Y34          DSP48E1 (Prop_dsp48e1_PCIN[47]_PCOUT[47])
                                                      1.713    13.708 r  u_Discrete_FIR_Filter/Discrete_FIR_Filter_out_tmp[1]__2/PCOUT[47]
                         net (fo=1, routed)           0.002    13.710    u_Discrete_FIR_Filter/Discrete_FIR_Filter_out_tmp[1]__2_n_106
    DSP48_X0Y35          DSP48E1 (Prop_dsp48e1_PCIN[47]_PCOUT[47])
                                                      1.713    15.423 r  u_Discrete_FIR_Filter/Discrete_FIR_Filter_out_tmp[1]__3/PCOUT[47]
                         net (fo=1, routed)           0.002    15.425    u_Discrete_FIR_Filter/Discrete_FIR_Filter_out_tmp[1]__3_n_106
    DSP48_X0Y36          DSP48E1 (Prop_dsp48e1_PCIN[47]_PCOUT[47])
                                                      1.713    17.138 r  u_Discrete_FIR_Filter/Discrete_FIR_Filter_out_tmp[1]__4/PCOUT[47]
                         net (fo=1, routed)           0.002    17.140    u_Discrete_FIR_Filter/Discrete_FIR_Filter_out_tmp[1]__4_n_106
    DSP48_X0Y37          DSP48E1 (Prop_dsp48e1_PCIN[47]_PCOUT[47])
                                                      1.713    18.853 r  u_Discrete_FIR_Filter/Discrete_FIR_Filter_out_tmp[1]__5/PCOUT[47]
                         net (fo=1, routed)           0.002    18.855    u_Discrete_FIR_Filter/Discrete_FIR_Filter_out_tmp[1]__5_n_106
    DSP48_X0Y38          DSP48E1 (Prop_dsp48e1_PCIN[47]_PCOUT[47])
                                                      1.713    20.568 r  u_Discrete_FIR_Filter/Discrete_FIR_Filter_out_tmp[1]__6/PCOUT[47]
                         net (fo=1, routed)           0.002    20.570    u_Discrete_FIR_Filter/Discrete_FIR_Filter_out_tmp[1]__6_n_106
    DSP48_X0Y39          DSP48E1 (Prop_dsp48e1_PCIN[47]_PCOUT[47])
                                                      1.713    22.283 r  u_Discrete_FIR_Filter/Discrete_FIR_Filter_out_tmp[1]__7/PCOUT[47]
                         net (fo=1, routed)           0.002    22.285    u_Discrete_FIR_Filter/Discrete_FIR_Filter_out_tmp[1]__7_n_106
    DSP48_X0Y40          DSP48E1 (Prop_dsp48e1_PCIN[47]_PCOUT[47])
                                                      1.713    23.998 r  u_Discrete_FIR_Filter/Discrete_FIR_Filter_out_tmp[1]__8/PCOUT[47]
                         net (fo=1, routed)           0.002    24.000    u_Discrete_FIR_Filter/Discrete_FIR_Filter_out_tmp[1]__8_n_106
    DSP48_X0Y41          DSP48E1 (Prop_dsp48e1_PCIN[47]_PCOUT[47])
                                                      1.713    25.713 r  u_Discrete_FIR_Filter/Discrete_FIR_Filter_out_tmp[1]__9/PCOUT[47]
                         net (fo=1, routed)           0.002    25.715    u_Discrete_FIR_Filter/Discrete_FIR_Filter_out_tmp[1]__9_n_106
    DSP48_X0Y42          DSP48E1 (Prop_dsp48e1_PCIN[47]_PCOUT[47])
                                                      1.713    27.428 r  u_Discrete_FIR_Filter/Discrete_FIR_Filter_out_tmp[1]__10/PCOUT[47]
                         net (fo=1, routed)           0.002    27.430    u_Discrete_FIR_Filter/Discrete_FIR_Filter_out_tmp[1]__10_n_106
    DSP48_X0Y43          DSP48E1 (Prop_dsp48e1_PCIN[47]_PCOUT[47])
                                                      1.713    29.143 r  u_Discrete_FIR_Filter/Discrete_FIR_Filter_out_tmp[1]__11/PCOUT[47]
                         net (fo=1, routed)           0.002    29.145    u_Discrete_FIR_Filter/Discrete_FIR_Filter_out_tmp[1]__11_n_106
    DSP48_X0Y44          DSP48E1 (Prop_dsp48e1_PCIN[47]_PCOUT[47])
                                                      1.713    30.858 r  u_Discrete_FIR_Filter/Discrete_FIR_Filter_out_tmp[1]__12/PCOUT[47]
                         net (fo=1, routed)           0.002    30.860    u_Discrete_FIR_Filter/Discrete_FIR_Filter_out_tmp[1]__12_n_106
    DSP48_X0Y45          DSP48E1 (Prop_dsp48e1_PCIN[47]_PCOUT[47])
                                                      1.713    32.573 r  u_Discrete_FIR_Filter/Discrete_FIR_Filter_out_tmp[1]__13/PCOUT[47]
                         net (fo=1, routed)           0.002    32.575    u_Discrete_FIR_Filter/Discrete_FIR_Filter_out_tmp[1]__13_n_106
    DSP48_X0Y46          DSP48E1 (Prop_dsp48e1_PCIN[47]_PCOUT[47])
                                                      1.713    34.288 r  u_Discrete_FIR_Filter/Discrete_FIR_Filter_out_tmp[1]__14/PCOUT[47]
                         net (fo=1, routed)           0.002    34.290    u_Discrete_FIR_Filter/Discrete_FIR_Filter_out_tmp[1]__14_n_106
    DSP48_X0Y47          DSP48E1 (Prop_dsp48e1_PCIN[47]_PCOUT[47])
                                                      1.713    36.003 r  u_Discrete_FIR_Filter/Discrete_FIR_Filter_out_tmp[1]__15/PCOUT[47]
                         net (fo=1, routed)           0.002    36.005    u_Discrete_FIR_Filter/Discrete_FIR_Filter_out_tmp[1]__15_n_106
    DSP48_X0Y48          DSP48E1 (Prop_dsp48e1_PCIN[47]_PCOUT[47])
                                                      1.713    37.718 r  u_Discrete_FIR_Filter/Discrete_FIR_Filter_out_tmp[1]__16/PCOUT[47]
                         net (fo=1, routed)           0.002    37.720    u_Discrete_FIR_Filter/Discrete_FIR_Filter_out_tmp[1]__16_n_106
    DSP48_X0Y49          DSP48E1 (Prop_dsp48e1_PCIN[47]_PCOUT[47])
                                                      1.713    39.433 r  u_Discrete_FIR_Filter/Discrete_FIR_Filter_out_tmp[1]__17/PCOUT[47]
                         net (fo=1, routed)           0.056    39.488    u_Discrete_FIR_Filter/Discrete_FIR_Filter_out_tmp[1]__17_n_106
    DSP48_X0Y50          DSP48E1 (Prop_dsp48e1_PCIN[47]_PCOUT[47])
                                                      1.713    41.201 r  u_Discrete_FIR_Filter/Discrete_FIR_Filter_out_tmp[1]__18/PCOUT[47]
                         net (fo=1, routed)           0.002    41.203    u_Discrete_FIR_Filter/Discrete_FIR_Filter_out_tmp[1]__18_n_106
    DSP48_X0Y51          DSP48E1 (Prop_dsp48e1_PCIN[47]_P[13])
                                                      1.518    42.721 r  u_Discrete_FIR_Filter/Discrete_FIR_Filter_out_tmp[1]__19/P[13]
                         net (fo=0)                   0.973    43.694    Out1_1[13]
                                                                      r  Out1_1[13] (OUT)
  -------------------------------------------------------------------    -------------------

Slack:                    inf
  Source:                 In1_1[1]
                            (input port)
  Destination:            Out1_1[14]
                            (output port)
  Path Group:             (none)
  Path Type:              Max at Slow Process Corner
  Data Path Delay:        43.694ns  (logic 39.498ns (90.396%)  route 4.196ns (9.604%))
  Logic Levels:           26  (CARRY4=4 DSP48E1=21 LUT2=1)

    Location             Delay type                Incr(ns)  Path(ns)    Netlist Resource(s)
  -------------------------------------------------------------------    -------------------
                                                      0.000     0.000 r  In1_1[1] (IN)
                         net (fo=2, unset)            0.973     0.973    u_Discrete_FIR_Filter/In1_1[1]
    SLICE_X39Y86         LUT2 (Prop_lut2_I0_O)        0.124     1.097 r  u_Discrete_FIR_Filter/Discrete_FIR_Filter_out_tmp[1]_i_19/O
                         net (fo=1, routed)           0.000     1.097    u_Discrete_FIR_Filter/Discrete_FIR_Filter_out_tmp[1]_i_19_n_0
    SLICE_X39Y86         CARRY4 (Prop_carry4_S[1]_CO[3])
                                                      0.550     1.647 r  u_Discrete_FIR_Filter/Discrete_FIR_Filter_out_tmp[1]_i_4/CO[3]
                         net (fo=1, routed)           0.000     1.647    u_Discrete_FIR_Filter/Discrete_FIR_Filter_out_tmp[1]_i_4_n_0
    SLICE_X39Y87         CARRY4 (Prop_carry4_CI_CO[3])
                                                      0.114     1.761 r  u_Discrete_FIR_Filter/Discrete_FIR_Filter_out_tmp[1]_i_3/CO[3]
                         net (fo=1, routed)           0.000     1.761    u_Discrete_FIR_Filter/Discrete_FIR_Filter_out_tmp[1]_i_3_n_0
    SLICE_X39Y88         CARRY4 (Prop_carry4_CI_CO[3])
                                                      0.114     1.875 r  u_Discrete_FIR_Filter/Discrete_FIR_Filter_out_tmp[1]_i_2/CO[3]
                         net (fo=1, routed)           0.000     1.875    u_Discrete_FIR_Filter/Discrete_FIR_Filter_out_tmp[1]_i_2_n_0
    SLICE_X39Y89         CARRY4 (Prop_carry4_CI_O[3])
                                                      0.313     2.188 r  u_Discrete_FIR_Filter/Discrete_FIR_Filter_out_tmp[1]_i_1/O[3]
                         net (fo=15, routed)          2.157     4.345    u_Discrete_FIR_Filter/Discrete_FIR_Filter_out_tmp[1]_i_1_n_4
    DSP48_X0Y31          DSP48E1 (Prop_dsp48e1_A[23]_PCOUT[47])
                                                      4.218     8.563 r  u_Discrete_FIR_Filter/Discrete_FIR_Filter_out_tmp[1]/PCOUT[47]
                         net (fo=1, routed)           0.002     8.565    u_Discrete_FIR_Filter/Discrete_FIR_Filter_out_tmp_n_106_[1]
    DSP48_X0Y32          DSP48E1 (Prop_dsp48e1_PCIN[47]_PCOUT[47])
                                                      1.713    10.278 r  u_Discrete_FIR_Filter/Discrete_FIR_Filter_out_tmp[1]__0/PCOUT[47]
                         net (fo=1, routed)           0.002    10.280    u_Discrete_FIR_Filter/Discrete_FIR_Filter_out_tmp[1]__0_n_106
    DSP48_X0Y33          DSP48E1 (Prop_dsp48e1_PCIN[47]_PCOUT[47])
                                                      1.713    11.993 r  u_Discrete_FIR_Filter/Discrete_FIR_Filter_out_tmp[1]__1/PCOUT[47]
                         net (fo=1, routed)           0.002    11.995    u_Discrete_FIR_Filter/Discrete_FIR_Filter_out_tmp[1]__1_n_106
    DSP48_X0Y34          DSP48E1 (Prop_dsp48e1_PCIN[47]_PCOUT[47])
                                                      1.713    13.708 r  u_Discrete_FIR_Filter/Discrete_FIR_Filter_out_tmp[1]__2/PCOUT[47]
                         net (fo=1, routed)           0.002    13.710    u_Discrete_FIR_Filter/Discrete_FIR_Filter_out_tmp[1]__2_n_106
    DSP48_X0Y35          DSP48E1 (Prop_dsp48e1_PCIN[47]_PCOUT[47])
                                                      1.713    15.423 r  u_Discrete_FIR_Filter/Discrete_FIR_Filter_out_tmp[1]__3/PCOUT[47]
                         net (fo=1, routed)           0.002    15.425    u_Discrete_FIR_Filter/Discrete_FIR_Filter_out_tmp[1]__3_n_106
    DSP48_X0Y36          DSP48E1 (Prop_dsp48e1_PCIN[47]_PCOUT[47])
                                                      1.713    17.138 r  u_Discrete_FIR_Filter/Discrete_FIR_Filter_out_tmp[1]__4/PCOUT[47]
                         net (fo=1, routed)           0.002    17.140    u_Discrete_FIR_Filter/Discrete_FIR_Filter_out_tmp[1]__4_n_106
    DSP48_X0Y37          DSP48E1 (Prop_dsp48e1_PCIN[47]_PCOUT[47])
                                                      1.713    18.853 r  u_Discrete_FIR_Filter/Discrete_FIR_Filter_out_tmp[1]__5/PCOUT[47]
                         net (fo=1, routed)           0.002    18.855    u_Discrete_FIR_Filter/Discrete_FIR_Filter_out_tmp[1]__5_n_106
    DSP48_X0Y38          DSP48E1 (Prop_dsp48e1_PCIN[47]_PCOUT[47])
                                                      1.713    20.568 r  u_Discrete_FIR_Filter/Discrete_FIR_Filter_out_tmp[1]__6/PCOUT[47]
                         net (fo=1, routed)           0.002    20.570    u_Discrete_FIR_Filter/Discrete_FIR_Filter_out_tmp[1]__6_n_106
    DSP48_X0Y39          DSP48E1 (Prop_dsp48e1_PCIN[47]_PCOUT[47])
                                                      1.713    22.283 r  u_Discrete_FIR_Filter/Discrete_FIR_Filter_out_tmp[1]__7/PCOUT[47]
                         net (fo=1, routed)           0.002    22.285    u_Discrete_FIR_Filter/Discrete_FIR_Filter_out_tmp[1]__7_n_106
    DSP48_X0Y40          DSP48E1 (Prop_dsp48e1_PCIN[47]_PCOUT[47])
                                                      1.713    23.998 r  u_Discrete_FIR_Filter/Discrete_FIR_Filter_out_tmp[1]__8/PCOUT[47]
                         net (fo=1, routed)           0.002    24.000    u_Discrete_FIR_Filter/Discrete_FIR_Filter_out_tmp[1]__8_n_106
    DSP48_X0Y41          DSP48E1 (Prop_dsp48e1_PCIN[47]_PCOUT[47])
                                                      1.713    25.713 r  u_Discrete_FIR_Filter/Discrete_FIR_Filter_out_tmp[1]__9/PCOUT[47]
                         net (fo=1, routed)           0.002    25.715    u_Discrete_FIR_Filter/Discrete_FIR_Filter_out_tmp[1]__9_n_106
    DSP48_X0Y42          DSP48E1 (Prop_dsp48e1_PCIN[47]_PCOUT[47])
                                                      1.713    27.428 r  u_Discrete_FIR_Filter/Discrete_FIR_Filter_out_tmp[1]__10/PCOUT[47]
                         net (fo=1, routed)           0.002    27.430    u_Discrete_FIR_Filter/Discrete_FIR_Filter_out_tmp[1]__10_n_106
    DSP48_X0Y43          DSP48E1 (Prop_dsp48e1_PCIN[47]_PCOUT[47])
                                                      1.713    29.143 r  u_Discrete_FIR_Filter/Discrete_FIR_Filter_out_tmp[1]__11/PCOUT[47]
                         net (fo=1, routed)           0.002    29.145    u_Discrete_FIR_Filter/Discrete_FIR_Filter_out_tmp[1]__11_n_106
    DSP48_X0Y44          DSP48E1 (Prop_dsp48e1_PCIN[47]_PCOUT[47])
                                                      1.713    30.858 r  u_Discrete_FIR_Filter/Discrete_FIR_Filter_out_tmp[1]__12/PCOUT[47]
                         net (fo=1, routed)           0.002    30.860    u_Discrete_FIR_Filter/Discrete_FIR_Filter_out_tmp[1]__12_n_106
    DSP48_X0Y45          DSP48E1 (Prop_dsp48e1_PCIN[47]_PCOUT[47])
                                                      1.713    32.573 r  u_Discrete_FIR_Filter/Discrete_FIR_Filter_out_tmp[1]__13/PCOUT[47]
                         net (fo=1, routed)           0.002    32.575    u_Discrete_FIR_Filter/Discrete_FIR_Filter_out_tmp[1]__13_n_106
    DSP48_X0Y46          DSP48E1 (Prop_dsp48e1_PCIN[47]_PCOUT[47])
                                                      1.713    34.288 r  u_Discrete_FIR_Filter/Discrete_FIR_Filter_out_tmp[1]__14/PCOUT[47]
                         net (fo=1, routed)           0.002    34.290    u_Discrete_FIR_Filter/Discrete_FIR_Filter_out_tmp[1]__14_n_106
    DSP48_X0Y47          DSP48E1 (Prop_dsp48e1_PCIN[47]_PCOUT[47])
                                                      1.713    36.003 r  u_Discrete_FIR_Filter/Discrete_FIR_Filter_out_tmp[1]__15/PCOUT[47]
                         net (fo=1, routed)           0.002    36.005    u_Discrete_FIR_Filter/Discrete_FIR_Filter_out_tmp[1]__15_n_106
    DSP48_X0Y48          DSP48E1 (Prop_dsp48e1_PCIN[47]_PCOUT[47])
                                                      1.713    37.718 r  u_Discrete_FIR_Filter/Discrete_FIR_Filter_out_tmp[1]__16/PCOUT[47]
                         net (fo=1, routed)           0.002    37.720    u_Discrete_FIR_Filter/Discrete_FIR_Filter_out_tmp[1]__16_n_106
    DSP48_X0Y49          DSP48E1 (Prop_dsp48e1_PCIN[47]_PCOUT[47])
                                                      1.713    39.433 r  u_Discrete_FIR_Filter/Discrete_FIR_Filter_out_tmp[1]__17/PCOUT[47]
                         net (fo=1, routed)           0.056    39.488    u_Discrete_FIR_Filter/Discrete_FIR_Filter_out_tmp[1]__17_n_106
    DSP48_X0Y50          DSP48E1 (Prop_dsp48e1_PCIN[47]_PCOUT[47])
                                                      1.713    41.201 r  u_Discrete_FIR_Filter/Discrete_FIR_Filter_out_tmp[1]__18/PCOUT[47]
                         net (fo=1, routed)           0.002    41.203    u_Discrete_FIR_Filter/Discrete_FIR_Filter_out_tmp[1]__18_n_106
    DSP48_X0Y51          DSP48E1 (Prop_dsp48e1_PCIN[47]_P[14])
                                                      1.518    42.721 r  u_Discrete_FIR_Filter/Discrete_FIR_Filter_out_tmp[1]__19/P[14]
                         net (fo=0)                   0.973    43.694    Out1_1[14]
                                                                      r  Out1_1[14] (OUT)
  -------------------------------------------------------------------    -------------------

Slack:                    inf
  Source:                 In1_1[1]
                            (input port)
  Destination:            Out1_1[15]
                            (output port)
  Path Group:             (none)
  Path Type:              Max at Slow Process Corner
  Data Path Delay:        43.694ns  (logic 39.498ns (90.396%)  route 4.196ns (9.604%))
  Logic Levels:           26  (CARRY4=4 DSP48E1=21 LUT2=1)

    Location             Delay type                Incr(ns)  Path(ns)    Netlist Resource(s)
  -------------------------------------------------------------------    -------------------
                                                      0.000     0.000 r  In1_1[1] (IN)
                         net (fo=2, unset)            0.973     0.973    u_Discrete_FIR_Filter/In1_1[1]
    SLICE_X39Y86         LUT2 (Prop_lut2_I0_O)        0.124     1.097 r  u_Discrete_FIR_Filter/Discrete_FIR_Filter_out_tmp[1]_i_19/O
                         net (fo=1, routed)           0.000     1.097    u_Discrete_FIR_Filter/Discrete_FIR_Filter_out_tmp[1]_i_19_n_0
    SLICE_X39Y86         CARRY4 (Prop_carry4_S[1]_CO[3])
                                                      0.550     1.647 r  u_Discrete_FIR_Filter/Discrete_FIR_Filter_out_tmp[1]_i_4/CO[3]
                         net (fo=1, routed)           0.000     1.647    u_Discrete_FIR_Filter/Discrete_FIR_Filter_out_tmp[1]_i_4_n_0
    SLICE_X39Y87         CARRY4 (Prop_carry4_CI_CO[3])
                                                      0.114     1.761 r  u_Discrete_FIR_Filter/Discrete_FIR_Filter_out_tmp[1]_i_3/CO[3]
                         net (fo=1, routed)           0.000     1.761    u_Discrete_FIR_Filter/Discrete_FIR_Filter_out_tmp[1]_i_3_n_0
    SLICE_X39Y88         CARRY4 (Prop_carry4_CI_CO[3])
                                                      0.114     1.875 r  u_Discrete_FIR_Filter/Discrete_FIR_Filter_out_tmp[1]_i_2/CO[3]
                         net (fo=1, routed)           0.000     1.875    u_Discrete_FIR_Filter/Discrete_FIR_Filter_out_tmp[1]_i_2_n_0
    SLICE_X39Y89         CARRY4 (Prop_carry4_CI_O[3])
                                                      0.313     2.188 r  u_Discrete_FIR_Filter/Discrete_FIR_Filter_out_tmp[1]_i_1/O[3]
                         net (fo=15, routed)          2.157     4.345    u_Discrete_FIR_Filter/Discrete_FIR_Filter_out_tmp[1]_i_1_n_4
    DSP48_X0Y31          DSP48E1 (Prop_dsp48e1_A[23]_PCOUT[47])
                                                      4.218     8.563 r  u_Discrete_FIR_Filter/Discrete_FIR_Filter_out_tmp[1]/PCOUT[47]
                         net (fo=1, routed)           0.002     8.565    u_Discrete_FIR_Filter/Discrete_FIR_Filter_out_tmp_n_106_[1]
    DSP48_X0Y32          DSP48E1 (Prop_dsp48e1_PCIN[47]_PCOUT[47])
                                                      1.713    10.278 r  u_Discrete_FIR_Filter/Discrete_FIR_Filter_out_tmp[1]__0/PCOUT[47]
                         net (fo=1, routed)           0.002    10.280    u_Discrete_FIR_Filter/Discrete_FIR_Filter_out_tmp[1]__0_n_106
    DSP48_X0Y33          DSP48E1 (Prop_dsp48e1_PCIN[47]_PCOUT[47])
                                                      1.713    11.993 r  u_Discrete_FIR_Filter/Discrete_FIR_Filter_out_tmp[1]__1/PCOUT[47]
                         net (fo=1, routed)           0.002    11.995    u_Discrete_FIR_Filter/Discrete_FIR_Filter_out_tmp[1]__1_n_106
    DSP48_X0Y34          DSP48E1 (Prop_dsp48e1_PCIN[47]_PCOUT[47])
                                                      1.713    13.708 r  u_Discrete_FIR_Filter/Discrete_FIR_Filter_out_tmp[1]__2/PCOUT[47]
                         net (fo=1, routed)           0.002    13.710    u_Discrete_FIR_Filter/Discrete_FIR_Filter_out_tmp[1]__2_n_106
    DSP48_X0Y35          DSP48E1 (Prop_dsp48e1_PCIN[47]_PCOUT[47])
                                                      1.713    15.423 r  u_Discrete_FIR_Filter/Discrete_FIR_Filter_out_tmp[1]__3/PCOUT[47]
                         net (fo=1, routed)           0.002    15.425    u_Discrete_FIR_Filter/Discrete_FIR_Filter_out_tmp[1]__3_n_106
    DSP48_X0Y36          DSP48E1 (Prop_dsp48e1_PCIN[47]_PCOUT[47])
                                                      1.713    17.138 r  u_Discrete_FIR_Filter/Discrete_FIR_Filter_out_tmp[1]__4/PCOUT[47]
                         net (fo=1, routed)           0.002    17.140    u_Discrete_FIR_Filter/Discrete_FIR_Filter_out_tmp[1]__4_n_106
    DSP48_X0Y37          DSP48E1 (Prop_dsp48e1_PCIN[47]_PCOUT[47])
                                                      1.713    18.853 r  u_Discrete_FIR_Filter/Discrete_FIR_Filter_out_tmp[1]__5/PCOUT[47]
                         net (fo=1, routed)           0.002    18.855    u_Discrete_FIR_Filter/Discrete_FIR_Filter_out_tmp[1]__5_n_106
    DSP48_X0Y38          DSP48E1 (Prop_dsp48e1_PCIN[47]_PCOUT[47])
                                                      1.713    20.568 r  u_Discrete_FIR_Filter/Discrete_FIR_Filter_out_tmp[1]__6/PCOUT[47]
                         net (fo=1, routed)           0.002    20.570    u_Discrete_FIR_Filter/Discrete_FIR_Filter_out_tmp[1]__6_n_106
    DSP48_X0Y39          DSP48E1 (Prop_dsp48e1_PCIN[47]_PCOUT[47])
                                                      1.713    22.283 r  u_Discrete_FIR_Filter/Discrete_FIR_Filter_out_tmp[1]__7/PCOUT[47]
                         net (fo=1, routed)           0.002    22.285    u_Discrete_FIR_Filter/Discrete_FIR_Filter_out_tmp[1]__7_n_106
    DSP48_X0Y40          DSP48E1 (Prop_dsp48e1_PCIN[47]_PCOUT[47])
                                                      1.713    23.998 r  u_Discrete_FIR_Filter/Discrete_FIR_Filter_out_tmp[1]__8/PCOUT[47]
                         net (fo=1, routed)           0.002    24.000    u_Discrete_FIR_Filter/Discrete_FIR_Filter_out_tmp[1]__8_n_106
    DSP48_X0Y41          DSP48E1 (Prop_dsp48e1_PCIN[47]_PCOUT[47])
                                                      1.713    25.713 r  u_Discrete_FIR_Filter/Discrete_FIR_Filter_out_tmp[1]__9/PCOUT[47]
                         net (fo=1, routed)           0.002    25.715    u_Discrete_FIR_Filter/Discrete_FIR_Filter_out_tmp[1]__9_n_106
    DSP48_X0Y42          DSP48E1 (Prop_dsp48e1_PCIN[47]_PCOUT[47])
                                                      1.713    27.428 r  u_Discrete_FIR_Filter/Discrete_FIR_Filter_out_tmp[1]__10/PCOUT[47]
                         net (fo=1, routed)           0.002    27.430    u_Discrete_FIR_Filter/Discrete_FIR_Filter_out_tmp[1]__10_n_106
    DSP48_X0Y43          DSP48E1 (Prop_dsp48e1_PCIN[47]_PCOUT[47])
                                                      1.713    29.143 r  u_Discrete_FIR_Filter/Discrete_FIR_Filter_out_tmp[1]__11/PCOUT[47]
                         net (fo=1, routed)           0.002    29.145    u_Discrete_FIR_Filter/Discrete_FIR_Filter_out_tmp[1]__11_n_106
    DSP48_X0Y44          DSP48E1 (Prop_dsp48e1_PCIN[47]_PCOUT[47])
                                                      1.713    30.858 r  u_Discrete_FIR_Filter/Discrete_FIR_Filter_out_tmp[1]__12/PCOUT[47]
                         net (fo=1, routed)           0.002    30.860    u_Discrete_FIR_Filter/Discrete_FIR_Filter_out_tmp[1]__12_n_106
    DSP48_X0Y45          DSP48E1 (Prop_dsp48e1_PCIN[47]_PCOUT[47])
                                                      1.713    32.573 r  u_Discrete_FIR_Filter/Discrete_FIR_Filter_out_tmp[1]__13/PCOUT[47]
                         net (fo=1, routed)           0.002    32.575    u_Discrete_FIR_Filter/Discrete_FIR_Filter_out_tmp[1]__13_n_106
    DSP48_X0Y46          DSP48E1 (Prop_dsp48e1_PCIN[47]_PCOUT[47])
                                                      1.713    34.288 r  u_Discrete_FIR_Filter/Discrete_FIR_Filter_out_tmp[1]__14/PCOUT[47]
                         net (fo=1, routed)           0.002    34.290    u_Discrete_FIR_Filter/Discrete_FIR_Filter_out_tmp[1]__14_n_106
    DSP48_X0Y47          DSP48E1 (Prop_dsp48e1_PCIN[47]_PCOUT[47])
                                                      1.713    36.003 r  u_Discrete_FIR_Filter/Discrete_FIR_Filter_out_tmp[1]__15/PCOUT[47]
                         net (fo=1, routed)           0.002    36.005    u_Discrete_FIR_Filter/Discrete_FIR_Filter_out_tmp[1]__15_n_106
    DSP48_X0Y48          DSP48E1 (Prop_dsp48e1_PCIN[47]_PCOUT[47])
                                                      1.713    37.718 r  u_Discrete_FIR_Filter/Discrete_FIR_Filter_out_tmp[1]__16/PCOUT[47]
                         net (fo=1, routed)           0.002    37.720    u_Discrete_FIR_Filter/Discrete_FIR_Filter_out_tmp[1]__16_n_106
    DSP48_X0Y49          DSP48E1 (Prop_dsp48e1_PCIN[47]_PCOUT[47])
                                                      1.713    39.433 r  u_Discrete_FIR_Filter/Discrete_FIR_Filter_out_tmp[1]__17/PCOUT[47]
                         net (fo=1, routed)           0.056    39.488    u_Discrete_FIR_Filter/Discrete_FIR_Filter_out_tmp[1]__17_n_106
    DSP48_X0Y50          DSP48E1 (Prop_dsp48e1_PCIN[47]_PCOUT[47])
                                                      1.713    41.201 r  u_Discrete_FIR_Filter/Discrete_FIR_Filter_out_tmp[1]__18/PCOUT[47]
                         net (fo=1, routed)           0.002    41.203    u_Discrete_FIR_Filter/Discrete_FIR_Filter_out_tmp[1]__18_n_106
    DSP48_X0Y51          DSP48E1 (Prop_dsp48e1_PCIN[47]_P[15])
                                                      1.518    42.721 r  u_Discrete_FIR_Filter/Discrete_FIR_Filter_out_tmp[1]__19/P[15]
                         net (fo=0)                   0.973    43.694    Out1_1[15]
                                                                      r  Out1_1[15] (OUT)
  -------------------------------------------------------------------    -------------------

Slack:                    inf
  Source:                 In1_1[1]
                            (input port)
  Destination:            Out1_1[16]
                            (output port)
  Path Group:             (none)
  Path Type:              Max at Slow Process Corner
  Data Path Delay:        43.694ns  (logic 39.498ns (90.396%)  route 4.196ns (9.604%))
  Logic Levels:           26  (CARRY4=4 DSP48E1=21 LUT2=1)

    Location             Delay type                Incr(ns)  Path(ns)    Netlist Resource(s)
  -------------------------------------------------------------------    -------------------
                                                      0.000     0.000 r  In1_1[1] (IN)
                         net (fo=2, unset)            0.973     0.973    u_Discrete_FIR_Filter/In1_1[1]
    SLICE_X39Y86         LUT2 (Prop_lut2_I0_O)        0.124     1.097 r  u_Discrete_FIR_Filter/Discrete_FIR_Filter_out_tmp[1]_i_19/O
                         net (fo=1, routed)           0.000     1.097    u_Discrete_FIR_Filter/Discrete_FIR_Filter_out_tmp[1]_i_19_n_0
    SLICE_X39Y86         CARRY4 (Prop_carry4_S[1]_CO[3])
                                                      0.550     1.647 r  u_Discrete_FIR_Filter/Discrete_FIR_Filter_out_tmp[1]_i_4/CO[3]
                         net (fo=1, routed)           0.000     1.647    u_Discrete_FIR_Filter/Discrete_FIR_Filter_out_tmp[1]_i_4_n_0
    SLICE_X39Y87         CARRY4 (Prop_carry4_CI_CO[3])
                                                      0.114     1.761 r  u_Discrete_FIR_Filter/Discrete_FIR_Filter_out_tmp[1]_i_3/CO[3]
                         net (fo=1, routed)           0.000     1.761    u_Discrete_FIR_Filter/Discrete_FIR_Filter_out_tmp[1]_i_3_n_0
    SLICE_X39Y88         CARRY4 (Prop_carry4_CI_CO[3])
                                                      0.114     1.875 r  u_Discrete_FIR_Filter/Discrete_FIR_Filter_out_tmp[1]_i_2/CO[3]
                         net (fo=1, routed)           0.000     1.875    u_Discrete_FIR_Filter/Discrete_FIR_Filter_out_tmp[1]_i_2_n_0
    SLICE_X39Y89         CARRY4 (Prop_carry4_CI_O[3])
                                                      0.313     2.188 r  u_Discrete_FIR_Filter/Discrete_FIR_Filter_out_tmp[1]_i_1/O[3]
                         net (fo=15, routed)          2.157     4.345    u_Discrete_FIR_Filter/Discrete_FIR_Filter_out_tmp[1]_i_1_n_4
    DSP48_X0Y31          DSP48E1 (Prop_dsp48e1_A[23]_PCOUT[47])
                                                      4.218     8.563 r  u_Discrete_FIR_Filter/Discrete_FIR_Filter_out_tmp[1]/PCOUT[47]
                         net (fo=1, routed)           0.002     8.565    u_Discrete_FIR_Filter/Discrete_FIR_Filter_out_tmp_n_106_[1]
    DSP48_X0Y32          DSP48E1 (Prop_dsp48e1_PCIN[47]_PCOUT[47])
                                                      1.713    10.278 r  u_Discrete_FIR_Filter/Discrete_FIR_Filter_out_tmp[1]__0/PCOUT[47]
                         net (fo=1, routed)           0.002    10.280    u_Discrete_FIR_Filter/Discrete_FIR_Filter_out_tmp[1]__0_n_106
    DSP48_X0Y33          DSP48E1 (Prop_dsp48e1_PCIN[47]_PCOUT[47])
                                                      1.713    11.993 r  u_Discrete_FIR_Filter/Discrete_FIR_Filter_out_tmp[1]__1/PCOUT[47]
                         net (fo=1, routed)           0.002    11.995    u_Discrete_FIR_Filter/Discrete_FIR_Filter_out_tmp[1]__1_n_106
    DSP48_X0Y34          DSP48E1 (Prop_dsp48e1_PCIN[47]_PCOUT[47])
                                                      1.713    13.708 r  u_Discrete_FIR_Filter/Discrete_FIR_Filter_out_tmp[1]__2/PCOUT[47]
                         net (fo=1, routed)           0.002    13.710    u_Discrete_FIR_Filter/Discrete_FIR_Filter_out_tmp[1]__2_n_106
    DSP48_X0Y35          DSP48E1 (Prop_dsp48e1_PCIN[47]_PCOUT[47])
                                                      1.713    15.423 r  u_Discrete_FIR_Filter/Discrete_FIR_Filter_out_tmp[1]__3/PCOUT[47]
                         net (fo=1, routed)           0.002    15.425    u_Discrete_FIR_Filter/Discrete_FIR_Filter_out_tmp[1]__3_n_106
    DSP48_X0Y36          DSP48E1 (Prop_dsp48e1_PCIN[47]_PCOUT[47])
                                                      1.713    17.138 r  u_Discrete_FIR_Filter/Discrete_FIR_Filter_out_tmp[1]__4/PCOUT[47]
                         net (fo=1, routed)           0.002    17.140    u_Discrete_FIR_Filter/Discrete_FIR_Filter_out_tmp[1]__4_n_106
    DSP48_X0Y37          DSP48E1 (Prop_dsp48e1_PCIN[47]_PCOUT[47])
                                                      1.713    18.853 r  u_Discrete_FIR_Filter/Discrete_FIR_Filter_out_tmp[1]__5/PCOUT[47]
                         net (fo=1, routed)           0.002    18.855    u_Discrete_FIR_Filter/Discrete_FIR_Filter_out_tmp[1]__5_n_106
    DSP48_X0Y38          DSP48E1 (Prop_dsp48e1_PCIN[47]_PCOUT[47])
                                                      1.713    20.568 r  u_Discrete_FIR_Filter/Discrete_FIR_Filter_out_tmp[1]__6/PCOUT[47]
                         net (fo=1, routed)           0.002    20.570    u_Discrete_FIR_Filter/Discrete_FIR_Filter_out_tmp[1]__6_n_106
    DSP48_X0Y39          DSP48E1 (Prop_dsp48e1_PCIN[47]_PCOUT[47])
                                                      1.713    22.283 r  u_Discrete_FIR_Filter/Discrete_FIR_Filter_out_tmp[1]__7/PCOUT[47]
                         net (fo=1, routed)           0.002    22.285    u_Discrete_FIR_Filter/Discrete_FIR_Filter_out_tmp[1]__7_n_106
    DSP48_X0Y40          DSP48E1 (Prop_dsp48e1_PCIN[47]_PCOUT[47])
                                                      1.713    23.998 r  u_Discrete_FIR_Filter/Discrete_FIR_Filter_out_tmp[1]__8/PCOUT[47]
                         net (fo=1, routed)           0.002    24.000    u_Discrete_FIR_Filter/Discrete_FIR_Filter_out_tmp[1]__8_n_106
    DSP48_X0Y41          DSP48E1 (Prop_dsp48e1_PCIN[47]_PCOUT[47])
                                                      1.713    25.713 r  u_Discrete_FIR_Filter/Discrete_FIR_Filter_out_tmp[1]__9/PCOUT[47]
                         net (fo=1, routed)           0.002    25.715    u_Discrete_FIR_Filter/Discrete_FIR_Filter_out_tmp[1]__9_n_106
    DSP48_X0Y42          DSP48E1 (Prop_dsp48e1_PCIN[47]_PCOUT[47])
                                                      1.713    27.428 r  u_Discrete_FIR_Filter/Discrete_FIR_Filter_out_tmp[1]__10/PCOUT[47]
                         net (fo=1, routed)           0.002    27.430    u_Discrete_FIR_Filter/Discrete_FIR_Filter_out_tmp[1]__10_n_106
    DSP48_X0Y43          DSP48E1 (Prop_dsp48e1_PCIN[47]_PCOUT[47])
                                                      1.713    29.143 r  u_Discrete_FIR_Filter/Discrete_FIR_Filter_out_tmp[1]__11/PCOUT[47]
                         net (fo=1, routed)           0.002    29.145    u_Discrete_FIR_Filter/Discrete_FIR_Filter_out_tmp[1]__11_n_106
    DSP48_X0Y44          DSP48E1 (Prop_dsp48e1_PCIN[47]_PCOUT[47])
                                                      1.713    30.858 r  u_Discrete_FIR_Filter/Discrete_FIR_Filter_out_tmp[1]__12/PCOUT[47]
                         net (fo=1, routed)           0.002    30.860    u_Discrete_FIR_Filter/Discrete_FIR_Filter_out_tmp[1]__12_n_106
    DSP48_X0Y45          DSP48E1 (Prop_dsp48e1_PCIN[47]_PCOUT[47])
                                                      1.713    32.573 r  u_Discrete_FIR_Filter/Discrete_FIR_Filter_out_tmp[1]__13/PCOUT[47]
                         net (fo=1, routed)           0.002    32.575    u_Discrete_FIR_Filter/Discrete_FIR_Filter_out_tmp[1]__13_n_106
    DSP48_X0Y46          DSP48E1 (Prop_dsp48e1_PCIN[47]_PCOUT[47])
                                                      1.713    34.288 r  u_Discrete_FIR_Filter/Discrete_FIR_Filter_out_tmp[1]__14/PCOUT[47]
                         net (fo=1, routed)           0.002    34.290    u_Discrete_FIR_Filter/Discrete_FIR_Filter_out_tmp[1]__14_n_106
    DSP48_X0Y47          DSP48E1 (Prop_dsp48e1_PCIN[47]_PCOUT[47])
                                                      1.713    36.003 r  u_Discrete_FIR_Filter/Discrete_FIR_Filter_out_tmp[1]__15/PCOUT[47]
                         net (fo=1, routed)           0.002    36.005    u_Discrete_FIR_Filter/Discrete_FIR_Filter_out_tmp[1]__15_n_106
    DSP48_X0Y48          DSP48E1 (Prop_dsp48e1_PCIN[47]_PCOUT[47])
                                                      1.713    37.718 r  u_Discrete_FIR_Filter/Discrete_FIR_Filter_out_tmp[1]__16/PCOUT[47]
                         net (fo=1, routed)           0.002    37.720    u_Discrete_FIR_Filter/Discrete_FIR_Filter_out_tmp[1]__16_n_106
    DSP48_X0Y49          DSP48E1 (Prop_dsp48e1_PCIN[47]_PCOUT[47])
                                                      1.713    39.433 r  u_Discrete_FIR_Filter/Discrete_FIR_Filter_out_tmp[1]__17/PCOUT[47]
                         net (fo=1, routed)           0.056    39.488    u_Discrete_FIR_Filter/Discrete_FIR_Filter_out_tmp[1]__17_n_106
    DSP48_X0Y50          DSP48E1 (Prop_dsp48e1_PCIN[47]_PCOUT[47])
                                                      1.713    41.201 r  u_Discrete_FIR_Filter/Discrete_FIR_Filter_out_tmp[1]__18/PCOUT[47]
                         net (fo=1, routed)           0.002    41.203    u_Discrete_FIR_Filter/Discrete_FIR_Filter_out_tmp[1]__18_n_106
    DSP48_X0Y51          DSP48E1 (Prop_dsp48e1_PCIN[47]_P[16])
                                                      1.518    42.721 r  u_Discrete_FIR_Filter/Discrete_FIR_Filter_out_tmp[1]__19/P[16]
                         net (fo=0)                   0.973    43.694    Out1_1[16]
                                                                      r  Out1_1[16] (OUT)
  -------------------------------------------------------------------    -------------------

Slack:                    inf
  Source:                 In1_1[1]
                            (input port)
  Destination:            Out1_1[17]
                            (output port)
  Path Group:             (none)
  Path Type:              Max at Slow Process Corner
  Data Path Delay:        43.694ns  (logic 39.498ns (90.396%)  route 4.196ns (9.604%))
  Logic Levels:           26  (CARRY4=4 DSP48E1=21 LUT2=1)

    Location             Delay type                Incr(ns)  Path(ns)    Netlist Resource(s)
  -------------------------------------------------------------------    -------------------
                                                      0.000     0.000 r  In1_1[1] (IN)
                         net (fo=2, unset)            0.973     0.973    u_Discrete_FIR_Filter/In1_1[1]
    SLICE_X39Y86         LUT2 (Prop_lut2_I0_O)        0.124     1.097 r  u_Discrete_FIR_Filter/Discrete_FIR_Filter_out_tmp[1]_i_19/O
                         net (fo=1, routed)           0.000     1.097    u_Discrete_FIR_Filter/Discrete_FIR_Filter_out_tmp[1]_i_19_n_0
    SLICE_X39Y86         CARRY4 (Prop_carry4_S[1]_CO[3])
                                                      0.550     1.647 r  u_Discrete_FIR_Filter/Discrete_FIR_Filter_out_tmp[1]_i_4/CO[3]
                         net (fo=1, routed)           0.000     1.647    u_Discrete_FIR_Filter/Discrete_FIR_Filter_out_tmp[1]_i_4_n_0
    SLICE_X39Y87         CARRY4 (Prop_carry4_CI_CO[3])
                                                      0.114     1.761 r  u_Discrete_FIR_Filter/Discrete_FIR_Filter_out_tmp[1]_i_3/CO[3]
                         net (fo=1, routed)           0.000     1.761    u_Discrete_FIR_Filter/Discrete_FIR_Filter_out_tmp[1]_i_3_n_0
    SLICE_X39Y88         CARRY4 (Prop_carry4_CI_CO[3])
                                                      0.114     1.875 r  u_Discrete_FIR_Filter/Discrete_FIR_Filter_out_tmp[1]_i_2/CO[3]
                         net (fo=1, routed)           0.000     1.875    u_Discrete_FIR_Filter/Discrete_FIR_Filter_out_tmp[1]_i_2_n_0
    SLICE_X39Y89         CARRY4 (Prop_carry4_CI_O[3])
                                                      0.313     2.188 r  u_Discrete_FIR_Filter/Discrete_FIR_Filter_out_tmp[1]_i_1/O[3]
                         net (fo=15, routed)          2.157     4.345    u_Discrete_FIR_Filter/Discrete_FIR_Filter_out_tmp[1]_i_1_n_4
    DSP48_X0Y31          DSP48E1 (Prop_dsp48e1_A[23]_PCOUT[47])
                                                      4.218     8.563 r  u_Discrete_FIR_Filter/Discrete_FIR_Filter_out_tmp[1]/PCOUT[47]
                         net (fo=1, routed)           0.002     8.565    u_Discrete_FIR_Filter/Discrete_FIR_Filter_out_tmp_n_106_[1]
    DSP48_X0Y32          DSP48E1 (Prop_dsp48e1_PCIN[47]_PCOUT[47])
                                                      1.713    10.278 r  u_Discrete_FIR_Filter/Discrete_FIR_Filter_out_tmp[1]__0/PCOUT[47]
                         net (fo=1, routed)           0.002    10.280    u_Discrete_FIR_Filter/Discrete_FIR_Filter_out_tmp[1]__0_n_106
    DSP48_X0Y33          DSP48E1 (Prop_dsp48e1_PCIN[47]_PCOUT[47])
                                                      1.713    11.993 r  u_Discrete_FIR_Filter/Discrete_FIR_Filter_out_tmp[1]__1/PCOUT[47]
                         net (fo=1, routed)           0.002    11.995    u_Discrete_FIR_Filter/Discrete_FIR_Filter_out_tmp[1]__1_n_106
    DSP48_X0Y34          DSP48E1 (Prop_dsp48e1_PCIN[47]_PCOUT[47])
                                                      1.713    13.708 r  u_Discrete_FIR_Filter/Discrete_FIR_Filter_out_tmp[1]__2/PCOUT[47]
                         net (fo=1, routed)           0.002    13.710    u_Discrete_FIR_Filter/Discrete_FIR_Filter_out_tmp[1]__2_n_106
    DSP48_X0Y35          DSP48E1 (Prop_dsp48e1_PCIN[47]_PCOUT[47])
                                                      1.713    15.423 r  u_Discrete_FIR_Filter/Discrete_FIR_Filter_out_tmp[1]__3/PCOUT[47]
                         net (fo=1, routed)           0.002    15.425    u_Discrete_FIR_Filter/Discrete_FIR_Filter_out_tmp[1]__3_n_106
    DSP48_X0Y36          DSP48E1 (Prop_dsp48e1_PCIN[47]_PCOUT[47])
                                                      1.713    17.138 r  u_Discrete_FIR_Filter/Discrete_FIR_Filter_out_tmp[1]__4/PCOUT[47]
                         net (fo=1, routed)           0.002    17.140    u_Discrete_FIR_Filter/Discrete_FIR_Filter_out_tmp[1]__4_n_106
    DSP48_X0Y37          DSP48E1 (Prop_dsp48e1_PCIN[47]_PCOUT[47])
                                                      1.713    18.853 r  u_Discrete_FIR_Filter/Discrete_FIR_Filter_out_tmp[1]__5/PCOUT[47]
                         net (fo=1, routed)           0.002    18.855    u_Discrete_FIR_Filter/Discrete_FIR_Filter_out_tmp[1]__5_n_106
    DSP48_X0Y38          DSP48E1 (Prop_dsp48e1_PCIN[47]_PCOUT[47])
                                                      1.713    20.568 r  u_Discrete_FIR_Filter/Discrete_FIR_Filter_out_tmp[1]__6/PCOUT[47]
                         net (fo=1, routed)           0.002    20.570    u_Discrete_FIR_Filter/Discrete_FIR_Filter_out_tmp[1]__6_n_106
    DSP48_X0Y39          DSP48E1 (Prop_dsp48e1_PCIN[47]_PCOUT[47])
                                                      1.713    22.283 r  u_Discrete_FIR_Filter/Discrete_FIR_Filter_out_tmp[1]__7/PCOUT[47]
                         net (fo=1, routed)           0.002    22.285    u_Discrete_FIR_Filter/Discrete_FIR_Filter_out_tmp[1]__7_n_106
    DSP48_X0Y40          DSP48E1 (Prop_dsp48e1_PCIN[47]_PCOUT[47])
                                                      1.713    23.998 r  u_Discrete_FIR_Filter/Discrete_FIR_Filter_out_tmp[1]__8/PCOUT[47]
                         net (fo=1, routed)           0.002    24.000    u_Discrete_FIR_Filter/Discrete_FIR_Filter_out_tmp[1]__8_n_106
    DSP48_X0Y41          DSP48E1 (Prop_dsp48e1_PCIN[47]_PCOUT[47])
                                                      1.713    25.713 r  u_Discrete_FIR_Filter/Discrete_FIR_Filter_out_tmp[1]__9/PCOUT[47]
                         net (fo=1, routed)           0.002    25.715    u_Discrete_FIR_Filter/Discrete_FIR_Filter_out_tmp[1]__9_n_106
    DSP48_X0Y42          DSP48E1 (Prop_dsp48e1_PCIN[47]_PCOUT[47])
                                                      1.713    27.428 r  u_Discrete_FIR_Filter/Discrete_FIR_Filter_out_tmp[1]__10/PCOUT[47]
                         net (fo=1, routed)           0.002    27.430    u_Discrete_FIR_Filter/Discrete_FIR_Filter_out_tmp[1]__10_n_106
    DSP48_X0Y43          DSP48E1 (Prop_dsp48e1_PCIN[47]_PCOUT[47])
                                                      1.713    29.143 r  u_Discrete_FIR_Filter/Discrete_FIR_Filter_out_tmp[1]__11/PCOUT[47]
                         net (fo=1, routed)           0.002    29.145    u_Discrete_FIR_Filter/Discrete_FIR_Filter_out_tmp[1]__11_n_106
    DSP48_X0Y44          DSP48E1 (Prop_dsp48e1_PCIN[47]_PCOUT[47])
                                                      1.713    30.858 r  u_Discrete_FIR_Filter/Discrete_FIR_Filter_out_tmp[1]__12/PCOUT[47]
                         net (fo=1, routed)           0.002    30.860    u_Discrete_FIR_Filter/Discrete_FIR_Filter_out_tmp[1]__12_n_106
    DSP48_X0Y45          DSP48E1 (Prop_dsp48e1_PCIN[47]_PCOUT[47])
                                                      1.713    32.573 r  u_Discrete_FIR_Filter/Discrete_FIR_Filter_out_tmp[1]__13/PCOUT[47]
                         net (fo=1, routed)           0.002    32.575    u_Discrete_FIR_Filter/Discrete_FIR_Filter_out_tmp[1]__13_n_106
    DSP48_X0Y46          DSP48E1 (Prop_dsp48e1_PCIN[47]_PCOUT[47])
                                                      1.713    34.288 r  u_Discrete_FIR_Filter/Discrete_FIR_Filter_out_tmp[1]__14/PCOUT[47]
                         net (fo=1, routed)           0.002    34.290    u_Discrete_FIR_Filter/Discrete_FIR_Filter_out_tmp[1]__14_n_106
    DSP48_X0Y47          DSP48E1 (Prop_dsp48e1_PCIN[47]_PCOUT[47])
                                                      1.713    36.003 r  u_Discrete_FIR_Filter/Discrete_FIR_Filter_out_tmp[1]__15/PCOUT[47]
                         net (fo=1, routed)           0.002    36.005    u_Discrete_FIR_Filter/Discrete_FIR_Filter_out_tmp[1]__15_n_106
    DSP48_X0Y48          DSP48E1 (Prop_dsp48e1_PCIN[47]_PCOUT[47])
                                                      1.713    37.718 r  u_Discrete_FIR_Filter/Discrete_FIR_Filter_out_tmp[1]__16/PCOUT[47]
                         net (fo=1, routed)           0.002    37.720    u_Discrete_FIR_Filter/Discrete_FIR_Filter_out_tmp[1]__16_n_106
    DSP48_X0Y49          DSP48E1 (Prop_dsp48e1_PCIN[47]_PCOUT[47])
                                                      1.713    39.433 r  u_Discrete_FIR_Filter/Discrete_FIR_Filter_out_tmp[1]__17/PCOUT[47]
                         net (fo=1, routed)           0.056    39.488    u_Discrete_FIR_Filter/Discrete_FIR_Filter_out_tmp[1]__17_n_106
    DSP48_X0Y50          DSP48E1 (Prop_dsp48e1_PCIN[47]_PCOUT[47])
                                                      1.713    41.201 r  u_Discrete_FIR_Filter/Discrete_FIR_Filter_out_tmp[1]__18/PCOUT[47]
                         net (fo=1, routed)           0.002    41.203    u_Discrete_FIR_Filter/Discrete_FIR_Filter_out_tmp[1]__18_n_106
    DSP48_X0Y51          DSP48E1 (Prop_dsp48e1_PCIN[47]_P[17])
                                                      1.518    42.721 r  u_Discrete_FIR_Filter/Discrete_FIR_Filter_out_tmp[1]__19/P[17]
                         net (fo=0)                   0.973    43.694    Out1_1[17]
                                                                      r  Out1_1[17] (OUT)
  -------------------------------------------------------------------    -------------------

Slack:                    inf
  Source:                 In1_1[1]
                            (input port)
  Destination:            Out1_1[18]
                            (output port)
  Path Group:             (none)
  Path Type:              Max at Slow Process Corner
  Data Path Delay:        43.694ns  (logic 39.498ns (90.396%)  route 4.196ns (9.604%))
  Logic Levels:           26  (CARRY4=4 DSP48E1=21 LUT2=1)

    Location             Delay type                Incr(ns)  Path(ns)    Netlist Resource(s)
  -------------------------------------------------------------------    -------------------
                                                      0.000     0.000 r  In1_1[1] (IN)
                         net (fo=2, unset)            0.973     0.973    u_Discrete_FIR_Filter/In1_1[1]
    SLICE_X39Y86         LUT2 (Prop_lut2_I0_O)        0.124     1.097 r  u_Discrete_FIR_Filter/Discrete_FIR_Filter_out_tmp[1]_i_19/O
                         net (fo=1, routed)           0.000     1.097    u_Discrete_FIR_Filter/Discrete_FIR_Filter_out_tmp[1]_i_19_n_0
    SLICE_X39Y86         CARRY4 (Prop_carry4_S[1]_CO[3])
                                                      0.550     1.647 r  u_Discrete_FIR_Filter/Discrete_FIR_Filter_out_tmp[1]_i_4/CO[3]
                         net (fo=1, routed)           0.000     1.647    u_Discrete_FIR_Filter/Discrete_FIR_Filter_out_tmp[1]_i_4_n_0
    SLICE_X39Y87         CARRY4 (Prop_carry4_CI_CO[3])
                                                      0.114     1.761 r  u_Discrete_FIR_Filter/Discrete_FIR_Filter_out_tmp[1]_i_3/CO[3]
                         net (fo=1, routed)           0.000     1.761    u_Discrete_FIR_Filter/Discrete_FIR_Filter_out_tmp[1]_i_3_n_0
    SLICE_X39Y88         CARRY4 (Prop_carry4_CI_CO[3])
                                                      0.114     1.875 r  u_Discrete_FIR_Filter/Discrete_FIR_Filter_out_tmp[1]_i_2/CO[3]
                         net (fo=1, routed)           0.000     1.875    u_Discrete_FIR_Filter/Discrete_FIR_Filter_out_tmp[1]_i_2_n_0
    SLICE_X39Y89         CARRY4 (Prop_carry4_CI_O[3])
                                                      0.313     2.188 r  u_Discrete_FIR_Filter/Discrete_FIR_Filter_out_tmp[1]_i_1/O[3]
                         net (fo=15, routed)          2.157     4.345    u_Discrete_FIR_Filter/Discrete_FIR_Filter_out_tmp[1]_i_1_n_4
    DSP48_X0Y31          DSP48E1 (Prop_dsp48e1_A[23]_PCOUT[47])
                                                      4.218     8.563 r  u_Discrete_FIR_Filter/Discrete_FIR_Filter_out_tmp[1]/PCOUT[47]
                         net (fo=1, routed)           0.002     8.565    u_Discrete_FIR_Filter/Discrete_FIR_Filter_out_tmp_n_106_[1]
    DSP48_X0Y32          DSP48E1 (Prop_dsp48e1_PCIN[47]_PCOUT[47])
                                                      1.713    10.278 r  u_Discrete_FIR_Filter/Discrete_FIR_Filter_out_tmp[1]__0/PCOUT[47]
                         net (fo=1, routed)           0.002    10.280    u_Discrete_FIR_Filter/Discrete_FIR_Filter_out_tmp[1]__0_n_106
    DSP48_X0Y33          DSP48E1 (Prop_dsp48e1_PCIN[47]_PCOUT[47])
                                                      1.713    11.993 r  u_Discrete_FIR_Filter/Discrete_FIR_Filter_out_tmp[1]__1/PCOUT[47]
                         net (fo=1, routed)           0.002    11.995    u_Discrete_FIR_Filter/Discrete_FIR_Filter_out_tmp[1]__1_n_106
    DSP48_X0Y34          DSP48E1 (Prop_dsp48e1_PCIN[47]_PCOUT[47])
                                                      1.713    13.708 r  u_Discrete_FIR_Filter/Discrete_FIR_Filter_out_tmp[1]__2/PCOUT[47]
                         net (fo=1, routed)           0.002    13.710    u_Discrete_FIR_Filter/Discrete_FIR_Filter_out_tmp[1]__2_n_106
    DSP48_X0Y35          DSP48E1 (Prop_dsp48e1_PCIN[47]_PCOUT[47])
                                                      1.713    15.423 r  u_Discrete_FIR_Filter/Discrete_FIR_Filter_out_tmp[1]__3/PCOUT[47]
                         net (fo=1, routed)           0.002    15.425    u_Discrete_FIR_Filter/Discrete_FIR_Filter_out_tmp[1]__3_n_106
    DSP48_X0Y36          DSP48E1 (Prop_dsp48e1_PCIN[47]_PCOUT[47])
                                                      1.713    17.138 r  u_Discrete_FIR_Filter/Discrete_FIR_Filter_out_tmp[1]__4/PCOUT[47]
                         net (fo=1, routed)           0.002    17.140    u_Discrete_FIR_Filter/Discrete_FIR_Filter_out_tmp[1]__4_n_106
    DSP48_X0Y37          DSP48E1 (Prop_dsp48e1_PCIN[47]_PCOUT[47])
                                                      1.713    18.853 r  u_Discrete_FIR_Filter/Discrete_FIR_Filter_out_tmp[1]__5/PCOUT[47]
                         net (fo=1, routed)           0.002    18.855    u_Discrete_FIR_Filter/Discrete_FIR_Filter_out_tmp[1]__5_n_106
    DSP48_X0Y38          DSP48E1 (Prop_dsp48e1_PCIN[47]_PCOUT[47])
                                                      1.713    20.568 r  u_Discrete_FIR_Filter/Discrete_FIR_Filter_out_tmp[1]__6/PCOUT[47]
                         net (fo=1, routed)           0.002    20.570    u_Discrete_FIR_Filter/Discrete_FIR_Filter_out_tmp[1]__6_n_106
    DSP48_X0Y39          DSP48E1 (Prop_dsp48e1_PCIN[47]_PCOUT[47])
                                                      1.713    22.283 r  u_Discrete_FIR_Filter/Discrete_FIR_Filter_out_tmp[1]__7/PCOUT[47]
                         net (fo=1, routed)           0.002    22.285    u_Discrete_FIR_Filter/Discrete_FIR_Filter_out_tmp[1]__7_n_106
    DSP48_X0Y40          DSP48E1 (Prop_dsp48e1_PCIN[47]_PCOUT[47])
                                                      1.713    23.998 r  u_Discrete_FIR_Filter/Discrete_FIR_Filter_out_tmp[1]__8/PCOUT[47]
                         net (fo=1, routed)           0.002    24.000    u_Discrete_FIR_Filter/Discrete_FIR_Filter_out_tmp[1]__8_n_106
    DSP48_X0Y41          DSP48E1 (Prop_dsp48e1_PCIN[47]_PCOUT[47])
                                                      1.713    25.713 r  u_Discrete_FIR_Filter/Discrete_FIR_Filter_out_tmp[1]__9/PCOUT[47]
                         net (fo=1, routed)           0.002    25.715    u_Discrete_FIR_Filter/Discrete_FIR_Filter_out_tmp[1]__9_n_106
    DSP48_X0Y42          DSP48E1 (Prop_dsp48e1_PCIN[47]_PCOUT[47])
                                                      1.713    27.428 r  u_Discrete_FIR_Filter/Discrete_FIR_Filter_out_tmp[1]__10/PCOUT[47]
                         net (fo=1, routed)           0.002    27.430    u_Discrete_FIR_Filter/Discrete_FIR_Filter_out_tmp[1]__10_n_106
    DSP48_X0Y43          DSP48E1 (Prop_dsp48e1_PCIN[47]_PCOUT[47])
                                                      1.713    29.143 r  u_Discrete_FIR_Filter/Discrete_FIR_Filter_out_tmp[1]__11/PCOUT[47]
                         net (fo=1, routed)           0.002    29.145    u_Discrete_FIR_Filter/Discrete_FIR_Filter_out_tmp[1]__11_n_106
    DSP48_X0Y44          DSP48E1 (Prop_dsp48e1_PCIN[47]_PCOUT[47])
                                                      1.713    30.858 r  u_Discrete_FIR_Filter/Discrete_FIR_Filter_out_tmp[1]__12/PCOUT[47]
                         net (fo=1, routed)           0.002    30.860    u_Discrete_FIR_Filter/Discrete_FIR_Filter_out_tmp[1]__12_n_106
    DSP48_X0Y45          DSP48E1 (Prop_dsp48e1_PCIN[47]_PCOUT[47])
                                                      1.713    32.573 r  u_Discrete_FIR_Filter/Discrete_FIR_Filter_out_tmp[1]__13/PCOUT[47]
                         net (fo=1, routed)           0.002    32.575    u_Discrete_FIR_Filter/Discrete_FIR_Filter_out_tmp[1]__13_n_106
    DSP48_X0Y46          DSP48E1 (Prop_dsp48e1_PCIN[47]_PCOUT[47])
                                                      1.713    34.288 r  u_Discrete_FIR_Filter/Discrete_FIR_Filter_out_tmp[1]__14/PCOUT[47]
                         net (fo=1, routed)           0.002    34.290    u_Discrete_FIR_Filter/Discrete_FIR_Filter_out_tmp[1]__14_n_106
    DSP48_X0Y47          DSP48E1 (Prop_dsp48e1_PCIN[47]_PCOUT[47])
                                                      1.713    36.003 r  u_Discrete_FIR_Filter/Discrete_FIR_Filter_out_tmp[1]__15/PCOUT[47]
                         net (fo=1, routed)           0.002    36.005    u_Discrete_FIR_Filter/Discrete_FIR_Filter_out_tmp[1]__15_n_106
    DSP48_X0Y48          DSP48E1 (Prop_dsp48e1_PCIN[47]_PCOUT[47])
                                                      1.713    37.718 r  u_Discrete_FIR_Filter/Discrete_FIR_Filter_out_tmp[1]__16/PCOUT[47]
                         net (fo=1, routed)           0.002    37.720    u_Discrete_FIR_Filter/Discrete_FIR_Filter_out_tmp[1]__16_n_106
    DSP48_X0Y49          DSP48E1 (Prop_dsp48e1_PCIN[47]_PCOUT[47])
                                                      1.713    39.433 r  u_Discrete_FIR_Filter/Discrete_FIR_Filter_out_tmp[1]__17/PCOUT[47]
                         net (fo=1, routed)           0.056    39.488    u_Discrete_FIR_Filter/Discrete_FIR_Filter_out_tmp[1]__17_n_106
    DSP48_X0Y50          DSP48E1 (Prop_dsp48e1_PCIN[47]_PCOUT[47])
                                                      1.713    41.201 r  u_Discrete_FIR_Filter/Discrete_FIR_Filter_out_tmp[1]__18/PCOUT[47]
                         net (fo=1, routed)           0.002    41.203    u_Discrete_FIR_Filter/Discrete_FIR_Filter_out_tmp[1]__18_n_106
    DSP48_X0Y51          DSP48E1 (Prop_dsp48e1_PCIN[47]_P[18])
                                                      1.518    42.721 r  u_Discrete_FIR_Filter/Discrete_FIR_Filter_out_tmp[1]__19/P[18]
                         net (fo=0)                   0.973    43.694    Out1_1[18]
                                                                      r  Out1_1[18] (OUT)
  -------------------------------------------------------------------    -------------------





Min Delay Paths
--------------------------------------------------------------------------------------
Slack:                    inf
  Source:                 clk_enable
                            (input port)
  Destination:            ce_out
                            (output port)
  Path Group:             (none)
  Path Type:              Min at Fast Process Corner
  Data Path Delay:        0.410ns  (logic 0.000ns (0.000%)  route 0.410ns (100.000%))
  Logic Levels:           0  

    Location             Delay type                Incr(ns)  Path(ns)    Netlist Resource(s)
  -------------------------------------------------------------------    -------------------
                                                      0.000     0.000 r  clk_enable (IN)
                         net (fo=1375, unset)         0.410     0.410    clk_enable
                                                                      r  ce_out (OUT)
  -------------------------------------------------------------------    -------------------

Slack:                    inf
  Source:                 In1_1[9]
                            (input port)
  Destination:            Out1_1[0]
                            (output port)
  Path Group:             (none)
  Path Type:              Min at Fast Process Corner
  Data Path Delay:        7.577ns  (logic 6.122ns (80.797%)  route 1.455ns (19.203%))
  Logic Levels:           23  (CARRY4=1 DSP48E1=21 LUT2=1)

    Location             Delay type                Incr(ns)  Path(ns)    Netlist Resource(s)
  -------------------------------------------------------------------    -------------------
                                                      0.000     0.000 r  In1_1[9] (IN)
                         net (fo=2, unset)            0.410     0.410    u_Discrete_FIR_Filter/In1_1[9]
    SLICE_X39Y88         LUT2 (Prop_lut2_I0_O)        0.045     0.455 r  u_Discrete_FIR_Filter/Discrete_FIR_Filter_out_tmp[1]_i_11/O
                         net (fo=1, routed)           0.000     0.455    u_Discrete_FIR_Filter/Discrete_FIR_Filter_out_tmp[1]_i_11_n_0
    SLICE_X39Y88         CARRY4 (Prop_carry4_S[1]_O[1])
                                                      0.065     0.520 r  u_Discrete_FIR_Filter/Discrete_FIR_Filter_out_tmp[1]_i_2/O[1]
                         net (fo=1, routed)           0.541     1.061    u_Discrete_FIR_Filter/Discrete_FIR_Filter_out_tmp[1]_i_2_n_6
    DSP48_X0Y31          DSP48E1 (Prop_dsp48e1_A[9]_PCOUT[47])
                                                      0.693     1.754 r  u_Discrete_FIR_Filter/Discrete_FIR_Filter_out_tmp[1]/PCOUT[47]
                         net (fo=1, routed)           0.002     1.756    u_Discrete_FIR_Filter/Discrete_FIR_Filter_out_tmp_n_106_[1]
    DSP48_X0Y32          DSP48E1 (Prop_dsp48e1_PCIN[47]_PCOUT[47])
                                                      0.267     2.023 r  u_Discrete_FIR_Filter/Discrete_FIR_Filter_out_tmp[1]__0/PCOUT[47]
                         net (fo=1, routed)           0.002     2.025    u_Discrete_FIR_Filter/Discrete_FIR_Filter_out_tmp[1]__0_n_106
    DSP48_X0Y33          DSP48E1 (Prop_dsp48e1_PCIN[47]_PCOUT[47])
                                                      0.267     2.292 r  u_Discrete_FIR_Filter/Discrete_FIR_Filter_out_tmp[1]__1/PCOUT[47]
                         net (fo=1, routed)           0.002     2.294    u_Discrete_FIR_Filter/Discrete_FIR_Filter_out_tmp[1]__1_n_106
    DSP48_X0Y34          DSP48E1 (Prop_dsp48e1_PCIN[47]_PCOUT[47])
                                                      0.267     2.561 r  u_Discrete_FIR_Filter/Discrete_FIR_Filter_out_tmp[1]__2/PCOUT[47]
                         net (fo=1, routed)           0.002     2.563    u_Discrete_FIR_Filter/Discrete_FIR_Filter_out_tmp[1]__2_n_106
    DSP48_X0Y35          DSP48E1 (Prop_dsp48e1_PCIN[47]_PCOUT[47])
                                                      0.267     2.830 r  u_Discrete_FIR_Filter/Discrete_FIR_Filter_out_tmp[1]__3/PCOUT[47]
                         net (fo=1, routed)           0.002     2.832    u_Discrete_FIR_Filter/Discrete_FIR_Filter_out_tmp[1]__3_n_106
    DSP48_X0Y36          DSP48E1 (Prop_dsp48e1_PCIN[47]_PCOUT[47])
                                                      0.267     3.099 r  u_Discrete_FIR_Filter/Discrete_FIR_Filter_out_tmp[1]__4/PCOUT[47]
                         net (fo=1, routed)           0.002     3.101    u_Discrete_FIR_Filter/Discrete_FIR_Filter_out_tmp[1]__4_n_106
    DSP48_X0Y37          DSP48E1 (Prop_dsp48e1_PCIN[47]_PCOUT[47])
                                                      0.267     3.368 r  u_Discrete_FIR_Filter/Discrete_FIR_Filter_out_tmp[1]__5/PCOUT[47]
                         net (fo=1, routed)           0.002     3.370    u_Discrete_FIR_Filter/Discrete_FIR_Filter_out_tmp[1]__5_n_106
    DSP48_X0Y38          DSP48E1 (Prop_dsp48e1_PCIN[47]_PCOUT[47])
                                                      0.267     3.637 r  u_Discrete_FIR_Filter/Discrete_FIR_Filter_out_tmp[1]__6/PCOUT[47]
                         net (fo=1, routed)           0.002     3.639    u_Discrete_FIR_Filter/Discrete_FIR_Filter_out_tmp[1]__6_n_106
    DSP48_X0Y39          DSP48E1 (Prop_dsp48e1_PCIN[47]_PCOUT[47])
                                                      0.267     3.906 r  u_Discrete_FIR_Filter/Discrete_FIR_Filter_out_tmp[1]__7/PCOUT[47]
                         net (fo=1, routed)           0.002     3.908    u_Discrete_FIR_Filter/Discrete_FIR_Filter_out_tmp[1]__7_n_106
    DSP48_X0Y40          DSP48E1 (Prop_dsp48e1_PCIN[47]_PCOUT[47])
                                                      0.267     4.175 r  u_Discrete_FIR_Filter/Discrete_FIR_Filter_out_tmp[1]__8/PCOUT[47]
                         net (fo=1, routed)           0.002     4.177    u_Discrete_FIR_Filter/Discrete_FIR_Filter_out_tmp[1]__8_n_106
    DSP48_X0Y41          DSP48E1 (Prop_dsp48e1_PCIN[47]_PCOUT[47])
                                                      0.267     4.444 r  u_Discrete_FIR_Filter/Discrete_FIR_Filter_out_tmp[1]__9/PCOUT[47]
                         net (fo=1, routed)           0.002     4.446    u_Discrete_FIR_Filter/Discrete_FIR_Filter_out_tmp[1]__9_n_106
    DSP48_X0Y42          DSP48E1 (Prop_dsp48e1_PCIN[47]_PCOUT[47])
                                                      0.267     4.713 r  u_Discrete_FIR_Filter/Discrete_FIR_Filter_out_tmp[1]__10/PCOUT[47]
                         net (fo=1, routed)           0.002     4.715    u_Discrete_FIR_Filter/Discrete_FIR_Filter_out_tmp[1]__10_n_106
    DSP48_X0Y43          DSP48E1 (Prop_dsp48e1_PCIN[47]_PCOUT[47])
                                                      0.267     4.982 r  u_Discrete_FIR_Filter/Discrete_FIR_Filter_out_tmp[1]__11/PCOUT[47]
                         net (fo=1, routed)           0.002     4.984    u_Discrete_FIR_Filter/Discrete_FIR_Filter_out_tmp[1]__11_n_106
    DSP48_X0Y44          DSP48E1 (Prop_dsp48e1_PCIN[47]_PCOUT[47])
                                                      0.267     5.251 r  u_Discrete_FIR_Filter/Discrete_FIR_Filter_out_tmp[1]__12/PCOUT[47]
                         net (fo=1, routed)           0.002     5.253    u_Discrete_FIR_Filter/Discrete_FIR_Filter_out_tmp[1]__12_n_106
    DSP48_X0Y45          DSP48E1 (Prop_dsp48e1_PCIN[47]_PCOUT[47])
                                                      0.267     5.520 r  u_Discrete_FIR_Filter/Discrete_FIR_Filter_out_tmp[1]__13/PCOUT[47]
                         net (fo=1, routed)           0.002     5.522    u_Discrete_FIR_Filter/Discrete_FIR_Filter_out_tmp[1]__13_n_106
    DSP48_X0Y46          DSP48E1 (Prop_dsp48e1_PCIN[47]_PCOUT[47])
                                                      0.267     5.789 r  u_Discrete_FIR_Filter/Discrete_FIR_Filter_out_tmp[1]__14/PCOUT[47]
                         net (fo=1, routed)           0.002     5.791    u_Discrete_FIR_Filter/Discrete_FIR_Filter_out_tmp[1]__14_n_106
    DSP48_X0Y47          DSP48E1 (Prop_dsp48e1_PCIN[47]_PCOUT[47])
                                                      0.267     6.058 r  u_Discrete_FIR_Filter/Discrete_FIR_Filter_out_tmp[1]__15/PCOUT[47]
                         net (fo=1, routed)           0.002     6.060    u_Discrete_FIR_Filter/Discrete_FIR_Filter_out_tmp[1]__15_n_106
    DSP48_X0Y48          DSP48E1 (Prop_dsp48e1_PCIN[47]_PCOUT[47])
                                                      0.267     6.327 r  u_Discrete_FIR_Filter/Discrete_FIR_Filter_out_tmp[1]__16/PCOUT[47]
                         net (fo=1, routed)           0.002     6.329    u_Discrete_FIR_Filter/Discrete_FIR_Filter_out_tmp[1]__16_n_106
    DSP48_X0Y49          DSP48E1 (Prop_dsp48e1_PCIN[47]_PCOUT[47])
                                                      0.267     6.596 r  u_Discrete_FIR_Filter/Discrete_FIR_Filter_out_tmp[1]__17/PCOUT[47]
                         net (fo=1, routed)           0.056     6.652    u_Discrete_FIR_Filter/Discrete_FIR_Filter_out_tmp[1]__17_n_106
    DSP48_X0Y50          DSP48E1 (Prop_dsp48e1_PCIN[47]_PCOUT[47])
                                                      0.267     6.919 r  u_Discrete_FIR_Filter/Discrete_FIR_Filter_out_tmp[1]__18/PCOUT[47]
                         net (fo=1, routed)           0.002     6.921    u_Discrete_FIR_Filter/Discrete_FIR_Filter_out_tmp[1]__18_n_106
    DSP48_X0Y51          DSP48E1 (Prop_dsp48e1_PCIN[47]_P[0])
                                                      0.246     7.167 r  u_Discrete_FIR_Filter/Discrete_FIR_Filter_out_tmp[1]__19/P[0]
                         net (fo=0)                   0.410     7.577    Out1_1[0]
                                                                      r  Out1_1[0] (OUT)
  -------------------------------------------------------------------    -------------------

Slack:                    inf
  Source:                 In1_1[9]
                            (input port)
  Destination:            Out1_1[10]
                            (output port)
  Path Group:             (none)
  Path Type:              Min at Fast Process Corner
  Data Path Delay:        7.577ns  (logic 6.122ns (80.797%)  route 1.455ns (19.203%))
  Logic Levels:           23  (CARRY4=1 DSP48E1=21 LUT2=1)

    Location             Delay type                Incr(ns)  Path(ns)    Netlist Resource(s)
  -------------------------------------------------------------------    -------------------
                                                      0.000     0.000 r  In1_1[9] (IN)
                         net (fo=2, unset)            0.410     0.410    u_Discrete_FIR_Filter/In1_1[9]
    SLICE_X39Y88         LUT2 (Prop_lut2_I0_O)        0.045     0.455 r  u_Discrete_FIR_Filter/Discrete_FIR_Filter_out_tmp[1]_i_11/O
                         net (fo=1, routed)           0.000     0.455    u_Discrete_FIR_Filter/Discrete_FIR_Filter_out_tmp[1]_i_11_n_0
    SLICE_X39Y88         CARRY4 (Prop_carry4_S[1]_O[1])
                                                      0.065     0.520 r  u_Discrete_FIR_Filter/Discrete_FIR_Filter_out_tmp[1]_i_2/O[1]
                         net (fo=1, routed)           0.541     1.061    u_Discrete_FIR_Filter/Discrete_FIR_Filter_out_tmp[1]_i_2_n_6
    DSP48_X0Y31          DSP48E1 (Prop_dsp48e1_A[9]_PCOUT[47])
                                                      0.693     1.754 r  u_Discrete_FIR_Filter/Discrete_FIR_Filter_out_tmp[1]/PCOUT[47]
                         net (fo=1, routed)           0.002     1.756    u_Discrete_FIR_Filter/Discrete_FIR_Filter_out_tmp_n_106_[1]
    DSP48_X0Y32          DSP48E1 (Prop_dsp48e1_PCIN[47]_PCOUT[47])
                                                      0.267     2.023 r  u_Discrete_FIR_Filter/Discrete_FIR_Filter_out_tmp[1]__0/PCOUT[47]
                         net (fo=1, routed)           0.002     2.025    u_Discrete_FIR_Filter/Discrete_FIR_Filter_out_tmp[1]__0_n_106
    DSP48_X0Y33          DSP48E1 (Prop_dsp48e1_PCIN[47]_PCOUT[47])
                                                      0.267     2.292 r  u_Discrete_FIR_Filter/Discrete_FIR_Filter_out_tmp[1]__1/PCOUT[47]
                         net (fo=1, routed)           0.002     2.294    u_Discrete_FIR_Filter/Discrete_FIR_Filter_out_tmp[1]__1_n_106
    DSP48_X0Y34          DSP48E1 (Prop_dsp48e1_PCIN[47]_PCOUT[47])
                                                      0.267     2.561 r  u_Discrete_FIR_Filter/Discrete_FIR_Filter_out_tmp[1]__2/PCOUT[47]
                         net (fo=1, routed)           0.002     2.563    u_Discrete_FIR_Filter/Discrete_FIR_Filter_out_tmp[1]__2_n_106
    DSP48_X0Y35          DSP48E1 (Prop_dsp48e1_PCIN[47]_PCOUT[47])
                                                      0.267     2.830 r  u_Discrete_FIR_Filter/Discrete_FIR_Filter_out_tmp[1]__3/PCOUT[47]
                         net (fo=1, routed)           0.002     2.832    u_Discrete_FIR_Filter/Discrete_FIR_Filter_out_tmp[1]__3_n_106
    DSP48_X0Y36          DSP48E1 (Prop_dsp48e1_PCIN[47]_PCOUT[47])
                                                      0.267     3.099 r  u_Discrete_FIR_Filter/Discrete_FIR_Filter_out_tmp[1]__4/PCOUT[47]
                         net (fo=1, routed)           0.002     3.101    u_Discrete_FIR_Filter/Discrete_FIR_Filter_out_tmp[1]__4_n_106
    DSP48_X0Y37          DSP48E1 (Prop_dsp48e1_PCIN[47]_PCOUT[47])
                                                      0.267     3.368 r  u_Discrete_FIR_Filter/Discrete_FIR_Filter_out_tmp[1]__5/PCOUT[47]
                         net (fo=1, routed)           0.002     3.370    u_Discrete_FIR_Filter/Discrete_FIR_Filter_out_tmp[1]__5_n_106
    DSP48_X0Y38          DSP48E1 (Prop_dsp48e1_PCIN[47]_PCOUT[47])
                                                      0.267     3.637 r  u_Discrete_FIR_Filter/Discrete_FIR_Filter_out_tmp[1]__6/PCOUT[47]
                         net (fo=1, routed)           0.002     3.639    u_Discrete_FIR_Filter/Discrete_FIR_Filter_out_tmp[1]__6_n_106
    DSP48_X0Y39          DSP48E1 (Prop_dsp48e1_PCIN[47]_PCOUT[47])
                                                      0.267     3.906 r  u_Discrete_FIR_Filter/Discrete_FIR_Filter_out_tmp[1]__7/PCOUT[47]
                         net (fo=1, routed)           0.002     3.908    u_Discrete_FIR_Filter/Discrete_FIR_Filter_out_tmp[1]__7_n_106
    DSP48_X0Y40          DSP48E1 (Prop_dsp48e1_PCIN[47]_PCOUT[47])
                                                      0.267     4.175 r  u_Discrete_FIR_Filter/Discrete_FIR_Filter_out_tmp[1]__8/PCOUT[47]
                         net (fo=1, routed)           0.002     4.177    u_Discrete_FIR_Filter/Discrete_FIR_Filter_out_tmp[1]__8_n_106
    DSP48_X0Y41          DSP48E1 (Prop_dsp48e1_PCIN[47]_PCOUT[47])
                                                      0.267     4.444 r  u_Discrete_FIR_Filter/Discrete_FIR_Filter_out_tmp[1]__9/PCOUT[47]
                         net (fo=1, routed)           0.002     4.446    u_Discrete_FIR_Filter/Discrete_FIR_Filter_out_tmp[1]__9_n_106
    DSP48_X0Y42          DSP48E1 (Prop_dsp48e1_PCIN[47]_PCOUT[47])
                                                      0.267     4.713 r  u_Discrete_FIR_Filter/Discrete_FIR_Filter_out_tmp[1]__10/PCOUT[47]
                         net (fo=1, routed)           0.002     4.715    u_Discrete_FIR_Filter/Discrete_FIR_Filter_out_tmp[1]__10_n_106
    DSP48_X0Y43          DSP48E1 (Prop_dsp48e1_PCIN[47]_PCOUT[47])
                                                      0.267     4.982 r  u_Discrete_FIR_Filter/Discrete_FIR_Filter_out_tmp[1]__11/PCOUT[47]
                         net (fo=1, routed)           0.002     4.984    u_Discrete_FIR_Filter/Discrete_FIR_Filter_out_tmp[1]__11_n_106
    DSP48_X0Y44          DSP48E1 (Prop_dsp48e1_PCIN[47]_PCOUT[47])
                                                      0.267     5.251 r  u_Discrete_FIR_Filter/Discrete_FIR_Filter_out_tmp[1]__12/PCOUT[47]
                         net (fo=1, routed)           0.002     5.253    u_Discrete_FIR_Filter/Discrete_FIR_Filter_out_tmp[1]__12_n_106
    DSP48_X0Y45          DSP48E1 (Prop_dsp48e1_PCIN[47]_PCOUT[47])
                                                      0.267     5.520 r  u_Discrete_FIR_Filter/Discrete_FIR_Filter_out_tmp[1]__13/PCOUT[47]
                         net (fo=1, routed)           0.002     5.522    u_Discrete_FIR_Filter/Discrete_FIR_Filter_out_tmp[1]__13_n_106
    DSP48_X0Y46          DSP48E1 (Prop_dsp48e1_PCIN[47]_PCOUT[47])
                                                      0.267     5.789 r  u_Discrete_FIR_Filter/Discrete_FIR_Filter_out_tmp[1]__14/PCOUT[47]
                         net (fo=1, routed)           0.002     5.791    u_Discrete_FIR_Filter/Discrete_FIR_Filter_out_tmp[1]__14_n_106
    DSP48_X0Y47          DSP48E1 (Prop_dsp48e1_PCIN[47]_PCOUT[47])
                                                      0.267     6.058 r  u_Discrete_FIR_Filter/Discrete_FIR_Filter_out_tmp[1]__15/PCOUT[47]
                         net (fo=1, routed)           0.002     6.060    u_Discrete_FIR_Filter/Discrete_FIR_Filter_out_tmp[1]__15_n_106
    DSP48_X0Y48          DSP48E1 (Prop_dsp48e1_PCIN[47]_PCOUT[47])
                                                      0.267     6.327 r  u_Discrete_FIR_Filter/Discrete_FIR_Filter_out_tmp[1]__16/PCOUT[47]
                         net (fo=1, routed)           0.002     6.329    u_Discrete_FIR_Filter/Discrete_FIR_Filter_out_tmp[1]__16_n_106
    DSP48_X0Y49          DSP48E1 (Prop_dsp48e1_PCIN[47]_PCOUT[47])
                                                      0.267     6.596 r  u_Discrete_FIR_Filter/Discrete_FIR_Filter_out_tmp[1]__17/PCOUT[47]
                         net (fo=1, routed)           0.056     6.652    u_Discrete_FIR_Filter/Discrete_FIR_Filter_out_tmp[1]__17_n_106
    DSP48_X0Y50          DSP48E1 (Prop_dsp48e1_PCIN[47]_PCOUT[47])
                                                      0.267     6.919 r  u_Discrete_FIR_Filter/Discrete_FIR_Filter_out_tmp[1]__18/PCOUT[47]
                         net (fo=1, routed)           0.002     6.921    u_Discrete_FIR_Filter/Discrete_FIR_Filter_out_tmp[1]__18_n_106
    DSP48_X0Y51          DSP48E1 (Prop_dsp48e1_PCIN[47]_P[10])
                                                      0.246     7.167 r  u_Discrete_FIR_Filter/Discrete_FIR_Filter_out_tmp[1]__19/P[10]
                         net (fo=0)                   0.410     7.577    Out1_1[10]
                                                                      r  Out1_1[10] (OUT)
  -------------------------------------------------------------------    -------------------

Slack:                    inf
  Source:                 In1_1[9]
                            (input port)
  Destination:            Out1_1[11]
                            (output port)
  Path Group:             (none)
  Path Type:              Min at Fast Process Corner
  Data Path Delay:        7.577ns  (logic 6.122ns (80.797%)  route 1.455ns (19.203%))
  Logic Levels:           23  (CARRY4=1 DSP48E1=21 LUT2=1)

    Location             Delay type                Incr(ns)  Path(ns)    Netlist Resource(s)
  -------------------------------------------------------------------    -------------------
                                                      0.000     0.000 r  In1_1[9] (IN)
                         net (fo=2, unset)            0.410     0.410    u_Discrete_FIR_Filter/In1_1[9]
    SLICE_X39Y88         LUT2 (Prop_lut2_I0_O)        0.045     0.455 r  u_Discrete_FIR_Filter/Discrete_FIR_Filter_out_tmp[1]_i_11/O
                         net (fo=1, routed)           0.000     0.455    u_Discrete_FIR_Filter/Discrete_FIR_Filter_out_tmp[1]_i_11_n_0
    SLICE_X39Y88         CARRY4 (Prop_carry4_S[1]_O[1])
                                                      0.065     0.520 r  u_Discrete_FIR_Filter/Discrete_FIR_Filter_out_tmp[1]_i_2/O[1]
                         net (fo=1, routed)           0.541     1.061    u_Discrete_FIR_Filter/Discrete_FIR_Filter_out_tmp[1]_i_2_n_6
    DSP48_X0Y31          DSP48E1 (Prop_dsp48e1_A[9]_PCOUT[47])
                                                      0.693     1.754 r  u_Discrete_FIR_Filter/Discrete_FIR_Filter_out_tmp[1]/PCOUT[47]
                         net (fo=1, routed)           0.002     1.756    u_Discrete_FIR_Filter/Discrete_FIR_Filter_out_tmp_n_106_[1]
    DSP48_X0Y32          DSP48E1 (Prop_dsp48e1_PCIN[47]_PCOUT[47])
                                                      0.267     2.023 r  u_Discrete_FIR_Filter/Discrete_FIR_Filter_out_tmp[1]__0/PCOUT[47]
                         net (fo=1, routed)           0.002     2.025    u_Discrete_FIR_Filter/Discrete_FIR_Filter_out_tmp[1]__0_n_106
    DSP48_X0Y33          DSP48E1 (Prop_dsp48e1_PCIN[47]_PCOUT[47])
                                                      0.267     2.292 r  u_Discrete_FIR_Filter/Discrete_FIR_Filter_out_tmp[1]__1/PCOUT[47]
                         net (fo=1, routed)           0.002     2.294    u_Discrete_FIR_Filter/Discrete_FIR_Filter_out_tmp[1]__1_n_106
    DSP48_X0Y34          DSP48E1 (Prop_dsp48e1_PCIN[47]_PCOUT[47])
                                                      0.267     2.561 r  u_Discrete_FIR_Filter/Discrete_FIR_Filter_out_tmp[1]__2/PCOUT[47]
                         net (fo=1, routed)           0.002     2.563    u_Discrete_FIR_Filter/Discrete_FIR_Filter_out_tmp[1]__2_n_106
    DSP48_X0Y35          DSP48E1 (Prop_dsp48e1_PCIN[47]_PCOUT[47])
                                                      0.267     2.830 r  u_Discrete_FIR_Filter/Discrete_FIR_Filter_out_tmp[1]__3/PCOUT[47]
                         net (fo=1, routed)           0.002     2.832    u_Discrete_FIR_Filter/Discrete_FIR_Filter_out_tmp[1]__3_n_106
    DSP48_X0Y36          DSP48E1 (Prop_dsp48e1_PCIN[47]_PCOUT[47])
                                                      0.267     3.099 r  u_Discrete_FIR_Filter/Discrete_FIR_Filter_out_tmp[1]__4/PCOUT[47]
                         net (fo=1, routed)           0.002     3.101    u_Discrete_FIR_Filter/Discrete_FIR_Filter_out_tmp[1]__4_n_106
    DSP48_X0Y37          DSP48E1 (Prop_dsp48e1_PCIN[47]_PCOUT[47])
                                                      0.267     3.368 r  u_Discrete_FIR_Filter/Discrete_FIR_Filter_out_tmp[1]__5/PCOUT[47]
                         net (fo=1, routed)           0.002     3.370    u_Discrete_FIR_Filter/Discrete_FIR_Filter_out_tmp[1]__5_n_106
    DSP48_X0Y38          DSP48E1 (Prop_dsp48e1_PCIN[47]_PCOUT[47])
                                                      0.267     3.637 r  u_Discrete_FIR_Filter/Discrete_FIR_Filter_out_tmp[1]__6/PCOUT[47]
                         net (fo=1, routed)           0.002     3.639    u_Discrete_FIR_Filter/Discrete_FIR_Filter_out_tmp[1]__6_n_106
    DSP48_X0Y39          DSP48E1 (Prop_dsp48e1_PCIN[47]_PCOUT[47])
                                                      0.267     3.906 r  u_Discrete_FIR_Filter/Discrete_FIR_Filter_out_tmp[1]__7/PCOUT[47]
                         net (fo=1, routed)           0.002     3.908    u_Discrete_FIR_Filter/Discrete_FIR_Filter_out_tmp[1]__7_n_106
    DSP48_X0Y40          DSP48E1 (Prop_dsp48e1_PCIN[47]_PCOUT[47])
                                                      0.267     4.175 r  u_Discrete_FIR_Filter/Discrete_FIR_Filter_out_tmp[1]__8/PCOUT[47]
                         net (fo=1, routed)           0.002     4.177    u_Discrete_FIR_Filter/Discrete_FIR_Filter_out_tmp[1]__8_n_106
    DSP48_X0Y41          DSP48E1 (Prop_dsp48e1_PCIN[47]_PCOUT[47])
                                                      0.267     4.444 r  u_Discrete_FIR_Filter/Discrete_FIR_Filter_out_tmp[1]__9/PCOUT[47]
                         net (fo=1, routed)           0.002     4.446    u_Discrete_FIR_Filter/Discrete_FIR_Filter_out_tmp[1]__9_n_106
    DSP48_X0Y42          DSP48E1 (Prop_dsp48e1_PCIN[47]_PCOUT[47])
                                                      0.267     4.713 r  u_Discrete_FIR_Filter/Discrete_FIR_Filter_out_tmp[1]__10/PCOUT[47]
                         net (fo=1, routed)           0.002     4.715    u_Discrete_FIR_Filter/Discrete_FIR_Filter_out_tmp[1]__10_n_106
    DSP48_X0Y43          DSP48E1 (Prop_dsp48e1_PCIN[47]_PCOUT[47])
                                                      0.267     4.982 r  u_Discrete_FIR_Filter/Discrete_FIR_Filter_out_tmp[1]__11/PCOUT[47]
                         net (fo=1, routed)           0.002     4.984    u_Discrete_FIR_Filter/Discrete_FIR_Filter_out_tmp[1]__11_n_106
    DSP48_X0Y44          DSP48E1 (Prop_dsp48e1_PCIN[47]_PCOUT[47])
                                                      0.267     5.251 r  u_Discrete_FIR_Filter/Discrete_FIR_Filter_out_tmp[1]__12/PCOUT[47]
                         net (fo=1, routed)           0.002     5.253    u_Discrete_FIR_Filter/Discrete_FIR_Filter_out_tmp[1]__12_n_106
    DSP48_X0Y45          DSP48E1 (Prop_dsp48e1_PCIN[47]_PCOUT[47])
                                                      0.267     5.520 r  u_Discrete_FIR_Filter/Discrete_FIR_Filter_out_tmp[1]__13/PCOUT[47]
                         net (fo=1, routed)           0.002     5.522    u_Discrete_FIR_Filter/Discrete_FIR_Filter_out_tmp[1]__13_n_106
    DSP48_X0Y46          DSP48E1 (Prop_dsp48e1_PCIN[47]_PCOUT[47])
                                                      0.267     5.789 r  u_Discrete_FIR_Filter/Discrete_FIR_Filter_out_tmp[1]__14/PCOUT[47]
                         net (fo=1, routed)           0.002     5.791    u_Discrete_FIR_Filter/Discrete_FIR_Filter_out_tmp[1]__14_n_106
    DSP48_X0Y47          DSP48E1 (Prop_dsp48e1_PCIN[47]_PCOUT[47])
                                                      0.267     6.058 r  u_Discrete_FIR_Filter/Discrete_FIR_Filter_out_tmp[1]__15/PCOUT[47]
                         net (fo=1, routed)           0.002     6.060    u_Discrete_FIR_Filter/Discrete_FIR_Filter_out_tmp[1]__15_n_106
    DSP48_X0Y48          DSP48E1 (Prop_dsp48e1_PCIN[47]_PCOUT[47])
                                                      0.267     6.327 r  u_Discrete_FIR_Filter/Discrete_FIR_Filter_out_tmp[1]__16/PCOUT[47]
                         net (fo=1, routed)           0.002     6.329    u_Discrete_FIR_Filter/Discrete_FIR_Filter_out_tmp[1]__16_n_106
    DSP48_X0Y49          DSP48E1 (Prop_dsp48e1_PCIN[47]_PCOUT[47])
                                                      0.267     6.596 r  u_Discrete_FIR_Filter/Discrete_FIR_Filter_out_tmp[1]__17/PCOUT[47]
                         net (fo=1, routed)           0.056     6.652    u_Discrete_FIR_Filter/Discrete_FIR_Filter_out_tmp[1]__17_n_106
    DSP48_X0Y50          DSP48E1 (Prop_dsp48e1_PCIN[47]_PCOUT[47])
                                                      0.267     6.919 r  u_Discrete_FIR_Filter/Discrete_FIR_Filter_out_tmp[1]__18/PCOUT[47]
                         net (fo=1, routed)           0.002     6.921    u_Discrete_FIR_Filter/Discrete_FIR_Filter_out_tmp[1]__18_n_106
    DSP48_X0Y51          DSP48E1 (Prop_dsp48e1_PCIN[47]_P[11])
                                                      0.246     7.167 r  u_Discrete_FIR_Filter/Discrete_FIR_Filter_out_tmp[1]__19/P[11]
                         net (fo=0)                   0.410     7.577    Out1_1[11]
                                                                      r  Out1_1[11] (OUT)
  -------------------------------------------------------------------    -------------------

Slack:                    inf
  Source:                 In1_1[9]
                            (input port)
  Destination:            Out1_1[12]
                            (output port)
  Path Group:             (none)
  Path Type:              Min at Fast Process Corner
  Data Path Delay:        7.577ns  (logic 6.122ns (80.797%)  route 1.455ns (19.203%))
  Logic Levels:           23  (CARRY4=1 DSP48E1=21 LUT2=1)

    Location             Delay type                Incr(ns)  Path(ns)    Netlist Resource(s)
  -------------------------------------------------------------------    -------------------
                                                      0.000     0.000 r  In1_1[9] (IN)
                         net (fo=2, unset)            0.410     0.410    u_Discrete_FIR_Filter/In1_1[9]
    SLICE_X39Y88         LUT2 (Prop_lut2_I0_O)        0.045     0.455 r  u_Discrete_FIR_Filter/Discrete_FIR_Filter_out_tmp[1]_i_11/O
                         net (fo=1, routed)           0.000     0.455    u_Discrete_FIR_Filter/Discrete_FIR_Filter_out_tmp[1]_i_11_n_0
    SLICE_X39Y88         CARRY4 (Prop_carry4_S[1]_O[1])
                                                      0.065     0.520 r  u_Discrete_FIR_Filter/Discrete_FIR_Filter_out_tmp[1]_i_2/O[1]
                         net (fo=1, routed)           0.541     1.061    u_Discrete_FIR_Filter/Discrete_FIR_Filter_out_tmp[1]_i_2_n_6
    DSP48_X0Y31          DSP48E1 (Prop_dsp48e1_A[9]_PCOUT[47])
                                                      0.693     1.754 r  u_Discrete_FIR_Filter/Discrete_FIR_Filter_out_tmp[1]/PCOUT[47]
                         net (fo=1, routed)           0.002     1.756    u_Discrete_FIR_Filter/Discrete_FIR_Filter_out_tmp_n_106_[1]
    DSP48_X0Y32          DSP48E1 (Prop_dsp48e1_PCIN[47]_PCOUT[47])
                                                      0.267     2.023 r  u_Discrete_FIR_Filter/Discrete_FIR_Filter_out_tmp[1]__0/PCOUT[47]
                         net (fo=1, routed)           0.002     2.025    u_Discrete_FIR_Filter/Discrete_FIR_Filter_out_tmp[1]__0_n_106
    DSP48_X0Y33          DSP48E1 (Prop_dsp48e1_PCIN[47]_PCOUT[47])
                                                      0.267     2.292 r  u_Discrete_FIR_Filter/Discrete_FIR_Filter_out_tmp[1]__1/PCOUT[47]
                         net (fo=1, routed)           0.002     2.294    u_Discrete_FIR_Filter/Discrete_FIR_Filter_out_tmp[1]__1_n_106
    DSP48_X0Y34          DSP48E1 (Prop_dsp48e1_PCIN[47]_PCOUT[47])
                                                      0.267     2.561 r  u_Discrete_FIR_Filter/Discrete_FIR_Filter_out_tmp[1]__2/PCOUT[47]
                         net (fo=1, routed)           0.002     2.563    u_Discrete_FIR_Filter/Discrete_FIR_Filter_out_tmp[1]__2_n_106
    DSP48_X0Y35          DSP48E1 (Prop_dsp48e1_PCIN[47]_PCOUT[47])
                                                      0.267     2.830 r  u_Discrete_FIR_Filter/Discrete_FIR_Filter_out_tmp[1]__3/PCOUT[47]
                         net (fo=1, routed)           0.002     2.832    u_Discrete_FIR_Filter/Discrete_FIR_Filter_out_tmp[1]__3_n_106
    DSP48_X0Y36          DSP48E1 (Prop_dsp48e1_PCIN[47]_PCOUT[47])
                                                      0.267     3.099 r  u_Discrete_FIR_Filter/Discrete_FIR_Filter_out_tmp[1]__4/PCOUT[47]
                         net (fo=1, routed)           0.002     3.101    u_Discrete_FIR_Filter/Discrete_FIR_Filter_out_tmp[1]__4_n_106
    DSP48_X0Y37          DSP48E1 (Prop_dsp48e1_PCIN[47]_PCOUT[47])
                                                      0.267     3.368 r  u_Discrete_FIR_Filter/Discrete_FIR_Filter_out_tmp[1]__5/PCOUT[47]
                         net (fo=1, routed)           0.002     3.370    u_Discrete_FIR_Filter/Discrete_FIR_Filter_out_tmp[1]__5_n_106
    DSP48_X0Y38          DSP48E1 (Prop_dsp48e1_PCIN[47]_PCOUT[47])
                                                      0.267     3.637 r  u_Discrete_FIR_Filter/Discrete_FIR_Filter_out_tmp[1]__6/PCOUT[47]
                         net (fo=1, routed)           0.002     3.639    u_Discrete_FIR_Filter/Discrete_FIR_Filter_out_tmp[1]__6_n_106
    DSP48_X0Y39          DSP48E1 (Prop_dsp48e1_PCIN[47]_PCOUT[47])
                                                      0.267     3.906 r  u_Discrete_FIR_Filter/Discrete_FIR_Filter_out_tmp[1]__7/PCOUT[47]
                         net (fo=1, routed)           0.002     3.908    u_Discrete_FIR_Filter/Discrete_FIR_Filter_out_tmp[1]__7_n_106
    DSP48_X0Y40          DSP48E1 (Prop_dsp48e1_PCIN[47]_PCOUT[47])
                                                      0.267     4.175 r  u_Discrete_FIR_Filter/Discrete_FIR_Filter_out_tmp[1]__8/PCOUT[47]
                         net (fo=1, routed)           0.002     4.177    u_Discrete_FIR_Filter/Discrete_FIR_Filter_out_tmp[1]__8_n_106
    DSP48_X0Y41          DSP48E1 (Prop_dsp48e1_PCIN[47]_PCOUT[47])
                                                      0.267     4.444 r  u_Discrete_FIR_Filter/Discrete_FIR_Filter_out_tmp[1]__9/PCOUT[47]
                         net (fo=1, routed)           0.002     4.446    u_Discrete_FIR_Filter/Discrete_FIR_Filter_out_tmp[1]__9_n_106
    DSP48_X0Y42          DSP48E1 (Prop_dsp48e1_PCIN[47]_PCOUT[47])
                                                      0.267     4.713 r  u_Discrete_FIR_Filter/Discrete_FIR_Filter_out_tmp[1]__10/PCOUT[47]
                         net (fo=1, routed)           0.002     4.715    u_Discrete_FIR_Filter/Discrete_FIR_Filter_out_tmp[1]__10_n_106
    DSP48_X0Y43          DSP48E1 (Prop_dsp48e1_PCIN[47]_PCOUT[47])
                                                      0.267     4.982 r  u_Discrete_FIR_Filter/Discrete_FIR_Filter_out_tmp[1]__11/PCOUT[47]
                         net (fo=1, routed)           0.002     4.984    u_Discrete_FIR_Filter/Discrete_FIR_Filter_out_tmp[1]__11_n_106
    DSP48_X0Y44          DSP48E1 (Prop_dsp48e1_PCIN[47]_PCOUT[47])
                                                      0.267     5.251 r  u_Discrete_FIR_Filter/Discrete_FIR_Filter_out_tmp[1]__12/PCOUT[47]
                         net (fo=1, routed)           0.002     5.253    u_Discrete_FIR_Filter/Discrete_FIR_Filter_out_tmp[1]__12_n_106
    DSP48_X0Y45          DSP48E1 (Prop_dsp48e1_PCIN[47]_PCOUT[47])
                                                      0.267     5.520 r  u_Discrete_FIR_Filter/Discrete_FIR_Filter_out_tmp[1]__13/PCOUT[47]
                         net (fo=1, routed)           0.002     5.522    u_Discrete_FIR_Filter/Discrete_FIR_Filter_out_tmp[1]__13_n_106
    DSP48_X0Y46          DSP48E1 (Prop_dsp48e1_PCIN[47]_PCOUT[47])
                                                      0.267     5.789 r  u_Discrete_FIR_Filter/Discrete_FIR_Filter_out_tmp[1]__14/PCOUT[47]
                         net (fo=1, routed)           0.002     5.791    u_Discrete_FIR_Filter/Discrete_FIR_Filter_out_tmp[1]__14_n_106
    DSP48_X0Y47          DSP48E1 (Prop_dsp48e1_PCIN[47]_PCOUT[47])
                                                      0.267     6.058 r  u_Discrete_FIR_Filter/Discrete_FIR_Filter_out_tmp[1]__15/PCOUT[47]
                         net (fo=1, routed)           0.002     6.060    u_Discrete_FIR_Filter/Discrete_FIR_Filter_out_tmp[1]__15_n_106
    DSP48_X0Y48          DSP48E1 (Prop_dsp48e1_PCIN[47]_PCOUT[47])
                                                      0.267     6.327 r  u_Discrete_FIR_Filter/Discrete_FIR_Filter_out_tmp[1]__16/PCOUT[47]
                         net (fo=1, routed)           0.002     6.329    u_Discrete_FIR_Filter/Discrete_FIR_Filter_out_tmp[1]__16_n_106
    DSP48_X0Y49          DSP48E1 (Prop_dsp48e1_PCIN[47]_PCOUT[47])
                                                      0.267     6.596 r  u_Discrete_FIR_Filter/Discrete_FIR_Filter_out_tmp[1]__17/PCOUT[47]
                         net (fo=1, routed)           0.056     6.652    u_Discrete_FIR_Filter/Discrete_FIR_Filter_out_tmp[1]__17_n_106
    DSP48_X0Y50          DSP48E1 (Prop_dsp48e1_PCIN[47]_PCOUT[47])
                                                      0.267     6.919 r  u_Discrete_FIR_Filter/Discrete_FIR_Filter_out_tmp[1]__18/PCOUT[47]
                         net (fo=1, routed)           0.002     6.921    u_Discrete_FIR_Filter/Discrete_FIR_Filter_out_tmp[1]__18_n_106
    DSP48_X0Y51          DSP48E1 (Prop_dsp48e1_PCIN[47]_P[12])
                                                      0.246     7.167 r  u_Discrete_FIR_Filter/Discrete_FIR_Filter_out_tmp[1]__19/P[12]
                         net (fo=0)                   0.410     7.577    Out1_1[12]
                                                                      r  Out1_1[12] (OUT)
  -------------------------------------------------------------------    -------------------

Slack:                    inf
  Source:                 In1_1[9]
                            (input port)
  Destination:            Out1_1[13]
                            (output port)
  Path Group:             (none)
  Path Type:              Min at Fast Process Corner
  Data Path Delay:        7.577ns  (logic 6.122ns (80.797%)  route 1.455ns (19.203%))
  Logic Levels:           23  (CARRY4=1 DSP48E1=21 LUT2=1)

    Location             Delay type                Incr(ns)  Path(ns)    Netlist Resource(s)
  -------------------------------------------------------------------    -------------------
                                                      0.000     0.000 r  In1_1[9] (IN)
                         net (fo=2, unset)            0.410     0.410    u_Discrete_FIR_Filter/In1_1[9]
    SLICE_X39Y88         LUT2 (Prop_lut2_I0_O)        0.045     0.455 r  u_Discrete_FIR_Filter/Discrete_FIR_Filter_out_tmp[1]_i_11/O
                         net (fo=1, routed)           0.000     0.455    u_Discrete_FIR_Filter/Discrete_FIR_Filter_out_tmp[1]_i_11_n_0
    SLICE_X39Y88         CARRY4 (Prop_carry4_S[1]_O[1])
                                                      0.065     0.520 r  u_Discrete_FIR_Filter/Discrete_FIR_Filter_out_tmp[1]_i_2/O[1]
                         net (fo=1, routed)           0.541     1.061    u_Discrete_FIR_Filter/Discrete_FIR_Filter_out_tmp[1]_i_2_n_6
    DSP48_X0Y31          DSP48E1 (Prop_dsp48e1_A[9]_PCOUT[47])
                                                      0.693     1.754 r  u_Discrete_FIR_Filter/Discrete_FIR_Filter_out_tmp[1]/PCOUT[47]
                         net (fo=1, routed)           0.002     1.756    u_Discrete_FIR_Filter/Discrete_FIR_Filter_out_tmp_n_106_[1]
    DSP48_X0Y32          DSP48E1 (Prop_dsp48e1_PCIN[47]_PCOUT[47])
                                                      0.267     2.023 r  u_Discrete_FIR_Filter/Discrete_FIR_Filter_out_tmp[1]__0/PCOUT[47]
                         net (fo=1, routed)           0.002     2.025    u_Discrete_FIR_Filter/Discrete_FIR_Filter_out_tmp[1]__0_n_106
    DSP48_X0Y33          DSP48E1 (Prop_dsp48e1_PCIN[47]_PCOUT[47])
                                                      0.267     2.292 r  u_Discrete_FIR_Filter/Discrete_FIR_Filter_out_tmp[1]__1/PCOUT[47]
                         net (fo=1, routed)           0.002     2.294    u_Discrete_FIR_Filter/Discrete_FIR_Filter_out_tmp[1]__1_n_106
    DSP48_X0Y34          DSP48E1 (Prop_dsp48e1_PCIN[47]_PCOUT[47])
                                                      0.267     2.561 r  u_Discrete_FIR_Filter/Discrete_FIR_Filter_out_tmp[1]__2/PCOUT[47]
                         net (fo=1, routed)           0.002     2.563    u_Discrete_FIR_Filter/Discrete_FIR_Filter_out_tmp[1]__2_n_106
    DSP48_X0Y35          DSP48E1 (Prop_dsp48e1_PCIN[47]_PCOUT[47])
                                                      0.267     2.830 r  u_Discrete_FIR_Filter/Discrete_FIR_Filter_out_tmp[1]__3/PCOUT[47]
                         net (fo=1, routed)           0.002     2.832    u_Discrete_FIR_Filter/Discrete_FIR_Filter_out_tmp[1]__3_n_106
    DSP48_X0Y36          DSP48E1 (Prop_dsp48e1_PCIN[47]_PCOUT[47])
                                                      0.267     3.099 r  u_Discrete_FIR_Filter/Discrete_FIR_Filter_out_tmp[1]__4/PCOUT[47]
                         net (fo=1, routed)           0.002     3.101    u_Discrete_FIR_Filter/Discrete_FIR_Filter_out_tmp[1]__4_n_106
    DSP48_X0Y37          DSP48E1 (Prop_dsp48e1_PCIN[47]_PCOUT[47])
                                                      0.267     3.368 r  u_Discrete_FIR_Filter/Discrete_FIR_Filter_out_tmp[1]__5/PCOUT[47]
                         net (fo=1, routed)           0.002     3.370    u_Discrete_FIR_Filter/Discrete_FIR_Filter_out_tmp[1]__5_n_106
    DSP48_X0Y38          DSP48E1 (Prop_dsp48e1_PCIN[47]_PCOUT[47])
                                                      0.267     3.637 r  u_Discrete_FIR_Filter/Discrete_FIR_Filter_out_tmp[1]__6/PCOUT[47]
                         net (fo=1, routed)           0.002     3.639    u_Discrete_FIR_Filter/Discrete_FIR_Filter_out_tmp[1]__6_n_106
    DSP48_X0Y39          DSP48E1 (Prop_dsp48e1_PCIN[47]_PCOUT[47])
                                                      0.267     3.906 r  u_Discrete_FIR_Filter/Discrete_FIR_Filter_out_tmp[1]__7/PCOUT[47]
                         net (fo=1, routed)           0.002     3.908    u_Discrete_FIR_Filter/Discrete_FIR_Filter_out_tmp[1]__7_n_106
    DSP48_X0Y40          DSP48E1 (Prop_dsp48e1_PCIN[47]_PCOUT[47])
                                                      0.267     4.175 r  u_Discrete_FIR_Filter/Discrete_FIR_Filter_out_tmp[1]__8/PCOUT[47]
                         net (fo=1, routed)           0.002     4.177    u_Discrete_FIR_Filter/Discrete_FIR_Filter_out_tmp[1]__8_n_106
    DSP48_X0Y41          DSP48E1 (Prop_dsp48e1_PCIN[47]_PCOUT[47])
                                                      0.267     4.444 r  u_Discrete_FIR_Filter/Discrete_FIR_Filter_out_tmp[1]__9/PCOUT[47]
                         net (fo=1, routed)           0.002     4.446    u_Discrete_FIR_Filter/Discrete_FIR_Filter_out_tmp[1]__9_n_106
    DSP48_X0Y42          DSP48E1 (Prop_dsp48e1_PCIN[47]_PCOUT[47])
                                                      0.267     4.713 r  u_Discrete_FIR_Filter/Discrete_FIR_Filter_out_tmp[1]__10/PCOUT[47]
                         net (fo=1, routed)           0.002     4.715    u_Discrete_FIR_Filter/Discrete_FIR_Filter_out_tmp[1]__10_n_106
    DSP48_X0Y43          DSP48E1 (Prop_dsp48e1_PCIN[47]_PCOUT[47])
                                                      0.267     4.982 r  u_Discrete_FIR_Filter/Discrete_FIR_Filter_out_tmp[1]__11/PCOUT[47]
                         net (fo=1, routed)           0.002     4.984    u_Discrete_FIR_Filter/Discrete_FIR_Filter_out_tmp[1]__11_n_106
    DSP48_X0Y44          DSP48E1 (Prop_dsp48e1_PCIN[47]_PCOUT[47])
                                                      0.267     5.251 r  u_Discrete_FIR_Filter/Discrete_FIR_Filter_out_tmp[1]__12/PCOUT[47]
                         net (fo=1, routed)           0.002     5.253    u_Discrete_FIR_Filter/Discrete_FIR_Filter_out_tmp[1]__12_n_106
    DSP48_X0Y45          DSP48E1 (Prop_dsp48e1_PCIN[47]_PCOUT[47])
                                                      0.267     5.520 r  u_Discrete_FIR_Filter/Discrete_FIR_Filter_out_tmp[1]__13/PCOUT[47]
                         net (fo=1, routed)           0.002     5.522    u_Discrete_FIR_Filter/Discrete_FIR_Filter_out_tmp[1]__13_n_106
    DSP48_X0Y46          DSP48E1 (Prop_dsp48e1_PCIN[47]_PCOUT[47])
                                                      0.267     5.789 r  u_Discrete_FIR_Filter/Discrete_FIR_Filter_out_tmp[1]__14/PCOUT[47]
                         net (fo=1, routed)           0.002     5.791    u_Discrete_FIR_Filter/Discrete_FIR_Filter_out_tmp[1]__14_n_106
    DSP48_X0Y47          DSP48E1 (Prop_dsp48e1_PCIN[47]_PCOUT[47])
                                                      0.267     6.058 r  u_Discrete_FIR_Filter/Discrete_FIR_Filter_out_tmp[1]__15/PCOUT[47]
                         net (fo=1, routed)           0.002     6.060    u_Discrete_FIR_Filter/Discrete_FIR_Filter_out_tmp[1]__15_n_106
    DSP48_X0Y48          DSP48E1 (Prop_dsp48e1_PCIN[47]_PCOUT[47])
                                                      0.267     6.327 r  u_Discrete_FIR_Filter/Discrete_FIR_Filter_out_tmp[1]__16/PCOUT[47]
                         net (fo=1, routed)           0.002     6.329    u_Discrete_FIR_Filter/Discrete_FIR_Filter_out_tmp[1]__16_n_106
    DSP48_X0Y49          DSP48E1 (Prop_dsp48e1_PCIN[47]_PCOUT[47])
                                                      0.267     6.596 r  u_Discrete_FIR_Filter/Discrete_FIR_Filter_out_tmp[1]__17/PCOUT[47]
                         net (fo=1, routed)           0.056     6.652    u_Discrete_FIR_Filter/Discrete_FIR_Filter_out_tmp[1]__17_n_106
    DSP48_X0Y50          DSP48E1 (Prop_dsp48e1_PCIN[47]_PCOUT[47])
                                                      0.267     6.919 r  u_Discrete_FIR_Filter/Discrete_FIR_Filter_out_tmp[1]__18/PCOUT[47]
                         net (fo=1, routed)           0.002     6.921    u_Discrete_FIR_Filter/Discrete_FIR_Filter_out_tmp[1]__18_n_106
    DSP48_X0Y51          DSP48E1 (Prop_dsp48e1_PCIN[47]_P[13])
                                                      0.246     7.167 r  u_Discrete_FIR_Filter/Discrete_FIR_Filter_out_tmp[1]__19/P[13]
                         net (fo=0)                   0.410     7.577    Out1_1[13]
                                                                      r  Out1_1[13] (OUT)
  -------------------------------------------------------------------    -------------------

Slack:                    inf
  Source:                 In1_1[9]
                            (input port)
  Destination:            Out1_1[14]
                            (output port)
  Path Group:             (none)
  Path Type:              Min at Fast Process Corner
  Data Path Delay:        7.577ns  (logic 6.122ns (80.797%)  route 1.455ns (19.203%))
  Logic Levels:           23  (CARRY4=1 DSP48E1=21 LUT2=1)

    Location             Delay type                Incr(ns)  Path(ns)    Netlist Resource(s)
  -------------------------------------------------------------------    -------------------
                                                      0.000     0.000 r  In1_1[9] (IN)
                         net (fo=2, unset)            0.410     0.410    u_Discrete_FIR_Filter/In1_1[9]
    SLICE_X39Y88         LUT2 (Prop_lut2_I0_O)        0.045     0.455 r  u_Discrete_FIR_Filter/Discrete_FIR_Filter_out_tmp[1]_i_11/O
                         net (fo=1, routed)           0.000     0.455    u_Discrete_FIR_Filter/Discrete_FIR_Filter_out_tmp[1]_i_11_n_0
    SLICE_X39Y88         CARRY4 (Prop_carry4_S[1]_O[1])
                                                      0.065     0.520 r  u_Discrete_FIR_Filter/Discrete_FIR_Filter_out_tmp[1]_i_2/O[1]
                         net (fo=1, routed)           0.541     1.061    u_Discrete_FIR_Filter/Discrete_FIR_Filter_out_tmp[1]_i_2_n_6
    DSP48_X0Y31          DSP48E1 (Prop_dsp48e1_A[9]_PCOUT[47])
                                                      0.693     1.754 r  u_Discrete_FIR_Filter/Discrete_FIR_Filter_out_tmp[1]/PCOUT[47]
                         net (fo=1, routed)           0.002     1.756    u_Discrete_FIR_Filter/Discrete_FIR_Filter_out_tmp_n_106_[1]
    DSP48_X0Y32          DSP48E1 (Prop_dsp48e1_PCIN[47]_PCOUT[47])
                                                      0.267     2.023 r  u_Discrete_FIR_Filter/Discrete_FIR_Filter_out_tmp[1]__0/PCOUT[47]
                         net (fo=1, routed)           0.002     2.025    u_Discrete_FIR_Filter/Discrete_FIR_Filter_out_tmp[1]__0_n_106
    DSP48_X0Y33          DSP48E1 (Prop_dsp48e1_PCIN[47]_PCOUT[47])
                                                      0.267     2.292 r  u_Discrete_FIR_Filter/Discrete_FIR_Filter_out_tmp[1]__1/PCOUT[47]
                         net (fo=1, routed)           0.002     2.294    u_Discrete_FIR_Filter/Discrete_FIR_Filter_out_tmp[1]__1_n_106
    DSP48_X0Y34          DSP48E1 (Prop_dsp48e1_PCIN[47]_PCOUT[47])
                                                      0.267     2.561 r  u_Discrete_FIR_Filter/Discrete_FIR_Filter_out_tmp[1]__2/PCOUT[47]
                         net (fo=1, routed)           0.002     2.563    u_Discrete_FIR_Filter/Discrete_FIR_Filter_out_tmp[1]__2_n_106
    DSP48_X0Y35          DSP48E1 (Prop_dsp48e1_PCIN[47]_PCOUT[47])
                                                      0.267     2.830 r  u_Discrete_FIR_Filter/Discrete_FIR_Filter_out_tmp[1]__3/PCOUT[47]
                         net (fo=1, routed)           0.002     2.832    u_Discrete_FIR_Filter/Discrete_FIR_Filter_out_tmp[1]__3_n_106
    DSP48_X0Y36          DSP48E1 (Prop_dsp48e1_PCIN[47]_PCOUT[47])
                                                      0.267     3.099 r  u_Discrete_FIR_Filter/Discrete_FIR_Filter_out_tmp[1]__4/PCOUT[47]
                         net (fo=1, routed)           0.002     3.101    u_Discrete_FIR_Filter/Discrete_FIR_Filter_out_tmp[1]__4_n_106
    DSP48_X0Y37          DSP48E1 (Prop_dsp48e1_PCIN[47]_PCOUT[47])
                                                      0.267     3.368 r  u_Discrete_FIR_Filter/Discrete_FIR_Filter_out_tmp[1]__5/PCOUT[47]
                         net (fo=1, routed)           0.002     3.370    u_Discrete_FIR_Filter/Discrete_FIR_Filter_out_tmp[1]__5_n_106
    DSP48_X0Y38          DSP48E1 (Prop_dsp48e1_PCIN[47]_PCOUT[47])
                                                      0.267     3.637 r  u_Discrete_FIR_Filter/Discrete_FIR_Filter_out_tmp[1]__6/PCOUT[47]
                         net (fo=1, routed)           0.002     3.639    u_Discrete_FIR_Filter/Discrete_FIR_Filter_out_tmp[1]__6_n_106
    DSP48_X0Y39          DSP48E1 (Prop_dsp48e1_PCIN[47]_PCOUT[47])
                                                      0.267     3.906 r  u_Discrete_FIR_Filter/Discrete_FIR_Filter_out_tmp[1]__7/PCOUT[47]
                         net (fo=1, routed)           0.002     3.908    u_Discrete_FIR_Filter/Discrete_FIR_Filter_out_tmp[1]__7_n_106
    DSP48_X0Y40          DSP48E1 (Prop_dsp48e1_PCIN[47]_PCOUT[47])
                                                      0.267     4.175 r  u_Discrete_FIR_Filter/Discrete_FIR_Filter_out_tmp[1]__8/PCOUT[47]
                         net (fo=1, routed)           0.002     4.177    u_Discrete_FIR_Filter/Discrete_FIR_Filter_out_tmp[1]__8_n_106
    DSP48_X0Y41          DSP48E1 (Prop_dsp48e1_PCIN[47]_PCOUT[47])
                                                      0.267     4.444 r  u_Discrete_FIR_Filter/Discrete_FIR_Filter_out_tmp[1]__9/PCOUT[47]
                         net (fo=1, routed)           0.002     4.446    u_Discrete_FIR_Filter/Discrete_FIR_Filter_out_tmp[1]__9_n_106
    DSP48_X0Y42          DSP48E1 (Prop_dsp48e1_PCIN[47]_PCOUT[47])
                                                      0.267     4.713 r  u_Discrete_FIR_Filter/Discrete_FIR_Filter_out_tmp[1]__10/PCOUT[47]
                         net (fo=1, routed)           0.002     4.715    u_Discrete_FIR_Filter/Discrete_FIR_Filter_out_tmp[1]__10_n_106
    DSP48_X0Y43          DSP48E1 (Prop_dsp48e1_PCIN[47]_PCOUT[47])
                                                      0.267     4.982 r  u_Discrete_FIR_Filter/Discrete_FIR_Filter_out_tmp[1]__11/PCOUT[47]
                         net (fo=1, routed)           0.002     4.984    u_Discrete_FIR_Filter/Discrete_FIR_Filter_out_tmp[1]__11_n_106
    DSP48_X0Y44          DSP48E1 (Prop_dsp48e1_PCIN[47]_PCOUT[47])
                                                      0.267     5.251 r  u_Discrete_FIR_Filter/Discrete_FIR_Filter_out_tmp[1]__12/PCOUT[47]
                         net (fo=1, routed)           0.002     5.253    u_Discrete_FIR_Filter/Discrete_FIR_Filter_out_tmp[1]__12_n_106
    DSP48_X0Y45          DSP48E1 (Prop_dsp48e1_PCIN[47]_PCOUT[47])
                                                      0.267     5.520 r  u_Discrete_FIR_Filter/Discrete_FIR_Filter_out_tmp[1]__13/PCOUT[47]
                         net (fo=1, routed)           0.002     5.522    u_Discrete_FIR_Filter/Discrete_FIR_Filter_out_tmp[1]__13_n_106
    DSP48_X0Y46          DSP48E1 (Prop_dsp48e1_PCIN[47]_PCOUT[47])
                                                      0.267     5.789 r  u_Discrete_FIR_Filter/Discrete_FIR_Filter_out_tmp[1]__14/PCOUT[47]
                         net (fo=1, routed)           0.002     5.791    u_Discrete_FIR_Filter/Discrete_FIR_Filter_out_tmp[1]__14_n_106
    DSP48_X0Y47          DSP48E1 (Prop_dsp48e1_PCIN[47]_PCOUT[47])
                                                      0.267     6.058 r  u_Discrete_FIR_Filter/Discrete_FIR_Filter_out_tmp[1]__15/PCOUT[47]
                         net (fo=1, routed)           0.002     6.060    u_Discrete_FIR_Filter/Discrete_FIR_Filter_out_tmp[1]__15_n_106
    DSP48_X0Y48          DSP48E1 (Prop_dsp48e1_PCIN[47]_PCOUT[47])
                                                      0.267     6.327 r  u_Discrete_FIR_Filter/Discrete_FIR_Filter_out_tmp[1]__16/PCOUT[47]
                         net (fo=1, routed)           0.002     6.329    u_Discrete_FIR_Filter/Discrete_FIR_Filter_out_tmp[1]__16_n_106
    DSP48_X0Y49          DSP48E1 (Prop_dsp48e1_PCIN[47]_PCOUT[47])
                                                      0.267     6.596 r  u_Discrete_FIR_Filter/Discrete_FIR_Filter_out_tmp[1]__17/PCOUT[47]
                         net (fo=1, routed)           0.056     6.652    u_Discrete_FIR_Filter/Discrete_FIR_Filter_out_tmp[1]__17_n_106
    DSP48_X0Y50          DSP48E1 (Prop_dsp48e1_PCIN[47]_PCOUT[47])
                                                      0.267     6.919 r  u_Discrete_FIR_Filter/Discrete_FIR_Filter_out_tmp[1]__18/PCOUT[47]
                         net (fo=1, routed)           0.002     6.921    u_Discrete_FIR_Filter/Discrete_FIR_Filter_out_tmp[1]__18_n_106
    DSP48_X0Y51          DSP48E1 (Prop_dsp48e1_PCIN[47]_P[14])
                                                      0.246     7.167 r  u_Discrete_FIR_Filter/Discrete_FIR_Filter_out_tmp[1]__19/P[14]
                         net (fo=0)                   0.410     7.577    Out1_1[14]
                                                                      r  Out1_1[14] (OUT)
  -------------------------------------------------------------------    -------------------

Slack:                    inf
  Source:                 In1_1[9]
                            (input port)
  Destination:            Out1_1[15]
                            (output port)
  Path Group:             (none)
  Path Type:              Min at Fast Process Corner
  Data Path Delay:        7.577ns  (logic 6.122ns (80.797%)  route 1.455ns (19.203%))
  Logic Levels:           23  (CARRY4=1 DSP48E1=21 LUT2=1)

    Location             Delay type                Incr(ns)  Path(ns)    Netlist Resource(s)
  -------------------------------------------------------------------    -------------------
                                                      0.000     0.000 r  In1_1[9] (IN)
                         net (fo=2, unset)            0.410     0.410    u_Discrete_FIR_Filter/In1_1[9]
    SLICE_X39Y88         LUT2 (Prop_lut2_I0_O)        0.045     0.455 r  u_Discrete_FIR_Filter/Discrete_FIR_Filter_out_tmp[1]_i_11/O
                         net (fo=1, routed)           0.000     0.455    u_Discrete_FIR_Filter/Discrete_FIR_Filter_out_tmp[1]_i_11_n_0
    SLICE_X39Y88         CARRY4 (Prop_carry4_S[1]_O[1])
                                                      0.065     0.520 r  u_Discrete_FIR_Filter/Discrete_FIR_Filter_out_tmp[1]_i_2/O[1]
                         net (fo=1, routed)           0.541     1.061    u_Discrete_FIR_Filter/Discrete_FIR_Filter_out_tmp[1]_i_2_n_6
    DSP48_X0Y31          DSP48E1 (Prop_dsp48e1_A[9]_PCOUT[47])
                                                      0.693     1.754 r  u_Discrete_FIR_Filter/Discrete_FIR_Filter_out_tmp[1]/PCOUT[47]
                         net (fo=1, routed)           0.002     1.756    u_Discrete_FIR_Filter/Discrete_FIR_Filter_out_tmp_n_106_[1]
    DSP48_X0Y32          DSP48E1 (Prop_dsp48e1_PCIN[47]_PCOUT[47])
                                                      0.267     2.023 r  u_Discrete_FIR_Filter/Discrete_FIR_Filter_out_tmp[1]__0/PCOUT[47]
                         net (fo=1, routed)           0.002     2.025    u_Discrete_FIR_Filter/Discrete_FIR_Filter_out_tmp[1]__0_n_106
    DSP48_X0Y33          DSP48E1 (Prop_dsp48e1_PCIN[47]_PCOUT[47])
                                                      0.267     2.292 r  u_Discrete_FIR_Filter/Discrete_FIR_Filter_out_tmp[1]__1/PCOUT[47]
                         net (fo=1, routed)           0.002     2.294    u_Discrete_FIR_Filter/Discrete_FIR_Filter_out_tmp[1]__1_n_106
    DSP48_X0Y34          DSP48E1 (Prop_dsp48e1_PCIN[47]_PCOUT[47])
                                                      0.267     2.561 r  u_Discrete_FIR_Filter/Discrete_FIR_Filter_out_tmp[1]__2/PCOUT[47]
                         net (fo=1, routed)           0.002     2.563    u_Discrete_FIR_Filter/Discrete_FIR_Filter_out_tmp[1]__2_n_106
    DSP48_X0Y35          DSP48E1 (Prop_dsp48e1_PCIN[47]_PCOUT[47])
                                                      0.267     2.830 r  u_Discrete_FIR_Filter/Discrete_FIR_Filter_out_tmp[1]__3/PCOUT[47]
                         net (fo=1, routed)           0.002     2.832    u_Discrete_FIR_Filter/Discrete_FIR_Filter_out_tmp[1]__3_n_106
    DSP48_X0Y36          DSP48E1 (Prop_dsp48e1_PCIN[47]_PCOUT[47])
                                                      0.267     3.099 r  u_Discrete_FIR_Filter/Discrete_FIR_Filter_out_tmp[1]__4/PCOUT[47]
                         net (fo=1, routed)           0.002     3.101    u_Discrete_FIR_Filter/Discrete_FIR_Filter_out_tmp[1]__4_n_106
    DSP48_X0Y37          DSP48E1 (Prop_dsp48e1_PCIN[47]_PCOUT[47])
                                                      0.267     3.368 r  u_Discrete_FIR_Filter/Discrete_FIR_Filter_out_tmp[1]__5/PCOUT[47]
                         net (fo=1, routed)           0.002     3.370    u_Discrete_FIR_Filter/Discrete_FIR_Filter_out_tmp[1]__5_n_106
    DSP48_X0Y38          DSP48E1 (Prop_dsp48e1_PCIN[47]_PCOUT[47])
                                                      0.267     3.637 r  u_Discrete_FIR_Filter/Discrete_FIR_Filter_out_tmp[1]__6/PCOUT[47]
                         net (fo=1, routed)           0.002     3.639    u_Discrete_FIR_Filter/Discrete_FIR_Filter_out_tmp[1]__6_n_106
    DSP48_X0Y39          DSP48E1 (Prop_dsp48e1_PCIN[47]_PCOUT[47])
                                                      0.267     3.906 r  u_Discrete_FIR_Filter/Discrete_FIR_Filter_out_tmp[1]__7/PCOUT[47]
                         net (fo=1, routed)           0.002     3.908    u_Discrete_FIR_Filter/Discrete_FIR_Filter_out_tmp[1]__7_n_106
    DSP48_X0Y40          DSP48E1 (Prop_dsp48e1_PCIN[47]_PCOUT[47])
                                                      0.267     4.175 r  u_Discrete_FIR_Filter/Discrete_FIR_Filter_out_tmp[1]__8/PCOUT[47]
                         net (fo=1, routed)           0.002     4.177    u_Discrete_FIR_Filter/Discrete_FIR_Filter_out_tmp[1]__8_n_106
    DSP48_X0Y41          DSP48E1 (Prop_dsp48e1_PCIN[47]_PCOUT[47])
                                                      0.267     4.444 r  u_Discrete_FIR_Filter/Discrete_FIR_Filter_out_tmp[1]__9/PCOUT[47]
                         net (fo=1, routed)           0.002     4.446    u_Discrete_FIR_Filter/Discrete_FIR_Filter_out_tmp[1]__9_n_106
    DSP48_X0Y42          DSP48E1 (Prop_dsp48e1_PCIN[47]_PCOUT[47])
                                                      0.267     4.713 r  u_Discrete_FIR_Filter/Discrete_FIR_Filter_out_tmp[1]__10/PCOUT[47]
                         net (fo=1, routed)           0.002     4.715    u_Discrete_FIR_Filter/Discrete_FIR_Filter_out_tmp[1]__10_n_106
    DSP48_X0Y43          DSP48E1 (Prop_dsp48e1_PCIN[47]_PCOUT[47])
                                                      0.267     4.982 r  u_Discrete_FIR_Filter/Discrete_FIR_Filter_out_tmp[1]__11/PCOUT[47]
                         net (fo=1, routed)           0.002     4.984    u_Discrete_FIR_Filter/Discrete_FIR_Filter_out_tmp[1]__11_n_106
    DSP48_X0Y44          DSP48E1 (Prop_dsp48e1_PCIN[47]_PCOUT[47])
                                                      0.267     5.251 r  u_Discrete_FIR_Filter/Discrete_FIR_Filter_out_tmp[1]__12/PCOUT[47]
                         net (fo=1, routed)           0.002     5.253    u_Discrete_FIR_Filter/Discrete_FIR_Filter_out_tmp[1]__12_n_106
    DSP48_X0Y45          DSP48E1 (Prop_dsp48e1_PCIN[47]_PCOUT[47])
                                                      0.267     5.520 r  u_Discrete_FIR_Filter/Discrete_FIR_Filter_out_tmp[1]__13/PCOUT[47]
                         net (fo=1, routed)           0.002     5.522    u_Discrete_FIR_Filter/Discrete_FIR_Filter_out_tmp[1]__13_n_106
    DSP48_X0Y46          DSP48E1 (Prop_dsp48e1_PCIN[47]_PCOUT[47])
                                                      0.267     5.789 r  u_Discrete_FIR_Filter/Discrete_FIR_Filter_out_tmp[1]__14/PCOUT[47]
                         net (fo=1, routed)           0.002     5.791    u_Discrete_FIR_Filter/Discrete_FIR_Filter_out_tmp[1]__14_n_106
    DSP48_X0Y47          DSP48E1 (Prop_dsp48e1_PCIN[47]_PCOUT[47])
                                                      0.267     6.058 r  u_Discrete_FIR_Filter/Discrete_FIR_Filter_out_tmp[1]__15/PCOUT[47]
                         net (fo=1, routed)           0.002     6.060    u_Discrete_FIR_Filter/Discrete_FIR_Filter_out_tmp[1]__15_n_106
    DSP48_X0Y48          DSP48E1 (Prop_dsp48e1_PCIN[47]_PCOUT[47])
                                                      0.267     6.327 r  u_Discrete_FIR_Filter/Discrete_FIR_Filter_out_tmp[1]__16/PCOUT[47]
                         net (fo=1, routed)           0.002     6.329    u_Discrete_FIR_Filter/Discrete_FIR_Filter_out_tmp[1]__16_n_106
    DSP48_X0Y49          DSP48E1 (Prop_dsp48e1_PCIN[47]_PCOUT[47])
                                                      0.267     6.596 r  u_Discrete_FIR_Filter/Discrete_FIR_Filter_out_tmp[1]__17/PCOUT[47]
                         net (fo=1, routed)           0.056     6.652    u_Discrete_FIR_Filter/Discrete_FIR_Filter_out_tmp[1]__17_n_106
    DSP48_X0Y50          DSP48E1 (Prop_dsp48e1_PCIN[47]_PCOUT[47])
                                                      0.267     6.919 r  u_Discrete_FIR_Filter/Discrete_FIR_Filter_out_tmp[1]__18/PCOUT[47]
                         net (fo=1, routed)           0.002     6.921    u_Discrete_FIR_Filter/Discrete_FIR_Filter_out_tmp[1]__18_n_106
    DSP48_X0Y51          DSP48E1 (Prop_dsp48e1_PCIN[47]_P[15])
                                                      0.246     7.167 r  u_Discrete_FIR_Filter/Discrete_FIR_Filter_out_tmp[1]__19/P[15]
                         net (fo=0)                   0.410     7.577    Out1_1[15]
                                                                      r  Out1_1[15] (OUT)
  -------------------------------------------------------------------    -------------------

Slack:                    inf
  Source:                 In1_1[9]
                            (input port)
  Destination:            Out1_1[16]
                            (output port)
  Path Group:             (none)
  Path Type:              Min at Fast Process Corner
  Data Path Delay:        7.577ns  (logic 6.122ns (80.797%)  route 1.455ns (19.203%))
  Logic Levels:           23  (CARRY4=1 DSP48E1=21 LUT2=1)

    Location             Delay type                Incr(ns)  Path(ns)    Netlist Resource(s)
  -------------------------------------------------------------------    -------------------
                                                      0.000     0.000 r  In1_1[9] (IN)
                         net (fo=2, unset)            0.410     0.410    u_Discrete_FIR_Filter/In1_1[9]
    SLICE_X39Y88         LUT2 (Prop_lut2_I0_O)        0.045     0.455 r  u_Discrete_FIR_Filter/Discrete_FIR_Filter_out_tmp[1]_i_11/O
                         net (fo=1, routed)           0.000     0.455    u_Discrete_FIR_Filter/Discrete_FIR_Filter_out_tmp[1]_i_11_n_0
    SLICE_X39Y88         CARRY4 (Prop_carry4_S[1]_O[1])
                                                      0.065     0.520 r  u_Discrete_FIR_Filter/Discrete_FIR_Filter_out_tmp[1]_i_2/O[1]
                         net (fo=1, routed)           0.541     1.061    u_Discrete_FIR_Filter/Discrete_FIR_Filter_out_tmp[1]_i_2_n_6
    DSP48_X0Y31          DSP48E1 (Prop_dsp48e1_A[9]_PCOUT[47])
                                                      0.693     1.754 r  u_Discrete_FIR_Filter/Discrete_FIR_Filter_out_tmp[1]/PCOUT[47]
                         net (fo=1, routed)           0.002     1.756    u_Discrete_FIR_Filter/Discrete_FIR_Filter_out_tmp_n_106_[1]
    DSP48_X0Y32          DSP48E1 (Prop_dsp48e1_PCIN[47]_PCOUT[47])
                                                      0.267     2.023 r  u_Discrete_FIR_Filter/Discrete_FIR_Filter_out_tmp[1]__0/PCOUT[47]
                         net (fo=1, routed)           0.002     2.025    u_Discrete_FIR_Filter/Discrete_FIR_Filter_out_tmp[1]__0_n_106
    DSP48_X0Y33          DSP48E1 (Prop_dsp48e1_PCIN[47]_PCOUT[47])
                                                      0.267     2.292 r  u_Discrete_FIR_Filter/Discrete_FIR_Filter_out_tmp[1]__1/PCOUT[47]
                         net (fo=1, routed)           0.002     2.294    u_Discrete_FIR_Filter/Discrete_FIR_Filter_out_tmp[1]__1_n_106
    DSP48_X0Y34          DSP48E1 (Prop_dsp48e1_PCIN[47]_PCOUT[47])
                                                      0.267     2.561 r  u_Discrete_FIR_Filter/Discrete_FIR_Filter_out_tmp[1]__2/PCOUT[47]
                         net (fo=1, routed)           0.002     2.563    u_Discrete_FIR_Filter/Discrete_FIR_Filter_out_tmp[1]__2_n_106
    DSP48_X0Y35          DSP48E1 (Prop_dsp48e1_PCIN[47]_PCOUT[47])
                                                      0.267     2.830 r  u_Discrete_FIR_Filter/Discrete_FIR_Filter_out_tmp[1]__3/PCOUT[47]
                         net (fo=1, routed)           0.002     2.832    u_Discrete_FIR_Filter/Discrete_FIR_Filter_out_tmp[1]__3_n_106
    DSP48_X0Y36          DSP48E1 (Prop_dsp48e1_PCIN[47]_PCOUT[47])
                                                      0.267     3.099 r  u_Discrete_FIR_Filter/Discrete_FIR_Filter_out_tmp[1]__4/PCOUT[47]
                         net (fo=1, routed)           0.002     3.101    u_Discrete_FIR_Filter/Discrete_FIR_Filter_out_tmp[1]__4_n_106
    DSP48_X0Y37          DSP48E1 (Prop_dsp48e1_PCIN[47]_PCOUT[47])
                                                      0.267     3.368 r  u_Discrete_FIR_Filter/Discrete_FIR_Filter_out_tmp[1]__5/PCOUT[47]
                         net (fo=1, routed)           0.002     3.370    u_Discrete_FIR_Filter/Discrete_FIR_Filter_out_tmp[1]__5_n_106
    DSP48_X0Y38          DSP48E1 (Prop_dsp48e1_PCIN[47]_PCOUT[47])
                                                      0.267     3.637 r  u_Discrete_FIR_Filter/Discrete_FIR_Filter_out_tmp[1]__6/PCOUT[47]
                         net (fo=1, routed)           0.002     3.639    u_Discrete_FIR_Filter/Discrete_FIR_Filter_out_tmp[1]__6_n_106
    DSP48_X0Y39          DSP48E1 (Prop_dsp48e1_PCIN[47]_PCOUT[47])
                                                      0.267     3.906 r  u_Discrete_FIR_Filter/Discrete_FIR_Filter_out_tmp[1]__7/PCOUT[47]
                         net (fo=1, routed)           0.002     3.908    u_Discrete_FIR_Filter/Discrete_FIR_Filter_out_tmp[1]__7_n_106
    DSP48_X0Y40          DSP48E1 (Prop_dsp48e1_PCIN[47]_PCOUT[47])
                                                      0.267     4.175 r  u_Discrete_FIR_Filter/Discrete_FIR_Filter_out_tmp[1]__8/PCOUT[47]
                         net (fo=1, routed)           0.002     4.177    u_Discrete_FIR_Filter/Discrete_FIR_Filter_out_tmp[1]__8_n_106
    DSP48_X0Y41          DSP48E1 (Prop_dsp48e1_PCIN[47]_PCOUT[47])
                                                      0.267     4.444 r  u_Discrete_FIR_Filter/Discrete_FIR_Filter_out_tmp[1]__9/PCOUT[47]
                         net (fo=1, routed)           0.002     4.446    u_Discrete_FIR_Filter/Discrete_FIR_Filter_out_tmp[1]__9_n_106
    DSP48_X0Y42          DSP48E1 (Prop_dsp48e1_PCIN[47]_PCOUT[47])
                                                      0.267     4.713 r  u_Discrete_FIR_Filter/Discrete_FIR_Filter_out_tmp[1]__10/PCOUT[47]
                         net (fo=1, routed)           0.002     4.715    u_Discrete_FIR_Filter/Discrete_FIR_Filter_out_tmp[1]__10_n_106
    DSP48_X0Y43          DSP48E1 (Prop_dsp48e1_PCIN[47]_PCOUT[47])
                                                      0.267     4.982 r  u_Discrete_FIR_Filter/Discrete_FIR_Filter_out_tmp[1]__11/PCOUT[47]
                         net (fo=1, routed)           0.002     4.984    u_Discrete_FIR_Filter/Discrete_FIR_Filter_out_tmp[1]__11_n_106
    DSP48_X0Y44          DSP48E1 (Prop_dsp48e1_PCIN[47]_PCOUT[47])
                                                      0.267     5.251 r  u_Discrete_FIR_Filter/Discrete_FIR_Filter_out_tmp[1]__12/PCOUT[47]
                         net (fo=1, routed)           0.002     5.253    u_Discrete_FIR_Filter/Discrete_FIR_Filter_out_tmp[1]__12_n_106
    DSP48_X0Y45          DSP48E1 (Prop_dsp48e1_PCIN[47]_PCOUT[47])
                                                      0.267     5.520 r  u_Discrete_FIR_Filter/Discrete_FIR_Filter_out_tmp[1]__13/PCOUT[47]
                         net (fo=1, routed)           0.002     5.522    u_Discrete_FIR_Filter/Discrete_FIR_Filter_out_tmp[1]__13_n_106
    DSP48_X0Y46          DSP48E1 (Prop_dsp48e1_PCIN[47]_PCOUT[47])
                                                      0.267     5.789 r  u_Discrete_FIR_Filter/Discrete_FIR_Filter_out_tmp[1]__14/PCOUT[47]
                         net (fo=1, routed)           0.002     5.791    u_Discrete_FIR_Filter/Discrete_FIR_Filter_out_tmp[1]__14_n_106
    DSP48_X0Y47          DSP48E1 (Prop_dsp48e1_PCIN[47]_PCOUT[47])
                                                      0.267     6.058 r  u_Discrete_FIR_Filter/Discrete_FIR_Filter_out_tmp[1]__15/PCOUT[47]
                         net (fo=1, routed)           0.002     6.060    u_Discrete_FIR_Filter/Discrete_FIR_Filter_out_tmp[1]__15_n_106
    DSP48_X0Y48          DSP48E1 (Prop_dsp48e1_PCIN[47]_PCOUT[47])
                                                      0.267     6.327 r  u_Discrete_FIR_Filter/Discrete_FIR_Filter_out_tmp[1]__16/PCOUT[47]
                         net (fo=1, routed)           0.002     6.329    u_Discrete_FIR_Filter/Discrete_FIR_Filter_out_tmp[1]__16_n_106
    DSP48_X0Y49          DSP48E1 (Prop_dsp48e1_PCIN[47]_PCOUT[47])
                                                      0.267     6.596 r  u_Discrete_FIR_Filter/Discrete_FIR_Filter_out_tmp[1]__17/PCOUT[47]
                         net (fo=1, routed)           0.056     6.652    u_Discrete_FIR_Filter/Discrete_FIR_Filter_out_tmp[1]__17_n_106
    DSP48_X0Y50          DSP48E1 (Prop_dsp48e1_PCIN[47]_PCOUT[47])
                                                      0.267     6.919 r  u_Discrete_FIR_Filter/Discrete_FIR_Filter_out_tmp[1]__18/PCOUT[47]
                         net (fo=1, routed)           0.002     6.921    u_Discrete_FIR_Filter/Discrete_FIR_Filter_out_tmp[1]__18_n_106
    DSP48_X0Y51          DSP48E1 (Prop_dsp48e1_PCIN[47]_P[16])
                                                      0.246     7.167 r  u_Discrete_FIR_Filter/Discrete_FIR_Filter_out_tmp[1]__19/P[16]
                         net (fo=0)                   0.410     7.577    Out1_1[16]
                                                                      r  Out1_1[16] (OUT)
  -------------------------------------------------------------------    -------------------

Slack:                    inf
  Source:                 In1_1[9]
                            (input port)
  Destination:            Out1_1[17]
                            (output port)
  Path Group:             (none)
  Path Type:              Min at Fast Process Corner
  Data Path Delay:        7.577ns  (logic 6.122ns (80.797%)  route 1.455ns (19.203%))
  Logic Levels:           23  (CARRY4=1 DSP48E1=21 LUT2=1)

    Location             Delay type                Incr(ns)  Path(ns)    Netlist Resource(s)
  -------------------------------------------------------------------    -------------------
                                                      0.000     0.000 r  In1_1[9] (IN)
                         net (fo=2, unset)            0.410     0.410    u_Discrete_FIR_Filter/In1_1[9]
    SLICE_X39Y88         LUT2 (Prop_lut2_I0_O)        0.045     0.455 r  u_Discrete_FIR_Filter/Discrete_FIR_Filter_out_tmp[1]_i_11/O
                         net (fo=1, routed)           0.000     0.455    u_Discrete_FIR_Filter/Discrete_FIR_Filter_out_tmp[1]_i_11_n_0
    SLICE_X39Y88         CARRY4 (Prop_carry4_S[1]_O[1])
                                                      0.065     0.520 r  u_Discrete_FIR_Filter/Discrete_FIR_Filter_out_tmp[1]_i_2/O[1]
                         net (fo=1, routed)           0.541     1.061    u_Discrete_FIR_Filter/Discrete_FIR_Filter_out_tmp[1]_i_2_n_6
    DSP48_X0Y31          DSP48E1 (Prop_dsp48e1_A[9]_PCOUT[47])
                                                      0.693     1.754 r  u_Discrete_FIR_Filter/Discrete_FIR_Filter_out_tmp[1]/PCOUT[47]
                         net (fo=1, routed)           0.002     1.756    u_Discrete_FIR_Filter/Discrete_FIR_Filter_out_tmp_n_106_[1]
    DSP48_X0Y32          DSP48E1 (Prop_dsp48e1_PCIN[47]_PCOUT[47])
                                                      0.267     2.023 r  u_Discrete_FIR_Filter/Discrete_FIR_Filter_out_tmp[1]__0/PCOUT[47]
                         net (fo=1, routed)           0.002     2.025    u_Discrete_FIR_Filter/Discrete_FIR_Filter_out_tmp[1]__0_n_106
    DSP48_X0Y33          DSP48E1 (Prop_dsp48e1_PCIN[47]_PCOUT[47])
                                                      0.267     2.292 r  u_Discrete_FIR_Filter/Discrete_FIR_Filter_out_tmp[1]__1/PCOUT[47]
                         net (fo=1, routed)           0.002     2.294    u_Discrete_FIR_Filter/Discrete_FIR_Filter_out_tmp[1]__1_n_106
    DSP48_X0Y34          DSP48E1 (Prop_dsp48e1_PCIN[47]_PCOUT[47])
                                                      0.267     2.561 r  u_Discrete_FIR_Filter/Discrete_FIR_Filter_out_tmp[1]__2/PCOUT[47]
                         net (fo=1, routed)           0.002     2.563    u_Discrete_FIR_Filter/Discrete_FIR_Filter_out_tmp[1]__2_n_106
    DSP48_X0Y35          DSP48E1 (Prop_dsp48e1_PCIN[47]_PCOUT[47])
                                                      0.267     2.830 r  u_Discrete_FIR_Filter/Discrete_FIR_Filter_out_tmp[1]__3/PCOUT[47]
                         net (fo=1, routed)           0.002     2.832    u_Discrete_FIR_Filter/Discrete_FIR_Filter_out_tmp[1]__3_n_106
    DSP48_X0Y36          DSP48E1 (Prop_dsp48e1_PCIN[47]_PCOUT[47])
                                                      0.267     3.099 r  u_Discrete_FIR_Filter/Discrete_FIR_Filter_out_tmp[1]__4/PCOUT[47]
                         net (fo=1, routed)           0.002     3.101    u_Discrete_FIR_Filter/Discrete_FIR_Filter_out_tmp[1]__4_n_106
    DSP48_X0Y37          DSP48E1 (Prop_dsp48e1_PCIN[47]_PCOUT[47])
                                                      0.267     3.368 r  u_Discrete_FIR_Filter/Discrete_FIR_Filter_out_tmp[1]__5/PCOUT[47]
                         net (fo=1, routed)           0.002     3.370    u_Discrete_FIR_Filter/Discrete_FIR_Filter_out_tmp[1]__5_n_106
    DSP48_X0Y38          DSP48E1 (Prop_dsp48e1_PCIN[47]_PCOUT[47])
                                                      0.267     3.637 r  u_Discrete_FIR_Filter/Discrete_FIR_Filter_out_tmp[1]__6/PCOUT[47]
                         net (fo=1, routed)           0.002     3.639    u_Discrete_FIR_Filter/Discrete_FIR_Filter_out_tmp[1]__6_n_106
    DSP48_X0Y39          DSP48E1 (Prop_dsp48e1_PCIN[47]_PCOUT[47])
                                                      0.267     3.906 r  u_Discrete_FIR_Filter/Discrete_FIR_Filter_out_tmp[1]__7/PCOUT[47]
                         net (fo=1, routed)           0.002     3.908    u_Discrete_FIR_Filter/Discrete_FIR_Filter_out_tmp[1]__7_n_106
    DSP48_X0Y40          DSP48E1 (Prop_dsp48e1_PCIN[47]_PCOUT[47])
                                                      0.267     4.175 r  u_Discrete_FIR_Filter/Discrete_FIR_Filter_out_tmp[1]__8/PCOUT[47]
                         net (fo=1, routed)           0.002     4.177    u_Discrete_FIR_Filter/Discrete_FIR_Filter_out_tmp[1]__8_n_106
    DSP48_X0Y41          DSP48E1 (Prop_dsp48e1_PCIN[47]_PCOUT[47])
                                                      0.267     4.444 r  u_Discrete_FIR_Filter/Discrete_FIR_Filter_out_tmp[1]__9/PCOUT[47]
                         net (fo=1, routed)           0.002     4.446    u_Discrete_FIR_Filter/Discrete_FIR_Filter_out_tmp[1]__9_n_106
    DSP48_X0Y42          DSP48E1 (Prop_dsp48e1_PCIN[47]_PCOUT[47])
                                                      0.267     4.713 r  u_Discrete_FIR_Filter/Discrete_FIR_Filter_out_tmp[1]__10/PCOUT[47]
                         net (fo=1, routed)           0.002     4.715    u_Discrete_FIR_Filter/Discrete_FIR_Filter_out_tmp[1]__10_n_106
    DSP48_X0Y43          DSP48E1 (Prop_dsp48e1_PCIN[47]_PCOUT[47])
                                                      0.267     4.982 r  u_Discrete_FIR_Filter/Discrete_FIR_Filter_out_tmp[1]__11/PCOUT[47]
                         net (fo=1, routed)           0.002     4.984    u_Discrete_FIR_Filter/Discrete_FIR_Filter_out_tmp[1]__11_n_106
    DSP48_X0Y44          DSP48E1 (Prop_dsp48e1_PCIN[47]_PCOUT[47])
                                                      0.267     5.251 r  u_Discrete_FIR_Filter/Discrete_FIR_Filter_out_tmp[1]__12/PCOUT[47]
                         net (fo=1, routed)           0.002     5.253    u_Discrete_FIR_Filter/Discrete_FIR_Filter_out_tmp[1]__12_n_106
    DSP48_X0Y45          DSP48E1 (Prop_dsp48e1_PCIN[47]_PCOUT[47])
                                                      0.267     5.520 r  u_Discrete_FIR_Filter/Discrete_FIR_Filter_out_tmp[1]__13/PCOUT[47]
                         net (fo=1, routed)           0.002     5.522    u_Discrete_FIR_Filter/Discrete_FIR_Filter_out_tmp[1]__13_n_106
    DSP48_X0Y46          DSP48E1 (Prop_dsp48e1_PCIN[47]_PCOUT[47])
                                                      0.267     5.789 r  u_Discrete_FIR_Filter/Discrete_FIR_Filter_out_tmp[1]__14/PCOUT[47]
                         net (fo=1, routed)           0.002     5.791    u_Discrete_FIR_Filter/Discrete_FIR_Filter_out_tmp[1]__14_n_106
    DSP48_X0Y47          DSP48E1 (Prop_dsp48e1_PCIN[47]_PCOUT[47])
                                                      0.267     6.058 r  u_Discrete_FIR_Filter/Discrete_FIR_Filter_out_tmp[1]__15/PCOUT[47]
                         net (fo=1, routed)           0.002     6.060    u_Discrete_FIR_Filter/Discrete_FIR_Filter_out_tmp[1]__15_n_106
    DSP48_X0Y48          DSP48E1 (Prop_dsp48e1_PCIN[47]_PCOUT[47])
                                                      0.267     6.327 r  u_Discrete_FIR_Filter/Discrete_FIR_Filter_out_tmp[1]__16/PCOUT[47]
                         net (fo=1, routed)           0.002     6.329    u_Discrete_FIR_Filter/Discrete_FIR_Filter_out_tmp[1]__16_n_106
    DSP48_X0Y49          DSP48E1 (Prop_dsp48e1_PCIN[47]_PCOUT[47])
                                                      0.267     6.596 r  u_Discrete_FIR_Filter/Discrete_FIR_Filter_out_tmp[1]__17/PCOUT[47]
                         net (fo=1, routed)           0.056     6.652    u_Discrete_FIR_Filter/Discrete_FIR_Filter_out_tmp[1]__17_n_106
    DSP48_X0Y50          DSP48E1 (Prop_dsp48e1_PCIN[47]_PCOUT[47])
                                                      0.267     6.919 r  u_Discrete_FIR_Filter/Discrete_FIR_Filter_out_tmp[1]__18/PCOUT[47]
                         net (fo=1, routed)           0.002     6.921    u_Discrete_FIR_Filter/Discrete_FIR_Filter_out_tmp[1]__18_n_106
    DSP48_X0Y51          DSP48E1 (Prop_dsp48e1_PCIN[47]_P[17])
                                                      0.246     7.167 r  u_Discrete_FIR_Filter/Discrete_FIR_Filter_out_tmp[1]__19/P[17]
                         net (fo=0)                   0.410     7.577    Out1_1[17]
                                                                      r  Out1_1[17] (OUT)
  -------------------------------------------------------------------    -------------------





--------------------------------------------------------------------------------------
Path Group:  (none)
From Clock:  MWCLK
  To Clock:  

Max Delay            76 Endpoints
Min Delay            76 Endpoints
--------------------------------------------------------------------------------------


Max Delay Paths
--------------------------------------------------------------------------------------
Slack:                    inf
  Source:                 u_Discrete_FIR_Filter/delay21_reg[1][5]/C
                            (rising edge-triggered cell FDCE clocked by MWCLK  {rise@0.000ns fall@20.000ns period=40.000ns})
  Destination:            Out1_1[0]
                            (output port)
  Path Group:             (none)
  Path Type:              Max at Slow Process Corner
  Data Path Delay:        46.696ns  (logic 41.542ns (88.962%)  route 5.154ns (11.038%))
  Logic Levels:           26  (CARRY4=3 DSP48E1=22 LUT2=1)
  Clock Uncertainty:      0.025ns  ((TSJ^2 + TIJ^2)^1/2 + DJ) / 2 + PE
    Total System Jitter     (TSJ):    0.050ns
    Total Input Jitter      (TIJ):    0.000ns
    Discrete Jitter          (DJ):    0.000ns
    Phase Error              (PE):    0.000ns

    Location             Delay type                Incr(ns)  Path(ns)    Netlist Resource(s)
  -------------------------------------------------------------------    -------------------
                         (clock MWCLK rise edge)      0.000     0.000 r  
                                                      0.000     0.000 r  clk (IN)
                         net (fo=1375, unset)         0.973     0.973    u_Discrete_FIR_Filter/clk
    SLICE_X55Y92         FDCE                                         r  u_Discrete_FIR_Filter/delay21_reg[1][5]/C
  -------------------------------------------------------------------    -------------------
    SLICE_X55Y92         FDCE (Prop_fdce_C_Q)         0.456     1.429 r  u_Discrete_FIR_Filter/delay21_reg[1][5]/Q
                         net (fo=3, routed)           1.093     2.522    u_Discrete_FIR_Filter/delay21_reg[1][5]
    SLICE_X56Y93         LUT2 (Prop_lut2_I0_O)        0.124     2.646 r  u_Discrete_FIR_Filter/gain21_mul_temp_1_i_15/O
                         net (fo=1, routed)           0.000     2.646    u_Discrete_FIR_Filter/gain21_mul_temp_1_i_15_n_0
    SLICE_X56Y93         CARRY4 (Prop_carry4_S[1]_CO[3])
                                                      0.533     3.179 r  u_Discrete_FIR_Filter/gain21_mul_temp_1_i_3/CO[3]
                         net (fo=1, routed)           0.000     3.179    u_Discrete_FIR_Filter/gain21_mul_temp_1_i_3_n_0
    SLICE_X56Y94         CARRY4 (Prop_carry4_CI_CO[3])
                                                      0.117     3.296 r  u_Discrete_FIR_Filter/gain21_mul_temp_1_i_2/CO[3]
                         net (fo=1, routed)           0.000     3.296    u_Discrete_FIR_Filter/gain21_mul_temp_1_i_2_n_0
    SLICE_X56Y95         CARRY4 (Prop_carry4_CI_O[3])
                                                      0.315     3.611 r  u_Discrete_FIR_Filter/gain21_mul_temp_1_i_1/O[3]
                         net (fo=15, routed)          2.993     6.604    u_Discrete_FIR_Filter/gain21_mul_temp_1_i_1_n_4
    DSP48_X0Y30          DSP48E1 (Prop_dsp48e1_A[23]_PCOUT[47])
                                                      4.219    10.823 r  u_Discrete_FIR_Filter/gain21_mul_temp_1/PCOUT[47]
                         net (fo=1, routed)           0.002    10.825    u_Discrete_FIR_Filter/gain21_mul_temp_1_n_106
    DSP48_X0Y31          DSP48E1 (Prop_dsp48e1_PCIN[47]_PCOUT[47])
                                                      1.713    12.538 r  u_Discrete_FIR_Filter/Discrete_FIR_Filter_out_tmp[1]/PCOUT[47]
                         net (fo=1, routed)           0.002    12.540    u_Discrete_FIR_Filter/Discrete_FIR_Filter_out_tmp_n_106_[1]
    DSP48_X0Y32          DSP48E1 (Prop_dsp48e1_PCIN[47]_PCOUT[47])
                                                      1.713    14.253 r  u_Discrete_FIR_Filter/Discrete_FIR_Filter_out_tmp[1]__0/PCOUT[47]
                         net (fo=1, routed)           0.002    14.255    u_Discrete_FIR_Filter/Discrete_FIR_Filter_out_tmp[1]__0_n_106
    DSP48_X0Y33          DSP48E1 (Prop_dsp48e1_PCIN[47]_PCOUT[47])
                                                      1.713    15.968 r  u_Discrete_FIR_Filter/Discrete_FIR_Filter_out_tmp[1]__1/PCOUT[47]
                         net (fo=1, routed)           0.002    15.970    u_Discrete_FIR_Filter/Discrete_FIR_Filter_out_tmp[1]__1_n_106
    DSP48_X0Y34          DSP48E1 (Prop_dsp48e1_PCIN[47]_PCOUT[47])
                                                      1.713    17.683 r  u_Discrete_FIR_Filter/Discrete_FIR_Filter_out_tmp[1]__2/PCOUT[47]
                         net (fo=1, routed)           0.002    17.685    u_Discrete_FIR_Filter/Discrete_FIR_Filter_out_tmp[1]__2_n_106
    DSP48_X0Y35          DSP48E1 (Prop_dsp48e1_PCIN[47]_PCOUT[47])
                                                      1.713    19.398 r  u_Discrete_FIR_Filter/Discrete_FIR_Filter_out_tmp[1]__3/PCOUT[47]
                         net (fo=1, routed)           0.002    19.400    u_Discrete_FIR_Filter/Discrete_FIR_Filter_out_tmp[1]__3_n_106
    DSP48_X0Y36          DSP48E1 (Prop_dsp48e1_PCIN[47]_PCOUT[47])
                                                      1.713    21.113 r  u_Discrete_FIR_Filter/Discrete_FIR_Filter_out_tmp[1]__4/PCOUT[47]
                         net (fo=1, routed)           0.002    21.115    u_Discrete_FIR_Filter/Discrete_FIR_Filter_out_tmp[1]__4_n_106
    DSP48_X0Y37          DSP48E1 (Prop_dsp48e1_PCIN[47]_PCOUT[47])
                                                      1.713    22.828 r  u_Discrete_FIR_Filter/Discrete_FIR_Filter_out_tmp[1]__5/PCOUT[47]
                         net (fo=1, routed)           0.002    22.830    u_Discrete_FIR_Filter/Discrete_FIR_Filter_out_tmp[1]__5_n_106
    DSP48_X0Y38          DSP48E1 (Prop_dsp48e1_PCIN[47]_PCOUT[47])
                                                      1.713    24.543 r  u_Discrete_FIR_Filter/Discrete_FIR_Filter_out_tmp[1]__6/PCOUT[47]
                         net (fo=1, routed)           0.002    24.545    u_Discrete_FIR_Filter/Discrete_FIR_Filter_out_tmp[1]__6_n_106
    DSP48_X0Y39          DSP48E1 (Prop_dsp48e1_PCIN[47]_PCOUT[47])
                                                      1.713    26.258 r  u_Discrete_FIR_Filter/Discrete_FIR_Filter_out_tmp[1]__7/PCOUT[47]
                         net (fo=1, routed)           0.002    26.260    u_Discrete_FIR_Filter/Discrete_FIR_Filter_out_tmp[1]__7_n_106
    DSP48_X0Y40          DSP48E1 (Prop_dsp48e1_PCIN[47]_PCOUT[47])
                                                      1.713    27.973 r  u_Discrete_FIR_Filter/Discrete_FIR_Filter_out_tmp[1]__8/PCOUT[47]
                         net (fo=1, routed)           0.002    27.975    u_Discrete_FIR_Filter/Discrete_FIR_Filter_out_tmp[1]__8_n_106
    DSP48_X0Y41          DSP48E1 (Prop_dsp48e1_PCIN[47]_PCOUT[47])
                                                      1.713    29.688 r  u_Discrete_FIR_Filter/Discrete_FIR_Filter_out_tmp[1]__9/PCOUT[47]
                         net (fo=1, routed)           0.002    29.690    u_Discrete_FIR_Filter/Discrete_FIR_Filter_out_tmp[1]__9_n_106
    DSP48_X0Y42          DSP48E1 (Prop_dsp48e1_PCIN[47]_PCOUT[47])
                                                      1.713    31.403 r  u_Discrete_FIR_Filter/Discrete_FIR_Filter_out_tmp[1]__10/PCOUT[47]
                         net (fo=1, routed)           0.002    31.405    u_Discrete_FIR_Filter/Discrete_FIR_Filter_out_tmp[1]__10_n_106
    DSP48_X0Y43          DSP48E1 (Prop_dsp48e1_PCIN[47]_PCOUT[47])
                                                      1.713    33.118 r  u_Discrete_FIR_Filter/Discrete_FIR_Filter_out_tmp[1]__11/PCOUT[47]
                         net (fo=1, routed)           0.002    33.120    u_Discrete_FIR_Filter/Discrete_FIR_Filter_out_tmp[1]__11_n_106
    DSP48_X0Y44          DSP48E1 (Prop_dsp48e1_PCIN[47]_PCOUT[47])
                                                      1.713    34.833 r  u_Discrete_FIR_Filter/Discrete_FIR_Filter_out_tmp[1]__12/PCOUT[47]
                         net (fo=1, routed)           0.002    34.835    u_Discrete_FIR_Filter/Discrete_FIR_Filter_out_tmp[1]__12_n_106
    DSP48_X0Y45          DSP48E1 (Prop_dsp48e1_PCIN[47]_PCOUT[47])
                                                      1.713    36.548 r  u_Discrete_FIR_Filter/Discrete_FIR_Filter_out_tmp[1]__13/PCOUT[47]
                         net (fo=1, routed)           0.002    36.550    u_Discrete_FIR_Filter/Discrete_FIR_Filter_out_tmp[1]__13_n_106
    DSP48_X0Y46          DSP48E1 (Prop_dsp48e1_PCIN[47]_PCOUT[47])
                                                      1.713    38.263 r  u_Discrete_FIR_Filter/Discrete_FIR_Filter_out_tmp[1]__14/PCOUT[47]
                         net (fo=1, routed)           0.002    38.265    u_Discrete_FIR_Filter/Discrete_FIR_Filter_out_tmp[1]__14_n_106
    DSP48_X0Y47          DSP48E1 (Prop_dsp48e1_PCIN[47]_PCOUT[47])
                                                      1.713    39.978 r  u_Discrete_FIR_Filter/Discrete_FIR_Filter_out_tmp[1]__15/PCOUT[47]
                         net (fo=1, routed)           0.002    39.980    u_Discrete_FIR_Filter/Discrete_FIR_Filter_out_tmp[1]__15_n_106
    DSP48_X0Y48          DSP48E1 (Prop_dsp48e1_PCIN[47]_PCOUT[47])
                                                      1.713    41.693 r  u_Discrete_FIR_Filter/Discrete_FIR_Filter_out_tmp[1]__16/PCOUT[47]
                         net (fo=1, routed)           0.002    41.695    u_Discrete_FIR_Filter/Discrete_FIR_Filter_out_tmp[1]__16_n_106
    DSP48_X0Y49          DSP48E1 (Prop_dsp48e1_PCIN[47]_PCOUT[47])
                                                      1.713    43.408 r  u_Discrete_FIR_Filter/Discrete_FIR_Filter_out_tmp[1]__17/PCOUT[47]
                         net (fo=1, routed)           0.056    43.463    u_Discrete_FIR_Filter/Discrete_FIR_Filter_out_tmp[1]__17_n_106
    DSP48_X0Y50          DSP48E1 (Prop_dsp48e1_PCIN[47]_PCOUT[47])
                                                      1.713    45.176 r  u_Discrete_FIR_Filter/Discrete_FIR_Filter_out_tmp[1]__18/PCOUT[47]
                         net (fo=1, routed)           0.002    45.178    u_Discrete_FIR_Filter/Discrete_FIR_Filter_out_tmp[1]__18_n_106
    DSP48_X0Y51          DSP48E1 (Prop_dsp48e1_PCIN[47]_P[0])
                                                      1.518    46.696 r  u_Discrete_FIR_Filter/Discrete_FIR_Filter_out_tmp[1]__19/P[0]
                         net (fo=0)                   0.973    47.669    Out1_1[0]
                                                                      r  Out1_1[0] (OUT)
  -------------------------------------------------------------------    -------------------

Slack:                    inf
  Source:                 u_Discrete_FIR_Filter/delay21_reg[1][5]/C
                            (rising edge-triggered cell FDCE clocked by MWCLK  {rise@0.000ns fall@20.000ns period=40.000ns})
  Destination:            Out1_1[10]
                            (output port)
  Path Group:             (none)
  Path Type:              Max at Slow Process Corner
  Data Path Delay:        46.696ns  (logic 41.542ns (88.962%)  route 5.154ns (11.038%))
  Logic Levels:           26  (CARRY4=3 DSP48E1=22 LUT2=1)
  Clock Uncertainty:      0.025ns  ((TSJ^2 + TIJ^2)^1/2 + DJ) / 2 + PE
    Total System Jitter     (TSJ):    0.050ns
    Total Input Jitter      (TIJ):    0.000ns
    Discrete Jitter          (DJ):    0.000ns
    Phase Error              (PE):    0.000ns

    Location             Delay type                Incr(ns)  Path(ns)    Netlist Resource(s)
  -------------------------------------------------------------------    -------------------
                         (clock MWCLK rise edge)      0.000     0.000 r  
                                                      0.000     0.000 r  clk (IN)
                         net (fo=1375, unset)         0.973     0.973    u_Discrete_FIR_Filter/clk
    SLICE_X55Y92         FDCE                                         r  u_Discrete_FIR_Filter/delay21_reg[1][5]/C
  -------------------------------------------------------------------    -------------------
    SLICE_X55Y92         FDCE (Prop_fdce_C_Q)         0.456     1.429 r  u_Discrete_FIR_Filter/delay21_reg[1][5]/Q
                         net (fo=3, routed)           1.093     2.522    u_Discrete_FIR_Filter/delay21_reg[1][5]
    SLICE_X56Y93         LUT2 (Prop_lut2_I0_O)        0.124     2.646 r  u_Discrete_FIR_Filter/gain21_mul_temp_1_i_15/O
                         net (fo=1, routed)           0.000     2.646    u_Discrete_FIR_Filter/gain21_mul_temp_1_i_15_n_0
    SLICE_X56Y93         CARRY4 (Prop_carry4_S[1]_CO[3])
                                                      0.533     3.179 r  u_Discrete_FIR_Filter/gain21_mul_temp_1_i_3/CO[3]
                         net (fo=1, routed)           0.000     3.179    u_Discrete_FIR_Filter/gain21_mul_temp_1_i_3_n_0
    SLICE_X56Y94         CARRY4 (Prop_carry4_CI_CO[3])
                                                      0.117     3.296 r  u_Discrete_FIR_Filter/gain21_mul_temp_1_i_2/CO[3]
                         net (fo=1, routed)           0.000     3.296    u_Discrete_FIR_Filter/gain21_mul_temp_1_i_2_n_0
    SLICE_X56Y95         CARRY4 (Prop_carry4_CI_O[3])
                                                      0.315     3.611 r  u_Discrete_FIR_Filter/gain21_mul_temp_1_i_1/O[3]
                         net (fo=15, routed)          2.993     6.604    u_Discrete_FIR_Filter/gain21_mul_temp_1_i_1_n_4
    DSP48_X0Y30          DSP48E1 (Prop_dsp48e1_A[23]_PCOUT[47])
                                                      4.219    10.823 r  u_Discrete_FIR_Filter/gain21_mul_temp_1/PCOUT[47]
                         net (fo=1, routed)           0.002    10.825    u_Discrete_FIR_Filter/gain21_mul_temp_1_n_106
    DSP48_X0Y31          DSP48E1 (Prop_dsp48e1_PCIN[47]_PCOUT[47])
                                                      1.713    12.538 r  u_Discrete_FIR_Filter/Discrete_FIR_Filter_out_tmp[1]/PCOUT[47]
                         net (fo=1, routed)           0.002    12.540    u_Discrete_FIR_Filter/Discrete_FIR_Filter_out_tmp_n_106_[1]
    DSP48_X0Y32          DSP48E1 (Prop_dsp48e1_PCIN[47]_PCOUT[47])
                                                      1.713    14.253 r  u_Discrete_FIR_Filter/Discrete_FIR_Filter_out_tmp[1]__0/PCOUT[47]
                         net (fo=1, routed)           0.002    14.255    u_Discrete_FIR_Filter/Discrete_FIR_Filter_out_tmp[1]__0_n_106
    DSP48_X0Y33          DSP48E1 (Prop_dsp48e1_PCIN[47]_PCOUT[47])
                                                      1.713    15.968 r  u_Discrete_FIR_Filter/Discrete_FIR_Filter_out_tmp[1]__1/PCOUT[47]
                         net (fo=1, routed)           0.002    15.970    u_Discrete_FIR_Filter/Discrete_FIR_Filter_out_tmp[1]__1_n_106
    DSP48_X0Y34          DSP48E1 (Prop_dsp48e1_PCIN[47]_PCOUT[47])
                                                      1.713    17.683 r  u_Discrete_FIR_Filter/Discrete_FIR_Filter_out_tmp[1]__2/PCOUT[47]
                         net (fo=1, routed)           0.002    17.685    u_Discrete_FIR_Filter/Discrete_FIR_Filter_out_tmp[1]__2_n_106
    DSP48_X0Y35          DSP48E1 (Prop_dsp48e1_PCIN[47]_PCOUT[47])
                                                      1.713    19.398 r  u_Discrete_FIR_Filter/Discrete_FIR_Filter_out_tmp[1]__3/PCOUT[47]
                         net (fo=1, routed)           0.002    19.400    u_Discrete_FIR_Filter/Discrete_FIR_Filter_out_tmp[1]__3_n_106
    DSP48_X0Y36          DSP48E1 (Prop_dsp48e1_PCIN[47]_PCOUT[47])
                                                      1.713    21.113 r  u_Discrete_FIR_Filter/Discrete_FIR_Filter_out_tmp[1]__4/PCOUT[47]
                         net (fo=1, routed)           0.002    21.115    u_Discrete_FIR_Filter/Discrete_FIR_Filter_out_tmp[1]__4_n_106
    DSP48_X0Y37          DSP48E1 (Prop_dsp48e1_PCIN[47]_PCOUT[47])
                                                      1.713    22.828 r  u_Discrete_FIR_Filter/Discrete_FIR_Filter_out_tmp[1]__5/PCOUT[47]
                         net (fo=1, routed)           0.002    22.830    u_Discrete_FIR_Filter/Discrete_FIR_Filter_out_tmp[1]__5_n_106
    DSP48_X0Y38          DSP48E1 (Prop_dsp48e1_PCIN[47]_PCOUT[47])
                                                      1.713    24.543 r  u_Discrete_FIR_Filter/Discrete_FIR_Filter_out_tmp[1]__6/PCOUT[47]
                         net (fo=1, routed)           0.002    24.545    u_Discrete_FIR_Filter/Discrete_FIR_Filter_out_tmp[1]__6_n_106
    DSP48_X0Y39          DSP48E1 (Prop_dsp48e1_PCIN[47]_PCOUT[47])
                                                      1.713    26.258 r  u_Discrete_FIR_Filter/Discrete_FIR_Filter_out_tmp[1]__7/PCOUT[47]
                         net (fo=1, routed)           0.002    26.260    u_Discrete_FIR_Filter/Discrete_FIR_Filter_out_tmp[1]__7_n_106
    DSP48_X0Y40          DSP48E1 (Prop_dsp48e1_PCIN[47]_PCOUT[47])
                                                      1.713    27.973 r  u_Discrete_FIR_Filter/Discrete_FIR_Filter_out_tmp[1]__8/PCOUT[47]
                         net (fo=1, routed)           0.002    27.975    u_Discrete_FIR_Filter/Discrete_FIR_Filter_out_tmp[1]__8_n_106
    DSP48_X0Y41          DSP48E1 (Prop_dsp48e1_PCIN[47]_PCOUT[47])
                                                      1.713    29.688 r  u_Discrete_FIR_Filter/Discrete_FIR_Filter_out_tmp[1]__9/PCOUT[47]
                         net (fo=1, routed)           0.002    29.690    u_Discrete_FIR_Filter/Discrete_FIR_Filter_out_tmp[1]__9_n_106
    DSP48_X0Y42          DSP48E1 (Prop_dsp48e1_PCIN[47]_PCOUT[47])
                                                      1.713    31.403 r  u_Discrete_FIR_Filter/Discrete_FIR_Filter_out_tmp[1]__10/PCOUT[47]
                         net (fo=1, routed)           0.002    31.405    u_Discrete_FIR_Filter/Discrete_FIR_Filter_out_tmp[1]__10_n_106
    DSP48_X0Y43          DSP48E1 (Prop_dsp48e1_PCIN[47]_PCOUT[47])
                                                      1.713    33.118 r  u_Discrete_FIR_Filter/Discrete_FIR_Filter_out_tmp[1]__11/PCOUT[47]
                         net (fo=1, routed)           0.002    33.120    u_Discrete_FIR_Filter/Discrete_FIR_Filter_out_tmp[1]__11_n_106
    DSP48_X0Y44          DSP48E1 (Prop_dsp48e1_PCIN[47]_PCOUT[47])
                                                      1.713    34.833 r  u_Discrete_FIR_Filter/Discrete_FIR_Filter_out_tmp[1]__12/PCOUT[47]
                         net (fo=1, routed)           0.002    34.835    u_Discrete_FIR_Filter/Discrete_FIR_Filter_out_tmp[1]__12_n_106
    DSP48_X0Y45          DSP48E1 (Prop_dsp48e1_PCIN[47]_PCOUT[47])
                                                      1.713    36.548 r  u_Discrete_FIR_Filter/Discrete_FIR_Filter_out_tmp[1]__13/PCOUT[47]
                         net (fo=1, routed)           0.002    36.550    u_Discrete_FIR_Filter/Discrete_FIR_Filter_out_tmp[1]__13_n_106
    DSP48_X0Y46          DSP48E1 (Prop_dsp48e1_PCIN[47]_PCOUT[47])
                                                      1.713    38.263 r  u_Discrete_FIR_Filter/Discrete_FIR_Filter_out_tmp[1]__14/PCOUT[47]
                         net (fo=1, routed)           0.002    38.265    u_Discrete_FIR_Filter/Discrete_FIR_Filter_out_tmp[1]__14_n_106
    DSP48_X0Y47          DSP48E1 (Prop_dsp48e1_PCIN[47]_PCOUT[47])
                                                      1.713    39.978 r  u_Discrete_FIR_Filter/Discrete_FIR_Filter_out_tmp[1]__15/PCOUT[47]
                         net (fo=1, routed)           0.002    39.980    u_Discrete_FIR_Filter/Discrete_FIR_Filter_out_tmp[1]__15_n_106
    DSP48_X0Y48          DSP48E1 (Prop_dsp48e1_PCIN[47]_PCOUT[47])
                                                      1.713    41.693 r  u_Discrete_FIR_Filter/Discrete_FIR_Filter_out_tmp[1]__16/PCOUT[47]
                         net (fo=1, routed)           0.002    41.695    u_Discrete_FIR_Filter/Discrete_FIR_Filter_out_tmp[1]__16_n_106
    DSP48_X0Y49          DSP48E1 (Prop_dsp48e1_PCIN[47]_PCOUT[47])
                                                      1.713    43.408 r  u_Discrete_FIR_Filter/Discrete_FIR_Filter_out_tmp[1]__17/PCOUT[47]
                         net (fo=1, routed)           0.056    43.463    u_Discrete_FIR_Filter/Discrete_FIR_Filter_out_tmp[1]__17_n_106
    DSP48_X0Y50          DSP48E1 (Prop_dsp48e1_PCIN[47]_PCOUT[47])
                                                      1.713    45.176 r  u_Discrete_FIR_Filter/Discrete_FIR_Filter_out_tmp[1]__18/PCOUT[47]
                         net (fo=1, routed)           0.002    45.178    u_Discrete_FIR_Filter/Discrete_FIR_Filter_out_tmp[1]__18_n_106
    DSP48_X0Y51          DSP48E1 (Prop_dsp48e1_PCIN[47]_P[10])
                                                      1.518    46.696 r  u_Discrete_FIR_Filter/Discrete_FIR_Filter_out_tmp[1]__19/P[10]
                         net (fo=0)                   0.973    47.669    Out1_1[10]
                                                                      r  Out1_1[10] (OUT)
  -------------------------------------------------------------------    -------------------

Slack:                    inf
  Source:                 u_Discrete_FIR_Filter/delay21_reg[1][5]/C
                            (rising edge-triggered cell FDCE clocked by MWCLK  {rise@0.000ns fall@20.000ns period=40.000ns})
  Destination:            Out1_1[11]
                            (output port)
  Path Group:             (none)
  Path Type:              Max at Slow Process Corner
  Data Path Delay:        46.696ns  (logic 41.542ns (88.962%)  route 5.154ns (11.038%))
  Logic Levels:           26  (CARRY4=3 DSP48E1=22 LUT2=1)
  Clock Uncertainty:      0.025ns  ((TSJ^2 + TIJ^2)^1/2 + DJ) / 2 + PE
    Total System Jitter     (TSJ):    0.050ns
    Total Input Jitter      (TIJ):    0.000ns
    Discrete Jitter          (DJ):    0.000ns
    Phase Error              (PE):    0.000ns

    Location             Delay type                Incr(ns)  Path(ns)    Netlist Resource(s)
  -------------------------------------------------------------------    -------------------
                         (clock MWCLK rise edge)      0.000     0.000 r  
                                                      0.000     0.000 r  clk (IN)
                         net (fo=1375, unset)         0.973     0.973    u_Discrete_FIR_Filter/clk
    SLICE_X55Y92         FDCE                                         r  u_Discrete_FIR_Filter/delay21_reg[1][5]/C
  -------------------------------------------------------------------    -------------------
    SLICE_X55Y92         FDCE (Prop_fdce_C_Q)         0.456     1.429 r  u_Discrete_FIR_Filter/delay21_reg[1][5]/Q
                         net (fo=3, routed)           1.093     2.522    u_Discrete_FIR_Filter/delay21_reg[1][5]
    SLICE_X56Y93         LUT2 (Prop_lut2_I0_O)        0.124     2.646 r  u_Discrete_FIR_Filter/gain21_mul_temp_1_i_15/O
                         net (fo=1, routed)           0.000     2.646    u_Discrete_FIR_Filter/gain21_mul_temp_1_i_15_n_0
    SLICE_X56Y93         CARRY4 (Prop_carry4_S[1]_CO[3])
                                                      0.533     3.179 r  u_Discrete_FIR_Filter/gain21_mul_temp_1_i_3/CO[3]
                         net (fo=1, routed)           0.000     3.179    u_Discrete_FIR_Filter/gain21_mul_temp_1_i_3_n_0
    SLICE_X56Y94         CARRY4 (Prop_carry4_CI_CO[3])
                                                      0.117     3.296 r  u_Discrete_FIR_Filter/gain21_mul_temp_1_i_2/CO[3]
                         net (fo=1, routed)           0.000     3.296    u_Discrete_FIR_Filter/gain21_mul_temp_1_i_2_n_0
    SLICE_X56Y95         CARRY4 (Prop_carry4_CI_O[3])
                                                      0.315     3.611 r  u_Discrete_FIR_Filter/gain21_mul_temp_1_i_1/O[3]
                         net (fo=15, routed)          2.993     6.604    u_Discrete_FIR_Filter/gain21_mul_temp_1_i_1_n_4
    DSP48_X0Y30          DSP48E1 (Prop_dsp48e1_A[23]_PCOUT[47])
                                                      4.219    10.823 r  u_Discrete_FIR_Filter/gain21_mul_temp_1/PCOUT[47]
                         net (fo=1, routed)           0.002    10.825    u_Discrete_FIR_Filter/gain21_mul_temp_1_n_106
    DSP48_X0Y31          DSP48E1 (Prop_dsp48e1_PCIN[47]_PCOUT[47])
                                                      1.713    12.538 r  u_Discrete_FIR_Filter/Discrete_FIR_Filter_out_tmp[1]/PCOUT[47]
                         net (fo=1, routed)           0.002    12.540    u_Discrete_FIR_Filter/Discrete_FIR_Filter_out_tmp_n_106_[1]
    DSP48_X0Y32          DSP48E1 (Prop_dsp48e1_PCIN[47]_PCOUT[47])
                                                      1.713    14.253 r  u_Discrete_FIR_Filter/Discrete_FIR_Filter_out_tmp[1]__0/PCOUT[47]
                         net (fo=1, routed)           0.002    14.255    u_Discrete_FIR_Filter/Discrete_FIR_Filter_out_tmp[1]__0_n_106
    DSP48_X0Y33          DSP48E1 (Prop_dsp48e1_PCIN[47]_PCOUT[47])
                                                      1.713    15.968 r  u_Discrete_FIR_Filter/Discrete_FIR_Filter_out_tmp[1]__1/PCOUT[47]
                         net (fo=1, routed)           0.002    15.970    u_Discrete_FIR_Filter/Discrete_FIR_Filter_out_tmp[1]__1_n_106
    DSP48_X0Y34          DSP48E1 (Prop_dsp48e1_PCIN[47]_PCOUT[47])
                                                      1.713    17.683 r  u_Discrete_FIR_Filter/Discrete_FIR_Filter_out_tmp[1]__2/PCOUT[47]
                         net (fo=1, routed)           0.002    17.685    u_Discrete_FIR_Filter/Discrete_FIR_Filter_out_tmp[1]__2_n_106
    DSP48_X0Y35          DSP48E1 (Prop_dsp48e1_PCIN[47]_PCOUT[47])
                                                      1.713    19.398 r  u_Discrete_FIR_Filter/Discrete_FIR_Filter_out_tmp[1]__3/PCOUT[47]
                         net (fo=1, routed)           0.002    19.400    u_Discrete_FIR_Filter/Discrete_FIR_Filter_out_tmp[1]__3_n_106
    DSP48_X0Y36          DSP48E1 (Prop_dsp48e1_PCIN[47]_PCOUT[47])
                                                      1.713    21.113 r  u_Discrete_FIR_Filter/Discrete_FIR_Filter_out_tmp[1]__4/PCOUT[47]
                         net (fo=1, routed)           0.002    21.115    u_Discrete_FIR_Filter/Discrete_FIR_Filter_out_tmp[1]__4_n_106
    DSP48_X0Y37          DSP48E1 (Prop_dsp48e1_PCIN[47]_PCOUT[47])
                                                      1.713    22.828 r  u_Discrete_FIR_Filter/Discrete_FIR_Filter_out_tmp[1]__5/PCOUT[47]
                         net (fo=1, routed)           0.002    22.830    u_Discrete_FIR_Filter/Discrete_FIR_Filter_out_tmp[1]__5_n_106
    DSP48_X0Y38          DSP48E1 (Prop_dsp48e1_PCIN[47]_PCOUT[47])
                                                      1.713    24.543 r  u_Discrete_FIR_Filter/Discrete_FIR_Filter_out_tmp[1]__6/PCOUT[47]
                         net (fo=1, routed)           0.002    24.545    u_Discrete_FIR_Filter/Discrete_FIR_Filter_out_tmp[1]__6_n_106
    DSP48_X0Y39          DSP48E1 (Prop_dsp48e1_PCIN[47]_PCOUT[47])
                                                      1.713    26.258 r  u_Discrete_FIR_Filter/Discrete_FIR_Filter_out_tmp[1]__7/PCOUT[47]
                         net (fo=1, routed)           0.002    26.260    u_Discrete_FIR_Filter/Discrete_FIR_Filter_out_tmp[1]__7_n_106
    DSP48_X0Y40          DSP48E1 (Prop_dsp48e1_PCIN[47]_PCOUT[47])
                                                      1.713    27.973 r  u_Discrete_FIR_Filter/Discrete_FIR_Filter_out_tmp[1]__8/PCOUT[47]
                         net (fo=1, routed)           0.002    27.975    u_Discrete_FIR_Filter/Discrete_FIR_Filter_out_tmp[1]__8_n_106
    DSP48_X0Y41          DSP48E1 (Prop_dsp48e1_PCIN[47]_PCOUT[47])
                                                      1.713    29.688 r  u_Discrete_FIR_Filter/Discrete_FIR_Filter_out_tmp[1]__9/PCOUT[47]
                         net (fo=1, routed)           0.002    29.690    u_Discrete_FIR_Filter/Discrete_FIR_Filter_out_tmp[1]__9_n_106
    DSP48_X0Y42          DSP48E1 (Prop_dsp48e1_PCIN[47]_PCOUT[47])
                                                      1.713    31.403 r  u_Discrete_FIR_Filter/Discrete_FIR_Filter_out_tmp[1]__10/PCOUT[47]
                         net (fo=1, routed)           0.002    31.405    u_Discrete_FIR_Filter/Discrete_FIR_Filter_out_tmp[1]__10_n_106
    DSP48_X0Y43          DSP48E1 (Prop_dsp48e1_PCIN[47]_PCOUT[47])
                                                      1.713    33.118 r  u_Discrete_FIR_Filter/Discrete_FIR_Filter_out_tmp[1]__11/PCOUT[47]
                         net (fo=1, routed)           0.002    33.120    u_Discrete_FIR_Filter/Discrete_FIR_Filter_out_tmp[1]__11_n_106
    DSP48_X0Y44          DSP48E1 (Prop_dsp48e1_PCIN[47]_PCOUT[47])
                                                      1.713    34.833 r  u_Discrete_FIR_Filter/Discrete_FIR_Filter_out_tmp[1]__12/PCOUT[47]
                         net (fo=1, routed)           0.002    34.835    u_Discrete_FIR_Filter/Discrete_FIR_Filter_out_tmp[1]__12_n_106
    DSP48_X0Y45          DSP48E1 (Prop_dsp48e1_PCIN[47]_PCOUT[47])
                                                      1.713    36.548 r  u_Discrete_FIR_Filter/Discrete_FIR_Filter_out_tmp[1]__13/PCOUT[47]
                         net (fo=1, routed)           0.002    36.550    u_Discrete_FIR_Filter/Discrete_FIR_Filter_out_tmp[1]__13_n_106
    DSP48_X0Y46          DSP48E1 (Prop_dsp48e1_PCIN[47]_PCOUT[47])
                                                      1.713    38.263 r  u_Discrete_FIR_Filter/Discrete_FIR_Filter_out_tmp[1]__14/PCOUT[47]
                         net (fo=1, routed)           0.002    38.265    u_Discrete_FIR_Filter/Discrete_FIR_Filter_out_tmp[1]__14_n_106
    DSP48_X0Y47          DSP48E1 (Prop_dsp48e1_PCIN[47]_PCOUT[47])
                                                      1.713    39.978 r  u_Discrete_FIR_Filter/Discrete_FIR_Filter_out_tmp[1]__15/PCOUT[47]
                         net (fo=1, routed)           0.002    39.980    u_Discrete_FIR_Filter/Discrete_FIR_Filter_out_tmp[1]__15_n_106
    DSP48_X0Y48          DSP48E1 (Prop_dsp48e1_PCIN[47]_PCOUT[47])
                                                      1.713    41.693 r  u_Discrete_FIR_Filter/Discrete_FIR_Filter_out_tmp[1]__16/PCOUT[47]
                         net (fo=1, routed)           0.002    41.695    u_Discrete_FIR_Filter/Discrete_FIR_Filter_out_tmp[1]__16_n_106
    DSP48_X0Y49          DSP48E1 (Prop_dsp48e1_PCIN[47]_PCOUT[47])
                                                      1.713    43.408 r  u_Discrete_FIR_Filter/Discrete_FIR_Filter_out_tmp[1]__17/PCOUT[47]
                         net (fo=1, routed)           0.056    43.463    u_Discrete_FIR_Filter/Discrete_FIR_Filter_out_tmp[1]__17_n_106
    DSP48_X0Y50          DSP48E1 (Prop_dsp48e1_PCIN[47]_PCOUT[47])
                                                      1.713    45.176 r  u_Discrete_FIR_Filter/Discrete_FIR_Filter_out_tmp[1]__18/PCOUT[47]
                         net (fo=1, routed)           0.002    45.178    u_Discrete_FIR_Filter/Discrete_FIR_Filter_out_tmp[1]__18_n_106
    DSP48_X0Y51          DSP48E1 (Prop_dsp48e1_PCIN[47]_P[11])
                                                      1.518    46.696 r  u_Discrete_FIR_Filter/Discrete_FIR_Filter_out_tmp[1]__19/P[11]
                         net (fo=0)                   0.973    47.669    Out1_1[11]
                                                                      r  Out1_1[11] (OUT)
  -------------------------------------------------------------------    -------------------

Slack:                    inf
  Source:                 u_Discrete_FIR_Filter/delay21_reg[1][5]/C
                            (rising edge-triggered cell FDCE clocked by MWCLK  {rise@0.000ns fall@20.000ns period=40.000ns})
  Destination:            Out1_1[12]
                            (output port)
  Path Group:             (none)
  Path Type:              Max at Slow Process Corner
  Data Path Delay:        46.696ns  (logic 41.542ns (88.962%)  route 5.154ns (11.038%))
  Logic Levels:           26  (CARRY4=3 DSP48E1=22 LUT2=1)
  Clock Uncertainty:      0.025ns  ((TSJ^2 + TIJ^2)^1/2 + DJ) / 2 + PE
    Total System Jitter     (TSJ):    0.050ns
    Total Input Jitter      (TIJ):    0.000ns
    Discrete Jitter          (DJ):    0.000ns
    Phase Error              (PE):    0.000ns

    Location             Delay type                Incr(ns)  Path(ns)    Netlist Resource(s)
  -------------------------------------------------------------------    -------------------
                         (clock MWCLK rise edge)      0.000     0.000 r  
                                                      0.000     0.000 r  clk (IN)
                         net (fo=1375, unset)         0.973     0.973    u_Discrete_FIR_Filter/clk
    SLICE_X55Y92         FDCE                                         r  u_Discrete_FIR_Filter/delay21_reg[1][5]/C
  -------------------------------------------------------------------    -------------------
    SLICE_X55Y92         FDCE (Prop_fdce_C_Q)         0.456     1.429 r  u_Discrete_FIR_Filter/delay21_reg[1][5]/Q
                         net (fo=3, routed)           1.093     2.522    u_Discrete_FIR_Filter/delay21_reg[1][5]
    SLICE_X56Y93         LUT2 (Prop_lut2_I0_O)        0.124     2.646 r  u_Discrete_FIR_Filter/gain21_mul_temp_1_i_15/O
                         net (fo=1, routed)           0.000     2.646    u_Discrete_FIR_Filter/gain21_mul_temp_1_i_15_n_0
    SLICE_X56Y93         CARRY4 (Prop_carry4_S[1]_CO[3])
                                                      0.533     3.179 r  u_Discrete_FIR_Filter/gain21_mul_temp_1_i_3/CO[3]
                         net (fo=1, routed)           0.000     3.179    u_Discrete_FIR_Filter/gain21_mul_temp_1_i_3_n_0
    SLICE_X56Y94         CARRY4 (Prop_carry4_CI_CO[3])
                                                      0.117     3.296 r  u_Discrete_FIR_Filter/gain21_mul_temp_1_i_2/CO[3]
                         net (fo=1, routed)           0.000     3.296    u_Discrete_FIR_Filter/gain21_mul_temp_1_i_2_n_0
    SLICE_X56Y95         CARRY4 (Prop_carry4_CI_O[3])
                                                      0.315     3.611 r  u_Discrete_FIR_Filter/gain21_mul_temp_1_i_1/O[3]
                         net (fo=15, routed)          2.993     6.604    u_Discrete_FIR_Filter/gain21_mul_temp_1_i_1_n_4
    DSP48_X0Y30          DSP48E1 (Prop_dsp48e1_A[23]_PCOUT[47])
                                                      4.219    10.823 r  u_Discrete_FIR_Filter/gain21_mul_temp_1/PCOUT[47]
                         net (fo=1, routed)           0.002    10.825    u_Discrete_FIR_Filter/gain21_mul_temp_1_n_106
    DSP48_X0Y31          DSP48E1 (Prop_dsp48e1_PCIN[47]_PCOUT[47])
                                                      1.713    12.538 r  u_Discrete_FIR_Filter/Discrete_FIR_Filter_out_tmp[1]/PCOUT[47]
                         net (fo=1, routed)           0.002    12.540    u_Discrete_FIR_Filter/Discrete_FIR_Filter_out_tmp_n_106_[1]
    DSP48_X0Y32          DSP48E1 (Prop_dsp48e1_PCIN[47]_PCOUT[47])
                                                      1.713    14.253 r  u_Discrete_FIR_Filter/Discrete_FIR_Filter_out_tmp[1]__0/PCOUT[47]
                         net (fo=1, routed)           0.002    14.255    u_Discrete_FIR_Filter/Discrete_FIR_Filter_out_tmp[1]__0_n_106
    DSP48_X0Y33          DSP48E1 (Prop_dsp48e1_PCIN[47]_PCOUT[47])
                                                      1.713    15.968 r  u_Discrete_FIR_Filter/Discrete_FIR_Filter_out_tmp[1]__1/PCOUT[47]
                         net (fo=1, routed)           0.002    15.970    u_Discrete_FIR_Filter/Discrete_FIR_Filter_out_tmp[1]__1_n_106
    DSP48_X0Y34          DSP48E1 (Prop_dsp48e1_PCIN[47]_PCOUT[47])
                                                      1.713    17.683 r  u_Discrete_FIR_Filter/Discrete_FIR_Filter_out_tmp[1]__2/PCOUT[47]
                         net (fo=1, routed)           0.002    17.685    u_Discrete_FIR_Filter/Discrete_FIR_Filter_out_tmp[1]__2_n_106
    DSP48_X0Y35          DSP48E1 (Prop_dsp48e1_PCIN[47]_PCOUT[47])
                                                      1.713    19.398 r  u_Discrete_FIR_Filter/Discrete_FIR_Filter_out_tmp[1]__3/PCOUT[47]
                         net (fo=1, routed)           0.002    19.400    u_Discrete_FIR_Filter/Discrete_FIR_Filter_out_tmp[1]__3_n_106
    DSP48_X0Y36          DSP48E1 (Prop_dsp48e1_PCIN[47]_PCOUT[47])
                                                      1.713    21.113 r  u_Discrete_FIR_Filter/Discrete_FIR_Filter_out_tmp[1]__4/PCOUT[47]
                         net (fo=1, routed)           0.002    21.115    u_Discrete_FIR_Filter/Discrete_FIR_Filter_out_tmp[1]__4_n_106
    DSP48_X0Y37          DSP48E1 (Prop_dsp48e1_PCIN[47]_PCOUT[47])
                                                      1.713    22.828 r  u_Discrete_FIR_Filter/Discrete_FIR_Filter_out_tmp[1]__5/PCOUT[47]
                         net (fo=1, routed)           0.002    22.830    u_Discrete_FIR_Filter/Discrete_FIR_Filter_out_tmp[1]__5_n_106
    DSP48_X0Y38          DSP48E1 (Prop_dsp48e1_PCIN[47]_PCOUT[47])
                                                      1.713    24.543 r  u_Discrete_FIR_Filter/Discrete_FIR_Filter_out_tmp[1]__6/PCOUT[47]
                         net (fo=1, routed)           0.002    24.545    u_Discrete_FIR_Filter/Discrete_FIR_Filter_out_tmp[1]__6_n_106
    DSP48_X0Y39          DSP48E1 (Prop_dsp48e1_PCIN[47]_PCOUT[47])
                                                      1.713    26.258 r  u_Discrete_FIR_Filter/Discrete_FIR_Filter_out_tmp[1]__7/PCOUT[47]
                         net (fo=1, routed)           0.002    26.260    u_Discrete_FIR_Filter/Discrete_FIR_Filter_out_tmp[1]__7_n_106
    DSP48_X0Y40          DSP48E1 (Prop_dsp48e1_PCIN[47]_PCOUT[47])
                                                      1.713    27.973 r  u_Discrete_FIR_Filter/Discrete_FIR_Filter_out_tmp[1]__8/PCOUT[47]
                         net (fo=1, routed)           0.002    27.975    u_Discrete_FIR_Filter/Discrete_FIR_Filter_out_tmp[1]__8_n_106
    DSP48_X0Y41          DSP48E1 (Prop_dsp48e1_PCIN[47]_PCOUT[47])
                                                      1.713    29.688 r  u_Discrete_FIR_Filter/Discrete_FIR_Filter_out_tmp[1]__9/PCOUT[47]
                         net (fo=1, routed)           0.002    29.690    u_Discrete_FIR_Filter/Discrete_FIR_Filter_out_tmp[1]__9_n_106
    DSP48_X0Y42          DSP48E1 (Prop_dsp48e1_PCIN[47]_PCOUT[47])
                                                      1.713    31.403 r  u_Discrete_FIR_Filter/Discrete_FIR_Filter_out_tmp[1]__10/PCOUT[47]
                         net (fo=1, routed)           0.002    31.405    u_Discrete_FIR_Filter/Discrete_FIR_Filter_out_tmp[1]__10_n_106
    DSP48_X0Y43          DSP48E1 (Prop_dsp48e1_PCIN[47]_PCOUT[47])
                                                      1.713    33.118 r  u_Discrete_FIR_Filter/Discrete_FIR_Filter_out_tmp[1]__11/PCOUT[47]
                         net (fo=1, routed)           0.002    33.120    u_Discrete_FIR_Filter/Discrete_FIR_Filter_out_tmp[1]__11_n_106
    DSP48_X0Y44          DSP48E1 (Prop_dsp48e1_PCIN[47]_PCOUT[47])
                                                      1.713    34.833 r  u_Discrete_FIR_Filter/Discrete_FIR_Filter_out_tmp[1]__12/PCOUT[47]
                         net (fo=1, routed)           0.002    34.835    u_Discrete_FIR_Filter/Discrete_FIR_Filter_out_tmp[1]__12_n_106
    DSP48_X0Y45          DSP48E1 (Prop_dsp48e1_PCIN[47]_PCOUT[47])
                                                      1.713    36.548 r  u_Discrete_FIR_Filter/Discrete_FIR_Filter_out_tmp[1]__13/PCOUT[47]
                         net (fo=1, routed)           0.002    36.550    u_Discrete_FIR_Filter/Discrete_FIR_Filter_out_tmp[1]__13_n_106
    DSP48_X0Y46          DSP48E1 (Prop_dsp48e1_PCIN[47]_PCOUT[47])
                                                      1.713    38.263 r  u_Discrete_FIR_Filter/Discrete_FIR_Filter_out_tmp[1]__14/PCOUT[47]
                         net (fo=1, routed)           0.002    38.265    u_Discrete_FIR_Filter/Discrete_FIR_Filter_out_tmp[1]__14_n_106
    DSP48_X0Y47          DSP48E1 (Prop_dsp48e1_PCIN[47]_PCOUT[47])
                                                      1.713    39.978 r  u_Discrete_FIR_Filter/Discrete_FIR_Filter_out_tmp[1]__15/PCOUT[47]
                         net (fo=1, routed)           0.002    39.980    u_Discrete_FIR_Filter/Discrete_FIR_Filter_out_tmp[1]__15_n_106
    DSP48_X0Y48          DSP48E1 (Prop_dsp48e1_PCIN[47]_PCOUT[47])
                                                      1.713    41.693 r  u_Discrete_FIR_Filter/Discrete_FIR_Filter_out_tmp[1]__16/PCOUT[47]
                         net (fo=1, routed)           0.002    41.695    u_Discrete_FIR_Filter/Discrete_FIR_Filter_out_tmp[1]__16_n_106
    DSP48_X0Y49          DSP48E1 (Prop_dsp48e1_PCIN[47]_PCOUT[47])
                                                      1.713    43.408 r  u_Discrete_FIR_Filter/Discrete_FIR_Filter_out_tmp[1]__17/PCOUT[47]
                         net (fo=1, routed)           0.056    43.463    u_Discrete_FIR_Filter/Discrete_FIR_Filter_out_tmp[1]__17_n_106
    DSP48_X0Y50          DSP48E1 (Prop_dsp48e1_PCIN[47]_PCOUT[47])
                                                      1.713    45.176 r  u_Discrete_FIR_Filter/Discrete_FIR_Filter_out_tmp[1]__18/PCOUT[47]
                         net (fo=1, routed)           0.002    45.178    u_Discrete_FIR_Filter/Discrete_FIR_Filter_out_tmp[1]__18_n_106
    DSP48_X0Y51          DSP48E1 (Prop_dsp48e1_PCIN[47]_P[12])
                                                      1.518    46.696 r  u_Discrete_FIR_Filter/Discrete_FIR_Filter_out_tmp[1]__19/P[12]
                         net (fo=0)                   0.973    47.669    Out1_1[12]
                                                                      r  Out1_1[12] (OUT)
  -------------------------------------------------------------------    -------------------

Slack:                    inf
  Source:                 u_Discrete_FIR_Filter/delay21_reg[1][5]/C
                            (rising edge-triggered cell FDCE clocked by MWCLK  {rise@0.000ns fall@20.000ns period=40.000ns})
  Destination:            Out1_1[13]
                            (output port)
  Path Group:             (none)
  Path Type:              Max at Slow Process Corner
  Data Path Delay:        46.696ns  (logic 41.542ns (88.962%)  route 5.154ns (11.038%))
  Logic Levels:           26  (CARRY4=3 DSP48E1=22 LUT2=1)
  Clock Uncertainty:      0.025ns  ((TSJ^2 + TIJ^2)^1/2 + DJ) / 2 + PE
    Total System Jitter     (TSJ):    0.050ns
    Total Input Jitter      (TIJ):    0.000ns
    Discrete Jitter          (DJ):    0.000ns
    Phase Error              (PE):    0.000ns

    Location             Delay type                Incr(ns)  Path(ns)    Netlist Resource(s)
  -------------------------------------------------------------------    -------------------
                         (clock MWCLK rise edge)      0.000     0.000 r  
                                                      0.000     0.000 r  clk (IN)
                         net (fo=1375, unset)         0.973     0.973    u_Discrete_FIR_Filter/clk
    SLICE_X55Y92         FDCE                                         r  u_Discrete_FIR_Filter/delay21_reg[1][5]/C
  -------------------------------------------------------------------    -------------------
    SLICE_X55Y92         FDCE (Prop_fdce_C_Q)         0.456     1.429 r  u_Discrete_FIR_Filter/delay21_reg[1][5]/Q
                         net (fo=3, routed)           1.093     2.522    u_Discrete_FIR_Filter/delay21_reg[1][5]
    SLICE_X56Y93         LUT2 (Prop_lut2_I0_O)        0.124     2.646 r  u_Discrete_FIR_Filter/gain21_mul_temp_1_i_15/O
                         net (fo=1, routed)           0.000     2.646    u_Discrete_FIR_Filter/gain21_mul_temp_1_i_15_n_0
    SLICE_X56Y93         CARRY4 (Prop_carry4_S[1]_CO[3])
                                                      0.533     3.179 r  u_Discrete_FIR_Filter/gain21_mul_temp_1_i_3/CO[3]
                         net (fo=1, routed)           0.000     3.179    u_Discrete_FIR_Filter/gain21_mul_temp_1_i_3_n_0
    SLICE_X56Y94         CARRY4 (Prop_carry4_CI_CO[3])
                                                      0.117     3.296 r  u_Discrete_FIR_Filter/gain21_mul_temp_1_i_2/CO[3]
                         net (fo=1, routed)           0.000     3.296    u_Discrete_FIR_Filter/gain21_mul_temp_1_i_2_n_0
    SLICE_X56Y95         CARRY4 (Prop_carry4_CI_O[3])
                                                      0.315     3.611 r  u_Discrete_FIR_Filter/gain21_mul_temp_1_i_1/O[3]
                         net (fo=15, routed)          2.993     6.604    u_Discrete_FIR_Filter/gain21_mul_temp_1_i_1_n_4
    DSP48_X0Y30          DSP48E1 (Prop_dsp48e1_A[23]_PCOUT[47])
                                                      4.219    10.823 r  u_Discrete_FIR_Filter/gain21_mul_temp_1/PCOUT[47]
                         net (fo=1, routed)           0.002    10.825    u_Discrete_FIR_Filter/gain21_mul_temp_1_n_106
    DSP48_X0Y31          DSP48E1 (Prop_dsp48e1_PCIN[47]_PCOUT[47])
                                                      1.713    12.538 r  u_Discrete_FIR_Filter/Discrete_FIR_Filter_out_tmp[1]/PCOUT[47]
                         net (fo=1, routed)           0.002    12.540    u_Discrete_FIR_Filter/Discrete_FIR_Filter_out_tmp_n_106_[1]
    DSP48_X0Y32          DSP48E1 (Prop_dsp48e1_PCIN[47]_PCOUT[47])
                                                      1.713    14.253 r  u_Discrete_FIR_Filter/Discrete_FIR_Filter_out_tmp[1]__0/PCOUT[47]
                         net (fo=1, routed)           0.002    14.255    u_Discrete_FIR_Filter/Discrete_FIR_Filter_out_tmp[1]__0_n_106
    DSP48_X0Y33          DSP48E1 (Prop_dsp48e1_PCIN[47]_PCOUT[47])
                                                      1.713    15.968 r  u_Discrete_FIR_Filter/Discrete_FIR_Filter_out_tmp[1]__1/PCOUT[47]
                         net (fo=1, routed)           0.002    15.970    u_Discrete_FIR_Filter/Discrete_FIR_Filter_out_tmp[1]__1_n_106
    DSP48_X0Y34          DSP48E1 (Prop_dsp48e1_PCIN[47]_PCOUT[47])
                                                      1.713    17.683 r  u_Discrete_FIR_Filter/Discrete_FIR_Filter_out_tmp[1]__2/PCOUT[47]
                         net (fo=1, routed)           0.002    17.685    u_Discrete_FIR_Filter/Discrete_FIR_Filter_out_tmp[1]__2_n_106
    DSP48_X0Y35          DSP48E1 (Prop_dsp48e1_PCIN[47]_PCOUT[47])
                                                      1.713    19.398 r  u_Discrete_FIR_Filter/Discrete_FIR_Filter_out_tmp[1]__3/PCOUT[47]
                         net (fo=1, routed)           0.002    19.400    u_Discrete_FIR_Filter/Discrete_FIR_Filter_out_tmp[1]__3_n_106
    DSP48_X0Y36          DSP48E1 (Prop_dsp48e1_PCIN[47]_PCOUT[47])
                                                      1.713    21.113 r  u_Discrete_FIR_Filter/Discrete_FIR_Filter_out_tmp[1]__4/PCOUT[47]
                         net (fo=1, routed)           0.002    21.115    u_Discrete_FIR_Filter/Discrete_FIR_Filter_out_tmp[1]__4_n_106
    DSP48_X0Y37          DSP48E1 (Prop_dsp48e1_PCIN[47]_PCOUT[47])
                                                      1.713    22.828 r  u_Discrete_FIR_Filter/Discrete_FIR_Filter_out_tmp[1]__5/PCOUT[47]
                         net (fo=1, routed)           0.002    22.830    u_Discrete_FIR_Filter/Discrete_FIR_Filter_out_tmp[1]__5_n_106
    DSP48_X0Y38          DSP48E1 (Prop_dsp48e1_PCIN[47]_PCOUT[47])
                                                      1.713    24.543 r  u_Discrete_FIR_Filter/Discrete_FIR_Filter_out_tmp[1]__6/PCOUT[47]
                         net (fo=1, routed)           0.002    24.545    u_Discrete_FIR_Filter/Discrete_FIR_Filter_out_tmp[1]__6_n_106
    DSP48_X0Y39          DSP48E1 (Prop_dsp48e1_PCIN[47]_PCOUT[47])
                                                      1.713    26.258 r  u_Discrete_FIR_Filter/Discrete_FIR_Filter_out_tmp[1]__7/PCOUT[47]
                         net (fo=1, routed)           0.002    26.260    u_Discrete_FIR_Filter/Discrete_FIR_Filter_out_tmp[1]__7_n_106
    DSP48_X0Y40          DSP48E1 (Prop_dsp48e1_PCIN[47]_PCOUT[47])
                                                      1.713    27.973 r  u_Discrete_FIR_Filter/Discrete_FIR_Filter_out_tmp[1]__8/PCOUT[47]
                         net (fo=1, routed)           0.002    27.975    u_Discrete_FIR_Filter/Discrete_FIR_Filter_out_tmp[1]__8_n_106
    DSP48_X0Y41          DSP48E1 (Prop_dsp48e1_PCIN[47]_PCOUT[47])
                                                      1.713    29.688 r  u_Discrete_FIR_Filter/Discrete_FIR_Filter_out_tmp[1]__9/PCOUT[47]
                         net (fo=1, routed)           0.002    29.690    u_Discrete_FIR_Filter/Discrete_FIR_Filter_out_tmp[1]__9_n_106
    DSP48_X0Y42          DSP48E1 (Prop_dsp48e1_PCIN[47]_PCOUT[47])
                                                      1.713    31.403 r  u_Discrete_FIR_Filter/Discrete_FIR_Filter_out_tmp[1]__10/PCOUT[47]
                         net (fo=1, routed)           0.002    31.405    u_Discrete_FIR_Filter/Discrete_FIR_Filter_out_tmp[1]__10_n_106
    DSP48_X0Y43          DSP48E1 (Prop_dsp48e1_PCIN[47]_PCOUT[47])
                                                      1.713    33.118 r  u_Discrete_FIR_Filter/Discrete_FIR_Filter_out_tmp[1]__11/PCOUT[47]
                         net (fo=1, routed)           0.002    33.120    u_Discrete_FIR_Filter/Discrete_FIR_Filter_out_tmp[1]__11_n_106
    DSP48_X0Y44          DSP48E1 (Prop_dsp48e1_PCIN[47]_PCOUT[47])
                                                      1.713    34.833 r  u_Discrete_FIR_Filter/Discrete_FIR_Filter_out_tmp[1]__12/PCOUT[47]
                         net (fo=1, routed)           0.002    34.835    u_Discrete_FIR_Filter/Discrete_FIR_Filter_out_tmp[1]__12_n_106
    DSP48_X0Y45          DSP48E1 (Prop_dsp48e1_PCIN[47]_PCOUT[47])
                                                      1.713    36.548 r  u_Discrete_FIR_Filter/Discrete_FIR_Filter_out_tmp[1]__13/PCOUT[47]
                         net (fo=1, routed)           0.002    36.550    u_Discrete_FIR_Filter/Discrete_FIR_Filter_out_tmp[1]__13_n_106
    DSP48_X0Y46          DSP48E1 (Prop_dsp48e1_PCIN[47]_PCOUT[47])
                                                      1.713    38.263 r  u_Discrete_FIR_Filter/Discrete_FIR_Filter_out_tmp[1]__14/PCOUT[47]
                         net (fo=1, routed)           0.002    38.265    u_Discrete_FIR_Filter/Discrete_FIR_Filter_out_tmp[1]__14_n_106
    DSP48_X0Y47          DSP48E1 (Prop_dsp48e1_PCIN[47]_PCOUT[47])
                                                      1.713    39.978 r  u_Discrete_FIR_Filter/Discrete_FIR_Filter_out_tmp[1]__15/PCOUT[47]
                         net (fo=1, routed)           0.002    39.980    u_Discrete_FIR_Filter/Discrete_FIR_Filter_out_tmp[1]__15_n_106
    DSP48_X0Y48          DSP48E1 (Prop_dsp48e1_PCIN[47]_PCOUT[47])
                                                      1.713    41.693 r  u_Discrete_FIR_Filter/Discrete_FIR_Filter_out_tmp[1]__16/PCOUT[47]
                         net (fo=1, routed)           0.002    41.695    u_Discrete_FIR_Filter/Discrete_FIR_Filter_out_tmp[1]__16_n_106
    DSP48_X0Y49          DSP48E1 (Prop_dsp48e1_PCIN[47]_PCOUT[47])
                                                      1.713    43.408 r  u_Discrete_FIR_Filter/Discrete_FIR_Filter_out_tmp[1]__17/PCOUT[47]
                         net (fo=1, routed)           0.056    43.463    u_Discrete_FIR_Filter/Discrete_FIR_Filter_out_tmp[1]__17_n_106
    DSP48_X0Y50          DSP48E1 (Prop_dsp48e1_PCIN[47]_PCOUT[47])
                                                      1.713    45.176 r  u_Discrete_FIR_Filter/Discrete_FIR_Filter_out_tmp[1]__18/PCOUT[47]
                         net (fo=1, routed)           0.002    45.178    u_Discrete_FIR_Filter/Discrete_FIR_Filter_out_tmp[1]__18_n_106
    DSP48_X0Y51          DSP48E1 (Prop_dsp48e1_PCIN[47]_P[13])
                                                      1.518    46.696 r  u_Discrete_FIR_Filter/Discrete_FIR_Filter_out_tmp[1]__19/P[13]
                         net (fo=0)                   0.973    47.669    Out1_1[13]
                                                                      r  Out1_1[13] (OUT)
  -------------------------------------------------------------------    -------------------

Slack:                    inf
  Source:                 u_Discrete_FIR_Filter/delay21_reg[1][5]/C
                            (rising edge-triggered cell FDCE clocked by MWCLK  {rise@0.000ns fall@20.000ns period=40.000ns})
  Destination:            Out1_1[14]
                            (output port)
  Path Group:             (none)
  Path Type:              Max at Slow Process Corner
  Data Path Delay:        46.696ns  (logic 41.542ns (88.962%)  route 5.154ns (11.038%))
  Logic Levels:           26  (CARRY4=3 DSP48E1=22 LUT2=1)
  Clock Uncertainty:      0.025ns  ((TSJ^2 + TIJ^2)^1/2 + DJ) / 2 + PE
    Total System Jitter     (TSJ):    0.050ns
    Total Input Jitter      (TIJ):    0.000ns
    Discrete Jitter          (DJ):    0.000ns
    Phase Error              (PE):    0.000ns

    Location             Delay type                Incr(ns)  Path(ns)    Netlist Resource(s)
  -------------------------------------------------------------------    -------------------
                         (clock MWCLK rise edge)      0.000     0.000 r  
                                                      0.000     0.000 r  clk (IN)
                         net (fo=1375, unset)         0.973     0.973    u_Discrete_FIR_Filter/clk
    SLICE_X55Y92         FDCE                                         r  u_Discrete_FIR_Filter/delay21_reg[1][5]/C
  -------------------------------------------------------------------    -------------------
    SLICE_X55Y92         FDCE (Prop_fdce_C_Q)         0.456     1.429 r  u_Discrete_FIR_Filter/delay21_reg[1][5]/Q
                         net (fo=3, routed)           1.093     2.522    u_Discrete_FIR_Filter/delay21_reg[1][5]
    SLICE_X56Y93         LUT2 (Prop_lut2_I0_O)        0.124     2.646 r  u_Discrete_FIR_Filter/gain21_mul_temp_1_i_15/O
                         net (fo=1, routed)           0.000     2.646    u_Discrete_FIR_Filter/gain21_mul_temp_1_i_15_n_0
    SLICE_X56Y93         CARRY4 (Prop_carry4_S[1]_CO[3])
                                                      0.533     3.179 r  u_Discrete_FIR_Filter/gain21_mul_temp_1_i_3/CO[3]
                         net (fo=1, routed)           0.000     3.179    u_Discrete_FIR_Filter/gain21_mul_temp_1_i_3_n_0
    SLICE_X56Y94         CARRY4 (Prop_carry4_CI_CO[3])
                                                      0.117     3.296 r  u_Discrete_FIR_Filter/gain21_mul_temp_1_i_2/CO[3]
                         net (fo=1, routed)           0.000     3.296    u_Discrete_FIR_Filter/gain21_mul_temp_1_i_2_n_0
    SLICE_X56Y95         CARRY4 (Prop_carry4_CI_O[3])
                                                      0.315     3.611 r  u_Discrete_FIR_Filter/gain21_mul_temp_1_i_1/O[3]
                         net (fo=15, routed)          2.993     6.604    u_Discrete_FIR_Filter/gain21_mul_temp_1_i_1_n_4
    DSP48_X0Y30          DSP48E1 (Prop_dsp48e1_A[23]_PCOUT[47])
                                                      4.219    10.823 r  u_Discrete_FIR_Filter/gain21_mul_temp_1/PCOUT[47]
                         net (fo=1, routed)           0.002    10.825    u_Discrete_FIR_Filter/gain21_mul_temp_1_n_106
    DSP48_X0Y31          DSP48E1 (Prop_dsp48e1_PCIN[47]_PCOUT[47])
                                                      1.713    12.538 r  u_Discrete_FIR_Filter/Discrete_FIR_Filter_out_tmp[1]/PCOUT[47]
                         net (fo=1, routed)           0.002    12.540    u_Discrete_FIR_Filter/Discrete_FIR_Filter_out_tmp_n_106_[1]
    DSP48_X0Y32          DSP48E1 (Prop_dsp48e1_PCIN[47]_PCOUT[47])
                                                      1.713    14.253 r  u_Discrete_FIR_Filter/Discrete_FIR_Filter_out_tmp[1]__0/PCOUT[47]
                         net (fo=1, routed)           0.002    14.255    u_Discrete_FIR_Filter/Discrete_FIR_Filter_out_tmp[1]__0_n_106
    DSP48_X0Y33          DSP48E1 (Prop_dsp48e1_PCIN[47]_PCOUT[47])
                                                      1.713    15.968 r  u_Discrete_FIR_Filter/Discrete_FIR_Filter_out_tmp[1]__1/PCOUT[47]
                         net (fo=1, routed)           0.002    15.970    u_Discrete_FIR_Filter/Discrete_FIR_Filter_out_tmp[1]__1_n_106
    DSP48_X0Y34          DSP48E1 (Prop_dsp48e1_PCIN[47]_PCOUT[47])
                                                      1.713    17.683 r  u_Discrete_FIR_Filter/Discrete_FIR_Filter_out_tmp[1]__2/PCOUT[47]
                         net (fo=1, routed)           0.002    17.685    u_Discrete_FIR_Filter/Discrete_FIR_Filter_out_tmp[1]__2_n_106
    DSP48_X0Y35          DSP48E1 (Prop_dsp48e1_PCIN[47]_PCOUT[47])
                                                      1.713    19.398 r  u_Discrete_FIR_Filter/Discrete_FIR_Filter_out_tmp[1]__3/PCOUT[47]
                         net (fo=1, routed)           0.002    19.400    u_Discrete_FIR_Filter/Discrete_FIR_Filter_out_tmp[1]__3_n_106
    DSP48_X0Y36          DSP48E1 (Prop_dsp48e1_PCIN[47]_PCOUT[47])
                                                      1.713    21.113 r  u_Discrete_FIR_Filter/Discrete_FIR_Filter_out_tmp[1]__4/PCOUT[47]
                         net (fo=1, routed)           0.002    21.115    u_Discrete_FIR_Filter/Discrete_FIR_Filter_out_tmp[1]__4_n_106
    DSP48_X0Y37          DSP48E1 (Prop_dsp48e1_PCIN[47]_PCOUT[47])
                                                      1.713    22.828 r  u_Discrete_FIR_Filter/Discrete_FIR_Filter_out_tmp[1]__5/PCOUT[47]
                         net (fo=1, routed)           0.002    22.830    u_Discrete_FIR_Filter/Discrete_FIR_Filter_out_tmp[1]__5_n_106
    DSP48_X0Y38          DSP48E1 (Prop_dsp48e1_PCIN[47]_PCOUT[47])
                                                      1.713    24.543 r  u_Discrete_FIR_Filter/Discrete_FIR_Filter_out_tmp[1]__6/PCOUT[47]
                         net (fo=1, routed)           0.002    24.545    u_Discrete_FIR_Filter/Discrete_FIR_Filter_out_tmp[1]__6_n_106
    DSP48_X0Y39          DSP48E1 (Prop_dsp48e1_PCIN[47]_PCOUT[47])
                                                      1.713    26.258 r  u_Discrete_FIR_Filter/Discrete_FIR_Filter_out_tmp[1]__7/PCOUT[47]
                         net (fo=1, routed)           0.002    26.260    u_Discrete_FIR_Filter/Discrete_FIR_Filter_out_tmp[1]__7_n_106
    DSP48_X0Y40          DSP48E1 (Prop_dsp48e1_PCIN[47]_PCOUT[47])
                                                      1.713    27.973 r  u_Discrete_FIR_Filter/Discrete_FIR_Filter_out_tmp[1]__8/PCOUT[47]
                         net (fo=1, routed)           0.002    27.975    u_Discrete_FIR_Filter/Discrete_FIR_Filter_out_tmp[1]__8_n_106
    DSP48_X0Y41          DSP48E1 (Prop_dsp48e1_PCIN[47]_PCOUT[47])
                                                      1.713    29.688 r  u_Discrete_FIR_Filter/Discrete_FIR_Filter_out_tmp[1]__9/PCOUT[47]
                         net (fo=1, routed)           0.002    29.690    u_Discrete_FIR_Filter/Discrete_FIR_Filter_out_tmp[1]__9_n_106
    DSP48_X0Y42          DSP48E1 (Prop_dsp48e1_PCIN[47]_PCOUT[47])
                                                      1.713    31.403 r  u_Discrete_FIR_Filter/Discrete_FIR_Filter_out_tmp[1]__10/PCOUT[47]
                         net (fo=1, routed)           0.002    31.405    u_Discrete_FIR_Filter/Discrete_FIR_Filter_out_tmp[1]__10_n_106
    DSP48_X0Y43          DSP48E1 (Prop_dsp48e1_PCIN[47]_PCOUT[47])
                                                      1.713    33.118 r  u_Discrete_FIR_Filter/Discrete_FIR_Filter_out_tmp[1]__11/PCOUT[47]
                         net (fo=1, routed)           0.002    33.120    u_Discrete_FIR_Filter/Discrete_FIR_Filter_out_tmp[1]__11_n_106
    DSP48_X0Y44          DSP48E1 (Prop_dsp48e1_PCIN[47]_PCOUT[47])
                                                      1.713    34.833 r  u_Discrete_FIR_Filter/Discrete_FIR_Filter_out_tmp[1]__12/PCOUT[47]
                         net (fo=1, routed)           0.002    34.835    u_Discrete_FIR_Filter/Discrete_FIR_Filter_out_tmp[1]__12_n_106
    DSP48_X0Y45          DSP48E1 (Prop_dsp48e1_PCIN[47]_PCOUT[47])
                                                      1.713    36.548 r  u_Discrete_FIR_Filter/Discrete_FIR_Filter_out_tmp[1]__13/PCOUT[47]
                         net (fo=1, routed)           0.002    36.550    u_Discrete_FIR_Filter/Discrete_FIR_Filter_out_tmp[1]__13_n_106
    DSP48_X0Y46          DSP48E1 (Prop_dsp48e1_PCIN[47]_PCOUT[47])
                                                      1.713    38.263 r  u_Discrete_FIR_Filter/Discrete_FIR_Filter_out_tmp[1]__14/PCOUT[47]
                         net (fo=1, routed)           0.002    38.265    u_Discrete_FIR_Filter/Discrete_FIR_Filter_out_tmp[1]__14_n_106
    DSP48_X0Y47          DSP48E1 (Prop_dsp48e1_PCIN[47]_PCOUT[47])
                                                      1.713    39.978 r  u_Discrete_FIR_Filter/Discrete_FIR_Filter_out_tmp[1]__15/PCOUT[47]
                         net (fo=1, routed)           0.002    39.980    u_Discrete_FIR_Filter/Discrete_FIR_Filter_out_tmp[1]__15_n_106
    DSP48_X0Y48          DSP48E1 (Prop_dsp48e1_PCIN[47]_PCOUT[47])
                                                      1.713    41.693 r  u_Discrete_FIR_Filter/Discrete_FIR_Filter_out_tmp[1]__16/PCOUT[47]
                         net (fo=1, routed)           0.002    41.695    u_Discrete_FIR_Filter/Discrete_FIR_Filter_out_tmp[1]__16_n_106
    DSP48_X0Y49          DSP48E1 (Prop_dsp48e1_PCIN[47]_PCOUT[47])
                                                      1.713    43.408 r  u_Discrete_FIR_Filter/Discrete_FIR_Filter_out_tmp[1]__17/PCOUT[47]
                         net (fo=1, routed)           0.056    43.463    u_Discrete_FIR_Filter/Discrete_FIR_Filter_out_tmp[1]__17_n_106
    DSP48_X0Y50          DSP48E1 (Prop_dsp48e1_PCIN[47]_PCOUT[47])
                                                      1.713    45.176 r  u_Discrete_FIR_Filter/Discrete_FIR_Filter_out_tmp[1]__18/PCOUT[47]
                         net (fo=1, routed)           0.002    45.178    u_Discrete_FIR_Filter/Discrete_FIR_Filter_out_tmp[1]__18_n_106
    DSP48_X0Y51          DSP48E1 (Prop_dsp48e1_PCIN[47]_P[14])
                                                      1.518    46.696 r  u_Discrete_FIR_Filter/Discrete_FIR_Filter_out_tmp[1]__19/P[14]
                         net (fo=0)                   0.973    47.669    Out1_1[14]
                                                                      r  Out1_1[14] (OUT)
  -------------------------------------------------------------------    -------------------

Slack:                    inf
  Source:                 u_Discrete_FIR_Filter/delay21_reg[1][5]/C
                            (rising edge-triggered cell FDCE clocked by MWCLK  {rise@0.000ns fall@20.000ns period=40.000ns})
  Destination:            Out1_1[15]
                            (output port)
  Path Group:             (none)
  Path Type:              Max at Slow Process Corner
  Data Path Delay:        46.696ns  (logic 41.542ns (88.962%)  route 5.154ns (11.038%))
  Logic Levels:           26  (CARRY4=3 DSP48E1=22 LUT2=1)
  Clock Uncertainty:      0.025ns  ((TSJ^2 + TIJ^2)^1/2 + DJ) / 2 + PE
    Total System Jitter     (TSJ):    0.050ns
    Total Input Jitter      (TIJ):    0.000ns
    Discrete Jitter          (DJ):    0.000ns
    Phase Error              (PE):    0.000ns

    Location             Delay type                Incr(ns)  Path(ns)    Netlist Resource(s)
  -------------------------------------------------------------------    -------------------
                         (clock MWCLK rise edge)      0.000     0.000 r  
                                                      0.000     0.000 r  clk (IN)
                         net (fo=1375, unset)         0.973     0.973    u_Discrete_FIR_Filter/clk
    SLICE_X55Y92         FDCE                                         r  u_Discrete_FIR_Filter/delay21_reg[1][5]/C
  -------------------------------------------------------------------    -------------------
    SLICE_X55Y92         FDCE (Prop_fdce_C_Q)         0.456     1.429 r  u_Discrete_FIR_Filter/delay21_reg[1][5]/Q
                         net (fo=3, routed)           1.093     2.522    u_Discrete_FIR_Filter/delay21_reg[1][5]
    SLICE_X56Y93         LUT2 (Prop_lut2_I0_O)        0.124     2.646 r  u_Discrete_FIR_Filter/gain21_mul_temp_1_i_15/O
                         net (fo=1, routed)           0.000     2.646    u_Discrete_FIR_Filter/gain21_mul_temp_1_i_15_n_0
    SLICE_X56Y93         CARRY4 (Prop_carry4_S[1]_CO[3])
                                                      0.533     3.179 r  u_Discrete_FIR_Filter/gain21_mul_temp_1_i_3/CO[3]
                         net (fo=1, routed)           0.000     3.179    u_Discrete_FIR_Filter/gain21_mul_temp_1_i_3_n_0
    SLICE_X56Y94         CARRY4 (Prop_carry4_CI_CO[3])
                                                      0.117     3.296 r  u_Discrete_FIR_Filter/gain21_mul_temp_1_i_2/CO[3]
                         net (fo=1, routed)           0.000     3.296    u_Discrete_FIR_Filter/gain21_mul_temp_1_i_2_n_0
    SLICE_X56Y95         CARRY4 (Prop_carry4_CI_O[3])
                                                      0.315     3.611 r  u_Discrete_FIR_Filter/gain21_mul_temp_1_i_1/O[3]
                         net (fo=15, routed)          2.993     6.604    u_Discrete_FIR_Filter/gain21_mul_temp_1_i_1_n_4
    DSP48_X0Y30          DSP48E1 (Prop_dsp48e1_A[23]_PCOUT[47])
                                                      4.219    10.823 r  u_Discrete_FIR_Filter/gain21_mul_temp_1/PCOUT[47]
                         net (fo=1, routed)           0.002    10.825    u_Discrete_FIR_Filter/gain21_mul_temp_1_n_106
    DSP48_X0Y31          DSP48E1 (Prop_dsp48e1_PCIN[47]_PCOUT[47])
                                                      1.713    12.538 r  u_Discrete_FIR_Filter/Discrete_FIR_Filter_out_tmp[1]/PCOUT[47]
                         net (fo=1, routed)           0.002    12.540    u_Discrete_FIR_Filter/Discrete_FIR_Filter_out_tmp_n_106_[1]
    DSP48_X0Y32          DSP48E1 (Prop_dsp48e1_PCIN[47]_PCOUT[47])
                                                      1.713    14.253 r  u_Discrete_FIR_Filter/Discrete_FIR_Filter_out_tmp[1]__0/PCOUT[47]
                         net (fo=1, routed)           0.002    14.255    u_Discrete_FIR_Filter/Discrete_FIR_Filter_out_tmp[1]__0_n_106
    DSP48_X0Y33          DSP48E1 (Prop_dsp48e1_PCIN[47]_PCOUT[47])
                                                      1.713    15.968 r  u_Discrete_FIR_Filter/Discrete_FIR_Filter_out_tmp[1]__1/PCOUT[47]
                         net (fo=1, routed)           0.002    15.970    u_Discrete_FIR_Filter/Discrete_FIR_Filter_out_tmp[1]__1_n_106
    DSP48_X0Y34          DSP48E1 (Prop_dsp48e1_PCIN[47]_PCOUT[47])
                                                      1.713    17.683 r  u_Discrete_FIR_Filter/Discrete_FIR_Filter_out_tmp[1]__2/PCOUT[47]
                         net (fo=1, routed)           0.002    17.685    u_Discrete_FIR_Filter/Discrete_FIR_Filter_out_tmp[1]__2_n_106
    DSP48_X0Y35          DSP48E1 (Prop_dsp48e1_PCIN[47]_PCOUT[47])
                                                      1.713    19.398 r  u_Discrete_FIR_Filter/Discrete_FIR_Filter_out_tmp[1]__3/PCOUT[47]
                         net (fo=1, routed)           0.002    19.400    u_Discrete_FIR_Filter/Discrete_FIR_Filter_out_tmp[1]__3_n_106
    DSP48_X0Y36          DSP48E1 (Prop_dsp48e1_PCIN[47]_PCOUT[47])
                                                      1.713    21.113 r  u_Discrete_FIR_Filter/Discrete_FIR_Filter_out_tmp[1]__4/PCOUT[47]
                         net (fo=1, routed)           0.002    21.115    u_Discrete_FIR_Filter/Discrete_FIR_Filter_out_tmp[1]__4_n_106
    DSP48_X0Y37          DSP48E1 (Prop_dsp48e1_PCIN[47]_PCOUT[47])
                                                      1.713    22.828 r  u_Discrete_FIR_Filter/Discrete_FIR_Filter_out_tmp[1]__5/PCOUT[47]
                         net (fo=1, routed)           0.002    22.830    u_Discrete_FIR_Filter/Discrete_FIR_Filter_out_tmp[1]__5_n_106
    DSP48_X0Y38          DSP48E1 (Prop_dsp48e1_PCIN[47]_PCOUT[47])
                                                      1.713    24.543 r  u_Discrete_FIR_Filter/Discrete_FIR_Filter_out_tmp[1]__6/PCOUT[47]
                         net (fo=1, routed)           0.002    24.545    u_Discrete_FIR_Filter/Discrete_FIR_Filter_out_tmp[1]__6_n_106
    DSP48_X0Y39          DSP48E1 (Prop_dsp48e1_PCIN[47]_PCOUT[47])
                                                      1.713    26.258 r  u_Discrete_FIR_Filter/Discrete_FIR_Filter_out_tmp[1]__7/PCOUT[47]
                         net (fo=1, routed)           0.002    26.260    u_Discrete_FIR_Filter/Discrete_FIR_Filter_out_tmp[1]__7_n_106
    DSP48_X0Y40          DSP48E1 (Prop_dsp48e1_PCIN[47]_PCOUT[47])
                                                      1.713    27.973 r  u_Discrete_FIR_Filter/Discrete_FIR_Filter_out_tmp[1]__8/PCOUT[47]
                         net (fo=1, routed)           0.002    27.975    u_Discrete_FIR_Filter/Discrete_FIR_Filter_out_tmp[1]__8_n_106
    DSP48_X0Y41          DSP48E1 (Prop_dsp48e1_PCIN[47]_PCOUT[47])
                                                      1.713    29.688 r  u_Discrete_FIR_Filter/Discrete_FIR_Filter_out_tmp[1]__9/PCOUT[47]
                         net (fo=1, routed)           0.002    29.690    u_Discrete_FIR_Filter/Discrete_FIR_Filter_out_tmp[1]__9_n_106
    DSP48_X0Y42          DSP48E1 (Prop_dsp48e1_PCIN[47]_PCOUT[47])
                                                      1.713    31.403 r  u_Discrete_FIR_Filter/Discrete_FIR_Filter_out_tmp[1]__10/PCOUT[47]
                         net (fo=1, routed)           0.002    31.405    u_Discrete_FIR_Filter/Discrete_FIR_Filter_out_tmp[1]__10_n_106
    DSP48_X0Y43          DSP48E1 (Prop_dsp48e1_PCIN[47]_PCOUT[47])
                                                      1.713    33.118 r  u_Discrete_FIR_Filter/Discrete_FIR_Filter_out_tmp[1]__11/PCOUT[47]
                         net (fo=1, routed)           0.002    33.120    u_Discrete_FIR_Filter/Discrete_FIR_Filter_out_tmp[1]__11_n_106
    DSP48_X0Y44          DSP48E1 (Prop_dsp48e1_PCIN[47]_PCOUT[47])
                                                      1.713    34.833 r  u_Discrete_FIR_Filter/Discrete_FIR_Filter_out_tmp[1]__12/PCOUT[47]
                         net (fo=1, routed)           0.002    34.835    u_Discrete_FIR_Filter/Discrete_FIR_Filter_out_tmp[1]__12_n_106
    DSP48_X0Y45          DSP48E1 (Prop_dsp48e1_PCIN[47]_PCOUT[47])
                                                      1.713    36.548 r  u_Discrete_FIR_Filter/Discrete_FIR_Filter_out_tmp[1]__13/PCOUT[47]
                         net (fo=1, routed)           0.002    36.550    u_Discrete_FIR_Filter/Discrete_FIR_Filter_out_tmp[1]__13_n_106
    DSP48_X0Y46          DSP48E1 (Prop_dsp48e1_PCIN[47]_PCOUT[47])
                                                      1.713    38.263 r  u_Discrete_FIR_Filter/Discrete_FIR_Filter_out_tmp[1]__14/PCOUT[47]
                         net (fo=1, routed)           0.002    38.265    u_Discrete_FIR_Filter/Discrete_FIR_Filter_out_tmp[1]__14_n_106
    DSP48_X0Y47          DSP48E1 (Prop_dsp48e1_PCIN[47]_PCOUT[47])
                                                      1.713    39.978 r  u_Discrete_FIR_Filter/Discrete_FIR_Filter_out_tmp[1]__15/PCOUT[47]
                         net (fo=1, routed)           0.002    39.980    u_Discrete_FIR_Filter/Discrete_FIR_Filter_out_tmp[1]__15_n_106
    DSP48_X0Y48          DSP48E1 (Prop_dsp48e1_PCIN[47]_PCOUT[47])
                                                      1.713    41.693 r  u_Discrete_FIR_Filter/Discrete_FIR_Filter_out_tmp[1]__16/PCOUT[47]
                         net (fo=1, routed)           0.002    41.695    u_Discrete_FIR_Filter/Discrete_FIR_Filter_out_tmp[1]__16_n_106
    DSP48_X0Y49          DSP48E1 (Prop_dsp48e1_PCIN[47]_PCOUT[47])
                                                      1.713    43.408 r  u_Discrete_FIR_Filter/Discrete_FIR_Filter_out_tmp[1]__17/PCOUT[47]
                         net (fo=1, routed)           0.056    43.463    u_Discrete_FIR_Filter/Discrete_FIR_Filter_out_tmp[1]__17_n_106
    DSP48_X0Y50          DSP48E1 (Prop_dsp48e1_PCIN[47]_PCOUT[47])
                                                      1.713    45.176 r  u_Discrete_FIR_Filter/Discrete_FIR_Filter_out_tmp[1]__18/PCOUT[47]
                         net (fo=1, routed)           0.002    45.178    u_Discrete_FIR_Filter/Discrete_FIR_Filter_out_tmp[1]__18_n_106
    DSP48_X0Y51          DSP48E1 (Prop_dsp48e1_PCIN[47]_P[15])
                                                      1.518    46.696 r  u_Discrete_FIR_Filter/Discrete_FIR_Filter_out_tmp[1]__19/P[15]
                         net (fo=0)                   0.973    47.669    Out1_1[15]
                                                                      r  Out1_1[15] (OUT)
  -------------------------------------------------------------------    -------------------

Slack:                    inf
  Source:                 u_Discrete_FIR_Filter/delay21_reg[1][5]/C
                            (rising edge-triggered cell FDCE clocked by MWCLK  {rise@0.000ns fall@20.000ns period=40.000ns})
  Destination:            Out1_1[16]
                            (output port)
  Path Group:             (none)
  Path Type:              Max at Slow Process Corner
  Data Path Delay:        46.696ns  (logic 41.542ns (88.962%)  route 5.154ns (11.038%))
  Logic Levels:           26  (CARRY4=3 DSP48E1=22 LUT2=1)
  Clock Uncertainty:      0.025ns  ((TSJ^2 + TIJ^2)^1/2 + DJ) / 2 + PE
    Total System Jitter     (TSJ):    0.050ns
    Total Input Jitter      (TIJ):    0.000ns
    Discrete Jitter          (DJ):    0.000ns
    Phase Error              (PE):    0.000ns

    Location             Delay type                Incr(ns)  Path(ns)    Netlist Resource(s)
  -------------------------------------------------------------------    -------------------
                         (clock MWCLK rise edge)      0.000     0.000 r  
                                                      0.000     0.000 r  clk (IN)
                         net (fo=1375, unset)         0.973     0.973    u_Discrete_FIR_Filter/clk
    SLICE_X55Y92         FDCE                                         r  u_Discrete_FIR_Filter/delay21_reg[1][5]/C
  -------------------------------------------------------------------    -------------------
    SLICE_X55Y92         FDCE (Prop_fdce_C_Q)         0.456     1.429 r  u_Discrete_FIR_Filter/delay21_reg[1][5]/Q
                         net (fo=3, routed)           1.093     2.522    u_Discrete_FIR_Filter/delay21_reg[1][5]
    SLICE_X56Y93         LUT2 (Prop_lut2_I0_O)        0.124     2.646 r  u_Discrete_FIR_Filter/gain21_mul_temp_1_i_15/O
                         net (fo=1, routed)           0.000     2.646    u_Discrete_FIR_Filter/gain21_mul_temp_1_i_15_n_0
    SLICE_X56Y93         CARRY4 (Prop_carry4_S[1]_CO[3])
                                                      0.533     3.179 r  u_Discrete_FIR_Filter/gain21_mul_temp_1_i_3/CO[3]
                         net (fo=1, routed)           0.000     3.179    u_Discrete_FIR_Filter/gain21_mul_temp_1_i_3_n_0
    SLICE_X56Y94         CARRY4 (Prop_carry4_CI_CO[3])
                                                      0.117     3.296 r  u_Discrete_FIR_Filter/gain21_mul_temp_1_i_2/CO[3]
                         net (fo=1, routed)           0.000     3.296    u_Discrete_FIR_Filter/gain21_mul_temp_1_i_2_n_0
    SLICE_X56Y95         CARRY4 (Prop_carry4_CI_O[3])
                                                      0.315     3.611 r  u_Discrete_FIR_Filter/gain21_mul_temp_1_i_1/O[3]
                         net (fo=15, routed)          2.993     6.604    u_Discrete_FIR_Filter/gain21_mul_temp_1_i_1_n_4
    DSP48_X0Y30          DSP48E1 (Prop_dsp48e1_A[23]_PCOUT[47])
                                                      4.219    10.823 r  u_Discrete_FIR_Filter/gain21_mul_temp_1/PCOUT[47]
                         net (fo=1, routed)           0.002    10.825    u_Discrete_FIR_Filter/gain21_mul_temp_1_n_106
    DSP48_X0Y31          DSP48E1 (Prop_dsp48e1_PCIN[47]_PCOUT[47])
                                                      1.713    12.538 r  u_Discrete_FIR_Filter/Discrete_FIR_Filter_out_tmp[1]/PCOUT[47]
                         net (fo=1, routed)           0.002    12.540    u_Discrete_FIR_Filter/Discrete_FIR_Filter_out_tmp_n_106_[1]
    DSP48_X0Y32          DSP48E1 (Prop_dsp48e1_PCIN[47]_PCOUT[47])
                                                      1.713    14.253 r  u_Discrete_FIR_Filter/Discrete_FIR_Filter_out_tmp[1]__0/PCOUT[47]
                         net (fo=1, routed)           0.002    14.255    u_Discrete_FIR_Filter/Discrete_FIR_Filter_out_tmp[1]__0_n_106
    DSP48_X0Y33          DSP48E1 (Prop_dsp48e1_PCIN[47]_PCOUT[47])
                                                      1.713    15.968 r  u_Discrete_FIR_Filter/Discrete_FIR_Filter_out_tmp[1]__1/PCOUT[47]
                         net (fo=1, routed)           0.002    15.970    u_Discrete_FIR_Filter/Discrete_FIR_Filter_out_tmp[1]__1_n_106
    DSP48_X0Y34          DSP48E1 (Prop_dsp48e1_PCIN[47]_PCOUT[47])
                                                      1.713    17.683 r  u_Discrete_FIR_Filter/Discrete_FIR_Filter_out_tmp[1]__2/PCOUT[47]
                         net (fo=1, routed)           0.002    17.685    u_Discrete_FIR_Filter/Discrete_FIR_Filter_out_tmp[1]__2_n_106
    DSP48_X0Y35          DSP48E1 (Prop_dsp48e1_PCIN[47]_PCOUT[47])
                                                      1.713    19.398 r  u_Discrete_FIR_Filter/Discrete_FIR_Filter_out_tmp[1]__3/PCOUT[47]
                         net (fo=1, routed)           0.002    19.400    u_Discrete_FIR_Filter/Discrete_FIR_Filter_out_tmp[1]__3_n_106
    DSP48_X0Y36          DSP48E1 (Prop_dsp48e1_PCIN[47]_PCOUT[47])
                                                      1.713    21.113 r  u_Discrete_FIR_Filter/Discrete_FIR_Filter_out_tmp[1]__4/PCOUT[47]
                         net (fo=1, routed)           0.002    21.115    u_Discrete_FIR_Filter/Discrete_FIR_Filter_out_tmp[1]__4_n_106
    DSP48_X0Y37          DSP48E1 (Prop_dsp48e1_PCIN[47]_PCOUT[47])
                                                      1.713    22.828 r  u_Discrete_FIR_Filter/Discrete_FIR_Filter_out_tmp[1]__5/PCOUT[47]
                         net (fo=1, routed)           0.002    22.830    u_Discrete_FIR_Filter/Discrete_FIR_Filter_out_tmp[1]__5_n_106
    DSP48_X0Y38          DSP48E1 (Prop_dsp48e1_PCIN[47]_PCOUT[47])
                                                      1.713    24.543 r  u_Discrete_FIR_Filter/Discrete_FIR_Filter_out_tmp[1]__6/PCOUT[47]
                         net (fo=1, routed)           0.002    24.545    u_Discrete_FIR_Filter/Discrete_FIR_Filter_out_tmp[1]__6_n_106
    DSP48_X0Y39          DSP48E1 (Prop_dsp48e1_PCIN[47]_PCOUT[47])
                                                      1.713    26.258 r  u_Discrete_FIR_Filter/Discrete_FIR_Filter_out_tmp[1]__7/PCOUT[47]
                         net (fo=1, routed)           0.002    26.260    u_Discrete_FIR_Filter/Discrete_FIR_Filter_out_tmp[1]__7_n_106
    DSP48_X0Y40          DSP48E1 (Prop_dsp48e1_PCIN[47]_PCOUT[47])
                                                      1.713    27.973 r  u_Discrete_FIR_Filter/Discrete_FIR_Filter_out_tmp[1]__8/PCOUT[47]
                         net (fo=1, routed)           0.002    27.975    u_Discrete_FIR_Filter/Discrete_FIR_Filter_out_tmp[1]__8_n_106
    DSP48_X0Y41          DSP48E1 (Prop_dsp48e1_PCIN[47]_PCOUT[47])
                                                      1.713    29.688 r  u_Discrete_FIR_Filter/Discrete_FIR_Filter_out_tmp[1]__9/PCOUT[47]
                         net (fo=1, routed)           0.002    29.690    u_Discrete_FIR_Filter/Discrete_FIR_Filter_out_tmp[1]__9_n_106
    DSP48_X0Y42          DSP48E1 (Prop_dsp48e1_PCIN[47]_PCOUT[47])
                                                      1.713    31.403 r  u_Discrete_FIR_Filter/Discrete_FIR_Filter_out_tmp[1]__10/PCOUT[47]
                         net (fo=1, routed)           0.002    31.405    u_Discrete_FIR_Filter/Discrete_FIR_Filter_out_tmp[1]__10_n_106
    DSP48_X0Y43          DSP48E1 (Prop_dsp48e1_PCIN[47]_PCOUT[47])
                                                      1.713    33.118 r  u_Discrete_FIR_Filter/Discrete_FIR_Filter_out_tmp[1]__11/PCOUT[47]
                         net (fo=1, routed)           0.002    33.120    u_Discrete_FIR_Filter/Discrete_FIR_Filter_out_tmp[1]__11_n_106
    DSP48_X0Y44          DSP48E1 (Prop_dsp48e1_PCIN[47]_PCOUT[47])
                                                      1.713    34.833 r  u_Discrete_FIR_Filter/Discrete_FIR_Filter_out_tmp[1]__12/PCOUT[47]
                         net (fo=1, routed)           0.002    34.835    u_Discrete_FIR_Filter/Discrete_FIR_Filter_out_tmp[1]__12_n_106
    DSP48_X0Y45          DSP48E1 (Prop_dsp48e1_PCIN[47]_PCOUT[47])
                                                      1.713    36.548 r  u_Discrete_FIR_Filter/Discrete_FIR_Filter_out_tmp[1]__13/PCOUT[47]
                         net (fo=1, routed)           0.002    36.550    u_Discrete_FIR_Filter/Discrete_FIR_Filter_out_tmp[1]__13_n_106
    DSP48_X0Y46          DSP48E1 (Prop_dsp48e1_PCIN[47]_PCOUT[47])
                                                      1.713    38.263 r  u_Discrete_FIR_Filter/Discrete_FIR_Filter_out_tmp[1]__14/PCOUT[47]
                         net (fo=1, routed)           0.002    38.265    u_Discrete_FIR_Filter/Discrete_FIR_Filter_out_tmp[1]__14_n_106
    DSP48_X0Y47          DSP48E1 (Prop_dsp48e1_PCIN[47]_PCOUT[47])
                                                      1.713    39.978 r  u_Discrete_FIR_Filter/Discrete_FIR_Filter_out_tmp[1]__15/PCOUT[47]
                         net (fo=1, routed)           0.002    39.980    u_Discrete_FIR_Filter/Discrete_FIR_Filter_out_tmp[1]__15_n_106
    DSP48_X0Y48          DSP48E1 (Prop_dsp48e1_PCIN[47]_PCOUT[47])
                                                      1.713    41.693 r  u_Discrete_FIR_Filter/Discrete_FIR_Filter_out_tmp[1]__16/PCOUT[47]
                         net (fo=1, routed)           0.002    41.695    u_Discrete_FIR_Filter/Discrete_FIR_Filter_out_tmp[1]__16_n_106
    DSP48_X0Y49          DSP48E1 (Prop_dsp48e1_PCIN[47]_PCOUT[47])
                                                      1.713    43.408 r  u_Discrete_FIR_Filter/Discrete_FIR_Filter_out_tmp[1]__17/PCOUT[47]
                         net (fo=1, routed)           0.056    43.463    u_Discrete_FIR_Filter/Discrete_FIR_Filter_out_tmp[1]__17_n_106
    DSP48_X0Y50          DSP48E1 (Prop_dsp48e1_PCIN[47]_PCOUT[47])
                                                      1.713    45.176 r  u_Discrete_FIR_Filter/Discrete_FIR_Filter_out_tmp[1]__18/PCOUT[47]
                         net (fo=1, routed)           0.002    45.178    u_Discrete_FIR_Filter/Discrete_FIR_Filter_out_tmp[1]__18_n_106
    DSP48_X0Y51          DSP48E1 (Prop_dsp48e1_PCIN[47]_P[16])
                                                      1.518    46.696 r  u_Discrete_FIR_Filter/Discrete_FIR_Filter_out_tmp[1]__19/P[16]
                         net (fo=0)                   0.973    47.669    Out1_1[16]
                                                                      r  Out1_1[16] (OUT)
  -------------------------------------------------------------------    -------------------

Slack:                    inf
  Source:                 u_Discrete_FIR_Filter/delay21_reg[1][5]/C
                            (rising edge-triggered cell FDCE clocked by MWCLK  {rise@0.000ns fall@20.000ns period=40.000ns})
  Destination:            Out1_1[17]
                            (output port)
  Path Group:             (none)
  Path Type:              Max at Slow Process Corner
  Data Path Delay:        46.696ns  (logic 41.542ns (88.962%)  route 5.154ns (11.038%))
  Logic Levels:           26  (CARRY4=3 DSP48E1=22 LUT2=1)
  Clock Uncertainty:      0.025ns  ((TSJ^2 + TIJ^2)^1/2 + DJ) / 2 + PE
    Total System Jitter     (TSJ):    0.050ns
    Total Input Jitter      (TIJ):    0.000ns
    Discrete Jitter          (DJ):    0.000ns
    Phase Error              (PE):    0.000ns

    Location             Delay type                Incr(ns)  Path(ns)    Netlist Resource(s)
  -------------------------------------------------------------------    -------------------
                         (clock MWCLK rise edge)      0.000     0.000 r  
                                                      0.000     0.000 r  clk (IN)
                         net (fo=1375, unset)         0.973     0.973    u_Discrete_FIR_Filter/clk
    SLICE_X55Y92         FDCE                                         r  u_Discrete_FIR_Filter/delay21_reg[1][5]/C
  -------------------------------------------------------------------    -------------------
    SLICE_X55Y92         FDCE (Prop_fdce_C_Q)         0.456     1.429 r  u_Discrete_FIR_Filter/delay21_reg[1][5]/Q
                         net (fo=3, routed)           1.093     2.522    u_Discrete_FIR_Filter/delay21_reg[1][5]
    SLICE_X56Y93         LUT2 (Prop_lut2_I0_O)        0.124     2.646 r  u_Discrete_FIR_Filter/gain21_mul_temp_1_i_15/O
                         net (fo=1, routed)           0.000     2.646    u_Discrete_FIR_Filter/gain21_mul_temp_1_i_15_n_0
    SLICE_X56Y93         CARRY4 (Prop_carry4_S[1]_CO[3])
                                                      0.533     3.179 r  u_Discrete_FIR_Filter/gain21_mul_temp_1_i_3/CO[3]
                         net (fo=1, routed)           0.000     3.179    u_Discrete_FIR_Filter/gain21_mul_temp_1_i_3_n_0
    SLICE_X56Y94         CARRY4 (Prop_carry4_CI_CO[3])
                                                      0.117     3.296 r  u_Discrete_FIR_Filter/gain21_mul_temp_1_i_2/CO[3]
                         net (fo=1, routed)           0.000     3.296    u_Discrete_FIR_Filter/gain21_mul_temp_1_i_2_n_0
    SLICE_X56Y95         CARRY4 (Prop_carry4_CI_O[3])
                                                      0.315     3.611 r  u_Discrete_FIR_Filter/gain21_mul_temp_1_i_1/O[3]
                         net (fo=15, routed)          2.993     6.604    u_Discrete_FIR_Filter/gain21_mul_temp_1_i_1_n_4
    DSP48_X0Y30          DSP48E1 (Prop_dsp48e1_A[23]_PCOUT[47])
                                                      4.219    10.823 r  u_Discrete_FIR_Filter/gain21_mul_temp_1/PCOUT[47]
                         net (fo=1, routed)           0.002    10.825    u_Discrete_FIR_Filter/gain21_mul_temp_1_n_106
    DSP48_X0Y31          DSP48E1 (Prop_dsp48e1_PCIN[47]_PCOUT[47])
                                                      1.713    12.538 r  u_Discrete_FIR_Filter/Discrete_FIR_Filter_out_tmp[1]/PCOUT[47]
                         net (fo=1, routed)           0.002    12.540    u_Discrete_FIR_Filter/Discrete_FIR_Filter_out_tmp_n_106_[1]
    DSP48_X0Y32          DSP48E1 (Prop_dsp48e1_PCIN[47]_PCOUT[47])
                                                      1.713    14.253 r  u_Discrete_FIR_Filter/Discrete_FIR_Filter_out_tmp[1]__0/PCOUT[47]
                         net (fo=1, routed)           0.002    14.255    u_Discrete_FIR_Filter/Discrete_FIR_Filter_out_tmp[1]__0_n_106
    DSP48_X0Y33          DSP48E1 (Prop_dsp48e1_PCIN[47]_PCOUT[47])
                                                      1.713    15.968 r  u_Discrete_FIR_Filter/Discrete_FIR_Filter_out_tmp[1]__1/PCOUT[47]
                         net (fo=1, routed)           0.002    15.970    u_Discrete_FIR_Filter/Discrete_FIR_Filter_out_tmp[1]__1_n_106
    DSP48_X0Y34          DSP48E1 (Prop_dsp48e1_PCIN[47]_PCOUT[47])
                                                      1.713    17.683 r  u_Discrete_FIR_Filter/Discrete_FIR_Filter_out_tmp[1]__2/PCOUT[47]
                         net (fo=1, routed)           0.002    17.685    u_Discrete_FIR_Filter/Discrete_FIR_Filter_out_tmp[1]__2_n_106
    DSP48_X0Y35          DSP48E1 (Prop_dsp48e1_PCIN[47]_PCOUT[47])
                                                      1.713    19.398 r  u_Discrete_FIR_Filter/Discrete_FIR_Filter_out_tmp[1]__3/PCOUT[47]
                         net (fo=1, routed)           0.002    19.400    u_Discrete_FIR_Filter/Discrete_FIR_Filter_out_tmp[1]__3_n_106
    DSP48_X0Y36          DSP48E1 (Prop_dsp48e1_PCIN[47]_PCOUT[47])
                                                      1.713    21.113 r  u_Discrete_FIR_Filter/Discrete_FIR_Filter_out_tmp[1]__4/PCOUT[47]
                         net (fo=1, routed)           0.002    21.115    u_Discrete_FIR_Filter/Discrete_FIR_Filter_out_tmp[1]__4_n_106
    DSP48_X0Y37          DSP48E1 (Prop_dsp48e1_PCIN[47]_PCOUT[47])
                                                      1.713    22.828 r  u_Discrete_FIR_Filter/Discrete_FIR_Filter_out_tmp[1]__5/PCOUT[47]
                         net (fo=1, routed)           0.002    22.830    u_Discrete_FIR_Filter/Discrete_FIR_Filter_out_tmp[1]__5_n_106
    DSP48_X0Y38          DSP48E1 (Prop_dsp48e1_PCIN[47]_PCOUT[47])
                                                      1.713    24.543 r  u_Discrete_FIR_Filter/Discrete_FIR_Filter_out_tmp[1]__6/PCOUT[47]
                         net (fo=1, routed)           0.002    24.545    u_Discrete_FIR_Filter/Discrete_FIR_Filter_out_tmp[1]__6_n_106
    DSP48_X0Y39          DSP48E1 (Prop_dsp48e1_PCIN[47]_PCOUT[47])
                                                      1.713    26.258 r  u_Discrete_FIR_Filter/Discrete_FIR_Filter_out_tmp[1]__7/PCOUT[47]
                         net (fo=1, routed)           0.002    26.260    u_Discrete_FIR_Filter/Discrete_FIR_Filter_out_tmp[1]__7_n_106
    DSP48_X0Y40          DSP48E1 (Prop_dsp48e1_PCIN[47]_PCOUT[47])
                                                      1.713    27.973 r  u_Discrete_FIR_Filter/Discrete_FIR_Filter_out_tmp[1]__8/PCOUT[47]
                         net (fo=1, routed)           0.002    27.975    u_Discrete_FIR_Filter/Discrete_FIR_Filter_out_tmp[1]__8_n_106
    DSP48_X0Y41          DSP48E1 (Prop_dsp48e1_PCIN[47]_PCOUT[47])
                                                      1.713    29.688 r  u_Discrete_FIR_Filter/Discrete_FIR_Filter_out_tmp[1]__9/PCOUT[47]
                         net (fo=1, routed)           0.002    29.690    u_Discrete_FIR_Filter/Discrete_FIR_Filter_out_tmp[1]__9_n_106
    DSP48_X0Y42          DSP48E1 (Prop_dsp48e1_PCIN[47]_PCOUT[47])
                                                      1.713    31.403 r  u_Discrete_FIR_Filter/Discrete_FIR_Filter_out_tmp[1]__10/PCOUT[47]
                         net (fo=1, routed)           0.002    31.405    u_Discrete_FIR_Filter/Discrete_FIR_Filter_out_tmp[1]__10_n_106
    DSP48_X0Y43          DSP48E1 (Prop_dsp48e1_PCIN[47]_PCOUT[47])
                                                      1.713    33.118 r  u_Discrete_FIR_Filter/Discrete_FIR_Filter_out_tmp[1]__11/PCOUT[47]
                         net (fo=1, routed)           0.002    33.120    u_Discrete_FIR_Filter/Discrete_FIR_Filter_out_tmp[1]__11_n_106
    DSP48_X0Y44          DSP48E1 (Prop_dsp48e1_PCIN[47]_PCOUT[47])
                                                      1.713    34.833 r  u_Discrete_FIR_Filter/Discrete_FIR_Filter_out_tmp[1]__12/PCOUT[47]
                         net (fo=1, routed)           0.002    34.835    u_Discrete_FIR_Filter/Discrete_FIR_Filter_out_tmp[1]__12_n_106
    DSP48_X0Y45          DSP48E1 (Prop_dsp48e1_PCIN[47]_PCOUT[47])
                                                      1.713    36.548 r  u_Discrete_FIR_Filter/Discrete_FIR_Filter_out_tmp[1]__13/PCOUT[47]
                         net (fo=1, routed)           0.002    36.550    u_Discrete_FIR_Filter/Discrete_FIR_Filter_out_tmp[1]__13_n_106
    DSP48_X0Y46          DSP48E1 (Prop_dsp48e1_PCIN[47]_PCOUT[47])
                                                      1.713    38.263 r  u_Discrete_FIR_Filter/Discrete_FIR_Filter_out_tmp[1]__14/PCOUT[47]
                         net (fo=1, routed)           0.002    38.265    u_Discrete_FIR_Filter/Discrete_FIR_Filter_out_tmp[1]__14_n_106
    DSP48_X0Y47          DSP48E1 (Prop_dsp48e1_PCIN[47]_PCOUT[47])
                                                      1.713    39.978 r  u_Discrete_FIR_Filter/Discrete_FIR_Filter_out_tmp[1]__15/PCOUT[47]
                         net (fo=1, routed)           0.002    39.980    u_Discrete_FIR_Filter/Discrete_FIR_Filter_out_tmp[1]__15_n_106
    DSP48_X0Y48          DSP48E1 (Prop_dsp48e1_PCIN[47]_PCOUT[47])
                                                      1.713    41.693 r  u_Discrete_FIR_Filter/Discrete_FIR_Filter_out_tmp[1]__16/PCOUT[47]
                         net (fo=1, routed)           0.002    41.695    u_Discrete_FIR_Filter/Discrete_FIR_Filter_out_tmp[1]__16_n_106
    DSP48_X0Y49          DSP48E1 (Prop_dsp48e1_PCIN[47]_PCOUT[47])
                                                      1.713    43.408 r  u_Discrete_FIR_Filter/Discrete_FIR_Filter_out_tmp[1]__17/PCOUT[47]
                         net (fo=1, routed)           0.056    43.463    u_Discrete_FIR_Filter/Discrete_FIR_Filter_out_tmp[1]__17_n_106
    DSP48_X0Y50          DSP48E1 (Prop_dsp48e1_PCIN[47]_PCOUT[47])
                                                      1.713    45.176 r  u_Discrete_FIR_Filter/Discrete_FIR_Filter_out_tmp[1]__18/PCOUT[47]
                         net (fo=1, routed)           0.002    45.178    u_Discrete_FIR_Filter/Discrete_FIR_Filter_out_tmp[1]__18_n_106
    DSP48_X0Y51          DSP48E1 (Prop_dsp48e1_PCIN[47]_P[17])
                                                      1.518    46.696 r  u_Discrete_FIR_Filter/Discrete_FIR_Filter_out_tmp[1]__19/P[17]
                         net (fo=0)                   0.973    47.669    Out1_1[17]
                                                                      r  Out1_1[17] (OUT)
  -------------------------------------------------------------------    -------------------

Slack:                    inf
  Source:                 u_Discrete_FIR_Filter/delay21_reg[1][5]/C
                            (rising edge-triggered cell FDCE clocked by MWCLK  {rise@0.000ns fall@20.000ns period=40.000ns})
  Destination:            Out1_1[18]
                            (output port)
  Path Group:             (none)
  Path Type:              Max at Slow Process Corner
  Data Path Delay:        46.696ns  (logic 41.542ns (88.962%)  route 5.154ns (11.038%))
  Logic Levels:           26  (CARRY4=3 DSP48E1=22 LUT2=1)
  Clock Uncertainty:      0.025ns  ((TSJ^2 + TIJ^2)^1/2 + DJ) / 2 + PE
    Total System Jitter     (TSJ):    0.050ns
    Total Input Jitter      (TIJ):    0.000ns
    Discrete Jitter          (DJ):    0.000ns
    Phase Error              (PE):    0.000ns

    Location             Delay type                Incr(ns)  Path(ns)    Netlist Resource(s)
  -------------------------------------------------------------------    -------------------
                         (clock MWCLK rise edge)      0.000     0.000 r  
                                                      0.000     0.000 r  clk (IN)
                         net (fo=1375, unset)         0.973     0.973    u_Discrete_FIR_Filter/clk
    SLICE_X55Y92         FDCE                                         r  u_Discrete_FIR_Filter/delay21_reg[1][5]/C
  -------------------------------------------------------------------    -------------------
    SLICE_X55Y92         FDCE (Prop_fdce_C_Q)         0.456     1.429 r  u_Discrete_FIR_Filter/delay21_reg[1][5]/Q
                         net (fo=3, routed)           1.093     2.522    u_Discrete_FIR_Filter/delay21_reg[1][5]
    SLICE_X56Y93         LUT2 (Prop_lut2_I0_O)        0.124     2.646 r  u_Discrete_FIR_Filter/gain21_mul_temp_1_i_15/O
                         net (fo=1, routed)           0.000     2.646    u_Discrete_FIR_Filter/gain21_mul_temp_1_i_15_n_0
    SLICE_X56Y93         CARRY4 (Prop_carry4_S[1]_CO[3])
                                                      0.533     3.179 r  u_Discrete_FIR_Filter/gain21_mul_temp_1_i_3/CO[3]
                         net (fo=1, routed)           0.000     3.179    u_Discrete_FIR_Filter/gain21_mul_temp_1_i_3_n_0
    SLICE_X56Y94         CARRY4 (Prop_carry4_CI_CO[3])
                                                      0.117     3.296 r  u_Discrete_FIR_Filter/gain21_mul_temp_1_i_2/CO[3]
                         net (fo=1, routed)           0.000     3.296    u_Discrete_FIR_Filter/gain21_mul_temp_1_i_2_n_0
    SLICE_X56Y95         CARRY4 (Prop_carry4_CI_O[3])
                                                      0.315     3.611 r  u_Discrete_FIR_Filter/gain21_mul_temp_1_i_1/O[3]
                         net (fo=15, routed)          2.993     6.604    u_Discrete_FIR_Filter/gain21_mul_temp_1_i_1_n_4
    DSP48_X0Y30          DSP48E1 (Prop_dsp48e1_A[23]_PCOUT[47])
                                                      4.219    10.823 r  u_Discrete_FIR_Filter/gain21_mul_temp_1/PCOUT[47]
                         net (fo=1, routed)           0.002    10.825    u_Discrete_FIR_Filter/gain21_mul_temp_1_n_106
    DSP48_X0Y31          DSP48E1 (Prop_dsp48e1_PCIN[47]_PCOUT[47])
                                                      1.713    12.538 r  u_Discrete_FIR_Filter/Discrete_FIR_Filter_out_tmp[1]/PCOUT[47]
                         net (fo=1, routed)           0.002    12.540    u_Discrete_FIR_Filter/Discrete_FIR_Filter_out_tmp_n_106_[1]
    DSP48_X0Y32          DSP48E1 (Prop_dsp48e1_PCIN[47]_PCOUT[47])
                                                      1.713    14.253 r  u_Discrete_FIR_Filter/Discrete_FIR_Filter_out_tmp[1]__0/PCOUT[47]
                         net (fo=1, routed)           0.002    14.255    u_Discrete_FIR_Filter/Discrete_FIR_Filter_out_tmp[1]__0_n_106
    DSP48_X0Y33          DSP48E1 (Prop_dsp48e1_PCIN[47]_PCOUT[47])
                                                      1.713    15.968 r  u_Discrete_FIR_Filter/Discrete_FIR_Filter_out_tmp[1]__1/PCOUT[47]
                         net (fo=1, routed)           0.002    15.970    u_Discrete_FIR_Filter/Discrete_FIR_Filter_out_tmp[1]__1_n_106
    DSP48_X0Y34          DSP48E1 (Prop_dsp48e1_PCIN[47]_PCOUT[47])
                                                      1.713    17.683 r  u_Discrete_FIR_Filter/Discrete_FIR_Filter_out_tmp[1]__2/PCOUT[47]
                         net (fo=1, routed)           0.002    17.685    u_Discrete_FIR_Filter/Discrete_FIR_Filter_out_tmp[1]__2_n_106
    DSP48_X0Y35          DSP48E1 (Prop_dsp48e1_PCIN[47]_PCOUT[47])
                                                      1.713    19.398 r  u_Discrete_FIR_Filter/Discrete_FIR_Filter_out_tmp[1]__3/PCOUT[47]
                         net (fo=1, routed)           0.002    19.400    u_Discrete_FIR_Filter/Discrete_FIR_Filter_out_tmp[1]__3_n_106
    DSP48_X0Y36          DSP48E1 (Prop_dsp48e1_PCIN[47]_PCOUT[47])
                                                      1.713    21.113 r  u_Discrete_FIR_Filter/Discrete_FIR_Filter_out_tmp[1]__4/PCOUT[47]
                         net (fo=1, routed)           0.002    21.115    u_Discrete_FIR_Filter/Discrete_FIR_Filter_out_tmp[1]__4_n_106
    DSP48_X0Y37          DSP48E1 (Prop_dsp48e1_PCIN[47]_PCOUT[47])
                                                      1.713    22.828 r  u_Discrete_FIR_Filter/Discrete_FIR_Filter_out_tmp[1]__5/PCOUT[47]
                         net (fo=1, routed)           0.002    22.830    u_Discrete_FIR_Filter/Discrete_FIR_Filter_out_tmp[1]__5_n_106
    DSP48_X0Y38          DSP48E1 (Prop_dsp48e1_PCIN[47]_PCOUT[47])
                                                      1.713    24.543 r  u_Discrete_FIR_Filter/Discrete_FIR_Filter_out_tmp[1]__6/PCOUT[47]
                         net (fo=1, routed)           0.002    24.545    u_Discrete_FIR_Filter/Discrete_FIR_Filter_out_tmp[1]__6_n_106
    DSP48_X0Y39          DSP48E1 (Prop_dsp48e1_PCIN[47]_PCOUT[47])
                                                      1.713    26.258 r  u_Discrete_FIR_Filter/Discrete_FIR_Filter_out_tmp[1]__7/PCOUT[47]
                         net (fo=1, routed)           0.002    26.260    u_Discrete_FIR_Filter/Discrete_FIR_Filter_out_tmp[1]__7_n_106
    DSP48_X0Y40          DSP48E1 (Prop_dsp48e1_PCIN[47]_PCOUT[47])
                                                      1.713    27.973 r  u_Discrete_FIR_Filter/Discrete_FIR_Filter_out_tmp[1]__8/PCOUT[47]
                         net (fo=1, routed)           0.002    27.975    u_Discrete_FIR_Filter/Discrete_FIR_Filter_out_tmp[1]__8_n_106
    DSP48_X0Y41          DSP48E1 (Prop_dsp48e1_PCIN[47]_PCOUT[47])
                                                      1.713    29.688 r  u_Discrete_FIR_Filter/Discrete_FIR_Filter_out_tmp[1]__9/PCOUT[47]
                         net (fo=1, routed)           0.002    29.690    u_Discrete_FIR_Filter/Discrete_FIR_Filter_out_tmp[1]__9_n_106
    DSP48_X0Y42          DSP48E1 (Prop_dsp48e1_PCIN[47]_PCOUT[47])
                                                      1.713    31.403 r  u_Discrete_FIR_Filter/Discrete_FIR_Filter_out_tmp[1]__10/PCOUT[47]
                         net (fo=1, routed)           0.002    31.405    u_Discrete_FIR_Filter/Discrete_FIR_Filter_out_tmp[1]__10_n_106
    DSP48_X0Y43          DSP48E1 (Prop_dsp48e1_PCIN[47]_PCOUT[47])
                                                      1.713    33.118 r  u_Discrete_FIR_Filter/Discrete_FIR_Filter_out_tmp[1]__11/PCOUT[47]
                         net (fo=1, routed)           0.002    33.120    u_Discrete_FIR_Filter/Discrete_FIR_Filter_out_tmp[1]__11_n_106
    DSP48_X0Y44          DSP48E1 (Prop_dsp48e1_PCIN[47]_PCOUT[47])
                                                      1.713    34.833 r  u_Discrete_FIR_Filter/Discrete_FIR_Filter_out_tmp[1]__12/PCOUT[47]
                         net (fo=1, routed)           0.002    34.835    u_Discrete_FIR_Filter/Discrete_FIR_Filter_out_tmp[1]__12_n_106
    DSP48_X0Y45          DSP48E1 (Prop_dsp48e1_PCIN[47]_PCOUT[47])
                                                      1.713    36.548 r  u_Discrete_FIR_Filter/Discrete_FIR_Filter_out_tmp[1]__13/PCOUT[47]
                         net (fo=1, routed)           0.002    36.550    u_Discrete_FIR_Filter/Discrete_FIR_Filter_out_tmp[1]__13_n_106
    DSP48_X0Y46          DSP48E1 (Prop_dsp48e1_PCIN[47]_PCOUT[47])
                                                      1.713    38.263 r  u_Discrete_FIR_Filter/Discrete_FIR_Filter_out_tmp[1]__14/PCOUT[47]
                         net (fo=1, routed)           0.002    38.265    u_Discrete_FIR_Filter/Discrete_FIR_Filter_out_tmp[1]__14_n_106
    DSP48_X0Y47          DSP48E1 (Prop_dsp48e1_PCIN[47]_PCOUT[47])
                                                      1.713    39.978 r  u_Discrete_FIR_Filter/Discrete_FIR_Filter_out_tmp[1]__15/PCOUT[47]
                         net (fo=1, routed)           0.002    39.980    u_Discrete_FIR_Filter/Discrete_FIR_Filter_out_tmp[1]__15_n_106
    DSP48_X0Y48          DSP48E1 (Prop_dsp48e1_PCIN[47]_PCOUT[47])
                                                      1.713    41.693 r  u_Discrete_FIR_Filter/Discrete_FIR_Filter_out_tmp[1]__16/PCOUT[47]
                         net (fo=1, routed)           0.002    41.695    u_Discrete_FIR_Filter/Discrete_FIR_Filter_out_tmp[1]__16_n_106
    DSP48_X0Y49          DSP48E1 (Prop_dsp48e1_PCIN[47]_PCOUT[47])
                                                      1.713    43.408 r  u_Discrete_FIR_Filter/Discrete_FIR_Filter_out_tmp[1]__17/PCOUT[47]
                         net (fo=1, routed)           0.056    43.463    u_Discrete_FIR_Filter/Discrete_FIR_Filter_out_tmp[1]__17_n_106
    DSP48_X0Y50          DSP48E1 (Prop_dsp48e1_PCIN[47]_PCOUT[47])
                                                      1.713    45.176 r  u_Discrete_FIR_Filter/Discrete_FIR_Filter_out_tmp[1]__18/PCOUT[47]
                         net (fo=1, routed)           0.002    45.178    u_Discrete_FIR_Filter/Discrete_FIR_Filter_out_tmp[1]__18_n_106
    DSP48_X0Y51          DSP48E1 (Prop_dsp48e1_PCIN[47]_P[18])
                                                      1.518    46.696 r  u_Discrete_FIR_Filter/Discrete_FIR_Filter_out_tmp[1]__19/P[18]
                         net (fo=0)                   0.973    47.669    Out1_1[18]
                                                                      r  Out1_1[18] (OUT)
  -------------------------------------------------------------------    -------------------





Min Delay Paths
--------------------------------------------------------------------------------------
Slack:                    inf
  Source:                 u_Discrete_FIR_Filter/delay42_reg[0][13]/C
                            (rising edge-triggered cell FDCE clocked by MWCLK  {rise@0.000ns fall@20.000ns period=40.000ns})
  Destination:            Out1_0[0]
                            (output port)
  Path Group:             (none)
  Path Type:              Min at Fast Process Corner
  Data Path Delay:        2.244ns  (logic 0.924ns (41.181%)  route 1.320ns (58.819%))
  Logic Levels:           3  (CARRY4=1 DSP48E1=1 LUT2=1)
  Clock Uncertainty:      0.025ns  ((TSJ^2 + TIJ^2)^1/2 + DJ) / 2 + PE
    Total System Jitter     (TSJ):    0.050ns
    Total Input Jitter      (TIJ):    0.000ns
    Discrete Jitter          (DJ):    0.000ns
    Phase Error              (PE):    0.000ns

    Location             Delay type                Incr(ns)  Path(ns)    Netlist Resource(s)
  -------------------------------------------------------------------    -------------------
                         (clock MWCLK rise edge)      0.000     0.000 r  
                                                      0.000     0.000 r  clk (IN)
                         net (fo=1375, unset)         0.410     0.410    u_Discrete_FIR_Filter/clk
    SLICE_X15Y114        FDCE                                         r  u_Discrete_FIR_Filter/delay42_reg[0][13]/C
  -------------------------------------------------------------------    -------------------
    SLICE_X15Y114        FDCE (Prop_fdce_C_Q)         0.141     0.551 r  u_Discrete_FIR_Filter/delay42_reg[0][13]/Q
                         net (fo=2, routed)           0.103     0.654    u_Discrete_FIR_Filter/delay42_reg[0][13]
    SLICE_X14Y114        LUT2 (Prop_lut2_I1_O)        0.045     0.699 r  u_Discrete_FIR_Filter/Discrete_FIR_Filter_out_tmp[0]__19_i_7/O
                         net (fo=1, routed)           0.000     0.699    u_Discrete_FIR_Filter/Discrete_FIR_Filter_out_tmp[0]__19_i_7_n_0
    SLICE_X14Y114        CARRY4 (Prop_carry4_S[1]_O[1])
                                                      0.066     0.765 r  u_Discrete_FIR_Filter/Discrete_FIR_Filter_out_tmp[0]__19_i_1/O[1]
                         net (fo=1, routed)           0.806     1.572    u_Discrete_FIR_Filter/A[13]
    DSP48_X1Y51          DSP48E1 (Prop_dsp48e1_A[13]_P[0])
                                                      0.672     2.244 r  u_Discrete_FIR_Filter/Discrete_FIR_Filter_out_tmp[0]__19/P[0]
                         net (fo=0)                   0.410     2.654    Out1_0[0]
                                                                      r  Out1_0[0] (OUT)
  -------------------------------------------------------------------    -------------------

Slack:                    inf
  Source:                 u_Discrete_FIR_Filter/delay42_reg[0][13]/C
                            (rising edge-triggered cell FDCE clocked by MWCLK  {rise@0.000ns fall@20.000ns period=40.000ns})
  Destination:            Out1_0[10]
                            (output port)
  Path Group:             (none)
  Path Type:              Min at Fast Process Corner
  Data Path Delay:        2.244ns  (logic 0.924ns (41.181%)  route 1.320ns (58.819%))
  Logic Levels:           3  (CARRY4=1 DSP48E1=1 LUT2=1)
  Clock Uncertainty:      0.025ns  ((TSJ^2 + TIJ^2)^1/2 + DJ) / 2 + PE
    Total System Jitter     (TSJ):    0.050ns
    Total Input Jitter      (TIJ):    0.000ns
    Discrete Jitter          (DJ):    0.000ns
    Phase Error              (PE):    0.000ns

    Location             Delay type                Incr(ns)  Path(ns)    Netlist Resource(s)
  -------------------------------------------------------------------    -------------------
                         (clock MWCLK rise edge)      0.000     0.000 r  
                                                      0.000     0.000 r  clk (IN)
                         net (fo=1375, unset)         0.410     0.410    u_Discrete_FIR_Filter/clk
    SLICE_X15Y114        FDCE                                         r  u_Discrete_FIR_Filter/delay42_reg[0][13]/C
  -------------------------------------------------------------------    -------------------
    SLICE_X15Y114        FDCE (Prop_fdce_C_Q)         0.141     0.551 r  u_Discrete_FIR_Filter/delay42_reg[0][13]/Q
                         net (fo=2, routed)           0.103     0.654    u_Discrete_FIR_Filter/delay42_reg[0][13]
    SLICE_X14Y114        LUT2 (Prop_lut2_I1_O)        0.045     0.699 r  u_Discrete_FIR_Filter/Discrete_FIR_Filter_out_tmp[0]__19_i_7/O
                         net (fo=1, routed)           0.000     0.699    u_Discrete_FIR_Filter/Discrete_FIR_Filter_out_tmp[0]__19_i_7_n_0
    SLICE_X14Y114        CARRY4 (Prop_carry4_S[1]_O[1])
                                                      0.066     0.765 r  u_Discrete_FIR_Filter/Discrete_FIR_Filter_out_tmp[0]__19_i_1/O[1]
                         net (fo=1, routed)           0.806     1.572    u_Discrete_FIR_Filter/A[13]
    DSP48_X1Y51          DSP48E1 (Prop_dsp48e1_A[13]_P[10])
                                                      0.672     2.244 r  u_Discrete_FIR_Filter/Discrete_FIR_Filter_out_tmp[0]__19/P[10]
                         net (fo=0)                   0.410     2.654    Out1_0[10]
                                                                      r  Out1_0[10] (OUT)
  -------------------------------------------------------------------    -------------------

Slack:                    inf
  Source:                 u_Discrete_FIR_Filter/delay42_reg[0][13]/C
                            (rising edge-triggered cell FDCE clocked by MWCLK  {rise@0.000ns fall@20.000ns period=40.000ns})
  Destination:            Out1_0[11]
                            (output port)
  Path Group:             (none)
  Path Type:              Min at Fast Process Corner
  Data Path Delay:        2.244ns  (logic 0.924ns (41.181%)  route 1.320ns (58.819%))
  Logic Levels:           3  (CARRY4=1 DSP48E1=1 LUT2=1)
  Clock Uncertainty:      0.025ns  ((TSJ^2 + TIJ^2)^1/2 + DJ) / 2 + PE
    Total System Jitter     (TSJ):    0.050ns
    Total Input Jitter      (TIJ):    0.000ns
    Discrete Jitter          (DJ):    0.000ns
    Phase Error              (PE):    0.000ns

    Location             Delay type                Incr(ns)  Path(ns)    Netlist Resource(s)
  -------------------------------------------------------------------    -------------------
                         (clock MWCLK rise edge)      0.000     0.000 r  
                                                      0.000     0.000 r  clk (IN)
                         net (fo=1375, unset)         0.410     0.410    u_Discrete_FIR_Filter/clk
    SLICE_X15Y114        FDCE                                         r  u_Discrete_FIR_Filter/delay42_reg[0][13]/C
  -------------------------------------------------------------------    -------------------
    SLICE_X15Y114        FDCE (Prop_fdce_C_Q)         0.141     0.551 r  u_Discrete_FIR_Filter/delay42_reg[0][13]/Q
                         net (fo=2, routed)           0.103     0.654    u_Discrete_FIR_Filter/delay42_reg[0][13]
    SLICE_X14Y114        LUT2 (Prop_lut2_I1_O)        0.045     0.699 r  u_Discrete_FIR_Filter/Discrete_FIR_Filter_out_tmp[0]__19_i_7/O
                         net (fo=1, routed)           0.000     0.699    u_Discrete_FIR_Filter/Discrete_FIR_Filter_out_tmp[0]__19_i_7_n_0
    SLICE_X14Y114        CARRY4 (Prop_carry4_S[1]_O[1])
                                                      0.066     0.765 r  u_Discrete_FIR_Filter/Discrete_FIR_Filter_out_tmp[0]__19_i_1/O[1]
                         net (fo=1, routed)           0.806     1.572    u_Discrete_FIR_Filter/A[13]
    DSP48_X1Y51          DSP48E1 (Prop_dsp48e1_A[13]_P[11])
                                                      0.672     2.244 r  u_Discrete_FIR_Filter/Discrete_FIR_Filter_out_tmp[0]__19/P[11]
                         net (fo=0)                   0.410     2.654    Out1_0[11]
                                                                      r  Out1_0[11] (OUT)
  -------------------------------------------------------------------    -------------------

Slack:                    inf
  Source:                 u_Discrete_FIR_Filter/delay42_reg[0][13]/C
                            (rising edge-triggered cell FDCE clocked by MWCLK  {rise@0.000ns fall@20.000ns period=40.000ns})
  Destination:            Out1_0[12]
                            (output port)
  Path Group:             (none)
  Path Type:              Min at Fast Process Corner
  Data Path Delay:        2.244ns  (logic 0.924ns (41.181%)  route 1.320ns (58.819%))
  Logic Levels:           3  (CARRY4=1 DSP48E1=1 LUT2=1)
  Clock Uncertainty:      0.025ns  ((TSJ^2 + TIJ^2)^1/2 + DJ) / 2 + PE
    Total System Jitter     (TSJ):    0.050ns
    Total Input Jitter      (TIJ):    0.000ns
    Discrete Jitter          (DJ):    0.000ns
    Phase Error              (PE):    0.000ns

    Location             Delay type                Incr(ns)  Path(ns)    Netlist Resource(s)
  -------------------------------------------------------------------    -------------------
                         (clock MWCLK rise edge)      0.000     0.000 r  
                                                      0.000     0.000 r  clk (IN)
                         net (fo=1375, unset)         0.410     0.410    u_Discrete_FIR_Filter/clk
    SLICE_X15Y114        FDCE                                         r  u_Discrete_FIR_Filter/delay42_reg[0][13]/C
  -------------------------------------------------------------------    -------------------
    SLICE_X15Y114        FDCE (Prop_fdce_C_Q)         0.141     0.551 r  u_Discrete_FIR_Filter/delay42_reg[0][13]/Q
                         net (fo=2, routed)           0.103     0.654    u_Discrete_FIR_Filter/delay42_reg[0][13]
    SLICE_X14Y114        LUT2 (Prop_lut2_I1_O)        0.045     0.699 r  u_Discrete_FIR_Filter/Discrete_FIR_Filter_out_tmp[0]__19_i_7/O
                         net (fo=1, routed)           0.000     0.699    u_Discrete_FIR_Filter/Discrete_FIR_Filter_out_tmp[0]__19_i_7_n_0
    SLICE_X14Y114        CARRY4 (Prop_carry4_S[1]_O[1])
                                                      0.066     0.765 r  u_Discrete_FIR_Filter/Discrete_FIR_Filter_out_tmp[0]__19_i_1/O[1]
                         net (fo=1, routed)           0.806     1.572    u_Discrete_FIR_Filter/A[13]
    DSP48_X1Y51          DSP48E1 (Prop_dsp48e1_A[13]_P[12])
                                                      0.672     2.244 r  u_Discrete_FIR_Filter/Discrete_FIR_Filter_out_tmp[0]__19/P[12]
                         net (fo=0)                   0.410     2.654    Out1_0[12]
                                                                      r  Out1_0[12] (OUT)
  -------------------------------------------------------------------    -------------------

Slack:                    inf
  Source:                 u_Discrete_FIR_Filter/delay42_reg[0][13]/C
                            (rising edge-triggered cell FDCE clocked by MWCLK  {rise@0.000ns fall@20.000ns period=40.000ns})
  Destination:            Out1_0[13]
                            (output port)
  Path Group:             (none)
  Path Type:              Min at Fast Process Corner
  Data Path Delay:        2.244ns  (logic 0.924ns (41.181%)  route 1.320ns (58.819%))
  Logic Levels:           3  (CARRY4=1 DSP48E1=1 LUT2=1)
  Clock Uncertainty:      0.025ns  ((TSJ^2 + TIJ^2)^1/2 + DJ) / 2 + PE
    Total System Jitter     (TSJ):    0.050ns
    Total Input Jitter      (TIJ):    0.000ns
    Discrete Jitter          (DJ):    0.000ns
    Phase Error              (PE):    0.000ns

    Location             Delay type                Incr(ns)  Path(ns)    Netlist Resource(s)
  -------------------------------------------------------------------    -------------------
                         (clock MWCLK rise edge)      0.000     0.000 r  
                                                      0.000     0.000 r  clk (IN)
                         net (fo=1375, unset)         0.410     0.410    u_Discrete_FIR_Filter/clk
    SLICE_X15Y114        FDCE                                         r  u_Discrete_FIR_Filter/delay42_reg[0][13]/C
  -------------------------------------------------------------------    -------------------
    SLICE_X15Y114        FDCE (Prop_fdce_C_Q)         0.141     0.551 r  u_Discrete_FIR_Filter/delay42_reg[0][13]/Q
                         net (fo=2, routed)           0.103     0.654    u_Discrete_FIR_Filter/delay42_reg[0][13]
    SLICE_X14Y114        LUT2 (Prop_lut2_I1_O)        0.045     0.699 r  u_Discrete_FIR_Filter/Discrete_FIR_Filter_out_tmp[0]__19_i_7/O
                         net (fo=1, routed)           0.000     0.699    u_Discrete_FIR_Filter/Discrete_FIR_Filter_out_tmp[0]__19_i_7_n_0
    SLICE_X14Y114        CARRY4 (Prop_carry4_S[1]_O[1])
                                                      0.066     0.765 r  u_Discrete_FIR_Filter/Discrete_FIR_Filter_out_tmp[0]__19_i_1/O[1]
                         net (fo=1, routed)           0.806     1.572    u_Discrete_FIR_Filter/A[13]
    DSP48_X1Y51          DSP48E1 (Prop_dsp48e1_A[13]_P[13])
                                                      0.672     2.244 r  u_Discrete_FIR_Filter/Discrete_FIR_Filter_out_tmp[0]__19/P[13]
                         net (fo=0)                   0.410     2.654    Out1_0[13]
                                                                      r  Out1_0[13] (OUT)
  -------------------------------------------------------------------    -------------------

Slack:                    inf
  Source:                 u_Discrete_FIR_Filter/delay42_reg[0][13]/C
                            (rising edge-triggered cell FDCE clocked by MWCLK  {rise@0.000ns fall@20.000ns period=40.000ns})
  Destination:            Out1_0[14]
                            (output port)
  Path Group:             (none)
  Path Type:              Min at Fast Process Corner
  Data Path Delay:        2.244ns  (logic 0.924ns (41.181%)  route 1.320ns (58.819%))
  Logic Levels:           3  (CARRY4=1 DSP48E1=1 LUT2=1)
  Clock Uncertainty:      0.025ns  ((TSJ^2 + TIJ^2)^1/2 + DJ) / 2 + PE
    Total System Jitter     (TSJ):    0.050ns
    Total Input Jitter      (TIJ):    0.000ns
    Discrete Jitter          (DJ):    0.000ns
    Phase Error              (PE):    0.000ns

    Location             Delay type                Incr(ns)  Path(ns)    Netlist Resource(s)
  -------------------------------------------------------------------    -------------------
                         (clock MWCLK rise edge)      0.000     0.000 r  
                                                      0.000     0.000 r  clk (IN)
                         net (fo=1375, unset)         0.410     0.410    u_Discrete_FIR_Filter/clk
    SLICE_X15Y114        FDCE                                         r  u_Discrete_FIR_Filter/delay42_reg[0][13]/C
  -------------------------------------------------------------------    -------------------
    SLICE_X15Y114        FDCE (Prop_fdce_C_Q)         0.141     0.551 r  u_Discrete_FIR_Filter/delay42_reg[0][13]/Q
                         net (fo=2, routed)           0.103     0.654    u_Discrete_FIR_Filter/delay42_reg[0][13]
    SLICE_X14Y114        LUT2 (Prop_lut2_I1_O)        0.045     0.699 r  u_Discrete_FIR_Filter/Discrete_FIR_Filter_out_tmp[0]__19_i_7/O
                         net (fo=1, routed)           0.000     0.699    u_Discrete_FIR_Filter/Discrete_FIR_Filter_out_tmp[0]__19_i_7_n_0
    SLICE_X14Y114        CARRY4 (Prop_carry4_S[1]_O[1])
                                                      0.066     0.765 r  u_Discrete_FIR_Filter/Discrete_FIR_Filter_out_tmp[0]__19_i_1/O[1]
                         net (fo=1, routed)           0.806     1.572    u_Discrete_FIR_Filter/A[13]
    DSP48_X1Y51          DSP48E1 (Prop_dsp48e1_A[13]_P[14])
                                                      0.672     2.244 r  u_Discrete_FIR_Filter/Discrete_FIR_Filter_out_tmp[0]__19/P[14]
                         net (fo=0)                   0.410     2.654    Out1_0[14]
                                                                      r  Out1_0[14] (OUT)
  -------------------------------------------------------------------    -------------------

Slack:                    inf
  Source:                 u_Discrete_FIR_Filter/delay42_reg[0][13]/C
                            (rising edge-triggered cell FDCE clocked by MWCLK  {rise@0.000ns fall@20.000ns period=40.000ns})
  Destination:            Out1_0[15]
                            (output port)
  Path Group:             (none)
  Path Type:              Min at Fast Process Corner
  Data Path Delay:        2.244ns  (logic 0.924ns (41.181%)  route 1.320ns (58.819%))
  Logic Levels:           3  (CARRY4=1 DSP48E1=1 LUT2=1)
  Clock Uncertainty:      0.025ns  ((TSJ^2 + TIJ^2)^1/2 + DJ) / 2 + PE
    Total System Jitter     (TSJ):    0.050ns
    Total Input Jitter      (TIJ):    0.000ns
    Discrete Jitter          (DJ):    0.000ns
    Phase Error              (PE):    0.000ns

    Location             Delay type                Incr(ns)  Path(ns)    Netlist Resource(s)
  -------------------------------------------------------------------    -------------------
                         (clock MWCLK rise edge)      0.000     0.000 r  
                                                      0.000     0.000 r  clk (IN)
                         net (fo=1375, unset)         0.410     0.410    u_Discrete_FIR_Filter/clk
    SLICE_X15Y114        FDCE                                         r  u_Discrete_FIR_Filter/delay42_reg[0][13]/C
  -------------------------------------------------------------------    -------------------
    SLICE_X15Y114        FDCE (Prop_fdce_C_Q)         0.141     0.551 r  u_Discrete_FIR_Filter/delay42_reg[0][13]/Q
                         net (fo=2, routed)           0.103     0.654    u_Discrete_FIR_Filter/delay42_reg[0][13]
    SLICE_X14Y114        LUT2 (Prop_lut2_I1_O)        0.045     0.699 r  u_Discrete_FIR_Filter/Discrete_FIR_Filter_out_tmp[0]__19_i_7/O
                         net (fo=1, routed)           0.000     0.699    u_Discrete_FIR_Filter/Discrete_FIR_Filter_out_tmp[0]__19_i_7_n_0
    SLICE_X14Y114        CARRY4 (Prop_carry4_S[1]_O[1])
                                                      0.066     0.765 r  u_Discrete_FIR_Filter/Discrete_FIR_Filter_out_tmp[0]__19_i_1/O[1]
                         net (fo=1, routed)           0.806     1.572    u_Discrete_FIR_Filter/A[13]
    DSP48_X1Y51          DSP48E1 (Prop_dsp48e1_A[13]_P[15])
                                                      0.672     2.244 r  u_Discrete_FIR_Filter/Discrete_FIR_Filter_out_tmp[0]__19/P[15]
                         net (fo=0)                   0.410     2.654    Out1_0[15]
                                                                      r  Out1_0[15] (OUT)
  -------------------------------------------------------------------    -------------------

Slack:                    inf
  Source:                 u_Discrete_FIR_Filter/delay42_reg[0][13]/C
                            (rising edge-triggered cell FDCE clocked by MWCLK  {rise@0.000ns fall@20.000ns period=40.000ns})
  Destination:            Out1_0[16]
                            (output port)
  Path Group:             (none)
  Path Type:              Min at Fast Process Corner
  Data Path Delay:        2.244ns  (logic 0.924ns (41.181%)  route 1.320ns (58.819%))
  Logic Levels:           3  (CARRY4=1 DSP48E1=1 LUT2=1)
  Clock Uncertainty:      0.025ns  ((TSJ^2 + TIJ^2)^1/2 + DJ) / 2 + PE
    Total System Jitter     (TSJ):    0.050ns
    Total Input Jitter      (TIJ):    0.000ns
    Discrete Jitter          (DJ):    0.000ns
    Phase Error              (PE):    0.000ns

    Location             Delay type                Incr(ns)  Path(ns)    Netlist Resource(s)
  -------------------------------------------------------------------    -------------------
                         (clock MWCLK rise edge)      0.000     0.000 r  
                                                      0.000     0.000 r  clk (IN)
                         net (fo=1375, unset)         0.410     0.410    u_Discrete_FIR_Filter/clk
    SLICE_X15Y114        FDCE                                         r  u_Discrete_FIR_Filter/delay42_reg[0][13]/C
  -------------------------------------------------------------------    -------------------
    SLICE_X15Y114        FDCE (Prop_fdce_C_Q)         0.141     0.551 r  u_Discrete_FIR_Filter/delay42_reg[0][13]/Q
                         net (fo=2, routed)           0.103     0.654    u_Discrete_FIR_Filter/delay42_reg[0][13]
    SLICE_X14Y114        LUT2 (Prop_lut2_I1_O)        0.045     0.699 r  u_Discrete_FIR_Filter/Discrete_FIR_Filter_out_tmp[0]__19_i_7/O
                         net (fo=1, routed)           0.000     0.699    u_Discrete_FIR_Filter/Discrete_FIR_Filter_out_tmp[0]__19_i_7_n_0
    SLICE_X14Y114        CARRY4 (Prop_carry4_S[1]_O[1])
                                                      0.066     0.765 r  u_Discrete_FIR_Filter/Discrete_FIR_Filter_out_tmp[0]__19_i_1/O[1]
                         net (fo=1, routed)           0.806     1.572    u_Discrete_FIR_Filter/A[13]
    DSP48_X1Y51          DSP48E1 (Prop_dsp48e1_A[13]_P[16])
                                                      0.672     2.244 r  u_Discrete_FIR_Filter/Discrete_FIR_Filter_out_tmp[0]__19/P[16]
                         net (fo=0)                   0.410     2.654    Out1_0[16]
                                                                      r  Out1_0[16] (OUT)
  -------------------------------------------------------------------    -------------------

Slack:                    inf
  Source:                 u_Discrete_FIR_Filter/delay42_reg[0][13]/C
                            (rising edge-triggered cell FDCE clocked by MWCLK  {rise@0.000ns fall@20.000ns period=40.000ns})
  Destination:            Out1_0[17]
                            (output port)
  Path Group:             (none)
  Path Type:              Min at Fast Process Corner
  Data Path Delay:        2.244ns  (logic 0.924ns (41.181%)  route 1.320ns (58.819%))
  Logic Levels:           3  (CARRY4=1 DSP48E1=1 LUT2=1)
  Clock Uncertainty:      0.025ns  ((TSJ^2 + TIJ^2)^1/2 + DJ) / 2 + PE
    Total System Jitter     (TSJ):    0.050ns
    Total Input Jitter      (TIJ):    0.000ns
    Discrete Jitter          (DJ):    0.000ns
    Phase Error              (PE):    0.000ns

    Location             Delay type                Incr(ns)  Path(ns)    Netlist Resource(s)
  -------------------------------------------------------------------    -------------------
                         (clock MWCLK rise edge)      0.000     0.000 r  
                                                      0.000     0.000 r  clk (IN)
                         net (fo=1375, unset)         0.410     0.410    u_Discrete_FIR_Filter/clk
    SLICE_X15Y114        FDCE                                         r  u_Discrete_FIR_Filter/delay42_reg[0][13]/C
  -------------------------------------------------------------------    -------------------
    SLICE_X15Y114        FDCE (Prop_fdce_C_Q)         0.141     0.551 r  u_Discrete_FIR_Filter/delay42_reg[0][13]/Q
                         net (fo=2, routed)           0.103     0.654    u_Discrete_FIR_Filter/delay42_reg[0][13]
    SLICE_X14Y114        LUT2 (Prop_lut2_I1_O)        0.045     0.699 r  u_Discrete_FIR_Filter/Discrete_FIR_Filter_out_tmp[0]__19_i_7/O
                         net (fo=1, routed)           0.000     0.699    u_Discrete_FIR_Filter/Discrete_FIR_Filter_out_tmp[0]__19_i_7_n_0
    SLICE_X14Y114        CARRY4 (Prop_carry4_S[1]_O[1])
                                                      0.066     0.765 r  u_Discrete_FIR_Filter/Discrete_FIR_Filter_out_tmp[0]__19_i_1/O[1]
                         net (fo=1, routed)           0.806     1.572    u_Discrete_FIR_Filter/A[13]
    DSP48_X1Y51          DSP48E1 (Prop_dsp48e1_A[13]_P[17])
                                                      0.672     2.244 r  u_Discrete_FIR_Filter/Discrete_FIR_Filter_out_tmp[0]__19/P[17]
                         net (fo=0)                   0.410     2.654    Out1_0[17]
                                                                      r  Out1_0[17] (OUT)
  -------------------------------------------------------------------    -------------------

Slack:                    inf
  Source:                 u_Discrete_FIR_Filter/delay42_reg[0][13]/C
                            (rising edge-triggered cell FDCE clocked by MWCLK  {rise@0.000ns fall@20.000ns period=40.000ns})
  Destination:            Out1_0[18]
                            (output port)
  Path Group:             (none)
  Path Type:              Min at Fast Process Corner
  Data Path Delay:        2.244ns  (logic 0.924ns (41.181%)  route 1.320ns (58.819%))
  Logic Levels:           3  (CARRY4=1 DSP48E1=1 LUT2=1)
  Clock Uncertainty:      0.025ns  ((TSJ^2 + TIJ^2)^1/2 + DJ) / 2 + PE
    Total System Jitter     (TSJ):    0.050ns
    Total Input Jitter      (TIJ):    0.000ns
    Discrete Jitter          (DJ):    0.000ns
    Phase Error              (PE):    0.000ns

    Location             Delay type                Incr(ns)  Path(ns)    Netlist Resource(s)
  -------------------------------------------------------------------    -------------------
                         (clock MWCLK rise edge)      0.000     0.000 r  
                                                      0.000     0.000 r  clk (IN)
                         net (fo=1375, unset)         0.410     0.410    u_Discrete_FIR_Filter/clk
    SLICE_X15Y114        FDCE                                         r  u_Discrete_FIR_Filter/delay42_reg[0][13]/C
  -------------------------------------------------------------------    -------------------
    SLICE_X15Y114        FDCE (Prop_fdce_C_Q)         0.141     0.551 r  u_Discrete_FIR_Filter/delay42_reg[0][13]/Q
                         net (fo=2, routed)           0.103     0.654    u_Discrete_FIR_Filter/delay42_reg[0][13]
    SLICE_X14Y114        LUT2 (Prop_lut2_I1_O)        0.045     0.699 r  u_Discrete_FIR_Filter/Discrete_FIR_Filter_out_tmp[0]__19_i_7/O
                         net (fo=1, routed)           0.000     0.699    u_Discrete_FIR_Filter/Discrete_FIR_Filter_out_tmp[0]__19_i_7_n_0
    SLICE_X14Y114        CARRY4 (Prop_carry4_S[1]_O[1])
                                                      0.066     0.765 r  u_Discrete_FIR_Filter/Discrete_FIR_Filter_out_tmp[0]__19_i_1/O[1]
                         net (fo=1, routed)           0.806     1.572    u_Discrete_FIR_Filter/A[13]
    DSP48_X1Y51          DSP48E1 (Prop_dsp48e1_A[13]_P[18])
                                                      0.672     2.244 r  u_Discrete_FIR_Filter/Discrete_FIR_Filter_out_tmp[0]__19/P[18]
                         net (fo=0)                   0.410     2.654    Out1_0[18]
                                                                      r  Out1_0[18] (OUT)
  -------------------------------------------------------------------    -------------------





--------------------------------------------------------------------------------------
Path Group:  (none)
From Clock:  
  To Clock:  MWCLK

Max Delay          2784 Endpoints
Min Delay          2784 Endpoints
--------------------------------------------------------------------------------------


Max Delay Paths
--------------------------------------------------------------------------------------
Slack:                    inf
  Source:                 clk_enable
                            (input port)
  Destination:            u_Discrete_FIR_Filter/delay10_reg[0][0]/CE
                            (rising edge-triggered cell FDCE clocked by MWCLK  {rise@0.000ns fall@20.000ns period=40.000ns})
  Path Group:             (none)
  Path Type:              Setup (Max at Slow Process Corner)
  Data Path Delay:        0.973ns  (logic 0.000ns (0.000%)  route 0.973ns (100.000%))
  Logic Levels:           0  
  Clock Path Skew:        0.924ns (DCD - SCD + CPR)
    Destination Clock Delay (DCD):    0.924ns
    Source Clock Delay      (SCD):    0.000ns
    Clock Pessimism Removal (CPR):    0.000ns
  Clock Uncertainty:      0.025ns  ((TSJ^2 + TIJ^2)^1/2 + DJ) / 2 + PE
    Total System Jitter     (TSJ):    0.050ns
    Total Input Jitter      (TIJ):    0.000ns
    Discrete Jitter          (DJ):    0.000ns
    Phase Error              (PE):    0.000ns

    Location             Delay type                Incr(ns)  Path(ns)    Netlist Resource(s)
  -------------------------------------------------------------------    -------------------
                                                      0.000     0.000 r  clk_enable (IN)
                         net (fo=1375, unset)         0.973     0.973    u_Discrete_FIR_Filter/clk_enable
    SLICE_X11Y103        FDCE                                         r  u_Discrete_FIR_Filter/delay10_reg[0][0]/CE
  -------------------------------------------------------------------    -------------------

                         (clock MWCLK rise edge)      0.000     0.000 r  
                                                      0.000     0.000 r  clk (IN)
                         net (fo=1375, unset)         0.924     0.924    u_Discrete_FIR_Filter/clk
    SLICE_X11Y103        FDCE                                         r  u_Discrete_FIR_Filter/delay10_reg[0][0]/C

Slack:                    inf
  Source:                 reset
                            (input port)
  Destination:            u_Discrete_FIR_Filter/delay10_reg[0][0]/CLR
                            (recovery check against rising-edge clock MWCLK  {rise@0.000ns fall@20.000ns period=40.000ns})
  Path Group:             (none)
  Path Type:              Recovery (Max at Slow Process Corner)
  Data Path Delay:        0.973ns  (logic 0.000ns (0.000%)  route 0.973ns (100.000%))
  Logic Levels:           0  
  Clock Path Skew:        0.924ns (DCD - SCD + CPR)
    Destination Clock Delay (DCD):    0.924ns
    Source Clock Delay      (SCD):    0.000ns
    Clock Pessimism Removal (CPR):    0.000ns
  Clock Uncertainty:      0.025ns  ((TSJ^2 + TIJ^2)^1/2 + DJ) / 2 + PE
    Total System Jitter     (TSJ):    0.050ns
    Total Input Jitter      (TIJ):    0.000ns
    Discrete Jitter          (DJ):    0.000ns
    Phase Error              (PE):    0.000ns

    Location             Delay type                Incr(ns)  Path(ns)    Netlist Resource(s)
  -------------------------------------------------------------------    -------------------
                                                      0.000     0.000 f  reset (IN)
                         net (fo=1375, unset)         0.973     0.973    u_Discrete_FIR_Filter/reset
    SLICE_X11Y103        FDCE                                         f  u_Discrete_FIR_Filter/delay10_reg[0][0]/CLR
  -------------------------------------------------------------------    -------------------

                         (clock MWCLK rise edge)      0.000     0.000 r  
                                                      0.000     0.000 r  clk (IN)
                         net (fo=1375, unset)         0.924     0.924    u_Discrete_FIR_Filter/clk
    SLICE_X11Y103        FDCE                                         r  u_Discrete_FIR_Filter/delay10_reg[0][0]/C

Slack:                    inf
  Source:                 clk_enable
                            (input port)
  Destination:            u_Discrete_FIR_Filter/delay10_reg[0][10]/CE
                            (rising edge-triggered cell FDCE clocked by MWCLK  {rise@0.000ns fall@20.000ns period=40.000ns})
  Path Group:             (none)
  Path Type:              Setup (Max at Slow Process Corner)
  Data Path Delay:        0.973ns  (logic 0.000ns (0.000%)  route 0.973ns (100.000%))
  Logic Levels:           0  
  Clock Path Skew:        0.924ns (DCD - SCD + CPR)
    Destination Clock Delay (DCD):    0.924ns
    Source Clock Delay      (SCD):    0.000ns
    Clock Pessimism Removal (CPR):    0.000ns
  Clock Uncertainty:      0.025ns  ((TSJ^2 + TIJ^2)^1/2 + DJ) / 2 + PE
    Total System Jitter     (TSJ):    0.050ns
    Total Input Jitter      (TIJ):    0.000ns
    Discrete Jitter          (DJ):    0.000ns
    Phase Error              (PE):    0.000ns

    Location             Delay type                Incr(ns)  Path(ns)    Netlist Resource(s)
  -------------------------------------------------------------------    -------------------
                                                      0.000     0.000 r  clk_enable (IN)
                         net (fo=1375, unset)         0.973     0.973    u_Discrete_FIR_Filter/clk_enable
    SLICE_X10Y106        FDCE                                         r  u_Discrete_FIR_Filter/delay10_reg[0][10]/CE
  -------------------------------------------------------------------    -------------------

                         (clock MWCLK rise edge)      0.000     0.000 r  
                                                      0.000     0.000 r  clk (IN)
                         net (fo=1375, unset)         0.924     0.924    u_Discrete_FIR_Filter/clk
    SLICE_X10Y106        FDCE                                         r  u_Discrete_FIR_Filter/delay10_reg[0][10]/C

Slack:                    inf
  Source:                 reset
                            (input port)
  Destination:            u_Discrete_FIR_Filter/delay10_reg[0][10]/CLR
                            (recovery check against rising-edge clock MWCLK  {rise@0.000ns fall@20.000ns period=40.000ns})
  Path Group:             (none)
  Path Type:              Recovery (Max at Slow Process Corner)
  Data Path Delay:        0.973ns  (logic 0.000ns (0.000%)  route 0.973ns (100.000%))
  Logic Levels:           0  
  Clock Path Skew:        0.924ns (DCD - SCD + CPR)
    Destination Clock Delay (DCD):    0.924ns
    Source Clock Delay      (SCD):    0.000ns
    Clock Pessimism Removal (CPR):    0.000ns
  Clock Uncertainty:      0.025ns  ((TSJ^2 + TIJ^2)^1/2 + DJ) / 2 + PE
    Total System Jitter     (TSJ):    0.050ns
    Total Input Jitter      (TIJ):    0.000ns
    Discrete Jitter          (DJ):    0.000ns
    Phase Error              (PE):    0.000ns

    Location             Delay type                Incr(ns)  Path(ns)    Netlist Resource(s)
  -------------------------------------------------------------------    -------------------
                                                      0.000     0.000 f  reset (IN)
                         net (fo=1375, unset)         0.973     0.973    u_Discrete_FIR_Filter/reset
    SLICE_X10Y106        FDCE                                         f  u_Discrete_FIR_Filter/delay10_reg[0][10]/CLR
  -------------------------------------------------------------------    -------------------

                         (clock MWCLK rise edge)      0.000     0.000 r  
                                                      0.000     0.000 r  clk (IN)
                         net (fo=1375, unset)         0.924     0.924    u_Discrete_FIR_Filter/clk
    SLICE_X10Y106        FDCE                                         r  u_Discrete_FIR_Filter/delay10_reg[0][10]/C

Slack:                    inf
  Source:                 clk_enable
                            (input port)
  Destination:            u_Discrete_FIR_Filter/delay10_reg[0][11]/CE
                            (rising edge-triggered cell FDCE clocked by MWCLK  {rise@0.000ns fall@20.000ns period=40.000ns})
  Path Group:             (none)
  Path Type:              Setup (Max at Slow Process Corner)
  Data Path Delay:        0.973ns  (logic 0.000ns (0.000%)  route 0.973ns (100.000%))
  Logic Levels:           0  
  Clock Path Skew:        0.924ns (DCD - SCD + CPR)
    Destination Clock Delay (DCD):    0.924ns
    Source Clock Delay      (SCD):    0.000ns
    Clock Pessimism Removal (CPR):    0.000ns
  Clock Uncertainty:      0.025ns  ((TSJ^2 + TIJ^2)^1/2 + DJ) / 2 + PE
    Total System Jitter     (TSJ):    0.050ns
    Total Input Jitter      (TIJ):    0.000ns
    Discrete Jitter          (DJ):    0.000ns
    Phase Error              (PE):    0.000ns

    Location             Delay type                Incr(ns)  Path(ns)    Netlist Resource(s)
  -------------------------------------------------------------------    -------------------
                                                      0.000     0.000 r  clk_enable (IN)
                         net (fo=1375, unset)         0.973     0.973    u_Discrete_FIR_Filter/clk_enable
    SLICE_X8Y106         FDCE                                         r  u_Discrete_FIR_Filter/delay10_reg[0][11]/CE
  -------------------------------------------------------------------    -------------------

                         (clock MWCLK rise edge)      0.000     0.000 r  
                                                      0.000     0.000 r  clk (IN)
                         net (fo=1375, unset)         0.924     0.924    u_Discrete_FIR_Filter/clk
    SLICE_X8Y106         FDCE                                         r  u_Discrete_FIR_Filter/delay10_reg[0][11]/C

Slack:                    inf
  Source:                 reset
                            (input port)
  Destination:            u_Discrete_FIR_Filter/delay10_reg[0][11]/CLR
                            (recovery check against rising-edge clock MWCLK  {rise@0.000ns fall@20.000ns period=40.000ns})
  Path Group:             (none)
  Path Type:              Recovery (Max at Slow Process Corner)
  Data Path Delay:        0.973ns  (logic 0.000ns (0.000%)  route 0.973ns (100.000%))
  Logic Levels:           0  
  Clock Path Skew:        0.924ns (DCD - SCD + CPR)
    Destination Clock Delay (DCD):    0.924ns
    Source Clock Delay      (SCD):    0.000ns
    Clock Pessimism Removal (CPR):    0.000ns
  Clock Uncertainty:      0.025ns  ((TSJ^2 + TIJ^2)^1/2 + DJ) / 2 + PE
    Total System Jitter     (TSJ):    0.050ns
    Total Input Jitter      (TIJ):    0.000ns
    Discrete Jitter          (DJ):    0.000ns
    Phase Error              (PE):    0.000ns

    Location             Delay type                Incr(ns)  Path(ns)    Netlist Resource(s)
  -------------------------------------------------------------------    -------------------
                                                      0.000     0.000 f  reset (IN)
                         net (fo=1375, unset)         0.973     0.973    u_Discrete_FIR_Filter/reset
    SLICE_X8Y106         FDCE                                         f  u_Discrete_FIR_Filter/delay10_reg[0][11]/CLR
  -------------------------------------------------------------------    -------------------

                         (clock MWCLK rise edge)      0.000     0.000 r  
                                                      0.000     0.000 r  clk (IN)
                         net (fo=1375, unset)         0.924     0.924    u_Discrete_FIR_Filter/clk
    SLICE_X8Y106         FDCE                                         r  u_Discrete_FIR_Filter/delay10_reg[0][11]/C

Slack:                    inf
  Source:                 clk_enable
                            (input port)
  Destination:            u_Discrete_FIR_Filter/delay10_reg[0][12]/CE
                            (rising edge-triggered cell FDCE clocked by MWCLK  {rise@0.000ns fall@20.000ns period=40.000ns})
  Path Group:             (none)
  Path Type:              Setup (Max at Slow Process Corner)
  Data Path Delay:        0.973ns  (logic 0.000ns (0.000%)  route 0.973ns (100.000%))
  Logic Levels:           0  
  Clock Path Skew:        0.924ns (DCD - SCD + CPR)
    Destination Clock Delay (DCD):    0.924ns
    Source Clock Delay      (SCD):    0.000ns
    Clock Pessimism Removal (CPR):    0.000ns
  Clock Uncertainty:      0.025ns  ((TSJ^2 + TIJ^2)^1/2 + DJ) / 2 + PE
    Total System Jitter     (TSJ):    0.050ns
    Total Input Jitter      (TIJ):    0.000ns
    Discrete Jitter          (DJ):    0.000ns
    Phase Error              (PE):    0.000ns

    Location             Delay type                Incr(ns)  Path(ns)    Netlist Resource(s)
  -------------------------------------------------------------------    -------------------
                                                      0.000     0.000 r  clk_enable (IN)
                         net (fo=1375, unset)         0.973     0.973    u_Discrete_FIR_Filter/clk_enable
    SLICE_X10Y107        FDCE                                         r  u_Discrete_FIR_Filter/delay10_reg[0][12]/CE
  -------------------------------------------------------------------    -------------------

                         (clock MWCLK rise edge)      0.000     0.000 r  
                                                      0.000     0.000 r  clk (IN)
                         net (fo=1375, unset)         0.924     0.924    u_Discrete_FIR_Filter/clk
    SLICE_X10Y107        FDCE                                         r  u_Discrete_FIR_Filter/delay10_reg[0][12]/C

Slack:                    inf
  Source:                 reset
                            (input port)
  Destination:            u_Discrete_FIR_Filter/delay10_reg[0][12]/CLR
                            (recovery check against rising-edge clock MWCLK  {rise@0.000ns fall@20.000ns period=40.000ns})
  Path Group:             (none)
  Path Type:              Recovery (Max at Slow Process Corner)
  Data Path Delay:        0.973ns  (logic 0.000ns (0.000%)  route 0.973ns (100.000%))
  Logic Levels:           0  
  Clock Path Skew:        0.924ns (DCD - SCD + CPR)
    Destination Clock Delay (DCD):    0.924ns
    Source Clock Delay      (SCD):    0.000ns
    Clock Pessimism Removal (CPR):    0.000ns
  Clock Uncertainty:      0.025ns  ((TSJ^2 + TIJ^2)^1/2 + DJ) / 2 + PE
    Total System Jitter     (TSJ):    0.050ns
    Total Input Jitter      (TIJ):    0.000ns
    Discrete Jitter          (DJ):    0.000ns
    Phase Error              (PE):    0.000ns

    Location             Delay type                Incr(ns)  Path(ns)    Netlist Resource(s)
  -------------------------------------------------------------------    -------------------
                                                      0.000     0.000 f  reset (IN)
                         net (fo=1375, unset)         0.973     0.973    u_Discrete_FIR_Filter/reset
    SLICE_X10Y107        FDCE                                         f  u_Discrete_FIR_Filter/delay10_reg[0][12]/CLR
  -------------------------------------------------------------------    -------------------

                         (clock MWCLK rise edge)      0.000     0.000 r  
                                                      0.000     0.000 r  clk (IN)
                         net (fo=1375, unset)         0.924     0.924    u_Discrete_FIR_Filter/clk
    SLICE_X10Y107        FDCE                                         r  u_Discrete_FIR_Filter/delay10_reg[0][12]/C

Slack:                    inf
  Source:                 clk_enable
                            (input port)
  Destination:            u_Discrete_FIR_Filter/delay10_reg[0][13]/CE
                            (rising edge-triggered cell FDCE clocked by MWCLK  {rise@0.000ns fall@20.000ns period=40.000ns})
  Path Group:             (none)
  Path Type:              Setup (Max at Slow Process Corner)
  Data Path Delay:        0.973ns  (logic 0.000ns (0.000%)  route 0.973ns (100.000%))
  Logic Levels:           0  
  Clock Path Skew:        0.924ns (DCD - SCD + CPR)
    Destination Clock Delay (DCD):    0.924ns
    Source Clock Delay      (SCD):    0.000ns
    Clock Pessimism Removal (CPR):    0.000ns
  Clock Uncertainty:      0.025ns  ((TSJ^2 + TIJ^2)^1/2 + DJ) / 2 + PE
    Total System Jitter     (TSJ):    0.050ns
    Total Input Jitter      (TIJ):    0.000ns
    Discrete Jitter          (DJ):    0.000ns
    Phase Error              (PE):    0.000ns

    Location             Delay type                Incr(ns)  Path(ns)    Netlist Resource(s)
  -------------------------------------------------------------------    -------------------
                                                      0.000     0.000 r  clk_enable (IN)
                         net (fo=1375, unset)         0.973     0.973    u_Discrete_FIR_Filter/clk_enable
    SLICE_X10Y108        FDCE                                         r  u_Discrete_FIR_Filter/delay10_reg[0][13]/CE
  -------------------------------------------------------------------    -------------------

                         (clock MWCLK rise edge)      0.000     0.000 r  
                                                      0.000     0.000 r  clk (IN)
                         net (fo=1375, unset)         0.924     0.924    u_Discrete_FIR_Filter/clk
    SLICE_X10Y108        FDCE                                         r  u_Discrete_FIR_Filter/delay10_reg[0][13]/C

Slack:                    inf
  Source:                 reset
                            (input port)
  Destination:            u_Discrete_FIR_Filter/delay10_reg[0][13]/CLR
                            (recovery check against rising-edge clock MWCLK  {rise@0.000ns fall@20.000ns period=40.000ns})
  Path Group:             (none)
  Path Type:              Recovery (Max at Slow Process Corner)
  Data Path Delay:        0.973ns  (logic 0.000ns (0.000%)  route 0.973ns (100.000%))
  Logic Levels:           0  
  Clock Path Skew:        0.924ns (DCD - SCD + CPR)
    Destination Clock Delay (DCD):    0.924ns
    Source Clock Delay      (SCD):    0.000ns
    Clock Pessimism Removal (CPR):    0.000ns
  Clock Uncertainty:      0.025ns  ((TSJ^2 + TIJ^2)^1/2 + DJ) / 2 + PE
    Total System Jitter     (TSJ):    0.050ns
    Total Input Jitter      (TIJ):    0.000ns
    Discrete Jitter          (DJ):    0.000ns
    Phase Error              (PE):    0.000ns

    Location             Delay type                Incr(ns)  Path(ns)    Netlist Resource(s)
  -------------------------------------------------------------------    -------------------
                                                      0.000     0.000 f  reset (IN)
                         net (fo=1375, unset)         0.973     0.973    u_Discrete_FIR_Filter/reset
    SLICE_X10Y108        FDCE                                         f  u_Discrete_FIR_Filter/delay10_reg[0][13]/CLR
  -------------------------------------------------------------------    -------------------

                         (clock MWCLK rise edge)      0.000     0.000 r  
                                                      0.000     0.000 r  clk (IN)
                         net (fo=1375, unset)         0.924     0.924    u_Discrete_FIR_Filter/clk
    SLICE_X10Y108        FDCE                                         r  u_Discrete_FIR_Filter/delay10_reg[0][13]/C





Min Delay Paths
--------------------------------------------------------------------------------------
Slack:                    inf
  Source:                 clk_enable
                            (input port)
  Destination:            u_Discrete_FIR_Filter/delay10_reg[0][0]/CE
                            (rising edge-triggered cell FDCE clocked by MWCLK  {rise@0.000ns fall@20.000ns period=40.000ns})
  Path Group:             (none)
  Path Type:              Hold (Min at Fast Process Corner)
  Data Path Delay:        0.410ns  (logic 0.000ns (0.000%)  route 0.410ns (100.000%))
  Logic Levels:           0  
  Clock Path Skew:        0.432ns (DCD - SCD - CPR)
    Destination Clock Delay (DCD):    0.432ns
    Source Clock Delay      (SCD):    0.000ns
    Clock Pessimism Removal (CPR):    -0.000ns

    Location             Delay type                Incr(ns)  Path(ns)    Netlist Resource(s)
  -------------------------------------------------------------------    -------------------
                                                      0.000     0.000 r  clk_enable (IN)
                         net (fo=1375, unset)         0.410     0.410    u_Discrete_FIR_Filter/clk_enable
    SLICE_X11Y103        FDCE                                         r  u_Discrete_FIR_Filter/delay10_reg[0][0]/CE
  -------------------------------------------------------------------    -------------------

                         (clock MWCLK rise edge)      0.000     0.000 r  
                                                      0.000     0.000 r  clk (IN)
                         net (fo=1375, unset)         0.432     0.432    u_Discrete_FIR_Filter/clk
    SLICE_X11Y103        FDCE                                         r  u_Discrete_FIR_Filter/delay10_reg[0][0]/C

Slack:                    inf
  Source:                 reset
                            (input port)
  Destination:            u_Discrete_FIR_Filter/delay10_reg[0][0]/CLR
                            (removal check against rising-edge clock MWCLK  {rise@0.000ns fall@20.000ns period=40.000ns})
  Path Group:             (none)
  Path Type:              Removal (Min at Fast Process Corner)
  Data Path Delay:        0.410ns  (logic 0.000ns (0.000%)  route 0.410ns (100.000%))
  Logic Levels:           0  
  Clock Path Skew:        0.432ns (DCD - SCD - CPR)
    Destination Clock Delay (DCD):    0.432ns
    Source Clock Delay      (SCD):    0.000ns
    Clock Pessimism Removal (CPR):    -0.000ns

    Location             Delay type                Incr(ns)  Path(ns)    Netlist Resource(s)
  -------------------------------------------------------------------    -------------------
                                                      0.000     0.000 f  reset (IN)
                         net (fo=1375, unset)         0.410     0.410    u_Discrete_FIR_Filter/reset
    SLICE_X11Y103        FDCE                                         f  u_Discrete_FIR_Filter/delay10_reg[0][0]/CLR
  -------------------------------------------------------------------    -------------------

                         (clock MWCLK rise edge)      0.000     0.000 r  
                                                      0.000     0.000 r  clk (IN)
                         net (fo=1375, unset)         0.432     0.432    u_Discrete_FIR_Filter/clk
    SLICE_X11Y103        FDCE                                         r  u_Discrete_FIR_Filter/delay10_reg[0][0]/C

Slack:                    inf
  Source:                 clk_enable
                            (input port)
  Destination:            u_Discrete_FIR_Filter/delay10_reg[0][10]/CE
                            (rising edge-triggered cell FDCE clocked by MWCLK  {rise@0.000ns fall@20.000ns period=40.000ns})
  Path Group:             (none)
  Path Type:              Hold (Min at Fast Process Corner)
  Data Path Delay:        0.410ns  (logic 0.000ns (0.000%)  route 0.410ns (100.000%))
  Logic Levels:           0  
  Clock Path Skew:        0.432ns (DCD - SCD - CPR)
    Destination Clock Delay (DCD):    0.432ns
    Source Clock Delay      (SCD):    0.000ns
    Clock Pessimism Removal (CPR):    -0.000ns

    Location             Delay type                Incr(ns)  Path(ns)    Netlist Resource(s)
  -------------------------------------------------------------------    -------------------
                                                      0.000     0.000 r  clk_enable (IN)
                         net (fo=1375, unset)         0.410     0.410    u_Discrete_FIR_Filter/clk_enable
    SLICE_X10Y106        FDCE                                         r  u_Discrete_FIR_Filter/delay10_reg[0][10]/CE
  -------------------------------------------------------------------    -------------------

                         (clock MWCLK rise edge)      0.000     0.000 r  
                                                      0.000     0.000 r  clk (IN)
                         net (fo=1375, unset)         0.432     0.432    u_Discrete_FIR_Filter/clk
    SLICE_X10Y106        FDCE                                         r  u_Discrete_FIR_Filter/delay10_reg[0][10]/C

Slack:                    inf
  Source:                 reset
                            (input port)
  Destination:            u_Discrete_FIR_Filter/delay10_reg[0][10]/CLR
                            (removal check against rising-edge clock MWCLK  {rise@0.000ns fall@20.000ns period=40.000ns})
  Path Group:             (none)
  Path Type:              Removal (Min at Fast Process Corner)
  Data Path Delay:        0.410ns  (logic 0.000ns (0.000%)  route 0.410ns (100.000%))
  Logic Levels:           0  
  Clock Path Skew:        0.432ns (DCD - SCD - CPR)
    Destination Clock Delay (DCD):    0.432ns
    Source Clock Delay      (SCD):    0.000ns
    Clock Pessimism Removal (CPR):    -0.000ns

    Location             Delay type                Incr(ns)  Path(ns)    Netlist Resource(s)
  -------------------------------------------------------------------    -------------------
                                                      0.000     0.000 f  reset (IN)
                         net (fo=1375, unset)         0.410     0.410    u_Discrete_FIR_Filter/reset
    SLICE_X10Y106        FDCE                                         f  u_Discrete_FIR_Filter/delay10_reg[0][10]/CLR
  -------------------------------------------------------------------    -------------------

                         (clock MWCLK rise edge)      0.000     0.000 r  
                                                      0.000     0.000 r  clk (IN)
                         net (fo=1375, unset)         0.432     0.432    u_Discrete_FIR_Filter/clk
    SLICE_X10Y106        FDCE                                         r  u_Discrete_FIR_Filter/delay10_reg[0][10]/C

Slack:                    inf
  Source:                 clk_enable
                            (input port)
  Destination:            u_Discrete_FIR_Filter/delay10_reg[0][11]/CE
                            (rising edge-triggered cell FDCE clocked by MWCLK  {rise@0.000ns fall@20.000ns period=40.000ns})
  Path Group:             (none)
  Path Type:              Hold (Min at Fast Process Corner)
  Data Path Delay:        0.410ns  (logic 0.000ns (0.000%)  route 0.410ns (100.000%))
  Logic Levels:           0  
  Clock Path Skew:        0.432ns (DCD - SCD - CPR)
    Destination Clock Delay (DCD):    0.432ns
    Source Clock Delay      (SCD):    0.000ns
    Clock Pessimism Removal (CPR):    -0.000ns

    Location             Delay type                Incr(ns)  Path(ns)    Netlist Resource(s)
  -------------------------------------------------------------------    -------------------
                                                      0.000     0.000 r  clk_enable (IN)
                         net (fo=1375, unset)         0.410     0.410    u_Discrete_FIR_Filter/clk_enable
    SLICE_X8Y106         FDCE                                         r  u_Discrete_FIR_Filter/delay10_reg[0][11]/CE
  -------------------------------------------------------------------    -------------------

                         (clock MWCLK rise edge)      0.000     0.000 r  
                                                      0.000     0.000 r  clk (IN)
                         net (fo=1375, unset)         0.432     0.432    u_Discrete_FIR_Filter/clk
    SLICE_X8Y106         FDCE                                         r  u_Discrete_FIR_Filter/delay10_reg[0][11]/C

Slack:                    inf
  Source:                 reset
                            (input port)
  Destination:            u_Discrete_FIR_Filter/delay10_reg[0][11]/CLR
                            (removal check against rising-edge clock MWCLK  {rise@0.000ns fall@20.000ns period=40.000ns})
  Path Group:             (none)
  Path Type:              Removal (Min at Fast Process Corner)
  Data Path Delay:        0.410ns  (logic 0.000ns (0.000%)  route 0.410ns (100.000%))
  Logic Levels:           0  
  Clock Path Skew:        0.432ns (DCD - SCD - CPR)
    Destination Clock Delay (DCD):    0.432ns
    Source Clock Delay      (SCD):    0.000ns
    Clock Pessimism Removal (CPR):    -0.000ns

    Location             Delay type                Incr(ns)  Path(ns)    Netlist Resource(s)
  -------------------------------------------------------------------    -------------------
                                                      0.000     0.000 f  reset (IN)
                         net (fo=1375, unset)         0.410     0.410    u_Discrete_FIR_Filter/reset
    SLICE_X8Y106         FDCE                                         f  u_Discrete_FIR_Filter/delay10_reg[0][11]/CLR
  -------------------------------------------------------------------    -------------------

                         (clock MWCLK rise edge)      0.000     0.000 r  
                                                      0.000     0.000 r  clk (IN)
                         net (fo=1375, unset)         0.432     0.432    u_Discrete_FIR_Filter/clk
    SLICE_X8Y106         FDCE                                         r  u_Discrete_FIR_Filter/delay10_reg[0][11]/C

Slack:                    inf
  Source:                 clk_enable
                            (input port)
  Destination:            u_Discrete_FIR_Filter/delay10_reg[0][12]/CE
                            (rising edge-triggered cell FDCE clocked by MWCLK  {rise@0.000ns fall@20.000ns period=40.000ns})
  Path Group:             (none)
  Path Type:              Hold (Min at Fast Process Corner)
  Data Path Delay:        0.410ns  (logic 0.000ns (0.000%)  route 0.410ns (100.000%))
  Logic Levels:           0  
  Clock Path Skew:        0.432ns (DCD - SCD - CPR)
    Destination Clock Delay (DCD):    0.432ns
    Source Clock Delay      (SCD):    0.000ns
    Clock Pessimism Removal (CPR):    -0.000ns

    Location             Delay type                Incr(ns)  Path(ns)    Netlist Resource(s)
  -------------------------------------------------------------------    -------------------
                                                      0.000     0.000 r  clk_enable (IN)
                         net (fo=1375, unset)         0.410     0.410    u_Discrete_FIR_Filter/clk_enable
    SLICE_X10Y107        FDCE                                         r  u_Discrete_FIR_Filter/delay10_reg[0][12]/CE
  -------------------------------------------------------------------    -------------------

                         (clock MWCLK rise edge)      0.000     0.000 r  
                                                      0.000     0.000 r  clk (IN)
                         net (fo=1375, unset)         0.432     0.432    u_Discrete_FIR_Filter/clk
    SLICE_X10Y107        FDCE                                         r  u_Discrete_FIR_Filter/delay10_reg[0][12]/C

Slack:                    inf
  Source:                 reset
                            (input port)
  Destination:            u_Discrete_FIR_Filter/delay10_reg[0][12]/CLR
                            (removal check against rising-edge clock MWCLK  {rise@0.000ns fall@20.000ns period=40.000ns})
  Path Group:             (none)
  Path Type:              Removal (Min at Fast Process Corner)
  Data Path Delay:        0.410ns  (logic 0.000ns (0.000%)  route 0.410ns (100.000%))
  Logic Levels:           0  
  Clock Path Skew:        0.432ns (DCD - SCD - CPR)
    Destination Clock Delay (DCD):    0.432ns
    Source Clock Delay      (SCD):    0.000ns
    Clock Pessimism Removal (CPR):    -0.000ns

    Location             Delay type                Incr(ns)  Path(ns)    Netlist Resource(s)
  -------------------------------------------------------------------    -------------------
                                                      0.000     0.000 f  reset (IN)
                         net (fo=1375, unset)         0.410     0.410    u_Discrete_FIR_Filter/reset
    SLICE_X10Y107        FDCE                                         f  u_Discrete_FIR_Filter/delay10_reg[0][12]/CLR
  -------------------------------------------------------------------    -------------------

                         (clock MWCLK rise edge)      0.000     0.000 r  
                                                      0.000     0.000 r  clk (IN)
                         net (fo=1375, unset)         0.432     0.432    u_Discrete_FIR_Filter/clk
    SLICE_X10Y107        FDCE                                         r  u_Discrete_FIR_Filter/delay10_reg[0][12]/C

Slack:                    inf
  Source:                 clk_enable
                            (input port)
  Destination:            u_Discrete_FIR_Filter/delay10_reg[0][13]/CE
                            (rising edge-triggered cell FDCE clocked by MWCLK  {rise@0.000ns fall@20.000ns period=40.000ns})
  Path Group:             (none)
  Path Type:              Hold (Min at Fast Process Corner)
  Data Path Delay:        0.410ns  (logic 0.000ns (0.000%)  route 0.410ns (100.000%))
  Logic Levels:           0  
  Clock Path Skew:        0.432ns (DCD - SCD - CPR)
    Destination Clock Delay (DCD):    0.432ns
    Source Clock Delay      (SCD):    0.000ns
    Clock Pessimism Removal (CPR):    -0.000ns

    Location             Delay type                Incr(ns)  Path(ns)    Netlist Resource(s)
  -------------------------------------------------------------------    -------------------
                                                      0.000     0.000 r  clk_enable (IN)
                         net (fo=1375, unset)         0.410     0.410    u_Discrete_FIR_Filter/clk_enable
    SLICE_X10Y108        FDCE                                         r  u_Discrete_FIR_Filter/delay10_reg[0][13]/CE
  -------------------------------------------------------------------    -------------------

                         (clock MWCLK rise edge)      0.000     0.000 r  
                                                      0.000     0.000 r  clk (IN)
                         net (fo=1375, unset)         0.432     0.432    u_Discrete_FIR_Filter/clk
    SLICE_X10Y108        FDCE                                         r  u_Discrete_FIR_Filter/delay10_reg[0][13]/C

Slack:                    inf
  Source:                 reset
                            (input port)
  Destination:            u_Discrete_FIR_Filter/delay10_reg[0][13]/CLR
                            (removal check against rising-edge clock MWCLK  {rise@0.000ns fall@20.000ns period=40.000ns})
  Path Group:             (none)
  Path Type:              Removal (Min at Fast Process Corner)
  Data Path Delay:        0.410ns  (logic 0.000ns (0.000%)  route 0.410ns (100.000%))
  Logic Levels:           0  
  Clock Path Skew:        0.432ns (DCD - SCD - CPR)
    Destination Clock Delay (DCD):    0.432ns
    Source Clock Delay      (SCD):    0.000ns
    Clock Pessimism Removal (CPR):    -0.000ns

    Location             Delay type                Incr(ns)  Path(ns)    Netlist Resource(s)
  -------------------------------------------------------------------    -------------------
                                                      0.000     0.000 f  reset (IN)
                         net (fo=1375, unset)         0.410     0.410    u_Discrete_FIR_Filter/reset
    SLICE_X10Y108        FDCE                                         f  u_Discrete_FIR_Filter/delay10_reg[0][13]/CLR
  -------------------------------------------------------------------    -------------------

                         (clock MWCLK rise edge)      0.000     0.000 r  
                                                      0.000     0.000 r  clk (IN)
                         net (fo=1375, unset)         0.432     0.432    u_Discrete_FIR_Filter/clk
    SLICE_X10Y108        FDCE                                         r  u_Discrete_FIR_Filter/delay10_reg[0][13]/C





